stem,bucket,orig_w,orig_h,clip_left_px,clip_top_px,clip_right_px,clip_bottom_px,max_clip_px,clip_frac,note,error
coco_117222_crowd,1472x704,640,334,0.0,0.0,0.0,0.0,0.0,0.0,,
coco_274451_crowd,1472x704,640,311,0.0,0.0,0.0,0.0,0.0,0.0,,
coco_382256_crowd,1472x704,640,313,0.0,0.0,0.0,0.0,0.0,0.0,,
coco_46077_crowd,1472x704,640,281,0.0,0.0,0.0,0.0,0.0,0.0,,
coco_464515_crowd,1472x704,640,325,0.0,0.0,0.0,22.5,22.5,0.032,,
coco_519542_crowd,704x1472,259,500,0.0,0.0,0.0,0.0,0.0,0.0,,
coco_577033_crowd,1472x704,640,327,0.0,0.0,0.0,0.0,0.0,0.0,,
coco_62060_crowd,1472x704,640,334,0.0,0.0,0.0,0.0,0.0,0.0,,
coco_97434_crowd,1472x704,640,266,0.0,0.0,0.0,0.0,0.0,0.0,,
danbooru_anime_11902107,704x1472,843,2000,0.0,0.0,0.0,0.0,0.0,0.0,,
danbooru_anime_11902459,704x1472,1330,2852,0.0,0.0,0.0,0.0,0.0,0.0,,
danbooru_anime_11902884,704x1472,806,1600,0.0,0.0,0.0,0.0,0.0,0.0,,
danbooru_anime_11903060,704x1472,3145,9990,0.0,22.3,0.0,0.6,22.3,0.0316,,
danbooru_anime_11903080,704x1472,1783,3686,0.0,0.0,0.0,0.0,0.0,0.0,,
danbooru_anime_11903560,1472x704,2436,1125,0.0,0.0,0.0,0.0,0.0,0.0,,
danbooru_anime_11903757,704x1472,1500,2912,0.0,0.0,0.0,0.0,0.0,0.0,,
danbooru_anime_11903761,704x1472,1035,2047,0.0,0.0,0.0,0.0,0.0,0.0,,
danbooru_anime_11903868,704x1472,1631,3225,0.0,0.0,0.0,0.0,0.0,0.0,,
danbooru_anime_11904179,1472x704,4096,1923,0.0,0.0,0.0,0.0,0.0,0.0,,
danbooru_anime_11904593,704x1472,1939,4096,0.0,0.0,0.0,0.0,0.0,0.0,,
danbooru_anime_11905270,704x1472,2012,4096,0.0,0.0,0.0,0.0,0.0,0.0,,
danbooru_anime_11906002,704x1472,3352,7387,0.0,0.0,0.0,0.0,0.0,0.0,,
danbooru_anime_11906359,704x1472,1439,4096,0.0,59.1,0.0,19.8,59.1,0.0839,,
danbooru_anime_11906713,704x1472,2955,6500,0.0,0.0,0.0,0.0,0.0,0.0,,
danbooru_anime_11907162,704x1472,827,1715,0.0,0.0,0.0,0.0,0.0,0.0,,
danbooru_anime_11907482,704x1472,1702,4096,0.0,0.0,0.0,0.0,0.0,0.0,,
danbooru_anime_11907576,704x1472,1080,2400,0.0,0.0,0.0,0.0,0.0,0.0,,
danbooru_anime_11907909,1472x704,5034,2288,0.0,0.0,0.0,0.0,0.0,0.0,,
danbooru_anime_11907925,704x1472,892,1826,0.0,0.0,0.0,0.0,0.0,0.0,,
danbooru_anime_11908094,704x1472,970,2048,0.0,0.0,0.0,0.0,0.0,0.0,,
danbooru_anime_11908303,704x1472,1409,2765,0.0,0.0,0.0,0.0,0.0,0.0,,
danbooru_anime_11908423,704x1472,1323,2681,0.0,0.0,0.0,0.0,0.0,0.0,,
danbooru_anime_11908499,704x1472,879,2055,0.0,0.0,0.0,0.0,0.0,0.0,,
danbooru_anime_11909086,704x1472,1920,4200,0.0,0.0,0.0,0.0,0.0,0.0,,
danbooru_anime_11909236,704x1472,1067,2048,31.0,0.0,8.9,0.0,31.0,0.044,,
danbooru_anime_11909561,704x1472,1985,3840,0.0,0.0,0.0,0.0,0.0,0.0,,
danbooru_anime_11909709,704x1472,3118,6206,0.0,0.0,0.0,0.0,0.0,0.0,,
danbooru_anime_11910212,704x1472,1022,2048,0.0,0.0,0.0,0.0,0.0,0.0,,
danbooru_anime_11910358,704x1472,3038,6314,0.0,0.0,0.0,0.0,0.0,0.0,,
danbooru_anime_11910625,704x1472,2105,4096,0.0,0.0,0.0,0.0,0.0,0.0,,
danbooru_anime_11911238,704x1472,1024,2048,0.0,0.0,0.0,0.0,0.0,0.0,,
danbooru_anime_11912209,1472x704,2048,770,160.7,0.0,130.1,0.0,160.7,0.2282,,
danbooru_anime_11913418,704x1472,727,1950,0.0,26.9,0.0,0.0,26.9,0.0382,,
danbooru_anime_11913447,704x1472,1112,2500,0.0,0.0,0.0,55.7,55.7,0.0792,,
danbooru_anime_11913642,704x1472,970,2048,0.0,0.0,0.0,0.0,0.0,0.0,,
danbooru_anime_11913820,704x1472,1437,3000,0.0,0.0,0.0,0.0,0.0,0.0,,
danbooru_anime_11915004,704x1472,793,1848,0.0,0.0,0.0,82.8,82.8,0.1176,,
danbooru_anime_11915600,704x1472,2439,4996,0.0,0.0,0.0,0.0,0.0,0.0,,
danbooru_anime_11915633,1472x704,6755,3378,0.0,0.0,0.0,0.0,0.0,0.0,,
danbooru_anime_11916007,704x1472,750,1918,0.0,0.0,0.0,0.0,0.0,0.0,,
danbooru_anime_11916078,704x1472,750,1918,0.0,1.6,0.0,0.0,1.6,0.0023,,
danbooru_anime_11916088,704x1472,750,1918,0.0,0.0,0.0,0.0,0.0,0.0,,
danbooru_anime_11916107,704x1472,750,1918,0.0,0.0,0.0,0.0,0.0,0.0,,
danbooru_anime_11916117,704x1472,750,1918,0.0,0.0,0.0,0.0,0.0,0.0,,
danbooru_anime_11916661,704x1472,1876,3655,0.0,0.0,0.0,0.0,0.0,0.0,,
danbooru_anime_11916971,704x1472,1051,2048,0.0,0.0,0.0,0.0,0.0,0.0,,
danbooru_anime_11916988,704x1472,1936,5072,0.0,0.0,0.0,0.0,0.0,0.0,,
danbooru_anime_11917129,704x1472,1227,2927,0.0,0.0,0.0,64.8,64.8,0.092,,
danbooru_anime_11917352,704x1472,2273,4825,0.0,0.0,0.0,0.0,0.0,0.0,,
danbooru_anime_11917402,704x1472,1011,2149,0.0,0.0,0.0,0.0,0.0,0.0,,
danbooru_anime_11918790,704x1472,1284,2778,0.0,0.0,0.0,3.7,3.7,0.0052,,
danbooru_anime_11918792,704x1472,1284,2778,0.0,0.0,0.0,20.1,20.1,0.0286,,
danbooru_anime_11918794,704x1472,1284,2778,0.0,1.4,0.0,22.3,22.3,0.0317,,
danbooru_anime_11918808,704x1472,720,1980,0.0,191.9,0.0,46.2,191.9,0.2726,,
danbooru_anime_11918842,704x1472,1380,2764,0.0,0.0,1.6,0.0,1.6,0.0022,,
danbooru_anime_11919277,1472x704,2038,960,0.0,0.0,0.0,0.0,0.0,0.0,,
danbooru_anime_11919291,704x1472,675,1350,0.0,0.0,0.0,0.0,0.0,0.0,,
danbooru_anime_11919368,704x1472,1401,3600,0.0,0.0,0.0,125.3,125.3,0.1779,,
danbooru_anime_11919387,704x1472,750,1545,0.0,0.0,0.0,0.0,0.0,0.0,,
danbooru_anime_11919889,704x1472,1887,4093,0.0,0.0,0.0,16.1,16.1,0.0228,,
danbooru_anime_11919932,1472x704,1690,828,0.0,0.0,0.0,0.0,0.0,0.0,,
danbooru_anime_11920038,704x1472,987,2048,0.0,0.0,0.0,0.0,0.0,0.0,,
danbooru_anime_11920159,704x1472,2500,5000,0.0,0.0,0.0,0.0,0.0,0.0,,
danbooru_anime_11920176,1472x704,3607,1500,0.0,0.0,0.0,0.0,0.0,0.0,,
danbooru_anime_11920313,704x1472,1482,3265,0.0,0.0,0.0,23.8,23.8,0.0339,,
danbooru_anime_11920500,704x1472,1900,3800,0.0,0.0,0.0,0.0,0.0,0.0,,
danbooru_anime_11920554,704x1472,1854,3828,0.0,0.0,0.0,0.0,0.0,0.0,,
danbooru_anime_11920560,704x1472,967,2048,0.0,0.0,0.0,10.0,10.0,0.0142,,
danbooru_anime_11920731,704x1472,2160,4256,17.2,0.0,0.0,0.0,17.2,0.0244,,
danbooru_anime_11920944,704x1472,2480,5012,0.0,0.0,0.0,0.0,0.0,0.0,,
danbooru_anime_11920993,704x1472,1500,3000,0.0,0.0,0.0,0.0,0.0,0.0,,
danbooru_anime_11921003,704x1472,1014,2133,0.0,0.0,0.0,0.0,0.0,0.0,,
danbooru_anime_11921008,704x1472,1014,2133,0.0,0.0,0.0,0.0,0.0,0.0,,
danbooru_anime_11921082,704x1472,2089,4573,0.0,0.0,0.0,0.0,0.0,0.0,,
danbooru_anime_11921273,704x1472,1970,4096,0.0,0.0,0.0,0.0,0.0,0.0,,
danbooru_anime_11921346,704x1472,1004,2048,0.0,0.0,0.0,0.0,0.0,0.0,,
painting_humanart_10000000000003,704x1472,300,1134,0.0,9.7,0.0,294.7,294.7,0.4187,,
painting_humanart_10000000000012,704x1472,227,450,0.0,0.0,0.0,0.0,0.0,0.0,,
painting_humanart_10000000000013,704x1472,210,450,0.0,0.0,0.0,0.0,0.0,0.0,,
painting_humanart_10000000000019,704x1472,300,607,0.0,0.0,0.0,0.0,0.0,0.0,,
painting_humanart_10000000000022,704x1472,300,1282,0.0,78.1,0.0,489.2,489.2,0.6948,,
painting_humanart_10000000000025,704x1472,220,1024,0.0,18.8,0.0,461.2,461.2,0.6551,,
painting_humanart_10000000000033,704x1472,300,614,0.0,0.0,0.0,0.0,0.0,0.0,,
painting_humanart_10000000000038,704x1472,300,610,0.0,0.0,0.0,0.0,0.0,0.0,,
painting_humanart_10000000000042,704x1472,300,600,0.0,0.0,0.0,0.0,0.0,0.0,,
painting_humanart_10000000000048,704x1472,300,614,0.0,0.0,0.0,0.0,0.0,0.0,,
painting_humanart_10000000000055,704x1472,300,844,0.0,0.0,0.0,3.5,3.5,0.005,,
painting_humanart_10000000000056,704x1472,300,615,0.0,0.0,0.0,0.0,0.0,0.0,,
painting_humanart_10000000000058,704x1472,300,586,0.0,0.0,0.0,0.0,0.0,0.0,,
painting_humanart_10000000000064,704x1472,300,776,0.0,0.0,0.0,0.0,0.0,0.0,,
painting_humanart_10000000000067,704x1472,300,1223,0.0,0.0,0.0,438.5,438.5,0.6229,,
painting_humanart_10000000000071,704x1472,300,584,0.0,0.0,0.0,0.0,0.0,0.0,,
painting_humanart_10000000000072,704x1472,300,595,0.0,0.0,0.0,0.0,0.0,0.0,,
painting_humanart_10000000000073,704x1472,300,768,0.0,12.5,0.0,0.0,12.5,0.0177,,
painting_humanart_10000000000076,704x1472,170,450,0.0,0.0,0.0,38.2,38.2,0.0542,,
painting_humanart_10000000000087,704x1472,300,769,0.0,0.0,0.0,0.0,0.0,0.0,,
painting_humanart_10000000000088,704x1472,300,844,0.0,0.0,0.0,10.5,10.5,0.015,,
painting_humanart_10000000000089,704x1472,300,846,0.0,0.0,0.0,0.0,0.0,0.0,,
painting_humanart_10000000000091,704x1472,300,814,0.0,0.0,0.0,0.0,0.0,0.0,,
painting_humanart_10000000000099,704x1472,167,450,0.0,0.0,0.0,0.0,0.0,0.0,,
painting_humanart_10000000000104,704x1472,235,450,0.0,0.0,0.0,0.0,0.0,0.0,,
painting_humanart_10000000000107,704x1472,300,601,0.0,0.0,0.0,0.0,0.0,0.0,,
painting_humanart_10000000000109,704x1472,300,599,0.0,0.0,0.0,0.0,0.0,0.0,,
painting_humanart_10000000000120,704x1472,300,681,0.0,0.0,0.0,0.0,0.0,0.0,,
painting_humanart_10000000000125,704x1472,300,602,0.0,0.0,0.0,0.0,0.0,0.0,,
painting_humanart_10000000000139,704x1472,300,614,0.0,0.0,0.0,0.0,0.0,0.0,,
painting_humanart_10000000000148,704x1472,300,789,0.0,0.0,0.0,0.0,0.0,0.0,,
painting_humanart_10000000000155,704x1472,300,844,0.0,0.0,0.0,0.0,0.0,0.0,,
painting_humanart_10000000000173,704x1472,300,777,0.0,0.0,0.0,0.0,0.0,0.0,,
painting_humanart_10000000000176,704x1472,300,1294,0.0,21.7,0.0,428.2,428.2,0.6083,,
painting_humanart_10000000000178,704x1472,300,601,0.0,0.0,0.0,0.0,0.0,0.0,,
painting_humanart_10000000000181,704x1472,300,880,0.0,0.0,0.0,104.6,104.6,0.1486,,
painting_humanart_10000000000186,704x1472,224,450,0.0,0.0,0.0,0.0,0.0,0.0,,
painting_humanart_10000000000189,704x1472,300,867,0.0,0.0,0.0,53.9,53.9,0.0766,,
painting_humanart_10000000000196,704x1472,300,589,0.0,0.0,0.0,0.0,0.0,0.0,,
painting_humanart_10000000000200,704x1472,300,631,0.0,0.0,0.0,0.0,0.0,0.0,,
painting_humanart_10000000000206,704x1472,300,605,0.0,0.0,0.0,0.0,0.0,0.0,,
painting_humanart_10000000000208,704x1472,300,636,0.0,0.0,0.0,0.0,0.0,0.0,,
painting_humanart_10000000000215,704x1472,300,615,0.0,0.0,0.0,0.0,0.0,0.0,,
painting_humanart_10000000000227,704x1472,216,450,0.0,0.0,0.0,0.0,0.0,0.0,,
painting_humanart_10000000000234,704x1472,300,612,0.0,0.0,0.0,0.0,0.0,0.0,,
painting_humanart_10000000000242,704x1472,222,450,0.0,0.0,0.0,0.0,0.0,0.0,,
painting_humanart_10000000000248,704x1472,300,583,0.0,0.0,0.0,0.0,0.0,0.0,,
painting_humanart_10000000000253,704x1472,300,749,0.0,0.0,0.0,0.0,0.0,0.0,,
painting_humanart_10000000000258,704x1472,226,450,0.0,0.0,0.0,0.0,0.0,0.0,,
painting_humanart_10000000000266,704x1472,300,702,0.0,0.0,0.0,0.0,0.0,0.0,,
painting_humanart_10000000000269,704x1472,300,797,0.0,0.0,0.0,51.5,51.5,0.0731,,
painting_humanart_10000000000282,704x1472,300,1348,0.0,0.0,0.0,585.8,585.8,0.8321,,
painting_humanart_10000000000283,704x1472,300,675,0.0,0.0,0.0,0.0,0.0,0.0,,
painting_humanart_10000000000284,704x1472,300,592,0.0,0.0,0.0,0.0,0.0,0.0,,
painting_humanart_10000000000290,704x1472,167,450,0.0,0.0,0.0,0.0,0.0,0.0,,
painting_humanart_10000000000291,704x1472,300,1169,0.0,74.1,0.0,448.5,448.5,0.6371,,
painting_humanart_10000000000292,704x1472,300,625,0.0,0.0,0.0,0.0,0.0,0.0,,
painting_humanart_10000000000300,704x1472,300,617,0.0,0.0,0.0,0.0,0.0,0.0,,
painting_humanart_10000000000301,704x1472,300,611,0.0,0.0,0.0,0.0,0.0,0.0,,
painting_humanart_10000000000302,704x1472,167,450,0.0,0.0,0.0,0.0,0.0,0.0,,
painting_humanart_10000000000308,704x1472,300,698,0.0,0.0,0.0,0.0,0.0,0.0,,
painting_humanart_10000000000309,704x1472,300,1139,0.0,0.0,0.0,305.2,305.2,0.4335,,
painting_humanart_10000000000314,704x1472,300,620,0.0,0.0,0.0,0.0,0.0,0.0,,
painting_humanart_10000000000320,704x1472,300,826,0.0,0.0,0.0,50.3,50.3,0.0715,,
painting_humanart_10000000000324,704x1472,300,615,0.0,0.0,0.0,0.0,0.0,0.0,,
painting_humanart_10000000000325,704x1472,300,635,0.0,0.0,0.0,0.0,0.0,0.0,,
painting_humanart_10000000000329,704x1472,300,587,0.0,0.0,0.0,0.0,0.0,0.0,,
painting_humanart_10000000000332,704x1472,300,584,0.0,0.0,0.0,0.0,0.0,0.0,,
painting_humanart_10000000000335,704x1472,300,644,0.0,0.0,0.0,0.0,0.0,0.0,,
painting_humanart_10000000000338,704x1472,300,584,0.0,0.0,0.0,0.0,0.0,0.0,,
painting_humanart_10000000000348,704x1472,114,450,0.0,171.3,0.0,363.7,363.7,0.5166,,
painting_humanart_10000000000353,704x1472,300,582,0.0,0.0,0.0,0.0,0.0,0.0,,
painting_humanart_10000000000358,704x1472,300,637,0.0,0.0,0.0,0.0,0.0,0.0,,
painting_humanart_10000000000363,704x1472,300,594,0.0,0.0,0.0,0.0,0.0,0.0,,
painting_humanart_10000000000364,704x1472,300,780,0.0,0.0,0.0,0.0,0.0,0.0,,
painting_humanart_10000000000366,704x1472,235,504,0.0,0.0,0.0,0.0,0.0,0.0,,
painting_humanart_10000000000370,704x1472,208,450,0.0,0.0,0.0,0.0,0.0,0.0,,
painting_humanart_10000000000378,704x1472,300,610,0.0,0.0,0.0,0.0,0.0,0.0,,
painting_humanart_10000000000392,1472x704,584,300,0.0,0.0,0.0,13.6,13.6,0.0193,,
painting_humanart_10000000000408,1472x704,592,300,0.0,0.0,0.0,0.0,0.0,0.0,,
painting_humanart_10000000000467,704x1472,300,609,0.0,0.0,0.0,0.0,0.0,0.0,,
painting_humanart_10000000000470,704x1472,300,598,0.0,0.0,0.0,0.0,0.0,0.0,,
painting_humanart_10000000000471,704x1472,300,1166,0.0,94.6,0.0,397.5,397.5,0.5647,,
painting_humanart_10000000000472,704x1472,300,611,0.0,0.0,0.0,0.0,0.0,0.0,,
painting_humanart_10000000000473,704x1472,300,611,0.0,0.0,0.0,0.0,0.0,0.0,,
painting_humanart_10000000000474,704x1472,300,619,0.0,0.0,0.0,0.0,0.0,0.0,,
painting_humanart_10000000000475,704x1472,300,618,0.0,0.0,0.0,0.0,0.0,0.0,,
painting_humanart_10000000000476,704x1472,300,584,0.0,0.0,0.0,0.0,0.0,0.0,,
painting_humanart_10000000000477,704x1472,214,440,0.0,0.0,0.0,0.0,0.0,0.0,,
painting_humanart_10000000000478,704x1472,300,595,0.0,0.0,0.0,0.0,0.0,0.0,,
painting_humanart_10000000000479,704x1472,300,591,0.0,0.0,0.0,0.0,0.0,0.0,,
painting_humanart_10000000000480,1472x704,591,300,0.0,0.0,0.0,0.0,0.0,0.0,,
painting_humanart_10000000000481,704x1472,300,633,0.0,0.0,0.0,0.0,0.0,0.0,,
painting_humanart_10000000000483,704x1472,300,592,0.0,0.0,0.0,0.0,0.0,0.0,,
painting_humanart_10000000000485,704x1472,222,450,0.0,0.0,0.0,0.0,0.0,0.0,,
painting_humanart_10000000000486,704x1472,300,625,0.0,0.0,0.0,0.0,0.0,0.0,,
painting_humanart_10000000000487,704x1472,300,604,0.0,0.0,0.0,0.0,0.0,0.0,,
painting_humanart_10000000000488,704x1472,300,592,0.0,0.0,0.0,0.0,0.0,0.0,,
painting_humanart_10000000000489,704x1472,300,622,0.0,0.0,0.0,0.0,0.0,0.0,,
painting_humanart_10000000000490,704x1472,300,597,0.0,0.0,0.0,0.0,0.0,0.0,,
painting_humanart_10000000000492,704x1472,215,450,0.0,0.0,0.0,0.0,0.0,0.0,,
painting_humanart_10000000000493,704x1472,300,584,0.0,0.0,0.0,0.0,0.0,0.0,,
painting_humanart_10000000000494,704x1472,300,594,0.0,0.0,0.0,0.0,0.0,0.0,,
painting_humanart_10000000000495,704x1472,300,594,0.0,0.0,0.0,0.0,0.0,0.0,,
painting_humanart_10000000000496,704x1472,300,613,0.0,0.0,0.0,0.0,0.0,0.0,,
painting_humanart_10000000000497,704x1472,300,582,0.0,0.0,0.0,0.0,0.0,0.0,,
painting_humanart_10000000000498,704x1472,300,616,0.0,0.0,0.0,0.0,0.0,0.0,,
painting_humanart_10000000000499,704x1472,300,584,0.0,0.0,0.0,0.0,0.0,0.0,,
painting_humanart_10000000000500,704x1472,300,585,0.0,0.0,0.0,0.0,0.0,0.0,,
painting_humanart_10000000000502,704x1472,217,450,0.0,0.0,0.0,0.0,0.0,0.0,,
painting_humanart_10000000000503,704x1472,300,618,0.0,0.0,0.0,0.0,0.0,0.0,,
painting_humanart_10000000000505,704x1472,300,617,0.0,0.0,0.0,0.0,0.0,0.0,,
painting_humanart_10000000000506,704x1472,300,603,0.0,0.0,0.0,0.0,0.0,0.0,,
painting_humanart_10000000000507,704x1472,215,450,0.0,0.0,0.0,0.0,0.0,0.0,,
painting_humanart_10000000000509,704x1472,215,450,0.0,0.0,0.0,0.0,0.0,0.0,,
painting_humanart_10000000000511,704x1472,300,620,0.0,0.0,0.0,0.0,0.0,0.0,,
painting_humanart_10000000000514,704x1472,220,450,0.0,0.0,0.0,0.0,0.0,0.0,,
painting_humanart_10000000000516,704x1472,300,600,0.0,0.0,0.0,0.0,0.0,0.0,,
painting_humanart_10000000000517,704x1472,300,586,0.0,0.0,0.0,0.0,0.0,0.0,,
painting_humanart_10000000000518,704x1472,300,598,0.0,0.0,0.0,0.0,0.0,0.0,,
painting_humanart_10000000000519,704x1472,300,591,0.0,0.0,0.0,0.0,0.0,0.0,,
painting_humanart_10000000000520,704x1472,300,619,0.0,0.0,0.0,0.0,0.0,0.0,,
painting_humanart_10000000000521,704x1472,300,588,0.0,0.0,0.0,0.0,0.0,0.0,,
painting_humanart_10000000000522,704x1472,300,628,0.0,0.0,0.0,0.0,0.0,0.0,,
painting_humanart_10000000000523,704x1472,220,450,0.0,0.0,0.0,0.0,0.0,0.0,,
painting_humanart_10000000000526,704x1472,300,597,0.0,0.0,0.0,0.0,0.0,0.0,,
painting_humanart_10000000000527,704x1472,300,590,0.0,0.0,0.0,0.0,0.0,0.0,,
painting_humanart_10000000000530,704x1472,300,595,0.0,0.0,0.0,0.0,0.0,0.0,,
painting_humanart_10000000000531,704x1472,300,592,0.0,0.0,0.0,0.0,0.0,0.0,,
painting_humanart_10000000000533,704x1472,215,450,0.0,0.0,0.0,0.0,0.0,0.0,,
painting_humanart_10000000000535,704x1472,300,599,0.0,0.0,0.0,0.0,0.0,0.0,,
painting_humanart_10000000000536,704x1472,300,588,0.0,0.0,0.0,0.0,0.0,0.0,,
painting_humanart_10000000000537,704x1472,215,450,0.0,0.0,0.0,0.0,0.0,0.0,,
painting_humanart_10000000000544,704x1472,300,591,0.0,0.0,0.0,0.0,0.0,0.0,,
painting_humanart_10000000000548,704x1472,300,593,0.0,0.0,0.0,0.0,0.0,0.0,,
painting_humanart_10000000000550,704x1472,300,594,0.0,0.0,0.0,0.0,0.0,0.0,,
painting_humanart_10000000000555,1472x704,648,300,0.0,0.0,0.0,0.0,0.0,0.0,,
painting_humanart_10000000000560,704x1472,300,599,0.0,0.0,0.0,0.0,0.0,0.0,,
painting_humanart_10000000000562,704x1472,300,649,0.0,0.0,0.0,0.0,0.0,0.0,,
painting_humanart_10000000000563,704x1472,300,606,0.0,0.0,0.0,0.0,0.0,0.0,,
painting_humanart_10000000000565,704x1472,300,607,0.0,0.0,0.0,0.0,0.0,0.0,,
painting_humanart_10000000000568,704x1472,300,600,0.0,0.0,0.0,0.0,0.0,0.0,,
painting_humanart_10000000000569,704x1472,300,607,0.0,0.0,0.0,0.0,0.0,0.0,,
painting_humanart_10000000000573,704x1472,300,607,0.0,0.0,0.0,0.0,0.0,0.0,,
painting_humanart_10000000000574,704x1472,300,581,0.0,0.0,0.0,0.0,0.0,0.0,,
painting_humanart_10000000000576,704x1472,300,581,0.0,0.0,0.0,0.0,0.0,0.0,,
painting_humanart_10000000000578,704x1472,221,450,0.0,0.0,0.0,0.0,0.0,0.0,,
painting_humanart_10000000000582,704x1472,300,601,0.0,0.0,0.0,0.0,0.0,0.0,,
painting_humanart_10000000000583,704x1472,300,598,0.0,0.0,0.0,0.0,0.0,0.0,,
painting_humanart_10000000000584,704x1472,300,628,0.0,0.0,0.0,0.0,0.0,0.0,,
painting_humanart_10000000000587,704x1472,300,593,0.0,0.0,0.0,0.0,0.0,0.0,,
painting_humanart_10000000000589,704x1472,300,617,0.0,0.0,0.0,0.0,0.0,0.0,,
painting_humanart_10000000000592,704x1472,300,617,0.0,0.0,0.0,0.0,0.0,0.0,,
painting_humanart_10000000000593,704x1472,300,603,0.0,0.0,0.0,0.0,0.0,0.0,,
painting_humanart_10000000000594,704x1472,300,612,0.0,0.0,0.0,0.0,0.0,0.0,,
painting_humanart_10000000000595,704x1472,300,581,0.0,0.0,0.0,0.0,0.0,0.0,,
painting_humanart_10000000000597,704x1472,300,615,0.0,0.0,0.0,0.0,0.0,0.0,,
painting_humanart_10000000000598,704x1472,300,604,0.0,0.0,0.0,0.0,0.0,0.0,,
painting_humanart_10000000000601,704x1472,300,591,0.0,0.0,0.0,0.0,0.0,0.0,,
painting_humanart_10000000000602,704x1472,300,604,0.0,0.0,0.0,0.0,0.0,0.0,,
painting_humanart_10000000000603,704x1472,300,622,0.0,0.0,0.0,0.0,0.0,0.0,,
painting_humanart_10000000000607,704x1472,300,574,0.0,0.0,0.0,0.0,0.0,0.0,,
painting_humanart_10000000000608,704x1472,215,450,0.0,0.0,0.0,0.0,0.0,0.0,,
painting_humanart_10000000000609,704x1472,300,590,0.0,0.0,0.0,0.0,0.0,0.0,,
painting_humanart_10000000000611,704x1472,300,656,0.0,0.0,0.0,0.0,0.0,0.0,,
painting_humanart_10000000000613,704x1472,300,591,0.0,0.0,0.0,0.0,0.0,0.0,,
painting_humanart_10000000000616,704x1472,300,599,0.0,0.0,0.0,0.0,0.0,0.0,,
painting_humanart_10000000000619,704x1472,300,606,0.0,0.0,0.0,0.0,0.0,0.0,,
painting_humanart_10000000000620,704x1472,300,608,0.0,0.0,0.0,0.0,0.0,0.0,,
painting_humanart_10000000000622,704x1472,300,622,0.0,0.0,0.0,0.0,0.0,0.0,,
painting_humanart_10000000000623,704x1472,300,606,0.0,0.0,0.0,0.0,0.0,0.0,,
painting_humanart_10000000000624,704x1472,300,596,0.0,0.0,0.0,0.0,0.0,0.0,,
painting_humanart_10000000000625,704x1472,300,624,0.0,0.0,0.0,0.0,0.0,0.0,,
painting_humanart_10000000000628,704x1472,300,633,0.0,0.0,0.0,0.0,0.0,0.0,,
painting_humanart_10000000000632,704x1472,213,450,0.0,0.0,0.0,0.0,0.0,0.0,,
painting_humanart_10000000000633,704x1472,300,598,0.0,0.0,0.0,0.0,0.0,0.0,,
painting_humanart_10000000000742,704x1472,300,611,0.0,0.0,0.0,0.0,0.0,0.0,,
painting_humanart_10000000000755,704x1472,300,593,0.0,0.0,0.0,0.0,0.0,0.0,,
painting_humanart_10000000000775,704x1472,300,590,0.0,0.0,0.0,0.0,0.0,0.0,,
painting_humanart_10000000000776,704x1472,300,603,0.0,0.0,0.0,0.0,0.0,0.0,,
painting_humanart_10000000000777,704x1472,300,575,0.0,0.0,0.0,0.0,0.0,0.0,,
painting_humanart_10000000000778,704x1472,213,450,0.0,0.0,0.0,0.0,0.0,0.0,,
painting_humanart_10000000000779,704x1472,300,598,0.0,0.0,0.0,0.0,0.0,0.0,,
painting_humanart_10000000000780,704x1472,300,592,0.0,0.0,0.0,0.0,0.0,0.0,,
painting_humanart_10000000000782,704x1472,300,625,0.0,0.0,0.0,0.0,0.0,0.0,,
painting_humanart_10000000000783,704x1472,300,606,0.0,0.0,0.0,0.0,0.0,0.0,,
painting_humanart_10000000000785,704x1472,300,610,0.0,0.0,0.0,0.0,0.0,0.0,,
painting_humanart_10000000000788,704x1472,300,631,0.0,0.0,0.0,0.0,0.0,0.0,,
painting_humanart_10000000000790,704x1472,300,600,0.0,0.0,0.0,0.0,0.0,0.0,,
painting_humanart_10000000000791,704x1472,300,603,0.0,0.0,0.0,0.0,0.0,0.0,,
painting_humanart_10000000000793,704x1472,300,648,0.0,0.0,0.0,0.0,0.0,0.0,,
painting_humanart_10000000000794,704x1472,300,605,0.0,0.0,0.0,0.0,0.0,0.0,,
painting_humanart_10000000000796,704x1472,300,606,0.0,0.0,0.0,0.0,0.0,0.0,,
painting_humanart_10000000000797,704x1472,300,632,0.0,0.0,0.0,0.0,0.0,0.0,,
painting_humanart_10000000000798,704x1472,300,622,0.0,0.0,0.0,0.0,0.0,0.0,,
painting_humanart_10000000000800,704x1472,300,643,0.0,0.0,0.0,0.0,0.0,0.0,,
painting_humanart_10000000000802,704x1472,300,609,0.0,0.0,0.0,0.0,0.0,0.0,,
painting_humanart_10000000000803,704x1472,300,624,0.0,0.0,0.0,0.0,0.0,0.0,,
painting_humanart_10000000000804,704x1472,300,616,0.0,0.0,0.0,0.0,0.0,0.0,,
painting_humanart_10000000000807,704x1472,300,611,0.0,0.0,0.0,0.0,0.0,0.0,,
painting_humanart_10000000000809,704x1472,300,586,0.0,0.0,0.0,0.0,0.0,0.0,,
painting_humanart_10000000000810,704x1472,226,450,0.0,0.0,0.0,0.0,0.0,0.0,,
painting_humanart_10000000000812,704x1472,300,594,0.0,0.0,0.0,0.0,0.0,0.0,,
painting_humanart_10000000000814,704x1472,300,641,0.0,0.0,0.0,0.0,0.0,0.0,,
painting_humanart_10000000000816,704x1472,300,631,0.0,0.0,0.0,0.0,0.0,0.0,,
painting_humanart_10000000000817,704x1472,300,603,0.0,0.0,0.0,0.0,0.0,0.0,,
painting_humanart_10000000000818,704x1472,222,450,0.0,0.0,0.0,0.0,0.0,0.0,,
painting_humanart_10000000000820,704x1472,215,450,0.0,0.0,0.0,0.0,0.0,0.0,,
painting_humanart_10000000000821,704x1472,300,582,0.0,0.0,0.0,0.0,0.0,0.0,,
painting_humanart_10000000000822,704x1472,300,617,0.0,0.0,0.0,0.0,0.0,0.0,,
painting_humanart_10000000000823,704x1472,300,607,0.0,0.0,0.0,0.0,0.0,0.0,,
painting_humanart_10000000000824,704x1472,300,631,0.0,0.0,0.0,0.0,0.0,0.0,,
painting_humanart_10000000000825,704x1472,213,450,0.0,0.0,0.0,0.0,0.0,0.0,,
painting_humanart_10000000000827,704x1472,300,612,0.0,0.0,0.0,0.0,0.0,0.0,,
painting_humanart_10000000000828,704x1472,300,598,0.0,0.0,0.0,0.0,0.0,0.0,,
painting_humanart_10000000000829,704x1472,300,1054,0.0,0.0,0.0,269.1,269.1,0.3822,,
painting_humanart_10000000000830,704x1472,300,600,0.0,0.0,0.0,0.0,0.0,0.0,,
painting_humanart_10000000000831,704x1472,300,1071,0.0,0.0,0.0,333.5,333.5,0.4738,,
painting_humanart_10000000000834,704x1472,300,620,0.0,0.0,0.0,0.0,0.0,0.0,,
painting_humanart_10000000000836,704x1472,217,450,0.0,0.0,0.0,0.0,0.0,0.0,,
painting_humanart_10000000000838,704x1472,300,607,0.0,0.0,0.0,0.0,0.0,0.0,,
painting_humanart_10000000000840,704x1472,300,620,0.0,0.0,0.0,0.0,0.0,0.0,,
painting_humanart_10000000000841,704x1472,300,597,0.0,0.0,0.0,0.0,0.0,0.0,,
painting_humanart_10000000000842,704x1472,300,614,0.0,0.0,0.0,0.0,0.0,0.0,,
painting_humanart_10000000000844,704x1472,300,617,0.0,0.0,0.0,0.0,0.0,0.0,,
painting_humanart_10000000000845,704x1472,300,1056,0.0,0.0,0.0,277.8,277.8,0.3946,,
painting_humanart_10000000000846,704x1472,300,592,0.0,0.0,0.0,0.0,0.0,0.0,,
painting_humanart_10000000000848,704x1472,300,584,0.0,0.0,0.0,0.0,0.0,0.0,,
painting_humanart_10000000000849,704x1472,300,607,0.0,0.0,0.0,0.0,0.0,0.0,,
painting_humanart_10000000000850,704x1472,300,610,0.0,0.0,0.0,0.0,0.0,0.0,,
painting_humanart_10000000000852,704x1472,300,588,0.0,0.0,0.0,0.0,0.0,0.0,,
painting_humanart_10000000000855,704x1472,300,594,0.0,0.0,0.0,0.0,0.0,0.0,,
painting_humanart_10000000000856,704x1472,300,605,0.0,0.0,0.0,0.0,0.0,0.0,,
painting_humanart_10000000000858,704x1472,300,582,0.0,0.0,0.0,0.0,0.0,0.0,,
painting_humanart_10000000000859,704x1472,213,450,0.0,0.0,0.0,0.0,0.0,0.0,,
painting_humanart_10000000000860,704x1472,300,603,0.0,0.0,0.0,0.0,0.0,0.0,,
painting_humanart_10000000000861,704x1472,300,1061,0.0,0.0,0.0,295.3,295.3,0.4194,,
painting_humanart_10000000000863,704x1472,300,1037,0.0,0.0,0.0,155.3,155.3,0.2206,,
painting_humanart_10000000000865,704x1472,300,614,0.0,0.0,0.0,0.0,0.0,0.0,,
painting_humanart_10000000000866,704x1472,300,608,0.0,0.0,0.0,0.0,0.0,0.0,,
painting_humanart_10000000000868,704x1472,300,593,0.0,0.0,0.0,0.0,0.0,0.0,,
painting_humanart_10000000000871,704x1472,300,610,0.0,0.0,0.0,0.0,0.0,0.0,,
painting_humanart_10000000000873,704x1472,300,584,0.0,0.0,0.0,0.0,0.0,0.0,,
painting_humanart_10000000000877,704x1472,300,613,0.0,0.0,0.0,0.0,0.0,0.0,,
painting_humanart_10000000000878,704x1472,300,606,0.0,0.0,0.0,0.0,0.0,0.0,,
painting_humanart_10000000000880,704x1472,300,576,0.0,0.0,0.0,0.0,0.0,0.0,,
painting_humanart_10000000000881,704x1472,300,659,0.0,0.0,0.0,0.0,0.0,0.0,,
painting_humanart_10000000000882,704x1472,300,590,0.0,0.0,0.0,0.0,0.0,0.0,,
painting_humanart_10000000000883,704x1472,300,617,0.0,0.0,0.0,0.0,0.0,0.0,,
painting_humanart_10000000000884,704x1472,300,603,0.0,0.0,0.0,0.0,0.0,0.0,,
painting_humanart_10000000000886,704x1472,300,583,0.0,0.0,0.0,0.0,0.0,0.0,,
painting_humanart_10000000000887,704x1472,300,614,0.0,0.0,0.0,0.0,0.0,0.0,,
painting_humanart_10000000000888,704x1472,300,629,0.0,0.0,0.0,0.0,0.0,0.0,,
painting_humanart_10000000000889,704x1472,300,601,0.0,0.0,0.0,0.0,0.0,0.0,,
painting_humanart_10000000000891,704x1472,300,612,0.0,0.0,0.0,0.0,0.0,0.0,,
painting_humanart_10000000000892,704x1472,300,576,0.0,0.0,0.0,0.0,0.0,0.0,,
painting_humanart_10000000000893,704x1472,212,450,0.0,0.0,0.0,0.0,0.0,0.0,,
painting_humanart_10000000000894,704x1472,300,598,0.0,0.0,0.0,0.0,0.0,0.0,,
painting_humanart_10000000000895,704x1472,300,626,0.0,0.0,0.0,0.0,0.0,0.0,,
painting_humanart_10000000000896,704x1472,300,626,0.0,0.0,0.0,0.0,0.0,0.0,,
painting_humanart_10000000000897,704x1472,300,614,0.0,0.0,0.0,0.0,0.0,0.0,,
painting_humanart_10000000000898,704x1472,300,592,0.0,0.0,0.0,0.0,0.0,0.0,,
painting_humanart_10000000000900,704x1472,300,599,0.0,0.0,0.0,0.0,0.0,0.0,,
painting_humanart_10000000000901,704x1472,300,579,0.0,0.0,0.0,0.0,0.0,0.0,,
painting_humanart_10000000000904,704x1472,300,616,0.0,0.0,0.0,0.0,0.0,0.0,,
painting_humanart_10000000000907,704x1472,300,590,0.0,0.0,0.0,0.0,0.0,0.0,,
painting_humanart_10000000000908,704x1472,300,607,0.0,0.0,0.0,0.0,0.0,0.0,,
painting_humanart_10000000000912,704x1472,300,584,0.0,0.0,0.0,0.0,0.0,0.0,,
painting_humanart_10000000000913,704x1472,300,579,0.0,0.0,0.0,0.0,0.0,0.0,,
painting_humanart_10000000000916,704x1472,300,630,0.0,0.0,0.0,0.0,0.0,0.0,,
painting_humanart_10000000000918,704x1472,300,623,0.0,0.0,0.0,0.0,0.0,0.0,,
painting_humanart_10000000000920,704x1472,300,603,0.0,0.0,0.0,0.0,0.0,0.0,,
painting_humanart_10000000000922,704x1472,300,607,0.0,0.0,0.0,0.0,0.0,0.0,,
painting_humanart_10000000000924,704x1472,300,607,0.0,0.0,0.0,0.0,0.0,0.0,,
painting_humanart_10000000000925,704x1472,300,602,0.0,0.0,0.0,0.0,0.0,0.0,,
painting_humanart_10000000000927,704x1472,300,625,0.0,0.0,0.0,0.0,0.0,0.0,,
painting_humanart_10000000000929,704x1472,300,611,0.0,0.0,0.0,0.0,0.0,0.0,,
painting_humanart_10000000000930,704x1472,300,611,0.0,0.0,0.0,0.0,0.0,0.0,,
painting_humanart_10000000000935,704x1472,300,637,0.0,0.0,0.0,0.0,0.0,0.0,,
painting_humanart_10000000000936,704x1472,300,652,0.0,0.0,0.0,0.0,0.0,0.0,,
painting_humanart_10000000000937,704x1472,300,617,0.0,0.0,0.0,0.0,0.0,0.0,,
painting_humanart_10000000000942,704x1472,300,623,0.0,0.0,0.0,0.0,0.0,0.0,,
painting_humanart_10000000000943,704x1472,300,606,0.0,0.0,0.0,0.0,0.0,0.0,,
painting_humanart_10000000000947,704x1472,300,656,0.0,0.0,0.0,0.0,0.0,0.0,,
painting_humanart_10000000000949,704x1472,250,504,0.0,0.0,0.0,0.0,0.0,0.0,,
painting_humanart_10000000000952,704x1472,300,600,0.0,0.0,0.0,0.0,0.0,0.0,,
painting_humanart_10000000000956,704x1472,300,587,0.0,0.0,0.0,0.0,0.0,0.0,,
painting_humanart_10000000000957,704x1472,300,627,0.0,0.0,0.0,0.0,0.0,0.0,,
painting_humanart_10000000000961,704x1472,300,604,0.0,0.0,0.0,0.0,0.0,0.0,,
painting_humanart_10000000000965,704x1472,300,619,0.0,0.0,0.0,0.0,0.0,0.0,,
painting_humanart_10000000000966,704x1472,300,640,0.0,0.0,0.0,0.0,0.0,0.0,,
painting_humanart_10000000000970,704x1472,300,648,0.0,0.0,0.0,0.0,0.0,0.0,,
painting_humanart_10000000000971,704x1472,300,606,0.0,0.0,0.0,0.0,0.0,0.0,,
painting_humanart_10000000000973,704x1472,300,592,0.0,0.0,0.0,0.0,0.0,0.0,,
painting_humanart_10000000000978,704x1472,300,614,0.0,0.0,0.0,0.0,0.0,0.0,,
painting_humanart_10000000000982,704x1472,300,647,0.0,0.0,0.0,0.0,0.0,0.0,,
painting_humanart_10000000000984,704x1472,300,623,0.0,0.0,0.0,0.0,0.0,0.0,,
painting_humanart_10000000000985,704x1472,300,648,0.0,0.0,0.0,0.0,0.0,0.0,,
painting_humanart_10000000000987,704x1472,300,588,0.0,0.0,0.0,0.0,0.0,0.0,,
painting_humanart_10000000000990,704x1472,300,593,0.0,0.0,0.0,0.0,0.0,0.0,,
painting_humanart_10000000000991,704x1472,300,629,0.0,0.0,0.0,0.0,0.0,0.0,,
painting_humanart_10000000000993,704x1472,300,606,0.0,0.0,0.0,0.0,0.0,0.0,,
painting_humanart_10000000000994,704x1472,300,635,0.0,0.0,0.0,0.0,0.0,0.0,,
painting_humanart_10000000000996,704x1472,224,450,0.0,0.0,0.0,0.0,0.0,0.0,,
painting_humanart_10000000000997,704x1472,300,643,0.0,0.0,0.0,0.0,0.0,0.0,,
painting_humanart_10000000001010,704x1472,300,617,0.0,0.0,0.0,0.0,0.0,0.0,,
painting_humanart_10000000001014,704x1472,300,661,0.0,0.0,0.0,0.0,0.0,0.0,,
painting_humanart_10000000001017,704x1472,300,659,0.0,0.0,0.0,0.0,0.0,0.0,,
painting_humanart_10000000001018,704x1472,300,623,0.0,0.0,0.0,0.0,0.0,0.0,,
painting_humanart_10000000001034,704x1472,221,450,0.0,0.0,0.0,0.0,0.0,0.0,,
painting_humanart_10000000001058,704x1472,300,587,0.0,0.0,0.0,0.0,0.0,0.0,,
painting_humanart_10000000001085,704x1472,300,628,0.0,0.0,0.0,0.0,0.0,0.0,,
painting_humanart_10000000001089,704x1472,300,633,0.0,0.0,0.0,0.0,0.0,0.0,,
painting_humanart_10000000001096,704x1472,300,594,0.0,0.0,0.0,0.0,0.0,0.0,,
painting_humanart_10000000001099,704x1472,300,623,0.0,0.0,0.0,0.0,0.0,0.0,,
painting_humanart_10000000001101,704x1472,300,1282,0.0,0.0,0.0,282.7,282.7,0.4015,,
painting_humanart_10000000001103,704x1472,300,592,0.0,0.0,0.0,0.0,0.0,0.0,,
painting_humanart_10000000001132,704x1472,300,601,0.0,0.0,0.0,0.0,0.0,0.0,,
painting_humanart_10000000001136,704x1472,300,611,0.0,0.0,0.0,0.0,0.0,0.0,,
painting_humanart_10000000001137,704x1472,300,614,0.0,0.0,0.0,0.0,0.0,0.0,,
painting_humanart_10000000001139,704x1472,300,574,0.0,0.0,0.0,0.0,0.0,0.0,,
painting_humanart_10000000001154,704x1472,300,579,0.0,0.0,0.0,0.0,0.0,0.0,,
painting_humanart_10000000001155,704x1472,300,610,0.0,0.0,0.0,0.0,0.0,0.0,,
painting_humanart_10000000001185,704x1472,300,575,0.0,0.0,0.0,0.0,0.0,0.0,,
painting_humanart_10000000001195,704x1472,300,632,0.0,0.0,0.0,0.0,0.0,0.0,,
painting_humanart_10000000001210,704x1472,300,582,0.0,0.0,0.0,0.0,0.0,0.0,,
painting_humanart_10000000001214,704x1472,214,450,0.0,0.0,0.0,0.0,0.0,0.0,,
painting_humanart_10000000001218,704x1472,300,713,0.0,0.0,0.0,0.0,0.0,0.0,,
painting_humanart_10000000001245,704x1472,300,575,0.0,0.0,0.0,0.0,0.0,0.0,,
painting_humanart_10000000001305,704x1472,300,606,0.0,0.0,0.0,0.0,0.0,0.0,,
painting_humanart_10000000001312,704x1472,300,647,0.0,0.0,0.0,0.0,0.0,0.0,,
painting_humanart_10000000001313,704x1472,300,595,0.0,0.0,0.0,0.0,0.0,0.0,,
painting_humanart_10000000001314,704x1472,300,610,0.0,0.0,0.0,0.0,0.0,0.0,,
painting_humanart_10000000001325,704x1472,300,581,0.0,0.0,0.0,0.0,0.0,0.0,,
painting_humanart_10000000001327,704x1472,300,615,0.0,0.0,0.0,0.0,0.0,0.0,,
painting_humanart_10000000001334,704x1472,225,450,0.0,0.0,0.0,0.0,0.0,0.0,,
painting_humanart_10000000001342,704x1472,300,636,0.0,0.0,0.0,0.0,0.0,0.0,,
painting_humanart_10000000001343,704x1472,228,450,0.0,0.0,0.0,0.0,0.0,0.0,,
painting_humanart_10000000001344,704x1472,300,591,0.0,0.0,0.0,0.0,0.0,0.0,,
painting_humanart_10000000001353,704x1472,300,596,0.0,0.0,0.0,0.0,0.0,0.0,,
painting_humanart_10000000001355,704x1472,300,601,0.0,0.0,0.0,0.0,0.0,0.0,,
painting_humanart_10000000001356,704x1472,300,636,0.0,0.0,0.0,0.0,0.0,0.0,,
painting_humanart_10000000001357,704x1472,300,631,0.0,0.0,0.0,0.0,0.0,0.0,,
painting_humanart_10000000001363,704x1472,300,611,0.0,0.0,0.0,0.0,0.0,0.0,,
painting_humanart_10000000001364,704x1472,300,594,0.0,0.0,0.0,0.0,0.0,0.0,,
painting_humanart_10000000001391,704x1472,300,667,0.0,0.0,0.0,0.0,0.0,0.0,,
painting_humanart_10000000001393,704x1472,122,256,0.0,0.0,0.0,0.0,0.0,0.0,,
painting_humanart_10000000001407,704x1472,300,649,0.0,0.0,0.0,0.0,0.0,0.0,,
painting_humanart_10000000001410,704x1472,300,644,0.0,0.0,0.0,0.0,0.0,0.0,,
painting_humanart_10000000001419,704x1472,300,614,0.0,0.0,0.0,0.0,0.0,0.0,,
painting_humanart_10000000001432,704x1472,300,628,0.0,0.0,0.0,0.0,0.0,0.0,,
painting_humanart_10000000001433,704x1472,300,591,0.0,0.0,0.0,0.0,0.0,0.0,,
painting_humanart_10000000001446,704x1472,300,640,0.0,0.0,0.0,0.0,0.0,0.0,,
painting_humanart_10000000001448,704x1472,300,631,0.0,0.0,0.0,0.0,0.0,0.0,,
painting_humanart_10000000001449,704x1472,200,420,0.0,0.0,0.0,0.0,0.0,0.0,,
painting_humanart_10000000001464,704x1472,300,595,0.0,0.0,0.0,0.0,0.0,0.0,,
painting_humanart_10000000001474,704x1472,300,609,0.0,0.0,0.0,0.0,0.0,0.0,,
painting_humanart_10000000001478,704x1472,300,587,0.0,0.0,0.0,0.0,0.0,0.0,,
painting_humanart_10000000001493,704x1472,300,655,0.0,0.0,0.0,0.0,0.0,0.0,,
painting_humanart_10000000001498,704x1472,300,601,0.0,0.0,0.0,0.0,0.0,0.0,,
painting_humanart_10000000001510,704x1472,300,618,0.0,0.0,0.0,0.0,0.0,0.0,,
painting_humanart_10000000001516,704x1472,300,636,0.0,0.0,0.0,0.0,0.0,0.0,,
painting_humanart_10000000001524,704x1472,300,642,0.0,0.0,0.0,0.0,0.0,0.0,,
painting_humanart_10000000001534,704x1472,300,621,0.0,0.0,0.0,0.0,0.0,0.0,,
painting_humanart_10000000001535,704x1472,300,636,0.0,0.0,0.0,0.0,0.0,0.0,,
painting_humanart_10000000001540,704x1472,300,647,0.0,0.0,0.0,0.0,0.0,0.0,,
painting_humanart_10000000001548,704x1472,300,626,0.0,0.0,0.0,0.0,0.0,0.0,,
painting_humanart_10000000001554,704x1472,300,601,0.0,0.0,0.0,0.0,0.0,0.0,,
painting_humanart_10000000001557,704x1472,300,652,0.0,0.0,0.0,0.0,0.0,0.0,,
painting_humanart_10000000001571,704x1472,300,630,0.0,0.0,0.0,0.0,0.0,0.0,,
painting_humanart_10000000001586,704x1472,300,630,0.0,0.0,0.0,0.0,0.0,0.0,,
painting_humanart_10000000001597,704x1472,300,663,0.0,0.0,0.0,0.0,0.0,0.0,,
painting_humanart_10000000001609,704x1472,300,616,0.0,0.0,0.0,0.0,0.0,0.0,,
painting_humanart_10000000001613,704x1472,300,625,0.0,0.0,0.0,0.0,0.0,0.0,,
painting_humanart_10000000001619,704x1472,300,612,0.0,0.0,0.0,0.0,0.0,0.0,,
painting_humanart_10000000001626,704x1472,300,639,0.0,0.0,0.0,0.0,0.0,0.0,,
painting_humanart_10000000001627,704x1472,300,1575,0.0,0.0,0.0,769.4,769.4,1.0929,,
painting_humanart_10000000001631,704x1472,115,256,0.0,0.0,0.0,0.0,0.0,0.0,,
painting_humanart_10000000001633,704x1472,300,622,0.0,0.0,0.0,0.0,0.0,0.0,,
painting_humanart_10000000001648,704x1472,300,598,0.0,0.0,0.0,0.0,0.0,0.0,,
painting_humanart_10000000001649,704x1472,121,256,0.0,0.0,0.0,0.0,0.0,0.0,,
painting_humanart_10000000001650,704x1472,113,256,0.0,0.0,0.0,0.0,0.0,0.0,,
painting_humanart_10000000001655,704x1472,300,636,0.0,0.0,0.0,0.0,0.0,0.0,,
painting_humanart_10000000001665,704x1472,300,656,0.0,0.0,0.0,0.0,0.0,0.0,,
painting_humanart_10000000001668,704x1472,300,649,0.0,0.0,0.0,0.0,0.0,0.0,,
painting_humanart_10000000001677,704x1472,300,640,0.0,0.0,0.0,0.0,0.0,0.0,,
painting_humanart_10000000001683,704x1472,300,616,0.0,0.0,0.0,0.0,0.0,0.0,,
painting_humanart_10000000001690,704x1472,300,603,0.0,0.0,0.0,0.0,0.0,0.0,,
painting_humanart_10000000001704,704x1472,300,602,0.0,0.0,0.0,0.0,0.0,0.0,,
painting_humanart_10000000001712,704x1472,300,635,0.0,0.0,0.0,0.0,0.0,0.0,,
painting_humanart_10000000001716,704x1472,300,595,0.0,0.0,0.0,0.0,0.0,0.0,,
painting_humanart_10000000001719,704x1472,300,627,0.0,0.0,0.0,0.0,0.0,0.0,,
painting_humanart_10000000001721,704x1472,126,256,0.0,0.0,0.0,0.0,0.0,0.0,,
painting_humanart_10000000001725,704x1472,124,256,0.0,0.0,0.0,0.0,0.0,0.0,,
painting_humanart_10000000001748,704x1472,300,644,0.0,0.0,0.0,0.0,0.0,0.0,,
painting_humanart_10000000001765,704x1472,300,634,0.0,0.0,0.0,0.0,0.0,0.0,,
painting_humanart_10000000001768,704x1472,300,610,0.0,0.0,0.0,0.0,0.0,0.0,,
painting_humanart_10000000001808,704x1472,300,633,0.0,0.0,0.0,0.0,0.0,0.0,,
painting_humanart_10000000001811,704x1472,300,651,0.0,0.0,0.0,0.0,0.0,0.0,,
painting_humanart_10000000001815,704x1472,300,628,0.0,0.0,0.0,0.0,0.0,0.0,,
painting_humanart_10000000001816,704x1472,300,649,0.0,0.0,0.0,0.0,0.0,0.0,,
painting_humanart_10000000001818,704x1472,300,645,0.0,0.0,0.0,0.0,0.0,0.0,,
painting_humanart_10000000001830,704x1472,300,633,0.0,0.0,0.0,0.0,0.0,0.0,,
painting_humanart_10000000001832,704x1472,300,602,0.0,0.0,0.0,0.0,0.0,0.0,,
painting_humanart_10000000001866,704x1472,300,644,0.0,0.0,0.0,0.0,0.0,0.0,,
painting_humanart_10000000001879,704x1472,300,632,0.0,0.0,0.0,0.0,0.0,0.0,,
painting_humanart_10000000001881,704x1472,300,580,0.0,0.0,0.0,0.0,0.0,0.0,,
painting_humanart_10000000001885,704x1472,300,631,0.0,0.0,0.0,0.0,0.0,0.0,,
painting_humanart_10000000001890,704x1472,119,256,0.0,0.0,0.0,0.0,0.0,0.0,,
painting_humanart_10000000001893,704x1472,300,620,0.0,0.0,0.0,0.0,0.0,0.0,,
painting_humanart_10000000001908,704x1472,300,650,0.0,0.0,0.0,0.0,0.0,0.0,,
painting_humanart_10000000001913,704x1472,300,615,0.0,0.0,0.0,0.0,0.0,0.0,,
painting_humanart_10000000001920,704x1472,300,618,0.0,0.0,0.0,0.0,0.0,0.0,,
painting_humanart_10000000001929,704x1472,300,610,0.0,0.0,0.0,0.0,0.0,0.0,,
painting_humanart_10000000001931,704x1472,300,635,0.0,0.0,0.0,0.0,0.0,0.0,,
painting_humanart_10000000001932,704x1472,300,608,0.0,0.0,0.0,0.0,0.0,0.0,,
painting_humanart_10000000001939,704x1472,300,661,0.0,0.0,0.0,0.0,0.0,0.0,,
painting_humanart_10000000001947,704x1472,300,641,0.0,0.0,0.0,0.0,0.0,0.0,,
painting_humanart_10000000001949,704x1472,300,640,0.0,0.0,0.0,0.0,0.0,0.0,,
painting_humanart_10000000001961,704x1472,300,602,0.0,0.0,0.0,0.0,0.0,0.0,,
painting_humanart_10000000001970,704x1472,300,657,0.0,0.0,0.0,0.0,0.0,0.0,,
painting_humanart_10000000001973,704x1472,300,636,0.0,0.0,0.0,0.0,0.0,0.0,,
painting_humanart_10000000001976,704x1472,300,622,0.0,0.0,0.0,0.0,0.0,0.0,,
painting_humanart_10000000001977,704x1472,300,628,0.0,0.0,0.0,0.0,0.0,0.0,,
painting_humanart_1000000000198,704x1472,1080,2400,0.0,0.0,0.0,36.7,36.7,0.0521,,
painting_humanart_10000000001982,704x1472,300,649,0.0,0.0,0.0,0.0,0.0,0.0,,
painting_humanart_10000000001987,704x1472,300,644,0.0,0.0,0.0,0.0,0.0,0.0,,
painting_humanart_10000000001991,704x1472,300,631,0.0,0.0,0.0,0.0,0.0,0.0,,
painting_humanart_10000000002007,704x1472,300,642,0.0,0.0,0.0,0.0,0.0,0.0,,
painting_humanart_10000000002014,704x1472,300,632,0.0,0.0,0.0,0.0,0.0,0.0,,
painting_humanart_10000000002016,704x1472,300,591,0.0,0.0,0.0,0.0,0.0,0.0,,
painting_humanart_10000000002017,704x1472,300,693,0.0,0.0,0.0,0.0,0.0,0.0,,
painting_humanart_10000000002020,704x1472,300,630,0.0,0.0,0.0,0.0,0.0,0.0,,
painting_humanart_10000000002021,704x1472,300,696,0.0,0.0,0.0,0.0,0.0,0.0,,
painting_humanart_10000000002025,704x1472,121,256,0.0,0.0,0.0,0.0,0.0,0.0,,
painting_humanart_10000000002031,704x1472,126,256,0.0,0.0,0.0,0.0,0.0,0.0,,
painting_humanart_10000000002040,704x1472,300,603,0.0,0.0,0.0,0.0,0.0,0.0,,
painting_humanart_10000000002042,704x1472,300,640,0.0,0.0,0.0,0.0,0.0,0.0,,
painting_humanart_10000000002049,704x1472,300,642,0.0,0.0,0.0,0.0,0.0,0.0,,
painting_humanart_10000000002070,704x1472,300,649,0.0,0.0,0.0,0.0,0.0,0.0,,
painting_humanart_10000000002078,704x1472,300,633,0.0,0.0,0.0,0.0,0.0,0.0,,
painting_humanart_10000000002087,704x1472,300,677,0.0,0.0,0.0,0.0,0.0,0.0,,
painting_humanart_10000000002094,704x1472,123,256,0.0,0.0,0.0,0.0,0.0,0.0,,
painting_humanart_10000000002107,704x1472,300,672,0.0,0.0,0.0,0.0,0.0,0.0,,
painting_humanart_10000000002113,704x1472,300,590,0.0,0.0,0.0,0.0,0.0,0.0,,
painting_humanart_10000000002117,704x1472,300,641,0.0,0.0,0.0,0.0,0.0,0.0,,
painting_humanart_10000000002127,704x1472,300,617,0.0,0.0,0.0,0.0,0.0,0.0,,
painting_humanart_10000000002134,704x1472,122,256,0.0,0.0,0.0,0.0,0.0,0.0,,
painting_humanart_10000000002168,704x1472,300,656,0.0,0.0,0.0,0.0,0.0,0.0,,
painting_humanart_10000000002169,704x1472,300,648,0.0,0.0,0.0,0.0,0.0,0.0,,
painting_humanart_10000000002173,704x1472,300,647,0.0,0.0,0.0,0.0,0.0,0.0,,
painting_humanart_10000000002177,704x1472,300,623,0.0,0.0,0.0,0.0,0.0,0.0,,
painting_humanart_10000000002199,704x1472,300,649,0.0,0.0,0.0,0.0,0.0,0.0,,
painting_humanart_10000000002202,704x1472,268,600,0.0,0.0,0.0,0.0,0.0,0.0,,
painting_humanart_10000000002239,704x1472,300,618,0.0,0.0,0.0,0.0,0.0,0.0,,
painting_humanart_10000000002257,704x1472,122,256,0.0,0.0,0.0,0.0,0.0,0.0,,
painting_humanart_10000000002260,704x1472,300,601,0.0,0.0,0.0,0.0,0.0,0.0,,
painting_humanart_10000000002263,704x1472,300,596,0.0,0.0,0.0,0.0,0.0,0.0,,
painting_humanart_10000000002269,704x1472,300,595,0.0,0.0,0.0,0.0,0.0,0.0,,
painting_humanart_10000000002275,704x1472,300,606,0.0,0.0,0.0,0.0,0.0,0.0,,
painting_humanart_10000000002282,704x1472,300,631,0.0,0.0,0.0,0.0,0.0,0.0,,
painting_humanart_10000000002283,704x1472,300,599,0.0,0.0,0.0,0.0,0.0,0.0,,
painting_humanart_10000000002290,704x1472,300,608,0.0,0.0,0.0,0.0,0.0,0.0,,
painting_humanart_10000000002300,704x1472,300,632,0.0,0.0,0.0,0.0,0.0,0.0,,
painting_humanart_10000000002310,704x1472,300,589,0.0,0.0,0.0,0.0,0.0,0.0,,
painting_humanart_10000000002313,704x1472,300,666,0.0,0.0,0.0,0.0,0.0,0.0,,
painting_humanart_10000000002320,704x1472,300,637,0.0,0.0,0.0,0.0,0.0,0.0,,
painting_humanart_10000000002326,704x1472,300,647,0.0,0.0,0.0,0.0,0.0,0.0,,
painting_humanart_10000000002335,704x1472,300,632,0.0,0.0,0.0,0.0,0.0,0.0,,
painting_humanart_10000000002345,704x1472,300,652,0.0,0.0,0.0,0.0,0.0,0.0,,
painting_humanart_10000000002366,704x1472,300,602,0.0,0.0,0.0,0.0,0.0,0.0,,
painting_humanart_10000000002371,704x1472,300,591,0.0,0.0,0.0,0.0,0.0,0.0,,
painting_humanart_10000000002373,704x1472,120,256,0.0,0.0,0.0,0.0,0.0,0.0,,
painting_humanart_10000000002378,704x1472,300,636,0.0,0.0,0.0,0.0,0.0,0.0,,
painting_humanart_10000000002388,704x1472,300,654,0.0,0.0,0.0,0.0,0.0,0.0,,
painting_humanart_10000000002391,704x1472,300,619,0.0,0.0,0.0,0.0,0.0,0.0,,
painting_humanart_10000000002395,704x1472,300,622,0.0,0.0,0.0,0.0,0.0,0.0,,
painting_humanart_10000000002399,704x1472,300,594,0.0,0.0,0.0,0.0,0.0,0.0,,
painting_humanart_10000000002403,704x1472,300,623,0.0,0.0,0.0,0.0,0.0,0.0,,
painting_humanart_10000000002413,704x1472,300,653,0.0,0.0,0.0,0.0,0.0,0.0,,
painting_humanart_10000000002430,704x1472,300,710,0.0,0.0,0.0,0.0,0.0,0.0,,
painting_humanart_10000000002431,704x1472,300,630,0.0,0.0,0.0,0.0,0.0,0.0,,
painting_humanart_10000000002434,704x1472,300,614,0.0,0.0,0.0,0.0,0.0,0.0,,
painting_humanart_10000000002443,704x1472,121,256,0.0,0.0,0.0,0.0,0.0,0.0,,
painting_humanart_10000000002446,704x1472,300,659,0.0,0.0,0.0,0.0,0.0,0.0,,
painting_humanart_10000000002449,704x1472,300,582,0.0,0.0,0.0,0.0,0.0,0.0,,
painting_humanart_10000000002459,704x1472,300,605,0.0,0.0,0.0,0.0,0.0,0.0,,
painting_humanart_10000000002460,704x1472,300,604,0.0,0.0,0.0,0.0,0.0,0.0,,
painting_humanart_10000000002461,704x1472,300,674,0.0,0.0,0.0,0.0,0.0,0.0,,
painting_humanart_10000000002486,704x1472,300,620,0.0,0.0,0.0,0.0,0.0,0.0,,
painting_humanart_10000000002487,704x1472,300,635,0.0,0.0,0.0,0.0,0.0,0.0,,
painting_humanart_10000000002499,704x1472,300,606,0.0,0.0,0.0,0.0,0.0,0.0,,
painting_humanart_10000000002506,704x1472,300,631,0.0,0.0,0.0,0.0,0.0,0.0,,
painting_humanart_10000000002510,704x1472,300,611,0.0,0.0,0.0,0.0,0.0,0.0,,
painting_humanart_10000000002512,704x1472,300,635,0.0,0.0,0.0,0.0,0.0,0.0,,
painting_humanart_10000000002524,704x1472,300,652,0.0,0.0,0.0,0.0,0.0,0.0,,
painting_humanart_10000000002529,704x1472,300,650,0.0,0.0,0.0,0.0,0.0,0.0,,
painting_humanart_10000000002530,704x1472,300,578,0.0,0.0,0.0,0.0,0.0,0.0,,
painting_humanart_10000000002532,704x1472,300,641,0.0,0.0,0.0,0.0,0.0,0.0,,
painting_humanart_10000000002535,704x1472,300,650,0.0,0.0,0.0,0.0,0.0,0.0,,
painting_humanart_10000000002542,704x1472,206,450,0.0,0.0,0.0,0.0,0.0,0.0,,
painting_humanart_10000000002543,704x1472,300,664,0.0,0.0,0.0,0.0,0.0,0.0,,
painting_humanart_10000000002544,704x1472,300,614,0.0,0.0,0.0,0.0,0.0,0.0,,
painting_humanart_10000000002559,704x1472,300,638,0.0,0.0,0.0,0.0,0.0,0.0,,
painting_humanart_10000000002564,704x1472,300,636,0.0,0.0,0.0,0.0,0.0,0.0,,
painting_humanart_10000000002569,704x1472,300,655,0.0,0.0,0.0,0.0,0.0,0.0,,
painting_humanart_10000000002575,704x1472,300,653,0.0,0.0,0.0,0.0,0.0,0.0,,
painting_humanart_10000000002579,704x1472,300,745,0.0,0.0,0.0,4.5,4.5,0.0064,,
painting_humanart_10000000002581,704x1472,300,586,0.0,0.0,0.0,0.0,0.0,0.0,,
painting_humanart_10000000002590,704x1472,300,643,0.0,0.0,0.0,0.0,0.0,0.0,,
painting_humanart_10000000002595,704x1472,300,597,0.0,0.0,0.0,0.0,0.0,0.0,,
painting_humanart_10000000002601,704x1472,300,663,0.0,0.0,0.0,0.0,0.0,0.0,,
painting_humanart_10000000002603,704x1472,300,618,0.0,0.0,0.0,0.0,0.0,0.0,,
painting_humanart_10000000002610,704x1472,126,256,0.0,0.0,0.0,0.0,0.0,0.0,,
painting_humanart_10000000002611,704x1472,300,592,0.0,0.0,0.0,0.0,0.0,0.0,,
painting_humanart_10000000002622,704x1472,300,626,0.0,0.0,0.0,0.0,0.0,0.0,,
painting_humanart_10000000002632,704x1472,300,682,0.0,0.0,0.0,0.0,0.0,0.0,,
painting_humanart_10000000002633,704x1472,300,621,0.0,0.0,0.0,0.0,0.0,0.0,,
painting_humanart_10000000002653,704x1472,300,609,0.0,0.0,0.0,0.0,0.0,0.0,,
painting_humanart_10000000002660,704x1472,300,621,0.0,0.0,0.0,0.0,0.0,0.0,,
painting_humanart_10000000002664,704x1472,300,626,0.0,0.0,0.0,0.0,0.0,0.0,,
painting_humanart_10000000002670,704x1472,300,641,0.0,0.0,0.0,0.0,0.0,0.0,,
painting_humanart_10000000002676,704x1472,300,648,0.0,0.0,0.0,0.0,0.0,0.0,,
painting_humanart_10000000002682,704x1472,300,617,0.0,0.0,0.0,0.0,0.0,0.0,,
painting_humanart_10000000002688,704x1472,300,641,0.0,0.0,0.0,0.0,0.0,0.0,,
painting_humanart_10000000002689,704x1472,122,256,0.0,0.0,0.0,0.0,0.0,0.0,,
painting_humanart_10000000002691,704x1472,300,611,0.0,0.0,0.0,0.0,0.0,0.0,,
painting_humanart_10000000002694,704x1472,300,646,0.0,0.0,0.0,0.0,0.0,0.0,,
painting_humanart_10000000002704,704x1472,300,636,0.0,0.0,0.0,0.0,0.0,0.0,,
painting_humanart_10000000002707,704x1472,300,628,0.0,0.0,0.0,0.0,0.0,0.0,,
painting_humanart_10000000002715,704x1472,300,615,0.0,0.0,0.0,0.0,0.0,0.0,,
painting_humanart_10000000002716,704x1472,300,627,0.0,0.0,0.0,0.0,0.0,0.0,,
painting_humanart_10000000002726,704x1472,300,647,0.0,0.0,0.0,0.0,0.0,0.0,,
painting_humanart_10000000002729,704x1472,300,607,0.0,0.0,0.0,0.0,0.0,0.0,,
painting_humanart_10000000002730,704x1472,300,702,0.0,0.0,0.0,0.0,0.0,0.0,,
painting_humanart_10000000002738,704x1472,300,615,0.0,0.0,0.0,0.0,0.0,0.0,,
painting_humanart_10000000002742,704x1472,300,622,0.0,0.0,0.0,0.0,0.0,0.0,,
painting_humanart_10000000002747,704x1472,300,583,0.0,0.0,0.0,0.0,0.0,0.0,,
painting_humanart_10000000002768,704x1472,300,580,0.0,0.0,0.0,0.0,0.0,0.0,,
painting_humanart_10000000002777,704x1472,300,615,0.0,0.0,0.0,0.0,0.0,0.0,,
painting_humanart_10000000002788,704x1472,300,609,0.0,0.0,0.0,0.0,0.0,0.0,,
painting_humanart_10000000002794,704x1472,300,595,0.0,0.0,0.0,0.0,0.0,0.0,,
painting_humanart_10000000002796,704x1472,300,627,0.0,0.0,0.0,0.0,0.0,0.0,,
painting_humanart_10000000002804,704x1472,300,672,0.0,0.0,0.0,0.0,0.0,0.0,,
painting_humanart_10000000002818,704x1472,300,619,0.0,0.0,0.0,0.0,0.0,0.0,,
painting_humanart_10000000002825,704x1472,300,625,0.0,0.0,0.0,0.0,0.0,0.0,,
painting_humanart_10000000002827,704x1472,300,594,0.0,0.0,0.0,0.0,0.0,0.0,,
painting_humanart_10000000002829,704x1472,300,650,0.0,0.0,0.0,0.0,0.0,0.0,,
painting_humanart_10000000002837,704x1472,300,638,0.0,0.0,0.0,0.0,0.0,0.0,,
painting_humanart_10000000002843,704x1472,300,620,0.0,0.0,0.0,0.0,0.0,0.0,,
painting_humanart_10000000002845,704x1472,300,615,0.0,0.0,0.0,0.0,0.0,0.0,,
painting_humanart_10000000002846,704x1472,300,663,0.0,0.0,0.0,0.0,0.0,0.0,,
painting_humanart_10000000002850,704x1472,300,644,0.0,0.0,0.0,0.0,0.0,0.0,,
painting_humanart_10000000002854,704x1472,300,645,0.0,0.0,0.0,0.0,0.0,0.0,,
painting_humanart_10000000002860,704x1472,300,641,0.0,0.0,0.0,0.0,0.0,0.0,,
painting_humanart_10000000002861,704x1472,300,700,0.0,0.0,0.0,0.0,0.0,0.0,,
painting_humanart_10000000002864,704x1472,300,670,0.0,0.0,0.0,0.0,0.0,0.0,,
painting_humanart_10000000002873,704x1472,300,683,0.0,0.0,0.0,0.0,0.0,0.0,,
painting_humanart_10000000002875,704x1472,300,647,0.0,0.0,0.0,0.0,0.0,0.0,,
painting_humanart_10000000002885,704x1472,300,705,0.0,0.0,0.0,0.0,0.0,0.0,,
painting_humanart_10000000002886,704x1472,300,631,0.0,0.0,0.0,0.0,0.0,0.0,,
painting_humanart_10000000002908,704x1472,300,641,0.0,0.0,0.0,0.0,0.0,0.0,,
painting_humanart_10000000002910,704x1472,300,664,0.0,0.0,0.0,0.0,0.0,0.0,,
painting_humanart_10000000002922,704x1472,300,1331,0.0,0.0,0.0,143.5,143.5,0.2039,,
painting_humanart_10000000002923,704x1472,300,667,0.0,0.0,0.0,0.0,0.0,0.0,,
painting_humanart_10000000002929,704x1472,300,659,0.0,0.0,0.0,0.0,0.0,0.0,,
painting_humanart_10000000002938,704x1472,300,611,0.0,0.0,0.0,0.0,0.0,0.0,,
painting_humanart_10000000002954,704x1472,300,632,0.0,0.0,0.0,0.0,0.0,0.0,,
painting_humanart_10000000002957,704x1472,300,632,0.0,0.0,0.0,0.0,0.0,0.0,,
painting_humanart_10000000002964,704x1472,300,630,0.0,0.0,0.0,0.0,0.0,0.0,,
painting_humanart_10000000002965,704x1472,300,618,0.0,0.0,0.0,0.0,0.0,0.0,,
painting_humanart_10000000002973,704x1472,300,601,0.0,0.0,0.0,0.0,0.0,0.0,,
painting_humanart_10000000002985,704x1472,300,602,0.0,0.0,0.0,0.0,0.0,0.0,,
painting_humanart_10000000002987,704x1472,300,662,0.0,0.0,0.0,0.0,0.0,0.0,,
painting_humanart_10000000002988,704x1472,300,607,0.0,0.0,0.0,0.0,0.0,0.0,,
painting_humanart_10000000003000,704x1472,300,681,0.0,0.0,0.0,0.0,0.0,0.0,,
painting_humanart_10000000003002,704x1472,300,602,0.0,0.0,0.0,0.0,0.0,0.0,,
painting_humanart_10000000003015,704x1472,300,603,0.0,0.0,0.0,0.0,0.0,0.0,,
painting_humanart_10000000003026,704x1472,300,613,0.0,0.0,0.0,0.0,0.0,0.0,,
painting_humanart_10000000003032,704x1472,300,640,0.0,0.0,0.0,0.0,0.0,0.0,,
painting_humanart_10000000003033,704x1472,300,600,0.0,0.0,0.0,0.0,0.0,0.0,,
painting_humanart_10000000003053,704x1472,300,594,0.0,0.0,0.0,0.0,0.0,0.0,,
painting_humanart_10000000003056,704x1472,300,663,0.0,0.0,0.0,0.0,0.0,0.0,,
painting_humanart_10000000003057,704x1472,300,636,0.0,0.0,0.0,0.0,0.0,0.0,,
painting_humanart_10000000003059,704x1472,116,256,0.0,0.0,0.0,0.0,0.0,0.0,,
painting_humanart_10000000003084,704x1472,300,611,0.0,0.0,0.0,0.0,0.0,0.0,,
painting_humanart_10000000003106,704x1472,261,504,0.0,0.0,0.0,0.0,0.0,0.0,,
painting_humanart_10000000003107,704x1472,300,683,0.0,0.0,0.0,0.0,0.0,0.0,,
painting_humanart_10000000003112,704x1472,300,619,0.0,0.0,0.0,0.0,0.0,0.0,,
painting_humanart_10000000003116,704x1472,300,639,0.0,0.0,0.0,0.0,0.0,0.0,,
painting_humanart_10000000003130,704x1472,125,256,0.0,0.0,0.0,0.0,0.0,0.0,,
painting_humanart_10000000003146,704x1472,300,604,0.0,0.0,0.0,0.0,0.0,0.0,,
painting_humanart_10000000003154,704x1472,300,665,0.0,0.0,0.0,0.0,0.0,0.0,,
painting_humanart_10000000003159,704x1472,300,684,0.0,0.0,0.0,0.0,0.0,0.0,,
painting_humanart_10000000003161,704x1472,300,662,0.0,0.0,0.0,0.0,0.0,0.0,,
painting_humanart_10000000003176,704x1472,300,635,0.0,0.0,0.0,0.0,0.0,0.0,,
painting_humanart_10000000003205,704x1472,300,628,0.0,0.0,0.0,0.0,0.0,0.0,,
painting_humanart_10000000003207,704x1472,300,628,0.0,0.0,0.0,0.0,0.0,0.0,,
painting_humanart_10000000003213,704x1472,300,656,0.0,0.0,0.0,0.0,0.0,0.0,,
painting_humanart_10000000003222,704x1472,300,614,0.0,0.0,0.0,0.0,0.0,0.0,,
painting_humanart_10000000003237,704x1472,300,599,0.0,0.0,0.0,0.0,0.0,0.0,,
painting_humanart_10000000003255,704x1472,300,608,0.0,0.0,0.0,0.0,0.0,0.0,,
painting_humanart_10000000003302,704x1472,300,645,0.0,0.0,0.0,0.0,0.0,0.0,,
painting_humanart_10000000003303,704x1472,300,626,0.0,0.0,0.0,0.0,0.0,0.0,,
painting_humanart_10000000003305,704x1472,300,672,0.0,0.0,0.0,0.0,0.0,0.0,,
painting_humanart_10000000003311,704x1472,300,588,0.0,0.0,0.0,0.0,0.0,0.0,,
painting_humanart_10000000003321,704x1472,300,628,0.0,0.0,0.0,0.0,0.0,0.0,,
painting_humanart_10000000003326,704x1472,300,632,0.0,0.0,0.0,0.0,0.0,0.0,,
painting_humanart_10000000003334,704x1472,300,633,0.0,0.0,0.0,0.0,0.0,0.0,,
painting_humanart_10000000003344,704x1472,300,645,0.0,0.0,0.0,0.0,0.0,0.0,,
painting_humanart_10000000003360,704x1472,300,636,0.0,0.0,0.0,0.0,0.0,0.0,,
painting_humanart_10000000003382,704x1472,300,645,0.0,0.0,0.0,0.0,0.0,0.0,,
painting_humanart_10000000003399,704x1472,300,643,0.0,0.0,0.0,0.0,0.0,0.0,,
painting_humanart_10000000003413,704x1472,300,644,0.0,0.0,0.0,0.0,0.0,0.0,,
painting_humanart_10000000003422,704x1472,300,601,0.0,0.0,0.0,0.0,0.0,0.0,,
painting_humanart_10000000003429,704x1472,166,1024,0.0,141.5,0.0,1075.3,1075.3,1.5274,,
painting_humanart_10000000003442,704x1472,300,626,0.0,0.0,0.0,0.0,0.0,0.0,,
painting_humanart_10000000003456,704x1472,300,600,0.0,0.0,0.0,0.0,0.0,0.0,,
painting_humanart_10000000003466,704x1472,131,256,0.0,0.0,0.0,0.0,0.0,0.0,,
painting_humanart_10000000003470,704x1472,300,631,0.0,0.0,0.0,0.0,0.0,0.0,,
painting_humanart_10000000003495,704x1472,300,647,0.0,0.0,0.0,0.0,0.0,0.0,,
painting_humanart_10000000003499,704x1472,124,256,0.0,0.0,0.0,0.0,0.0,0.0,,
painting_humanart_10000000003527,704x1472,300,645,0.0,0.0,0.0,0.0,0.0,0.0,,
painting_humanart_10000000003532,704x1472,300,667,0.0,0.0,0.0,0.0,0.0,0.0,,
painting_humanart_10000000003539,704x1472,300,700,0.0,0.0,0.0,0.0,0.0,0.0,,
painting_humanart_10000000003542,704x1472,300,599,0.0,0.0,0.0,0.0,0.0,0.0,,
painting_humanart_10000000003546,704x1472,300,615,0.0,0.0,0.0,0.0,0.0,0.0,,
painting_humanart_10000000003555,704x1472,300,616,0.0,0.0,0.0,0.0,0.0,0.0,,
painting_humanart_10000000003557,704x1472,300,632,0.0,0.0,0.0,0.0,0.0,0.0,,
painting_humanart_10000000003558,704x1472,300,640,0.0,0.0,0.0,0.0,0.0,0.0,,
painting_humanart_10000000003562,704x1472,300,677,0.0,0.0,0.0,0.0,0.0,0.0,,
painting_humanart_10000000003570,704x1472,300,613,0.0,0.0,0.0,0.0,0.0,0.0,,
painting_humanart_10000000003575,704x1472,300,635,0.0,0.0,0.0,0.0,0.0,0.0,,
painting_humanart_10000000003576,704x1472,121,256,0.0,0.0,0.0,0.0,0.0,0.0,,
painting_humanart_10000000003594,704x1472,300,623,0.0,0.0,0.0,0.0,0.0,0.0,,
painting_humanart_10000000003600,704x1472,300,633,0.0,0.0,0.0,0.0,0.0,0.0,,
painting_humanart_10000000003610,704x1472,300,652,0.0,0.0,0.0,0.0,0.0,0.0,,
painting_humanart_10000000003616,704x1472,300,1166,0.0,0.0,0.0,341.2,341.2,0.4847,,
painting_humanart_10000000003622,704x1472,300,585,0.0,0.0,0.0,0.0,0.0,0.0,,
painting_humanart_10000000003636,704x1472,300,633,0.0,0.0,0.0,0.0,0.0,0.0,,
painting_humanart_10000000003639,704x1472,300,617,0.0,0.0,0.0,0.0,0.0,0.0,,
painting_humanart_10000000003642,704x1472,300,636,0.0,0.0,0.0,0.0,0.0,0.0,,
painting_humanart_10000000003643,704x1472,300,645,0.0,0.0,0.0,0.0,0.0,0.0,,
painting_humanart_10000000003645,704x1472,300,616,0.0,0.0,0.0,0.0,0.0,0.0,,
painting_humanart_10000000003650,704x1472,300,640,0.0,0.0,0.0,0.0,0.0,0.0,,
painting_humanart_10000000003654,704x1472,300,591,0.0,0.0,0.0,0.0,0.0,0.0,,
painting_humanart_10000000003658,704x1472,300,647,0.0,0.0,0.0,0.0,0.0,0.0,,
painting_humanart_10000000003661,704x1472,300,629,0.0,0.0,0.0,0.0,0.0,0.0,,
painting_humanart_10000000003664,704x1472,300,654,0.0,0.0,0.0,0.0,0.0,0.0,,
painting_humanart_10000000003668,704x1472,300,594,0.0,0.0,0.0,0.0,0.0,0.0,,
painting_humanart_10000000003669,704x1472,300,626,0.0,0.0,0.0,0.0,0.0,0.0,,
painting_humanart_10000000003676,704x1472,125,256,0.0,0.0,0.0,0.0,0.0,0.0,,
painting_humanart_10000000003680,704x1472,300,604,0.0,0.0,0.0,0.0,0.0,0.0,,
painting_humanart_10000000003687,704x1472,300,659,0.0,0.0,0.0,0.0,0.0,0.0,,
painting_humanart_10000000003694,704x1472,127,256,0.0,0.0,0.0,0.0,0.0,0.0,,
painting_humanart_10000000003724,704x1472,300,626,0.0,0.0,0.0,0.0,0.0,0.0,,
painting_humanart_10000000003734,704x1472,300,651,0.0,0.0,0.0,0.0,0.0,0.0,,
painting_humanart_10000000003736,704x1472,300,647,0.0,0.0,0.0,0.0,0.0,0.0,,
painting_humanart_10000000003743,704x1472,300,635,0.0,0.0,0.0,0.0,0.0,0.0,,
painting_humanart_10000000003754,704x1472,300,621,0.0,0.0,0.0,0.0,0.0,0.0,,
painting_humanart_10000000003759,704x1472,300,623,0.0,0.0,0.0,0.0,0.0,0.0,,
painting_humanart_10000000003762,704x1472,300,651,0.0,0.0,0.0,0.0,0.0,0.0,,
painting_humanart_10000000003764,704x1472,300,677,0.0,0.0,0.0,0.0,0.0,0.0,,
painting_humanart_10000000003765,704x1472,300,670,0.0,0.0,0.0,0.0,0.0,0.0,,
painting_humanart_10000000003767,704x1472,300,646,0.0,0.0,0.0,0.0,0.0,0.0,,
painting_humanart_10000000003786,704x1472,118,256,0.0,0.0,0.0,0.0,0.0,0.0,,
painting_humanart_10000000003790,704x1472,300,621,0.0,0.0,0.0,0.0,0.0,0.0,,
painting_humanart_10000000003799,704x1472,300,686,0.0,0.0,0.0,0.0,0.0,0.0,,
painting_humanart_10000000003806,704x1472,300,635,0.0,0.0,0.0,0.0,0.0,0.0,,
painting_humanart_10000000003819,704x1472,300,643,0.0,0.0,0.0,0.0,0.0,0.0,,
painting_humanart_10000000003823,704x1472,300,646,0.0,0.0,0.0,0.0,0.0,0.0,,
painting_humanart_10000000003829,704x1472,300,606,0.0,0.0,0.0,0.0,0.0,0.0,,
painting_humanart_10000000003832,704x1472,300,606,0.0,0.0,0.0,0.0,0.0,0.0,,
painting_humanart_10000000003835,704x1472,300,651,0.0,0.0,0.0,0.0,0.0,0.0,,
painting_humanart_10000000003846,704x1472,300,646,0.0,0.0,0.0,0.0,0.0,0.0,,
painting_humanart_10000000003856,704x1472,300,769,0.0,0.0,0.0,61.0,61.0,0.0866,,
painting_humanart_10000000003860,704x1472,207,450,0.0,0.0,0.0,0.0,0.0,0.0,,
painting_humanart_10000000003872,704x1472,300,586,0.0,0.0,0.0,0.0,0.0,0.0,,
painting_humanart_10000000003881,704x1472,300,635,0.0,0.0,0.0,0.0,0.0,0.0,,
painting_humanart_10000000003884,704x1472,300,664,0.0,0.0,0.0,0.0,0.0,0.0,,
painting_humanart_10000000003889,704x1472,300,623,0.0,0.0,0.0,0.0,0.0,0.0,,
painting_humanart_10000000003894,704x1472,241,504,0.0,0.0,0.0,0.0,0.0,0.0,,
painting_humanart_10000000003897,704x1472,300,651,0.0,0.0,0.0,0.0,0.0,0.0,,
painting_humanart_10000000003901,704x1472,300,629,0.0,0.0,0.0,0.0,0.0,0.0,,
painting_humanart_10000000003912,704x1472,300,605,0.0,0.0,0.0,0.0,0.0,0.0,,
painting_humanart_10000000003917,704x1472,300,607,0.0,0.0,0.0,0.0,0.0,0.0,,
painting_humanart_10000000003925,704x1472,197,768,0.0,67.8,0.0,361.4,361.4,0.5133,,
painting_humanart_10000000003938,704x1472,300,598,0.0,0.0,0.0,0.0,0.0,0.0,,
painting_humanart_10000000003941,704x1472,300,631,0.0,0.0,0.0,0.0,0.0,0.0,,
painting_humanart_10000000003946,704x1472,300,599,0.0,0.0,0.0,0.0,0.0,0.0,,
painting_humanart_10000000003947,704x1472,300,617,0.0,0.0,0.0,0.0,0.0,0.0,,
painting_humanart_10000000003948,704x1472,300,642,0.0,0.0,0.0,0.0,0.0,0.0,,
painting_humanart_10000000003951,704x1472,300,619,0.0,0.0,0.0,0.0,0.0,0.0,,
painting_humanart_10000000003975,704x1472,300,1208,0.0,31.0,0.0,308.7,308.7,0.4384,,
painting_humanart_10000000003986,704x1472,300,588,0.0,0.0,0.0,0.0,0.0,0.0,,
painting_humanart_10000000003999,704x1472,291,1500,0.0,0.0,0.0,694.2,694.2,0.9861,,
painting_humanart_10000000004017,704x1472,300,639,0.0,0.0,0.0,0.0,0.0,0.0,,
painting_humanart_10000000004157,704x1472,300,649,0.0,0.0,0.0,0.0,0.0,0.0,,
painting_humanart_10000000004222,704x1472,300,636,0.0,0.0,0.0,0.0,0.0,0.0,,
painting_humanart_10000000004238,704x1472,145,800,0.0,0.0,0.0,735.2,735.2,1.0443,,
painting_humanart_10000000004282,704x1472,300,1535,0.0,0.0,0.0,642.7,642.7,0.913,,
painting_humanart_10000000004302,704x1472,159,800,0.0,0.0,0.0,481.7,481.7,0.6842,,
painting_humanart_10000000004410,704x1472,278,640,0.0,0.0,0.0,0.0,0.0,0.0,,
painting_humanart_10000000004523,704x1472,300,1469,0.0,29.6,0.0,568.2,568.2,0.8071,,
painting_humanart_10000000004530,704x1472,195,1000,0.0,0.0,0.0,509.7,509.7,0.724,,
painting_humanart_10000000004531,704x1472,300,1278,0.0,0.0,0.0,416.7,416.7,0.592,,
painting_humanart_10000000004536,704x1472,300,1880,0.0,0.0,0.0,911.2,911.2,1.2944,,
painting_humanart_10000000004571,704x1472,87,450,0.0,0.0,0.0,826.4,826.4,1.1739,,
painting_humanart_10000000004602,704x1472,300,621,0.0,0.0,0.0,0.0,0.0,0.0,,
painting_humanart_10000000004649,704x1472,231,1024,0.0,0.0,0.0,291.4,291.4,0.414,,
painting_humanart_10000000004655,704x1472,156,768,0.0,0.0,0.0,780.2,780.2,1.1083,,
painting_humanart_10000000004678,704x1472,300,621,0.0,0.0,0.0,0.0,0.0,0.0,,
painting_humanart_10000000004710,704x1472,300,1406,0.0,0.0,0.0,48.5,48.5,0.0689,,
painting_humanart_10000000004714,704x1472,300,628,0.0,0.0,0.0,0.0,0.0,0.0,,
painting_humanart_10000000004758,704x1472,300,632,0.0,0.0,0.0,0.0,0.0,0.0,,
painting_humanart_10000000004849,704x1472,300,622,0.0,0.0,0.0,0.0,0.0,0.0,,
painting_humanart_10000000004861,704x1472,300,1480,0.0,0.0,0.0,520.0,520.0,0.7386,,
painting_humanart_10000000004871,704x1472,294,1500,0.0,241.1,0.0,0.0,241.1,0.3424,,
painting_humanart_10000000004894,704x1472,300,1460,0.0,646.1,0.0,702.6,702.6,0.998,,
painting_humanart_10000000004924,704x1472,300,1135,0.0,0.0,0.0,239.8,239.8,0.3406,,
painting_humanart_10000000004950,704x1472,256,1500,0.0,0.0,0.0,301.2,301.2,0.4279,,
painting_humanart_10000000004962,1472x704,662,300,0.0,0.0,0.0,0.0,0.0,0.0,,
painting_humanart_10000000004974,704x1472,300,1530,0.0,49.9,0.0,552.5,552.5,0.7848,,
painting_humanart_10000000004986,704x1472,300,1589,0.0,158.8,0.0,737.0,737.0,1.0468,,
painting_humanart_10000000005000,704x1472,300,604,0.0,0.0,0.0,0.0,0.0,0.0,,
painting_humanart_10000000005108,704x1472,300,1361,0.0,0.0,0.0,607.4,607.4,0.8627,,
painting_humanart_10000000005112,704x1472,300,670,0.0,0.0,0.0,0.0,0.0,0.0,,
painting_humanart_10000000005120,704x1472,223,450,0.0,0.0,0.0,0.0,0.0,0.0,,
painting_humanart_10000000005135,704x1472,278,1500,0.0,0.0,0.0,482.4,482.4,0.6852,,
painting_humanart_10000000005150,704x1472,265,1500,0.0,0.0,0.0,927.5,927.5,1.3175,,
painting_humanart_10000000005161,704x1472,272,1500,0.0,40.3,0.0,560.9,560.9,0.7967,,
painting_humanart_10000000005174,704x1472,284,1500,0.0,0.0,0.0,625.1,625.1,0.8879,,
painting_humanart_10000000005228,704x1472,300,1257,0.0,0.0,0.0,440.7,440.7,0.626,,
painting_humanart_10000000005230,704x1472,300,1529,0.0,0.0,0.0,750.6,750.6,1.0662,,
painting_humanart_10000000005252,704x1472,87,450,0.0,0.0,0.0,713.1,713.1,1.013,,
painting_humanart_10000000005378,704x1472,265,1500,0.0,716.7,0.0,962.0,962.0,1.3665,,
painting_humanart_10000000005385,704x1472,300,1559,0.0,0.0,0.0,734.4,734.4,1.0432,,
painting_humanart_10000000005412,704x1472,300,656,0.0,0.0,0.0,0.0,0.0,0.0,,
painting_humanart_10000000005433,704x1472,88,450,0.0,0.0,0.0,624.0,624.0,0.8864,,
painting_humanart_10000000005486,704x1472,300,1494,0.0,0.0,0.0,721.2,721.2,1.0245,,
painting_humanart_10000000005494,704x1472,300,1459,0.0,0.0,0.0,619.1,619.1,0.8794,,
painting_humanart_10000000005698,704x1472,273,1500,0.0,0.0,0.0,734.0,734.0,1.0426,,
painting_humanart_10000000005760,704x1472,280,1500,0.0,0.0,0.0,0.0,0.0,0.0,,
painting_humanart_10000000005808,704x1472,297,1500,0.0,53.6,0.0,707.3,707.3,1.0047,,
painting_humanart_10000000005829,704x1472,300,1380,0.0,364.4,0.0,425.8,425.8,0.6048,,
painting_humanart_10000000005853,704x1472,300,1494,0.0,0.0,0.0,662.6,662.6,0.9412,,
painting_humanart_10000000005860,704x1472,286,1500,0.0,0.0,0.0,810.0,810.0,1.1506,,
painting_humanart_10000000005943,704x1472,146,750,0.0,261.9,0.0,744.5,744.5,1.0576,,
painting_humanart_10000000005945,704x1472,278,1500,0.0,0.0,0.0,938.2,938.2,1.3326,,
painting_humanart_10000000005950,704x1472,300,1515,0.0,0.0,0.0,746.5,746.5,1.0604,,
painting_humanart_10000000005972,704x1472,162,1024,0.0,0.0,0.0,1089.2,1089.2,1.5471,,
painting_humanart_10000000005973,704x1472,128,750,0.0,0.0,0.0,958.5,958.5,1.3615,,
painting_humanart_10000000006046,704x1472,300,1490,0.0,0.0,0.0,71.5,71.5,0.1016,,
painting_humanart_10000000006072,704x1472,280,1500,0.0,839.7,0.0,310.7,839.7,1.1928,,
painting_humanart_10000000006088,704x1472,136,750,0.0,24.8,0.0,594.5,594.5,0.8445,,
painting_humanart_10000000006117,704x1472,276,1500,0.0,0.0,0.0,376.2,376.2,0.5343,,
painting_humanart_10000000006133,704x1472,278,1500,0.0,0.0,0.0,682.4,682.4,0.9693,,
painting_humanart_10000000006216,704x1472,300,1447,0.0,0.0,0.0,382.0,382.0,0.5426,,
painting_humanart_10000000006220,704x1472,300,1442,0.0,679.1,0.0,571.0,679.1,0.9646,,
painting_humanart_10000000006251,704x1472,179,1000,0.0,994.0,0.0,613.5,994.0,1.412,,
painting_humanart_10000000006261,704x1472,275,1500,0.0,208.6,0.0,879.4,879.4,1.2491,,
painting_humanart_10000000006263,704x1472,300,1634,0.0,0.0,0.0,895.2,895.2,1.2715,,
painting_humanart_10000000006324,704x1472,82,450,0.0,0.0,0.0,535.3,535.3,0.7604,,
painting_humanart_10000000006351,704x1472,278,1500,0.0,0.0,0.0,717.9,717.9,1.0197,,
painting_humanart_10000000006439,704x1472,143,800,0.0,0.0,0.0,888.8,888.8,1.2626,,
painting_humanart_10000000006448,704x1472,300,1541,0.0,1.9,0.0,593.5,593.5,0.843,,
painting_humanart_10000000006453,704x1472,278,1500,0.0,0.0,0.0,700.1,700.1,0.9945,,
painting_humanart_10000000006456,704x1472,300,1347,0.0,111.8,0.0,497.7,497.7,0.7069,,
painting_humanart_10000000006478,704x1472,300,963,0.0,0.0,0.0,0.0,0.0,0.0,,
painting_humanart_10000000006497,704x1472,83,450,0.0,0.0,0.0,664.0,664.0,0.9431,,
painting_humanart_10000000006522,704x1472,178,1000,0.0,0.0,0.0,795.1,795.1,1.1295,,
painting_humanart_10000000006526,704x1472,300,1524,0.0,376.2,0.0,632.3,632.3,0.8981,,
painting_humanart_1000000000653,704x1472,518,1000,0.0,0.0,0.0,0.0,0.0,0.0,,
painting_humanart_10000000006556,704x1472,81,450,0.0,45.7,0.0,802.9,802.9,1.1405,,
painting_humanart_10000000006562,704x1472,300,644,0.0,0.0,0.0,0.0,0.0,0.0,,
painting_humanart_10000000006566,704x1472,300,672,0.0,0.0,0.0,0.0,0.0,0.0,,
painting_humanart_10000000006568,704x1472,300,645,0.0,0.0,0.0,0.0,0.0,0.0,,
painting_humanart_10000000006594,704x1472,300,649,0.0,0.0,0.0,0.0,0.0,0.0,,
painting_humanart_10000000006599,704x1472,300,635,0.0,0.0,0.0,0.0,0.0,0.0,,
painting_humanart_10000000006610,704x1472,300,611,0.0,0.0,0.0,0.0,0.0,0.0,,
painting_humanart_10000000006625,704x1472,300,659,0.0,0.0,0.0,0.0,0.0,0.0,,
painting_humanart_10000000006626,704x1472,300,639,0.0,0.0,0.0,0.0,0.0,0.0,,
painting_humanart_1000000000667,704x1472,352,694,0.0,0.0,0.0,0.0,0.0,0.0,,
painting_humanart_1000000000669,704x1472,377,900,0.0,0.0,0.0,0.0,0.0,0.0,,
painting_humanart_1000000000848,704x1472,371,731,0.0,0.0,0.0,0.0,0.0,0.0,,
painting_humanart_1000000000854,704x1472,355,703,0.0,0.0,0.0,0.0,0.0,0.0,,
painting_humanart_1000000001140,1472x704,270,108,20.1,0.0,0.0,0.0,20.1,0.0286,,
painting_humanart_1000000001141,1472x704,250,123,0.0,0.0,0.0,4.3,4.3,0.0062,,
painting_humanart_1000000001221,704x1472,609,1453,0.0,0.0,0.0,0.0,0.0,0.0,,
painting_humanart_1000000001596,704x1472,1600,3136,0.0,0.0,0.0,0.0,0.0,0.0,,
painting_humanart_1000000001600,704x1472,718,1503,0.0,0.0,0.0,0.0,0.0,0.0,,
painting_humanart_1000000001884,1472x704,984,394,93.0,0.0,14.6,0.0,93.0,0.1321,,
painting_humanart_1000000002155,704x1472,356,804,0.0,0.0,0.0,0.0,0.0,0.0,,
painting_humanart_1000000002277,704x1472,1250,2500,0.0,0.0,0.0,0.0,0.0,0.0,,
painting_humanart_1000000002352,704x1472,1042,2458,0.0,0.0,0.0,0.0,0.0,0.0,,
painting_humanart_1000000002356,704x1472,1250,3958,0.0,155.5,0.0,191.6,191.6,0.2722,,
painting_humanart_1000000002366,704x1472,1208,2708,0.0,0.0,0.0,0.0,0.0,0.0,,
painting_humanart_1000000002371,704x1472,1104,3333,0.0,72.8,0.0,117.0,117.0,0.1661,,
painting_humanart_1000000002373,704x1472,833,2292,0.0,9.7,0.0,33.6,33.6,0.0477,,
painting_humanart_1000000002376,704x1472,1250,3542,0.0,41.9,0.0,72.6,72.6,0.1032,,
painting_humanart_1000000002387,704x1472,1280,2560,0.0,0.0,0.0,0.0,0.0,0.0,,
painting_humanart_1000000002388,704x1472,1042,2500,0.0,0.0,0.0,0.0,0.0,0.0,,
painting_humanart_1000000002455,704x1472,990,2000,0.0,0.0,0.0,0.0,0.0,0.0,,
painting_humanart_1000000002460,704x1472,868,2000,0.0,0.0,0.0,0.0,0.0,0.0,,
painting_humanart_1000000002703,704x1472,1024,1988,0.0,0.0,0.0,0.0,0.0,0.0,,
painting_humanart_1000000002970,1472x704,1080,448,0.0,0.0,0.0,0.0,0.0,0.0,,
painting_humanart_1000000003589,1472x704,1080,498,0.0,0.0,0.0,0.0,0.0,0.0,,
painting_humanart_1000000003684,1472x704,1080,498,0.0,0.0,0.0,0.0,0.0,0.0,,
painting_humanart_1000000003686,1472x704,1080,498,0.0,0.0,0.0,0.0,0.0,0.0,,
painting_humanart_1000000003784,1472x704,1080,371,107.7,0.0,99.6,0.0,107.7,0.153,,
painting_humanart_1000000003899,1472x704,1080,503,0.0,0.0,0.0,0.0,0.0,0.0,,
painting_humanart_1000000004391,1472x704,1080,452,0.0,0.0,0.0,0.0,0.0,0.0,,
painting_humanart_1000000004622,1472x704,1080,450,0.0,0.0,0.0,0.0,0.0,0.0,,
painting_humanart_1000000004624,1472x704,1080,450,0.0,0.0,0.0,0.0,0.0,0.0,,
painting_humanart_1000000004651,1472x704,1080,447,0.0,0.0,0.0,0.0,0.0,0.0,,
painting_humanart_1000000004782,1472x704,1080,556,0.0,0.0,0.0,25.4,25.4,0.0361,,
painting_humanart_1000000004912,1472x704,1080,487,0.0,0.0,0.0,0.0,0.0,0.0,,
painting_humanart_1000000005081,1472x704,1080,327,4.0,0.0,0.0,0.0,4.0,0.0057,,
painting_humanart_1000000005250,1472x704,1080,440,0.0,0.0,0.0,0.0,0.0,0.0,,
painting_humanart_1000000005504,1472x704,1080,459,0.0,0.0,0.0,0.0,0.0,0.0,,
painting_humanart_1000000005644,1472x704,1080,451,0.0,0.0,0.0,0.0,0.0,0.0,,
painting_humanart_1000000005652,1472x704,1080,452,0.0,0.0,0.0,0.0,0.0,0.0,,
painting_humanart_1000000005662,1472x704,1044,522,0.0,0.0,0.0,0.0,0.0,0.0,,
painting_humanart_1000000005663,1472x704,1044,522,0.0,0.0,0.0,0.0,0.0,0.0,,
painting_humanart_1000000005668,1472x704,1044,522,0.0,0.0,0.0,0.0,0.0,0.0,,
painting_humanart_1000000005674,1472x704,1080,440,0.0,0.0,0.0,0.0,0.0,0.0,,
painting_humanart_1000000005697,1472x704,1044,522,0.0,0.0,0.0,0.0,0.0,0.0,,
painting_humanart_1000000005698,1472x704,1044,522,0.0,0.0,0.0,0.0,0.0,0.0,,
painting_humanart_1000000005708,1472x704,1044,522,0.0,0.0,0.0,0.0,0.0,0.0,,
painting_humanart_1000000005711,1472x704,1044,522,0.0,0.0,0.0,0.0,0.0,0.0,,
painting_humanart_1000000005827,1472x704,1080,534,0.0,0.0,0.0,0.0,0.0,0.0,,
painting_humanart_1000000005871,1472x704,1044,522,0.0,0.0,0.0,0.0,0.0,0.0,,
painting_humanart_1000000005882,1472x704,1044,522,0.0,0.0,0.0,0.0,0.0,0.0,,
painting_humanart_1000000005893,1472x704,950,486,0.0,0.0,0.0,0.0,0.0,0.0,,
painting_humanart_1000000005902,1472x704,1080,552,0.0,0.0,0.0,0.0,0.0,0.0,,
painting_humanart_1000000006485,1472x704,1080,468,0.0,0.0,0.0,0.0,0.0,0.0,,
painting_humanart_1000000006487,1472x704,1080,468,0.0,0.0,0.0,0.0,0.0,0.0,,
painting_humanart_1000000006591,1472x704,1080,493,0.0,0.0,0.0,0.0,0.0,0.0,,
painting_humanart_1000000006769,1472x704,1080,447,68.3,0.0,91.3,0.0,91.3,0.1297,,
painting_humanart_1000000006805,1472x704,940,406,13.1,0.0,75.5,0.0,75.5,0.1072,,
painting_humanart_1000000006980,1472x704,1080,560,0.0,0.0,0.0,0.0,0.0,0.0,,
painting_humanart_1000000007682,1472x704,1080,450,0.0,0.0,0.0,0.0,0.0,0.0,,
painting_humanart_1000000008396,1472x704,1080,452,0.0,0.0,0.0,0.0,0.0,0.0,,
painting_humanart_1000000008397,1472x704,1080,459,0.0,0.0,0.0,0.0,0.0,0.0,,
painting_humanart_1000000008416,1472x704,1080,459,0.0,0.0,0.0,0.0,0.0,0.0,,
painting_humanart_1000000008417,1472x704,1080,452,0.0,0.0,0.0,0.0,0.0,0.0,,
painting_humanart_1000000008498,1472x704,1080,459,0.0,0.0,0.0,0.0,0.0,0.0,,
painting_humanart_2000000000039,1472x704,1024,533,0.0,0.0,0.0,0.0,0.0,0.0,,
painting_humanart_2000000000118,1472x704,3000,1500,0.0,0.0,0.0,0.0,0.0,0.0,,
painting_humanart_2000000000121,1472x704,3000,1454,0.0,0.0,0.0,0.0,0.0,0.0,,
painting_humanart_2000000000130,1472x704,3000,1500,0.0,0.0,0.0,0.0,0.0,0.0,,
painting_humanart_2000000000134,1472x704,3000,1500,0.0,0.0,0.0,0.0,0.0,0.0,,
painting_humanart_2000000000208,1472x704,1800,927,0.0,0.0,0.0,0.0,0.0,0.0,,
painting_humanart_2000000000445,1472x704,1600,800,0.0,0.0,0.0,0.0,0.0,0.0,,
painting_humanart_2000000000461,1472x704,1920,960,0.0,0.0,0.0,0.0,0.0,0.0,,
painting_humanart_2000000000474,1472x704,1920,957,0.0,0.0,0.0,0.0,0.0,0.0,,
painting_humanart_2000000000478,1472x704,1920,994,0.0,0.0,0.0,0.0,0.0,0.0,,
painting_humanart_2000000000480,1472x704,1920,960,0.0,0.0,0.0,0.0,0.0,0.0,,
painting_humanart_2000000000482,1472x704,1600,790,0.0,0.0,0.0,0.0,0.0,0.0,,
painting_humanart_2000000000485,1472x704,1920,960,0.0,0.0,0.0,0.0,0.0,0.0,,
painting_humanart_2000000000490,1472x704,1920,969,0.0,0.0,0.0,0.0,0.0,0.0,,
painting_humanart_2000000000624,1472x704,1280,640,0.0,0.0,0.0,0.0,0.0,0.0,,
painting_humanart_2000000000628,1472x704,1280,648,0.0,0.0,0.0,0.0,0.0,0.0,,
painting_humanart_2000000000633,1472x704,1280,640,0.0,0.0,0.0,0.0,0.0,0.0,,
painting_humanart_2000000000644,1472x704,1280,583,0.0,0.0,0.0,0.0,0.0,0.0,,
painting_humanart_2000000000646,1472x704,1280,613,0.0,0.0,0.0,0.0,0.0,0.0,,
painting_humanart_2000000000648,1472x704,1280,605,0.0,0.0,0.0,0.0,0.0,0.0,,
painting_humanart_2000000000658,1472x704,1280,669,0.0,0.0,0.0,0.0,0.0,0.0,,
painting_humanart_2000000000688,1472x704,1600,832,0.0,0.0,0.0,14.0,14.0,0.0198,,
painting_humanart_2000000000701,1472x704,1600,802,0.0,0.0,0.0,0.0,0.0,0.0,,
painting_humanart_2000000000703,1472x704,1600,646,0.0,0.0,0.0,0.0,0.0,0.0,,
painting_humanart_2000000000707,1472x704,1600,832,0.0,0.0,0.0,0.0,0.0,0.0,,
painting_humanart_2000000000712,1472x704,1600,832,0.0,0.0,0.0,0.0,0.0,0.0,,
painting_humanart_2000000000716,1472x704,1600,810,0.0,0.0,0.0,0.0,0.0,0.0,,
painting_humanart_2000000000718,1472x704,1600,786,0.0,0.0,0.0,0.0,0.0,0.0,,
painting_humanart_2000000000727,1472x704,1600,781,0.0,0.0,0.0,0.0,0.0,0.0,,
painting_humanart_2000000000733,1472x704,1600,744,0.0,0.0,0.0,0.0,0.0,0.0,,
painting_humanart_2000000000739,1472x704,1600,832,0.0,0.0,0.0,0.0,0.0,0.0,,
painting_humanart_2000000000756,1472x704,1024,474,0.0,0.0,0.0,0.0,0.0,0.0,,
painting_humanart_2000000000757,1472x704,1600,755,0.0,0.0,0.0,0.0,0.0,0.0,,
painting_humanart_2000000000806,1472x704,1024,452,0.0,0.0,0.0,0.0,0.0,0.0,,
painting_humanart_2000000000811,1472x704,1024,442,0.0,0.0,0.0,0.0,0.0,0.0,,
painting_humanart_2000000000816,1472x704,1000,472,0.0,0.0,0.0,0.0,0.0,0.0,,
painting_humanart_2000000000818,1472x704,1024,489,0.0,0.0,1.2,0.0,1.2,0.0017,,
painting_humanart_2000000001278,1472x704,1920,960,0.0,0.0,0.0,0.0,0.0,0.0,,
painting_humanart_2000000001280,1472x704,1920,960,0.0,0.0,0.0,0.0,0.0,0.0,,
painting_humanart_2000000001281,1472x704,1920,960,0.0,0.0,0.0,0.0,0.0,0.0,,
painting_humanart_2000000001282,1472x704,1920,960,0.0,0.0,0.0,0.0,0.0,0.0,,
painting_humanart_2000000001332,1472x704,900,333,0.0,0.0,0.0,0.0,0.0,0.0,,
painting_humanart_2000000001585,1472x704,1200,625,0.0,0.0,0.0,0.0,0.0,0.0,,
painting_humanart_2000000001600,1472x704,1403,720,0.0,0.0,0.0,0.0,0.0,0.0,,
painting_humanart_2000000001615,1472x704,1500,783,0.0,0.0,0.0,0.0,0.0,0.0,,
painting_humanart_2000000001622,1472x704,2047,1030,0.0,0.0,0.0,0.0,0.0,0.0,,
painting_humanart_2000000001629,1472x704,2462,1146,0.0,0.0,0.0,0.0,0.0,0.0,,
painting_humanart_2000000001633,1472x704,1360,688,0.0,0.0,0.0,0.0,0.0,0.0,,
painting_humanart_2000000001647,704x1472,970,2040,0.0,0.0,0.0,0.0,0.0,0.0,,
painting_humanart_2000000001996,1472x704,1280,589,0.0,0.0,0.0,0.0,0.0,0.0,,
painting_humanart_2000000002242,704x1472,945,2047,0.0,0.0,0.0,0.0,0.0,0.0,,
painting_humanart_2000000002303,1472x704,1600,828,0.0,0.0,0.0,0.0,0.0,0.0,,
painting_humanart_2000000002489,1472x704,1024,512,0.0,0.0,0.0,0.0,0.0,0.0,,
painting_humanart_2000000002498,1472x704,1024,512,0.0,0.0,0.0,0.0,0.0,0.0,,
painting_humanart_2000000002500,1472x704,1024,512,0.0,0.0,0.0,0.0,0.0,0.0,,
painting_humanart_2000000002509,1472x704,3267,1350,0.0,0.0,0.0,0.0,0.0,0.0,,
painting_humanart_2000000002510,1472x704,2000,890,0.0,0.0,0.0,0.0,0.0,0.0,,
painting_humanart_2000000002514,1472x704,1920,747,0.0,0.0,0.0,0.0,0.0,0.0,,
painting_humanart_2000000002515,1472x704,1920,747,0.0,0.0,0.0,0.0,0.0,0.0,,
painting_humanart_2000000002516,1472x704,1600,623,0.0,0.0,0.0,0.0,0.0,0.0,,
painting_humanart_2000000002569,1472x704,1000,471,0.0,0.0,0.0,0.0,0.0,0.0,,
painting_humanart_2000000002650,1472x704,1280,653,0.0,0.0,0.0,0.0,0.0,0.0,,
painting_humanart_2000000002783,1472x704,1024,534,0.0,0.0,0.0,0.0,0.0,0.0,,
painting_humanart_2000000002798,704x1472,1280,2782,0.0,0.0,0.0,0.0,0.0,0.0,,
painting_humanart_2000000002812,1472x704,1280,645,0.0,0.0,0.0,0.0,0.0,0.0,,
painting_humanart_2000000002854,1472x704,1600,832,0.0,0.0,0.0,0.0,0.0,0.0,,
painting_humanart_2000000002876,1472x704,1280,630,0.0,0.0,0.0,0.0,0.0,0.0,,
painting_humanart_2000000002890,704x1472,1024,2043,0.0,0.0,0.0,0.0,0.0,0.0,,
painting_humanart_2000000002915,1472x704,1024,442,0.0,0.0,0.0,0.0,0.0,0.0,,
painting_humanart_2000000003040,704x1472,400,800,0.0,0.0,0.0,0.0,0.0,0.0,,
painting_humanart_2000000003056,1472x704,1280,617,0.0,0.0,0.0,0.0,0.0,0.0,,
painting_humanart_2000000003154,1472x704,1280,614,0.0,0.0,0.0,0.0,0.0,0.0,,
painting_humanart_2000000003157,1472x704,1280,635,0.0,0.0,0.0,0.0,0.0,0.0,,
painting_humanart_2000000003184,1472x704,1000,500,0.0,0.0,0.0,5.7,5.7,0.0081,,
painting_humanart_2000000003186,1472x704,1000,500,0.0,0.0,0.0,16.0,16.0,0.0227,,
painting_humanart_2000000003190,1472x704,1000,455,0.0,0.0,0.0,0.0,0.0,0.0,,
painting_humanart_2000000003219,1472x704,640,309,0.0,0.0,0.0,0.0,0.0,0.0,,
painting_humanart_2000000003261,1472x704,1370,583,0.0,0.0,0.0,0.0,0.0,0.0,,
painting_humanart_6000000000012,704x1472,479,950,0.0,0.0,0.0,0.0,0.0,0.0,,
painting_humanart_6000000000048,1472x704,640,316,0.0,0.0,0.0,0.0,0.0,0.0,,
painting_humanart_6000000000069,704x1472,640,1283,0.0,0.0,0.0,0.0,0.0,0.0,,
painting_humanart_6000000000086,704x1472,234,600,0.0,0.0,0.0,0.0,0.0,0.0,,
painting_humanart_6000000000095,704x1472,255,600,0.0,0.0,0.0,0.0,0.0,0.0,,
painting_humanart_6000000000099,704x1472,240,600,0.0,0.0,0.0,0.0,0.0,0.0,,
painting_humanart_6000000000104,704x1472,248,600,0.0,0.0,0.0,0.0,0.0,0.0,,
painting_humanart_6000000000111,704x1472,296,600,0.0,0.0,0.0,0.0,0.0,0.0,,
painting_humanart_6000000000116,704x1472,221,600,0.0,0.0,0.0,10.1,10.1,0.0143,,
painting_humanart_6000000000119,704x1472,195,600,0.0,0.0,0.0,105.3,105.3,0.1495,,
painting_humanart_6000000000120,704x1472,196,600,0.0,0.0,0.0,79.9,79.9,0.1135,,
painting_humanart_6000000000133,704x1472,269,600,0.0,0.0,0.0,44.0,44.0,0.0625,,
painting_humanart_6000000000141,704x1472,195,600,0.0,0.0,0.0,0.0,0.0,0.0,,
painting_humanart_6000000000280,1472x704,1703,771,16.3,0.0,0.0,0.0,16.3,0.0232,,
painting_humanart_6000000000319,1472x704,1200,543,0.0,0.0,0.0,0.0,0.0,0.0,,
painting_humanart_6000000000326,704x1472,370,900,0.0,0.0,0.0,0.0,0.0,0.0,,
painting_humanart_6000000000382,704x1472,1458,3508,0.0,0.0,0.0,0.0,0.0,0.0,,
painting_humanart_6000000000411,704x1472,1367,3206,0.0,0.0,0.0,0.0,0.0,0.0,,
painting_humanart_6000000000569,1472x704,4888,2228,0.0,0.0,0.0,0.0,0.0,0.0,,
painting_humanart_6000000000585,704x1472,999,1920,0.0,0.0,0.0,0.0,0.0,0.0,,
painting_humanart_6000000000745,704x1472,1448,3287,0.0,0.0,0.0,0.0,0.0,0.0,,
painting_humanart_6000000000799,1472x704,3051,1590,0.0,0.0,0.0,24.4,24.4,0.0347,,
painting_humanart_6000000000993,704x1472,341,800,0.0,0.0,0.0,0.0,0.0,0.0,,
painting_humanart_6000000001128,1472x704,849,412,0.0,0.0,0.0,0.0,0.0,0.0,,
painting_humanart_6000000001320,704x1472,341,787,0.0,0.0,0.0,0.0,0.0,0.0,,
painting_humanart_6000000001466,704x1472,1827,3500,0.0,0.0,0.0,0.0,0.0,0.0,,
painting_humanart_6000000001834,704x1472,600,1365,0.0,0.0,0.0,0.0,0.0,0.0,,
painting_humanart_6000000001873,704x1472,1261,4000,0.0,0.0,0.0,20.5,20.5,0.0291,,
painting_humanart_6000000001874,704x1472,1267,4000,0.0,0.0,0.0,15.0,15.0,0.0213,,
painting_humanart_6000000001895,704x1472,768,1773,0.0,0.0,0.0,0.0,0.0,0.0,,
painting_humanart_6000000001942,704x1472,2083,4013,0.0,0.0,0.0,0.0,0.0,0.0,,
painting_humanart_6000000001990,704x1472,383,768,0.0,0.0,0.0,0.0,0.0,0.0,,
painting_humanart_6000000002006,704x1472,722,1900,0.0,0.0,0.0,0.0,0.0,0.0,,
painting_humanart_6000000002100,1472x704,1272,627,0.0,0.0,0.0,0.0,0.0,0.0,,
painting_humanart_6000000002113,1472x704,600,263,0.0,0.0,0.0,0.0,0.0,0.0,,
painting_humanart_6000000002354,704x1472,558,1366,0.0,0.0,0.0,0.0,0.0,0.0,,
painting_humanart_6000000002416,704x1472,1224,2724,0.0,0.0,0.0,0.0,0.0,0.0,,
painting_humanart_6000000002628,704x1472,2470,5032,0.0,0.0,0.0,0.0,0.0,0.0,,
painting_humanart_6000000002658,704x1472,1757,5052,0.0,0.0,0.0,161.3,161.3,0.2291,,
painting_humanart_6000000002704,704x1472,187,446,0.0,0.0,0.0,0.0,0.0,0.0,,
painting_humanart_6000000002915,1472x704,956,425,0.0,0.0,44.0,0.0,44.0,0.0625,,
painting_humanart_6000000003162,704x1472,910,1861,0.0,0.0,0.0,0.0,0.0,0.0,,
painting_humanart_6000000003302,1472x704,3616,1710,0.0,0.0,0.0,0.0,0.0,0.0,,
painting_humanart_6000000003347,704x1472,1195,2381,0.0,0.0,0.0,0.0,0.0,0.0,,
painting_humanart_6000000003419,704x1472,273,600,0.0,0.0,0.0,0.0,0.0,0.0,,
painting_humanart_6000000003425,704x1472,261,599,0.0,0.0,0.0,0.0,0.0,0.0,,
painting_humanart_6000000003438,1472x704,900,464,0.0,0.0,0.0,0.0,0.0,0.0,,
painting_humanart_6000000003464,1472x704,2960,1144,0.0,0.0,0.0,0.0,0.0,0.0,,
painting_humanart_6000000003495,704x1472,1792,4000,0.0,0.0,0.0,0.0,0.0,0.0,,
painting_humanart_6000000003574,704x1472,267,599,0.0,0.0,0.0,0.0,0.0,0.0,,
painting_humanart_9000000000041,704x1472,161,500,0.0,0.0,0.0,25.0,25.0,0.0355,,
painting_humanart_9000000000072,704x1472,211,500,0.0,0.0,0.0,0.0,0.0,0.0,,
painting_humanart_9000000000089,704x1472,180,500,0.0,0.0,0.0,0.0,0.0,0.0,,
painting_humanart_9000000000092,704x1472,239,500,0.0,0.0,0.0,0.0,0.0,0.0,,
painting_humanart_9000000000094,704x1472,249,500,0.0,0.0,0.0,0.0,0.0,0.0,,
painting_humanart_9000000000097,704x1472,191,500,0.0,0.0,0.0,0.0,0.0,0.0,,
painting_humanart_9000000000105,704x1472,231,500,0.0,0.0,0.0,0.0,0.0,0.0,,
painting_humanart_9000000000109,704x1472,252,500,0.0,0.0,0.0,0.0,0.0,0.0,,
painting_humanart_9000000000110,704x1472,258,500,0.0,0.0,0.0,0.0,0.0,0.0,,
painting_humanart_9000000000116,704x1472,258,500,0.0,0.0,0.0,0.0,0.0,0.0,,
painting_humanart_9000000000119,704x1472,253,500,0.0,0.0,0.0,0.0,0.0,0.0,,
painting_humanart_9000000000124,704x1472,255,500,0.0,0.0,0.0,0.0,0.0,0.0,,
painting_humanart_9000000000130,704x1472,236,499,0.0,0.0,0.0,0.0,0.0,0.0,,
painting_humanart_9000000000186,704x1472,247,500,0.0,0.0,0.0,0.0,0.0,0.0,,
painting_humanart_9000000000190,704x1472,254,500,0.0,0.0,0.0,0.0,0.0,0.0,,
painting_humanart_9000000000198,704x1472,260,500,0.0,0.0,0.0,0.0,0.0,0.0,,
painting_humanart_9000000000200,704x1472,175,500,0.0,0.0,0.0,97.4,97.4,0.1384,,
painting_humanart_9000000000203,704x1472,257,500,0.0,0.0,0.0,0.0,0.0,0.0,,
painting_humanart_9000000000219,704x1472,240,500,0.0,0.0,0.0,0.0,0.0,0.0,,
painting_humanart_9000000000226,704x1472,251,500,0.0,0.0,0.0,0.0,0.0,0.0,,
painting_humanart_9000000000227,704x1472,257,500,0.0,0.0,0.0,0.0,0.0,0.0,,
painting_humanart_9000000000249,704x1472,255,500,0.0,0.0,0.0,0.0,0.0,0.0,,
painting_humanart_9000000000487,704x1472,236,500,0.0,0.0,0.0,0.0,0.0,0.0,,
painting_humanart_9000000000494,704x1472,240,500,0.0,0.0,0.0,0.0,0.0,0.0,,
painting_humanart_9000000000503,704x1472,227,500,0.0,0.0,0.0,0.0,0.0,0.0,,
painting_humanart_9000000000519,704x1472,234,500,0.0,0.0,0.0,0.0,0.0,0.0,,
painting_humanart_9000000000527,704x1472,235,500,0.0,0.0,0.0,0.0,0.0,0.0,,
painting_humanart_9000000000544,704x1472,212,500,0.0,0.0,0.0,57.8,57.8,0.0822,,
painting_humanart_9000000000549,704x1472,242,500,0.0,0.0,0.0,0.0,0.0,0.0,,
painting_humanart_9000000000551,704x1472,253,500,0.0,0.0,0.0,0.0,0.0,0.0,,
painting_humanart_9000000000577,704x1472,256,500,0.0,0.0,0.0,0.0,0.0,0.0,,
painting_humanart_9000000000578,704x1472,155,500,0.0,0.0,0.0,318.2,318.2,0.452,,
painting_humanart_9000000000585,704x1472,173,500,0.0,0.0,0.0,0.0,0.0,0.0,,
painting_humanart_9000000000608,704x1472,208,500,0.0,0.0,0.0,12.2,12.2,0.0173,,
painting_humanart_9000000000676,704x1472,231,500,0.0,0.0,0.0,0.0,0.0,0.0,,
painting_humanart_9000000000692,704x1472,190,500,0.0,0.0,0.0,0.0,0.0,0.0,,
painting_humanart_9000000000788,704x1472,198,500,0.0,0.0,0.0,0.0,0.0,0.0,,
painting_humanart_9000000000969,704x1472,246,500,0.0,0.0,0.0,0.0,0.0,0.0,,
painting_humanart_9000000000991,704x1472,232,500,0.0,0.0,0.0,0.0,0.0,0.0,,
painting_humanart_9000000000992,704x1472,248,500,0.0,0.0,0.0,0.0,0.0,0.0,,
painting_humanart_9000000000993,704x1472,250,500,1.3,0.0,1.3,0.0,1.3,0.0018,,
painting_humanart_9000000000998,704x1472,235,500,0.0,0.0,0.0,0.0,0.0,0.0,,
painting_humanart_9000000000999,704x1472,243,500,0.0,0.0,0.0,0.0,0.0,0.0,,
painting_humanart_9000000001002,704x1472,197,500,0.0,0.0,0.0,0.0,0.0,0.0,,
painting_humanart_9000000001003,704x1472,215,500,0.0,0.0,0.0,0.0,0.0,0.0,,
painting_humanart_9000000001004,704x1472,198,500,0.0,0.0,0.0,0.0,0.0,0.0,,
painting_humanart_9000000001008,704x1472,193,500,0.0,11.9,0.0,0.0,11.9,0.0168,,
painting_humanart_9000000001009,704x1472,261,500,0.0,0.0,0.0,0.0,0.0,0.0,,
painting_humanart_9000000001011,704x1472,193,500,0.0,0.0,0.0,0.0,0.0,0.0,,
painting_humanart_9000000001012,704x1472,232,500,0.0,0.0,0.0,0.0,0.0,0.0,,
painting_humanart_9000000001019,704x1472,202,500,0.0,0.0,0.0,0.0,0.0,0.0,,
painting_humanart_9000000001052,704x1472,202,500,0.0,0.0,0.0,0.0,0.0,0.0,,
painting_humanart_9000000001055,704x1472,237,500,0.0,0.0,0.0,0.0,0.0,0.0,,
painting_humanart_9000000001095,704x1472,185,500,0.0,28.5,0.0,0.0,28.5,0.0405,,
painting_humanart_9000000001099,1472x704,500,201,0.0,0.0,0.0,0.0,0.0,0.0,,
painting_humanart_9000000001134,704x1472,192,500,0.0,0.0,0.0,0.0,0.0,0.0,,
painting_humanart_9000000001135,704x1472,258,500,0.0,0.0,0.0,0.0,0.0,0.0,,
painting_humanart_9000000001136,704x1472,254,500,0.0,0.0,0.0,0.0,0.0,0.0,,
painting_humanart_9000000001203,704x1472,218,500,0.0,0.0,0.0,0.0,0.0,0.0,,
painting_humanart_9000000001220,704x1472,240,500,0.0,0.0,0.0,0.0,0.0,0.0,,
painting_humanart_9000000001268,704x1472,225,500,0.0,0.0,0.0,0.0,0.0,0.0,,
painting_humanart_9000000001270,704x1472,217,500,0.0,0.0,0.0,0.0,0.0,0.0,,
painting_humanart_9000000001278,704x1472,159,500,0.0,0.0,0.0,0.0,0.0,0.0,,
painting_humanart_9000000001340,704x1472,1393,4854,0.0,0.0,0.0,0.0,0.0,0.0,,
painting_humanart_9000000001353,704x1472,2831,6027,0.0,0.0,0.0,0.0,0.0,0.0,,
painting_humanart_9000000001376,704x1472,1885,4079,0.0,0.0,0.0,0.0,0.0,0.0,,
painting_humanart_9000000001380,704x1472,368,1000,0.0,0.0,0.0,0.0,0.0,0.0,,
painting_humanart_9000000001388,704x1472,340,1000,0.0,0.0,0.0,0.0,0.0,0.0,,
painting_humanart_9000000001401,704x1472,374,1000,0.0,0.0,0.0,0.0,0.0,0.0,,
painting_humanart_9000000001404,704x1472,2658,5384,0.0,0.0,0.0,0.0,0.0,0.0,,
painting_humanart_9000000001407,704x1472,455,1000,0.0,0.0,0.0,0.0,0.0,0.0,,
painting_humanart_9000000001408,704x1472,405,1000,0.0,0.0,0.0,0.0,0.0,0.0,,
painting_humanart_9000000001410,704x1472,434,1000,0.0,0.0,0.0,0.0,0.0,0.0,,
painting_humanart_9000000001428,704x1472,396,1000,0.0,0.0,0.0,0.0,0.0,0.0,,
painting_humanart_9000000001431,704x1472,340,1000,0.0,0.0,0.0,0.0,0.0,0.0,,
painting_humanart_9000000001436,704x1472,389,1000,0.0,0.0,0.0,0.0,0.0,0.0,,
painting_humanart_9000000001440,704x1472,599,1453,0.0,0.0,0.0,0.0,0.0,0.0,,
painting_humanart_9000000001455,704x1472,517,1000,0.0,0.0,0.0,0.0,0.0,0.0,,
painting_humanart_9000000001459,704x1472,183,768,0.0,94.7,0.0,468.4,468.4,0.6653,,
painting_humanart_9000000001461,704x1472,298,1000,0.0,0.0,0.0,0.0,0.0,0.0,,
painting_humanart_9000000001463,704x1472,360,1000,0.0,0.0,0.0,87.1,87.1,0.1237,,
painting_humanart_9000000001464,704x1472,436,1000,0.0,0.0,0.0,0.0,0.0,0.0,,
painting_humanart_9000000001466,1472x704,1000,476,0.0,0.0,0.0,0.0,0.0,0.0,,
painting_humanart_9000000001469,704x1472,411,1000,0.0,0.0,0.0,0.0,0.0,0.0,,
painting_humanart_9000000001478,704x1472,434,1000,0.0,0.0,0.0,50.8,50.8,0.0721,,
painting_humanart_9000000001485,704x1472,369,768,0.0,0.0,0.0,0.0,0.0,0.0,,
painting_humanart_9000000001486,704x1472,1000,3295,0.0,0.0,0.0,122.4,122.4,0.1738,,
painting_humanart_9000000001491,704x1472,409,1000,0.0,0.0,0.0,0.0,0.0,0.0,,
painting_humanart_9000000001493,704x1472,432,1000,0.0,0.0,0.0,0.0,0.0,0.0,,
painting_humanart_9000000001496,704x1472,361,1000,0.0,0.0,0.0,0.0,0.0,0.0,,
painting_humanart_9000000001497,704x1472,387,1000,0.0,0.0,0.0,0.0,0.0,0.0,,
painting_humanart_9000000001498,704x1472,521,1000,0.0,0.0,0.0,0.0,0.0,0.0,,
painting_humanart_9000000001499,704x1472,360,1000,0.0,64.0,0.0,0.0,64.0,0.091,,
painting_humanart_9000000001517,704x1472,225,1000,0.0,0.0,0.0,121.8,121.8,0.173,,
painting_humanart_9000000001518,704x1472,420,1000,0.0,0.0,0.0,0.0,0.0,0.0,,
painting_humanart_9000000001521,704x1472,475,1000,0.0,0.0,0.0,0.0,0.0,0.0,,
painting_humanart_9000000001524,704x1472,480,1000,0.0,0.0,0.0,0.0,0.0,0.0,,
painting_humanart_9000000001526,704x1472,513,1000,0.0,0.0,0.0,0.0,0.0,0.0,,
painting_humanart_9000000001529,704x1472,363,768,0.0,0.0,0.0,0.0,0.0,0.0,,
painting_humanart_9000000001533,704x1472,457,1000,0.0,0.0,0.0,0.0,0.0,0.0,,
painting_humanart_9000000001546,704x1472,226,1000,0.0,0.0,0.0,236.4,236.4,0.3358,,
painting_humanart_9000000001548,704x1472,179,1000,0.0,785.6,0.0,814.1,814.1,1.1563,,
painting_humanart_9000000001552,704x1472,294,1000,0.0,0.0,0.0,207.7,207.7,0.2951,,
painting_humanart_9000000001553,704x1472,284,1000,0.0,0.0,0.0,127.1,127.1,0.1805,,
painting_humanart_9000000001555,704x1472,373,768,0.0,0.0,0.0,0.0,0.0,0.0,,
painting_humanart_9000000001560,704x1472,276,1000,0.0,0.0,0.0,368.8,368.8,0.5239,,
painting_humanart_9000000001561,704x1472,285,1000,0.0,103.8,0.0,15.0,103.8,0.1474,,
painting_humanart_9000000001562,704x1472,278,1000,0.0,238.8,0.0,201.2,238.8,0.3392,,
painting_humanart_9000000001566,704x1472,369,1000,0.0,0.0,0.0,0.0,0.0,0.0,,
painting_humanart_9000000001569,704x1472,469,1000,0.0,0.0,0.0,0.0,0.0,0.0,,
painting_humanart_9000000001575,704x1472,442,1000,0.0,0.0,0.0,0.0,0.0,0.0,,
painting_humanart_9000000001576,704x1472,308,1000,0.0,0.0,0.0,0.0,0.0,0.0,,
painting_humanart_9000000001581,704x1472,1394,2961,0.0,0.0,0.0,0.0,0.0,0.0,,
painting_humanart_9000000001586,704x1472,288,1000,0.0,121.8,0.0,114.9,121.8,0.173,,
painting_humanart_9000000001593,704x1472,257,1000,0.0,0.0,0.0,0.0,0.0,0.0,,
painting_humanart_9000000001601,704x1472,300,1000,0.0,0.0,0.0,0.0,0.0,0.0,,
painting_humanart_9000000001607,704x1472,470,1000,0.0,0.0,0.0,0.0,0.0,0.0,,
painting_humanart_9000000001615,704x1472,470,1000,0.0,0.0,0.0,0.0,0.0,0.0,,
painting_humanart_9000000001616,704x1472,418,1000,0.0,0.0,0.0,0.0,0.0,0.0,,
painting_humanart_9000000001623,704x1472,255,1000,0.0,304.4,0.0,368.7,368.7,0.5237,,
painting_humanart_9000000001629,704x1472,401,1000,0.0,0.0,0.0,0.0,0.0,0.0,,
painting_humanart_9000000001630,704x1472,332,1000,0.0,0.0,0.0,89.1,89.1,0.1266,,
painting_humanart_9000000001632,704x1472,419,1000,0.0,0.0,0.0,0.0,0.0,0.0,,
painting_humanart_9000000001648,704x1472,2036,4626,0.0,0.0,0.0,0.0,0.0,0.0,,
painting_humanart_9000000001652,704x1472,362,1000,0.0,0.0,0.0,0.0,0.0,0.0,,
painting_humanart_9000000001658,704x1472,367,1000,0.0,0.0,0.0,0.0,0.0,0.0,,
painting_humanart_9000000001661,704x1472,500,1000,0.0,0.0,0.0,0.0,0.0,0.0,,
painting_humanart_9000000001664,704x1472,1218,3800,0.0,0.0,0.0,26.6,26.6,0.0377,,
painting_humanart_9000000001669,704x1472,514,1000,0.0,0.0,19.2,0.0,19.2,0.0273,,
painting_humanart_9000000001674,704x1472,1632,3401,0.0,0.0,0.0,0.0,0.0,0.0,,
painting_humanart_9000000001677,704x1472,2500,5000,0.0,0.0,0.0,0.0,0.0,0.0,,
painting_humanart_9000000001678,704x1472,1098,3800,0.0,0.0,0.0,0.0,0.0,0.0,,
painting_humanart_9000000001702,704x1472,481,1000,0.0,0.0,0.0,0.0,0.0,0.0,,
painting_humanart_9000000001703,704x1472,456,1000,0.0,0.0,0.0,0.0,0.0,0.0,,
painting_humanart_9000000001708,704x1472,2500,6400,0.0,0.0,0.0,0.0,0.0,0.0,,
painting_humanart_9000000001732,704x1472,1725,4210,0.0,0.0,0.0,0.0,0.0,0.0,,
painting_humanart_9000000001737,704x1472,154,1000,0.0,0.0,0.0,480.7,480.7,0.6828,,
painting_humanart_9000000001741,704x1472,475,1000,0.0,0.0,0.0,0.0,0.0,0.0,,
painting_humanart_9000000001745,704x1472,499,1000,0.0,0.0,0.0,0.0,0.0,0.0,,
painting_humanart_9000000001746,704x1472,360,1000,0.0,0.0,0.0,0.0,0.0,0.0,,
painting_humanart_9000000001748,704x1472,212,768,0.0,170.4,0.0,213.9,213.9,0.3038,,
painting_humanart_9000000001755,704x1472,640,1298,0.0,0.0,0.0,0.0,0.0,0.0,,
painting_humanart_9000000001763,704x1472,345,1000,0.0,102.4,0.0,0.0,102.4,0.1454,,
painting_humanart_9000000001775,704x1472,329,1000,0.0,0.0,0.0,94.2,94.2,0.1337,,
painting_humanart_9000000001780,704x1472,462,1000,0.0,0.0,0.0,0.0,0.0,0.0,,
painting_humanart_9000000001783,704x1472,433,1000,0.0,0.0,0.0,0.0,0.0,0.0,,
painting_humanart_9000000001784,704x1472,474,1000,0.0,0.0,0.0,0.0,0.0,0.0,,
painting_humanart_9000000001793,704x1472,193,768,0.0,0.0,0.0,548.7,548.7,0.7794,,
painting_humanart_9000000001802,704x1472,521,1000,0.0,0.0,0.0,0.0,0.0,0.0,,
painting_humanart_9000000001806,704x1472,187,1000,0.0,0.0,0.0,273.3,273.3,0.3882,,
painting_humanart_9000000001811,704x1472,356,1000,0.0,0.0,0.0,0.0,0.0,0.0,,
painting_humanart_9000000001815,704x1472,498,1000,0.0,0.0,0.0,0.0,0.0,0.0,,
painting_humanart_9000000001816,704x1472,235,1000,0.0,0.0,0.0,567.0,567.0,0.8054,,
painting_humanart_9000000001817,704x1472,504,1000,0.0,0.0,0.0,0.0,0.0,0.0,,
painting_humanart_9000000001844,704x1472,518,1000,0.0,0.0,0.0,0.0,0.0,0.0,,
painting_humanart_9000000001849,704x1472,640,1499,0.0,0.0,0.0,0.0,0.0,0.0,,
painting_humanart_9000000001858,704x1472,1000,2459,0.0,0.0,0.0,56.2,56.2,0.0799,,
painting_humanart_9000000001863,704x1472,159,768,0.0,640.8,0.0,738.6,738.6,1.0492,,
painting_humanart_9000000001871,1472x704,2221,1035,0.0,0.0,0.0,0.0,0.0,0.0,,
painting_humanart_9000000001878,704x1472,509,1000,17.6,0.0,23.2,0.0,23.2,0.033,,
painting_humanart_9000000001881,704x1472,487,1000,0.0,0.0,0.0,0.0,0.0,0.0,,
painting_humanart_9000000001894,704x1472,466,1000,0.0,0.0,0.0,0.0,0.0,0.0,,
painting_humanart_9000000001896,704x1472,603,1387,0.0,0.0,0.0,0.0,0.0,0.0,,
painting_humanart_9000000001898,704x1472,178,640,0.0,0.0,0.0,0.0,0.0,0.0,,
painting_humanart_9000000001899,704x1472,178,640,0.0,0.0,0.0,0.0,0.0,0.0,,
painting_humanart_9000000001908,704x1472,383,1000,0.0,0.0,0.0,0.0,0.0,0.0,,
painting_humanart_9000000001918,704x1472,209,640,0.0,0.0,0.0,0.0,0.0,0.0,,
painting_humanart_9000000001920,704x1472,460,1000,0.0,0.0,0.0,0.0,0.0,0.0,,
painting_humanart_9000000001932,704x1472,456,1000,0.0,0.0,0.0,0.0,0.0,0.0,,
painting_humanart_9000000001934,704x1472,423,1000,0.0,0.0,0.0,0.0,0.0,0.0,,
painting_humanart_9000000001935,704x1472,402,1000,0.0,0.0,0.0,0.0,0.0,0.0,,
painting_humanart_9000000001944,704x1472,382,1000,0.0,0.0,0.0,0.0,0.0,0.0,,
painting_humanart_9000000001945,704x1472,412,1000,0.0,0.0,0.0,21.3,21.3,0.0303,,
painting_humanart_9000000001960,704x1472,184,768,0.0,132.3,0.0,595.7,595.7,0.8462,,
painting_humanart_9000000001969,704x1472,275,768,0.0,0.0,0.0,0.0,0.0,0.0,,
painting_humanart_9000000001989,704x1472,161,1000,0.0,361.2,0.0,95.1,361.2,0.5131,,
painting_humanart_9000000001994,704x1472,334,853,0.0,0.0,0.0,0.0,0.0,0.0,,
painting_humanart_9000000002000,704x1472,409,1000,0.0,0.0,0.0,0.0,0.0,0.0,,
painting_humanart_9000000002001,704x1472,387,1000,0.0,0.0,0.0,0.0,0.0,0.0,,
painting_humanart_9000000002002,704x1472,154,1000,0.0,328.4,0.0,307.0,328.4,0.4665,,
painting_humanart_9000000002004,704x1472,432,1000,0.0,0.0,0.0,0.0,0.0,0.0,,
painting_humanart_9000000002006,704x1472,286,1000,0.0,98.7,0.0,0.0,98.7,0.1402,,
painting_humanart_9000000002009,704x1472,442,1000,0.0,0.0,0.0,0.0,0.0,0.0,,
painting_humanart_9000000002014,704x1472,1480,4320,0.0,0.0,0.0,0.0,0.0,0.0,,
painting_humanart_9000000002018,704x1472,2600,8000,0.0,0.0,0.0,0.0,0.0,0.0,,
painting_humanart_9000000002024,704x1472,460,1000,0.0,0.0,0.0,0.0,0.0,0.0,,
painting_humanart_9000000002033,704x1472,367,1000,0.0,0.0,0.0,0.0,0.0,0.0,,
painting_humanart_9000000002034,704x1472,1328,3076,0.0,0.0,0.0,0.0,0.0,0.0,,
painting_humanart_9000000002046,704x1472,979,3365,0.0,0.0,0.0,0.0,0.0,0.0,,
painting_humanart_9000000002052,704x1472,1518,3774,0.0,0.0,0.0,0.0,0.0,0.0,,
painting_humanart_9000000002056,704x1472,1345,2665,0.0,0.0,0.0,0.0,0.0,0.0,,
painting_humanart_9000000002062,704x1472,288,1000,0.0,0.0,0.0,0.0,0.0,0.0,,
painting_humanart_9000000002064,704x1472,1536,3324,0.0,0.0,0.0,0.0,0.0,0.0,,
painting_humanart_9000000002065,704x1472,2005,4437,0.0,0.0,0.0,0.0,0.0,0.0,,
painting_humanart_9000000002103,704x1472,2510,5184,0.0,0.0,0.0,0.0,0.0,0.0,,
painting_humanart_9000000002129,704x1472,1051,2226,0.0,0.0,0.0,0.0,0.0,0.0,,
painting_humanart_9000000002148,704x1472,266,1000,0.0,0.0,0.0,251.5,251.5,0.3572,,
painting_humanart_9000000002153,704x1472,359,1000,0.0,0.0,0.0,0.0,0.0,0.0,,
painting_humanart_9000000002168,704x1472,439,1167,0.0,0.0,0.0,0.0,0.0,0.0,,
painting_humanart_9000000002169,704x1472,467,1184,0.0,0.0,0.0,0.0,0.0,0.0,,
painting_humanart_9000000002185,704x1472,254,1000,0.0,0.0,0.0,59.3,59.3,0.0842,,
painting_humanart_9000000002186,704x1472,405,1000,0.0,0.0,0.0,0.0,0.0,0.0,,
painting_humanart_9000000002227,704x1472,454,1000,0.0,0.0,0.0,0.0,0.0,0.0,,
painting_humanart_9000000002235,704x1472,478,1000,0.0,0.0,0.0,0.0,0.0,0.0,,
painting_humanart_9000000002251,704x1472,321,1000,0.0,0.0,0.0,0.0,0.0,0.0,,
painting_humanart_9000000002264,704x1472,1536,3672,0.0,0.0,0.0,0.0,0.0,0.0,,
painting_humanart_9000000002279,704x1472,1931,4000,0.0,0.0,0.0,0.0,0.0,0.0,,
painting_humanart_9000000002293,704x1472,431,1000,0.0,0.0,0.0,0.0,0.0,0.0,,
painting_humanart_9000000002294,704x1472,444,1000,0.0,0.0,0.0,0.0,0.0,0.0,,
painting_humanart_9000000002295,704x1472,656,1307,0.0,0.0,0.0,0.0,0.0,0.0,,
painting_humanart_9000000002297,704x1472,163,640,0.0,0.0,0.0,430.2,430.2,0.6111,,
painting_humanart_9000000002348,704x1472,1321,3454,0.0,0.0,0.0,0.0,0.0,0.0,,
painting_humanart_9000000002379,704x1472,237,640,0.0,23.9,0.0,22.0,23.9,0.0339,,
painting_humanart_9000000002383,704x1472,2265,4772,0.0,0.0,0.0,0.0,0.0,0.0,,
painting_humanart_9000000002393,704x1472,1764,3544,0.0,0.0,0.0,0.0,0.0,0.0,,
painting_humanart_9000000002416,704x1472,373,1000,0.0,0.0,0.0,95.2,95.2,0.1352,,
painting_humanart_9000000002417,704x1472,243,1000,0.0,0.0,0.0,214.8,214.8,0.3051,,
painting_humanart_9000000002425,704x1472,1721,3680,0.0,0.0,0.0,0.0,0.0,0.0,,
painting_humanart_9000000002467,704x1472,2821,5809,0.0,0.0,0.0,0.0,0.0,0.0,,
painting_humanart_9000000002478,704x1472,801,2189,0.0,0.0,0.0,0.0,0.0,0.0,,
painting_humanart_9000000002497,704x1472,1109,2496,0.0,0.0,0.0,0.0,0.0,0.0,,
painting_humanart_9000000002511,704x1472,1921,3753,0.0,0.0,0.0,0.0,0.0,0.0,,
painting_humanart_9000000002527,704x1472,1889,3768,0.0,0.0,0.0,0.0,0.0,0.0,,
painting_humanart_9000000002633,704x1472,1796,3972,0.0,0.0,0.0,0.0,0.0,0.0,,
painting_humanart_9000000002643,704x1472,1695,3396,0.0,0.0,0.0,0.0,0.0,0.0,,
painting_humanart_9000000002644,704x1472,1219,2848,0.0,0.0,0.0,0.0,0.0,0.0,,
painting_humanart_9000000002648,704x1472,308,640,0.0,0.0,0.0,0.0,0.0,0.0,,
painting_humanart_9000000002663,704x1472,1433,3446,0.0,0.0,0.0,0.0,0.0,0.0,,
painting_humanart_9000000002670,704x1472,1528,3654,0.0,0.0,0.0,0.0,0.0,0.0,,
painting_humanart_9000000002676,704x1472,519,4288,0.0,575.5,0.0,1818.4,1818.4,2.583,,
painting_humanart_9000000002701,704x1472,325,640,0.0,0.0,0.0,0.0,0.0,0.0,,
painting_humanart_9000000002718,704x1472,1588,3264,0.0,0.0,0.0,0.0,0.0,0.0,,
painting_humanart_9000000002722,704x1472,1390,3846,0.0,0.0,0.0,0.0,0.0,0.0,,
painting_humanart_9000000002730,704x1472,900,1800,0.0,0.0,0.0,0.0,0.0,0.0,,
painting_humanart_9000000002732,704x1472,1094,2722,0.0,0.0,0.0,0.0,0.0,0.0,,
painting_humanart_9000000002733,704x1472,1625,3737,0.0,0.0,0.0,0.0,0.0,0.0,,
painting_humanart_9000000002738,704x1472,1551,3740,0.0,0.0,0.0,0.0,0.0,0.0,,
painting_humanart_9000000002755,704x1472,1684,4210,0.0,0.0,0.0,0.0,0.0,0.0,,
real_human_humanart_15000000000085,1472x704,612,306,0.0,0.0,0.0,0.0,0.0,0.0,,
real_human_humanart_15000000000148,1472x704,612,306,0.0,0.0,0.0,0.0,0.0,0.0,,
real_human_humanart_15000000000314,1472x704,612,306,0.0,0.0,0.0,0.0,0.0,0.0,,
real_human_humanart_15000000000383,1472x704,612,289,0.0,0.0,0.0,0.0,0.0,0.0,,
real_human_humanart_15000000000477,1472x704,612,313,0.0,0.0,0.0,0.0,0.0,0.0,,
real_human_humanart_15000000000519,1472x704,612,287,0.0,0.0,0.0,0.0,0.0,0.0,,
real_human_humanart_15000000000801,1472x704,612,306,0.0,0.0,0.0,0.0,0.0,0.0,,
real_human_humanart_15000000001032,1472x704,612,292,0.0,0.0,0.0,0.0,0.0,0.0,,
real_human_humanart_15000000001161,1472x704,612,306,0.0,0.0,0.0,0.0,0.0,0.0,,
real_human_humanart_15000000001169,1472x704,612,306,0.0,0.0,0.0,0.0,0.0,0.0,,
real_human_humanart_15000000001424,1472x704,612,274,0.0,0.0,0.0,0.0,0.0,0.0,,
real_human_humanart_15000000001552,1472x704,612,267,0.0,0.0,0.0,0.0,0.0,0.0,,
real_human_humanart_15000000001553,1472x704,612,291,0.0,0.0,0.0,0.0,0.0,0.0,,
real_human_humanart_15000000002129,704x1472,1276,2770,0.0,0.0,0.0,0.0,0.0,0.0,,
real_human_humanart_15000000002136,704x1472,1830,3512,0.0,0.0,0.0,0.0,0.0,0.0,,
real_human_humanart_15000000002182,704x1472,3019,6023,0.0,0.0,0.0,0.0,0.0,0.0,,
real_human_humanart_15000000002185,1472x704,5521,1778,85.8,0.0,60.5,0.0,85.8,0.1218,,
real_human_humanart_15000000002196,1472x704,3095,1319,0.0,0.0,0.0,0.0,0.0,0.0,,
real_human_humanart_15000000002201,1472x704,4348,1451,140.9,0.0,72.6,0.0,140.9,0.2002,,
real_human_humanart_15000000002203,1472x704,3980,1839,0.0,0.0,0.0,0.0,0.0,0.0,,
real_human_humanart_15000000002208,1472x704,4367,1366,91.6,0.0,135.0,0.0,135.0,0.1918,,
real_human_humanart_15000000002215,1472x704,5060,2420,0.0,0.0,0.0,0.0,0.0,0.0,,
real_human_humanart_15000000002216,1472x704,4181,2155,0.0,0.0,0.0,0.0,0.0,0.0,,
real_human_humanart_15000000002234,1472x704,3299,1550,0.0,0.0,0.0,0.0,0.0,0.0,,
real_human_humanart_15000000002239,1472x704,3577,1436,0.0,0.0,0.0,0.0,0.0,0.0,,
real_human_humanart_15000000002292,1472x704,2730,1371,0.0,0.0,0.0,0.0,0.0,0.0,,
real_human_humanart_15000000002473,1472x704,763,363,0.0,0.0,0.0,0.0,0.0,0.0,,
real_human_humanart_17000000000337,1472x704,1080,431,0.0,0.0,0.0,0.0,0.0,0.0,,
real_human_humanart_17000000000343,1472x704,1080,431,118.2,0.0,108.5,0.0,118.2,0.1679,,
real_human_humanart_17000000000359,1472x704,1080,431,0.0,0.0,0.0,0.0,0.0,0.0,,
real_human_humanart_17000000000839,704x1472,1810,3558,0.0,0.0,9.2,0.0,9.2,0.013,,
real_human_humanart_17000000001106,704x1472,1176,2276,0.0,0.0,0.0,0.0,0.0,0.0,,
real_human_humanart_17000000001116,1472x704,1183,608,0.0,13.6,0.0,0.0,13.6,0.0193,,
real_human_humanart_17000000001320,704x1472,1440,2838,0.0,0.0,0.0,0.0,0.0,0.0,,
real_human_humanart_17000000001783,704x1472,727,1417,0.0,0.0,0.0,0.0,0.0,0.0,,
real_human_humanart_17000000001806,704x1472,587,1221,0.0,0.0,0.0,0.0,0.0,0.0,,
real_human_humanart_17000000002372,1472x704,612,282,0.0,0.0,0.0,0.0,0.0,0.0,,
sculpture_humanart_14000000000131,1472x704,4361,2215,0.0,0.0,0.0,0.0,0.0,0.0,,
sculpture_humanart_14000000000191,704x1472,1029,2217,0.0,0.0,0.0,0.0,0.0,0.0,,
sculpture_humanart_14000000000214,704x1472,1867,4075,0.0,0.0,0.0,0.0,0.0,0.0,,
sculpture_humanart_14000000000260,704x1472,1648,3704,0.0,0.0,0.0,0.0,0.0,0.0,,
sculpture_humanart_14000000000264,704x1472,305,640,0.0,0.0,0.0,0.0,0.0,0.0,,
sculpture_humanart_14000000000301,704x1472,2416,5016,0.0,0.0,0.0,0.0,0.0,0.0,,
sculpture_humanart_14000000000303,704x1472,1824,3800,0.0,0.0,0.0,0.0,0.0,0.0,,
sculpture_humanart_14000000000330,704x1472,2215,5850,0.0,0.0,0.0,18.9,18.9,0.0268,,
sculpture_humanart_14000000000408,704x1472,335,733,0.0,0.0,0.0,0.0,0.0,0.0,,
sculpture_humanart_14000000000425,704x1472,800,1873,0.0,0.0,0.0,0.0,0.0,0.0,,
sculpture_humanart_14000000000479,704x1472,1503,3276,0.0,0.0,0.0,0.0,0.0,0.0,,
sculpture_humanart_14000000000503,704x1472,1727,3456,0.0,0.0,0.0,0.0,0.0,0.0,,
sculpture_humanart_14000000000613,1472x704,560,277,0.0,0.0,0.0,0.0,0.0,0.0,,
sculpture_humanart_14000000000679,704x1472,1033,2794,0.0,111.7,0.0,0.0,111.7,0.1587,,
sculpture_humanart_14000000000718,704x1472,1515,3063,0.0,0.0,0.0,0.0,0.0,0.0,,
sculpture_humanart_14000000000723,704x1472,1164,2434,0.0,0.0,0.0,0.0,0.0,0.0,,
sculpture_humanart_14000000000740,704x1472,768,1976,0.0,0.0,0.0,0.0,0.0,0.0,,
sculpture_humanart_14000000000752,704x1472,2702,5502,0.0,0.0,0.0,0.0,0.0,0.0,,
sculpture_humanart_14000000000761,704x1472,844,2040,0.0,0.0,0.0,0.0,0.0,0.0,,
sculpture_humanart_14000000000774,704x1472,477,1151,0.0,0.0,0.0,0.0,0.0,0.0,,
sculpture_humanart_14000000000789,704x1472,467,1158,0.0,0.0,0.0,0.0,0.0,0.0,,
sculpture_humanart_14000000000795,704x1472,425,1137,0.0,0.0,0.0,0.0,0.0,0.0,,
sculpture_humanart_14000000000796,704x1472,558,1122,0.0,0.0,0.0,0.0,0.0,0.0,,
sculpture_humanart_14000000000797,704x1472,442,1154,0.0,0.0,0.0,19.0,19.0,0.027,,
sculpture_humanart_14000000000805,704x1472,290,720,0.0,0.0,0.0,0.0,0.0,0.0,,
sculpture_humanart_14000000000818,704x1472,534,1127,0.0,0.0,0.0,0.0,0.0,0.0,,
sculpture_humanart_14000000000845,704x1472,1757,4147,0.0,0.0,0.0,0.0,0.0,0.0,,
sculpture_humanart_14000000000974,704x1472,1192,2892,0.0,0.0,0.0,0.0,0.0,0.0,,
sculpture_humanart_14000000001049,704x1472,1352,3088,0.0,0.0,0.0,0.0,0.0,0.0,,
sculpture_humanart_14000000001072,704x1472,2500,5447,0.0,0.0,0.0,0.0,0.0,0.0,,
sculpture_humanart_14000000001154,704x1472,1901,3815,0.0,0.0,0.0,0.0,0.0,0.0,,
sculpture_humanart_14000000001176,704x1472,2087,4480,0.0,0.0,0.0,0.0,0.0,0.0,,
sculpture_humanart_14000000001178,704x1472,738,2272,0.0,207.7,0.0,0.0,207.7,0.2951,,
sculpture_humanart_14000000001238,704x1472,506,1000,0.0,0.0,0.0,0.0,0.0,0.0,,
sculpture_humanart_14000000001261,704x1472,720,1478,0.0,0.0,0.0,0.0,0.0,0.0,,
sculpture_humanart_14000000001271,704x1472,1940,4096,0.0,0.0,0.0,0.0,0.0,0.0,,
sculpture_humanart_14000000003682,704x1472,220,421,0.0,0.0,0.0,0.0,0.0,0.0,,
sculpture_humanart_14000000003745,704x1472,655,1390,0.0,0.0,0.0,0.0,0.0,0.0,,
sculpture_humanart_14000000003751,704x1472,2554,5325,0.0,0.0,0.0,0.0,0.0,0.0,,
sculpture_humanart_14000000003844,704x1472,140,301,0.0,0.0,0.0,0.0,0.0,0.0,,
sculpture_humanart_14000000003946,1472x704,1920,917,0.0,0.0,0.0,0.0,0.0,0.0,,
sculpture_humanart_14000000004032,704x1472,1632,3264,0.0,0.0,0.0,0.0,0.0,0.0,,
sculpture_humanart_14000000004033,704x1472,262,584,0.0,0.0,0.0,0.0,0.0,0.0,,
sculpture_humanart_14000000004040,1472x704,960,500,0.0,0.0,0.0,0.0,0.0,0.0,,
sculpture_humanart_14000000004183,704x1472,400,800,0.0,0.0,0.0,0.0,0.0,0.0,,
sculpture_humanart_14000000004202,1472x704,1440,675,0.0,0.0,0.0,0.0,0.0,0.0,,
sculpture_humanart_14000000004212,704x1472,960,1886,0.0,0.0,0.0,0.0,0.0,0.0,,
sculpture_humanart_14000000004373,704x1472,1000,1995,0.0,0.0,0.0,0.0,0.0,0.0,,
sculpture_humanart_14000000004401,704x1472,526,1280,0.0,34.3,0.0,0.0,34.3,0.0488,,
sculpture_humanart_14000000004424,704x1472,1838,4163,0.0,0.0,0.0,0.0,0.0,0.0,,
sculpture_humanart_14000000004465,704x1472,1080,2548,0.0,0.0,0.0,0.0,0.0,0.0,,
sculpture_humanart_14000000004533,704x1472,828,2145,0.0,0.0,0.0,0.0,0.0,0.0,,
sculpture_humanart_14000000004539,704x1472,274,879,0.0,279.9,0.0,0.0,279.9,0.3977,,
sculpture_humanart_14000000004564,704x1472,440,957,0.0,0.0,0.0,0.0,0.0,0.0,,
