filename,width,height,aspect_ratio
coco_100098_193288.jpg,640,427,1.4988290398126465
coco_10012_1730659.jpg,640,480,1.3333333333333333
coco_10014_crowd.jpg,640,426,1.5023474178403755
coco_10023_439238.jpg,640,427,1.4988290398126465
coco_10040_crowd.jpg,640,480,1.3333333333333333
coco_100438_crowd.jpg,480,640,0.75
coco_100553_455521.jpg,480,640,0.75
coco_100977_crowd.jpg,640,480,1.3333333333333333
coco_101088_crowd.jpg,640,480,1.3333333333333333
coco_101172_183092.jpg,460,640,0.71875
coco_10138_228945.jpg,640,480,1.3333333333333333
coco_10142_469874.jpg,640,480,1.3333333333333333
coco_101491_crowd.jpg,480,640,0.75
coco_10149_191566.jpg,640,484,1.322314049586777
coco_101656_186340.jpg,640,427,1.4988290398126465
coco_10192_446799.jpg,640,497,1.2877263581488934
coco_102329_433925.jpg,426,640,0.665625
coco_102353_451098.jpg,640,427,1.4988290398126465
coco_102497_215537.jpg,640,457,1.400437636761488
coco_10249_468383.jpg,426,640,0.665625
coco_102532_crowd.jpg,640,427,1.4988290398126465
coco_102555_crowd.jpg,640,563,1.1367673179396092
coco_102746_crowd.jpg,640,383,1.671018276762402
coco_102837_471724.jpg,640,480,1.3333333333333333
coco_102872_crowd.jpg,640,424,1.509433962264151
coco_102908_430597.jpg,424,640,0.6625
coco_102928_447164.jpg,421,640,0.6578125
coco_103114_crowd.jpg,640,480,1.3333333333333333
coco_103134_crowd.jpg,640,429,1.491841491841492
coco_103163_crowd.jpg,612,612,1.0
coco_103227_486387.jpg,640,566,1.1307420494699647
coco_103413_497545.jpg,640,426,1.5023474178403755
coco_103431_crowd.jpg,640,548,1.167883211678832
coco_103462_1723204.jpg,640,517,1.2379110251450678
coco_103491_1238096.jpg,417,640,0.6515625
coco_103579_crowd.jpg,640,427,1.4988290398126465
coco_103697_435277.jpg,640,427,1.4988290398126465
coco_103747_426229.jpg,640,427,1.4988290398126465
coco_103837_208307.jpg,640,428,1.4953271028037383
coco_103855_crowd.jpg,640,480,1.3333333333333333
coco_103873_crowd.jpg,640,522,1.2260536398467432
coco_10393_207348.jpg,640,480,1.3333333333333333
coco_104221_crowd.jpg,500,334,1.4970059880239521
coco_104340_crowd.jpg,425,640,0.6640625
coco_104393_crowd.jpg,640,427,1.4988290398126465
coco_104406_446594.jpg,612,612,1.0
coco_104422_501299.jpg,437,640,0.6828125
coco_104453_480966.jpg,480,640,0.75
coco_104563_510122.jpg,640,429,1.491841491841492
coco_10463_503497.jpg,640,446,1.4349775784753362
coco_104715_474045.jpg,426,640,0.665625
coco_104751_465120.jpg,480,640,0.75
coco_105053_448498.jpg,640,425,1.5058823529411764
coco_105303_450705.jpg,640,420,1.5238095238095237
coco_105448_423022.jpg,430,640,0.671875
coco_105518_215078.jpg,640,427,1.4988290398126465
coco_105647_crowd.jpg,640,429,1.491841491841492
coco_105872_crowd.jpg,640,508,1.2598425196850394
coco_105974_452683.jpg,640,426,1.5023474178403755
coco_105996_192826.jpg,640,428,1.4953271028037383
coco_106046_443527.jpg,426,640,0.665625
coco_106073_427113.jpg,424,640,0.6625
coco_106096_437341.jpg,480,640,0.75
coco_106172_202939.jpg,640,425,1.5058823529411764
coco_106228_crowd.jpg,640,403,1.588089330024814
coco_106314_crowd.jpg,427,640,0.6671875
coco_106375_195245.jpg,640,425,1.5058823529411764
coco_10644_crowd.jpg,640,427,1.4988290398126465
coco_106484_216046.jpg,425,640,0.6640625
coco_106508_185226.jpg,640,427,1.4988290398126465
coco_106739_crowd.jpg,339,500,0.678
coco_106810_198201.jpg,640,480,1.3333333333333333
coco_106900_crowd.jpg,640,428,1.4953271028037383
coco_10698_488022.jpg,640,425,1.5058823529411764
coco_107004_crowd.jpg,578,640,0.903125
coco_107227_206584.jpg,480,640,0.75
coco_107360_482940.jpg,598,640,0.934375
coco_107661_crowd.jpg,640,428,1.4953271028037383
coco_107741_crowd.jpg,480,640,0.75
coco_10779_199503.jpg,532,640,0.83125
coco_107853_433157.jpg,640,439,1.457858769931663
coco_107964_441251.jpg,640,425,1.5058823529411764
coco_107990_231565.jpg,640,427,1.4988290398126465
coco_108056_491704.jpg,426,640,0.665625
coco_108094_crowd.jpg,471,640,0.7359375
coco_108130_crowd.jpg,500,375,1.3333333333333333
coco_108272_crowd.jpg,640,499,1.282565130260521
coco_108425_458108.jpg,640,480,1.3333333333333333
coco_108803_crowd.jpg,640,480,1.3333333333333333
coco_108838_crowd.jpg,640,480,1.3333333333333333
coco_108953_202629.jpg,640,426,1.5023474178403755
coco_109229_442795.jpg,514,640,0.803125
coco_109231_crowd.jpg,640,425,1.5058823529411764
coco_109308_455663.jpg,425,640,0.6640625
coco_109403_crowd.jpg,469,640,0.7328125
coco_109503_451150.jpg,500,443,1.1286681715575622
coco_109539_1693850.jpg,502,640,0.784375
coco_109889_462962.jpg,480,640,0.75
coco_110052_1713165.jpg,427,640,0.6671875
coco_110460_2155346.jpg,640,499,1.282565130260521
coco_110482_186245.jpg,427,640,0.6671875
coco_110551_crowd.jpg,640,429,1.491841491841492
coco_110618_429345.jpg,640,427,1.4988290398126465
coco_110769_430102.jpg,640,480,1.3333333333333333
coco_111104_crowd.jpg,640,480,1.3333333333333333
coco_111109_428598.jpg,412,640,0.64375
coco_111409_196374.jpg,640,427,1.4988290398126465
coco_111629_506011.jpg,428,640,0.66875
coco_111644_470789.jpg,640,427,1.4988290398126465
coco_111825_crowd.jpg,480,640,0.75
coco_111907_474705.jpg,640,425,1.5058823529411764
coco_111909_220992.jpg,640,427,1.4988290398126465
coco_111910_438900.jpg,640,451,1.419068736141907
coco_111944_471889.jpg,640,480,1.3333333333333333
coco_112160_457119.jpg,640,453,1.4128035320088301
coco_112568_crowd.jpg,640,480,1.3333333333333333
coco_112582_437271.jpg,480,640,0.75
coco_112816_425229.jpg,640,428,1.4953271028037383
coco_112949_427025.jpg,429,640,0.6703125
coco_113019_433623.jpg,480,640,0.75
coco_113095_449370.jpg,428,640,0.66875
coco_11316_483796.jpg,640,425,1.5058823529411764
coco_113233_427487.jpg,612,612,1.0
coco_113294_1719500.jpg,640,427,1.4988290398126465
coco_11340_crowd.jpg,640,426,1.5023474178403755
coco_113588_crowd.jpg,425,640,0.6640625
coco_113590_crowd.jpg,640,425,1.5058823529411764
coco_113756_crowd.jpg,640,426,1.5023474178403755
coco_113975_crowd.jpg,640,428,1.4953271028037383
coco_113989_535870.jpg,640,426,1.5023474178403755
coco_114055_crowd.jpg,457,640,0.7140625
coco_114158_456142.jpg,640,480,1.3333333333333333
coco_114183_crowd.jpg,640,428,1.4953271028037383
coco_114239_192618.jpg,425,640,0.6640625
coco_114291_crowd.jpg,640,426,1.5023474178403755
coco_114313_459479.jpg,640,427,1.4988290398126465
coco_114352_457455.jpg,427,640,0.6671875
coco_114481_crowd.jpg,640,480,1.3333333333333333
coco_11449_441049.jpg,480,640,0.75
coco_114579_426649.jpg,640,480,1.3333333333333333
coco_114790_434462.jpg,640,480,1.3333333333333333
coco_114946_crowd.jpg,640,544,1.1764705882352942
coco_115243_crowd.jpg,480,640,0.75
coco_115314_198441.jpg,640,480,1.3333333333333333
coco_11538_187867.jpg,640,480,1.3333333333333333
coco_115579_479993.jpg,529,640,0.8265625
coco_115584_490518.jpg,640,426,1.5023474178403755
coco_115626_184172.jpg,480,640,0.75
coco_115700_crowd.jpg,480,640,0.75
coco_115930_crowd.jpg,640,361,1.7728531855955678
coco_116067_crowd.jpg,640,480,1.3333333333333333
coco_116173_446546.jpg,640,427,1.4988290398126465
coco_116354_443638.jpg,640,453,1.4128035320088301
coco_116389_454299.jpg,528,512,1.03125
coco_116455_193389.jpg,640,640,1.0
coco_116574_2207739.jpg,640,427,1.4988290398126465
coco_116712_186683.jpg,640,427,1.4988290398126465
coco_117037_crowd.jpg,500,375,1.3333333333333333
coco_117222_crowd.jpg,640,334,1.9161676646706587
coco_117508_466984.jpg,640,428,1.4953271028037383
coco_117584_441680.jpg,640,427,1.4988290398126465
coco_117674_crowd.jpg,640,428,1.4953271028037383
coco_117690_432485.jpg,640,494,1.2955465587044535
coco_1180_crowd.jpg,426,640,0.665625
coco_118181_184685.jpg,640,480,1.3333333333333333
coco_118406_crowd.jpg,538,640,0.840625
coco_118564_425102.jpg,640,426,1.5023474178403755
coco_118867_429844.jpg,480,640,0.75
coco_118965_500691.jpg,640,428,1.4953271028037383
coco_118966_crowd.jpg,500,364,1.3736263736263736
coco_119075_2156290.jpg,640,426,1.5023474178403755
coco_119134_crowd.jpg,442,640,0.690625
coco_119166_185902.jpg,500,500,1.0
coco_119308_442395.jpg,640,429,1.491841491841492
coco_119476_211515.jpg,640,425,1.5058823529411764
coco_119502_423694.jpg,427,640,0.6671875
coco_119513_crowd.jpg,640,464,1.3793103448275863
coco_119876_189198.jpg,427,640,0.6671875
coco_119939_crowd.jpg,640,480,1.3333333333333333
coco_119964_2162942.jpg,640,428,1.4953271028037383
coco_120099_183502.jpg,480,640,0.75
coco_12020_crowd.jpg,640,427,1.4988290398126465
coco_120234_438631.jpg,640,591,1.0829103214890017
coco_120340_crowd.jpg,640,480,1.3333333333333333
coco_120356_190848.jpg,640,480,1.3333333333333333
coco_120745_2149090.jpg,640,480,1.3333333333333333
coco_120783_2158567.jpg,427,640,0.6671875
coco_120964_crowd.jpg,429,640,0.6703125
coco_121006_475911.jpg,640,455,1.4065934065934067
coco_121381_440512.jpg,427,640,0.6671875
coco_121534_crowd.jpg,326,500,0.652
coco_121570_197138.jpg,640,491,1.3034623217922607
coco_121716_451543.jpg,640,428,1.4953271028037383
coco_121748_crowd.jpg,480,640,0.75
coco_121788_487284.jpg,640,480,1.3333333333333333
coco_121849_465697.jpg,612,612,1.0
coco_122120_438078.jpg,480,640,0.75
coco_122135_crowd.jpg,480,640,0.75
coco_122161_crowd.jpg,640,480,1.3333333333333333
coco_122199_crowd.jpg,480,640,0.75
coco_12238_206281.jpg,640,480,1.3333333333333333
coco_122413_185666.jpg,640,426,1.5023474178403755
coco_12269_483662.jpg,480,640,0.75
coco_122766_456409.jpg,612,612,1.0
coco_122851_crowd.jpg,640,427,1.4988290398126465
coco_123137_crowd.jpg,640,512,1.25
coco_123360_crowd.jpg,640,480,1.3333333333333333
coco_12343_2153230.jpg,640,427,1.4988290398126465
coco_123570_crowd.jpg,640,425,1.5058823529411764
coco_12370_199325.jpg,640,428,1.4953271028037383
coco_123964_crowd.jpg,640,512,1.25
coco_124013_crowd.jpg,500,475,1.0526315789473684
coco_124327_crowd.jpg,640,408,1.5686274509803921
coco_124387_429580.jpg,632,640,0.9875
coco_124620_496265.jpg,640,428,1.4953271028037383
coco_124684_1748227.jpg,640,427,1.4988290398126465
coco_124796_436372.jpg,640,480,1.3333333333333333
coco_124873_crowd.jpg,640,426,1.5023474178403755
coco_124949_crowd.jpg,640,427,1.4988290398126465
coco_124979_194775.jpg,640,422,1.5165876777251184
coco_125071_481692.jpg,640,480,1.3333333333333333
coco_125590_434183.jpg,427,640,0.6671875
coco_125707_1208254.jpg,640,425,1.5058823529411764
coco_125873_crowd.jpg,640,389,1.6452442159383034
coco_125983_crowd.jpg,458,640,0.715625
coco_126123_crowd.jpg,640,412,1.5533980582524272
coco_126257_467497.jpg,612,612,1.0
coco_126564_426181.jpg,427,640,0.6671875
coco_126606_crowd.jpg,640,360,1.7777777777777777
coco_126727_1727781.jpg,480,640,0.75
coco_126833_crowd.jpg,426,640,0.665625
coco_126895_crowd.jpg,640,457,1.400437636761488
coco_127474_crowd.jpg,640,426,1.5023474178403755
coco_127510_508684.jpg,640,428,1.4953271028037383
coco_12754_crowd.jpg,640,640,1.0
coco_127669_1246977.jpg,640,428,1.4953271028037383
coco_127990_430340.jpg,480,640,0.75
coco_128140_2153839.jpg,427,640,0.6671875
coco_12817_507541.jpg,425,640,0.6640625
coco_128586_crowd.jpg,500,382,1.3089005235602094
coco_128704_crowd.jpg,640,457,1.400437636761488
coco_128830_crowd.jpg,480,640,0.75
coco_128978_184933.jpg,640,480,1.3333333333333333
coco_129100_crowd.jpg,640,480,1.3333333333333333
coco_12927_207055.jpg,640,425,1.5058823529411764
coco_12938_474528.jpg,640,479,1.336116910229645
coco_12947_crowd.jpg,427,640,0.6671875
coco_129690_crowd.jpg,480,640,0.75
coco_129706_447757.jpg,478,640,0.746875
coco_129864_476006.jpg,640,480,1.3333333333333333
coco_12991_1229234.jpg,640,480,1.3333333333333333
coco_130240_438394.jpg,427,640,0.6671875
coco_130419_466828.jpg,640,481,1.3305613305613306
coco_130432_430707.jpg,480,640,0.75
coco_130619_crowd.jpg,333,500,0.666
coco_130773_465703.jpg,480,640,0.75
coco_130909_crowd.jpg,640,427,1.4988290398126465
coco_131018_512474.jpg,640,480,1.3333333333333333
coco_13132_crowd.jpg,640,604,1.0596026490066226
coco_131361_195698.jpg,480,640,0.75
coco_131661_457716.jpg,640,481,1.3305613305613306
coco_13175_494305.jpg,427,640,0.6671875
coco_131804_212463.jpg,640,428,1.4953271028037383
coco_131919_2159589.jpg,640,427,1.4988290398126465
coco_132024_428695.jpg,478,640,0.746875
coco_132272_465680.jpg,640,480,1.3333333333333333
coco_132288_453843.jpg,612,612,1.0
coco_132554_crowd.jpg,640,571,1.1208406304728546
coco_132644_451757.jpg,640,425,1.5058823529411764
coco_132719_430915.jpg,426,640,0.665625
coco_132791_200184.jpg,640,427,1.4988290398126465
coco_132901_crowd.jpg,454,640,0.709375
coco_13296_crowd.jpg,640,428,1.4953271028037383
coco_133042_crowd.jpg,640,457,1.400437636761488
coco_133090_crowd.jpg,424,640,0.6625
coco_133327_432446.jpg,640,480,1.3333333333333333
coco_133608_crowd.jpg,640,360,1.7777777777777777
coco_133680_crowd.jpg,640,463,1.3822894168466522
coco_133690_189310.jpg,640,427,1.4988290398126465
coco_13379_459244.jpg,640,427,1.4988290398126465
coco_133869_crowd.jpg,640,427,1.4988290398126465
coco_134098_452363.jpg,640,426,1.5023474178403755
coco_134198_466050.jpg,427,640,0.6671875
coco_134285_458346.jpg,640,428,1.4953271028037383
coco_134386_crowd.jpg,480,640,0.75
coco_134618_474368.jpg,480,640,0.75
coco_134926_445902.jpg,640,428,1.4953271028037383
coco_134981_crowd.jpg,640,427,1.4988290398126465
coco_135281_crowd.jpg,640,427,1.4988290398126465
coco_135356_431425.jpg,640,480,1.3333333333333333
coco_135785_crowd.jpg,640,424,1.509433962264151
coco_135846_crowd.jpg,640,348,1.839080459770115
coco_136042_184569.jpg,640,428,1.4953271028037383
coco_136143_505447.jpg,640,480,1.3333333333333333
coco_136285_crowd.jpg,640,526,1.2167300380228137
coco_13639_491811.jpg,478,640,0.746875
coco_136501_431948.jpg,460,640,0.71875
coco_136770_crowd.jpg,640,424,1.509433962264151
coco_136908_435207.jpg,640,428,1.4953271028037383
coco_137330_crowd.jpg,640,480,1.3333333333333333
coco_137362_crowd.jpg,640,424,1.509433962264151
coco_137586_187271.jpg,640,480,1.3333333333333333
coco_137622_crowd.jpg,640,480,1.3333333333333333
coco_137654_crowd.jpg,413,481,0.8586278586278586
coco_137844_439528.jpg,426,640,0.665625
coco_137992_474833.jpg,640,428,1.4953271028037383
coco_138220_2157283.jpg,640,427,1.4988290398126465
coco_138488_crowd.jpg,640,635,1.0078740157480315
coco_138503_crowd.jpg,640,427,1.4988290398126465
coco_138675_2153120.jpg,480,640,0.75
coco_13867_2156543.jpg,413,500,0.826
coco_13892_2152627.jpg,426,640,0.665625
coco_138937_1748858.jpg,428,640,0.66875
coco_138995_470909.jpg,478,640,0.746875
coco_139140_189148.jpg,427,640,0.6671875
coco_139261_2164586.jpg,487,500,0.974
coco_139294_crowd.jpg,431,640,0.6734375
coco_13943_1733354.jpg,640,480,1.3333333333333333
coco_139440_crowd.jpg,640,426,1.5023474178403755
coco_139512_192239.jpg,640,480,1.3333333333333333
coco_139637_190415.jpg,640,427,1.4988290398126465
coco_139969_crowd.jpg,375,500,0.75
coco_140007_481005.jpg,499,640,0.7796875
coco_14004_crowd.jpg,640,473,1.3530655391120507
coco_140068_crowd.jpg,640,428,1.4953271028037383
coco_140087_479004.jpg,427,640,0.6671875
coco_140263_487867.jpg,428,640,0.66875
coco_14029_461659.jpg,640,425,1.5058823529411764
coco_140388_1711113.jpg,431,640,0.6734375
coco_14041_428879.jpg,640,427,1.4988290398126465
coco_140465_218579.jpg,640,480,1.3333333333333333
coco_140785_crowd.jpg,640,425,1.5058823529411764
coco_140963_crowd.jpg,640,480,1.3333333333333333
coco_141197_439314.jpg,480,640,0.75
coco_141205_crowd.jpg,425,640,0.6640625
coco_14135_448395.jpg,640,427,1.4988290398126465
coco_141416_crowd.jpg,640,480,1.3333333333333333
coco_141634_218410.jpg,640,504,1.2698412698412698
coco_141651_crowd.jpg,555,640,0.8671875
coco_14167_crowd.jpg,640,429,1.491841491841492
coco_14175_428718.jpg,640,426,1.5023474178403755
coco_141887_459994.jpg,640,426,1.5023474178403755
coco_141962_480221.jpg,426,640,0.665625
coco_142261_212980.jpg,427,640,0.6671875
coco_142386_crowd.jpg,500,375,1.3333333333333333
coco_142574_crowd.jpg,640,425,1.5058823529411764
coco_142667_crowd.jpg,612,612,1.0
coco_142718_crowd.jpg,640,480,1.3333333333333333
coco_143101_428852.jpg,640,427,1.4988290398126465
coco_143103_crowd.jpg,640,480,1.3333333333333333
coco_143107_2198438.jpg,640,427,1.4988290398126465
coco_143143_crowd.jpg,427,640,0.6671875
coco_143305_crowd.jpg,480,640,0.75
coco_143387_425238.jpg,640,425,1.5058823529411764
coco_143479_494756.jpg,480,640,0.75
coco_143554_2160697.jpg,427,640,0.6671875
coco_143576_477064.jpg,640,425,1.5058823529411764
coco_143582_213182.jpg,640,426,1.5023474178403755
coco_143737_crowd.jpg,426,640,0.665625
coco_143901_441115.jpg,640,427,1.4988290398126465
coco_143908_183103.jpg,640,480,1.3333333333333333
coco_144273_crowd.jpg,430,640,0.671875
coco_14428_454926.jpg,427,640,0.6671875
coco_144379_456845.jpg,640,480,1.3333333333333333
coco_14470_crowd.jpg,640,429,1.491841491841492
coco_144795_184785.jpg,640,427,1.4988290398126465
coco_144862_crowd.jpg,640,425,1.5058823529411764
coco_144929_1726388.jpg,424,640,0.6625
coco_145025_184608.jpg,640,428,1.4953271028037383
coco_145378_crowd.jpg,640,428,1.4953271028037383
coco_145422_crowd.jpg,640,427,1.4988290398126465
coco_14547_2164208.jpg,640,428,1.4953271028037383
coco_145604_crowd.jpg,640,427,1.4988290398126465
coco_145684_2151348.jpg,640,427,1.4988290398126465
coco_145734_crowd.jpg,427,640,0.6671875
coco_145824_478136.jpg,640,480,1.3333333333333333
coco_145831_crowd.jpg,640,427,1.4988290398126465
coco_14600_2164640.jpg,478,640,0.746875
coco_146112_crowd.jpg,500,375,1.3333333333333333
coco_146123_435727.jpg,640,427,1.4988290398126465
coco_146150_crowd.jpg,375,500,0.75
coco_146190_509246.jpg,640,423,1.5130023640661938
coco_146193_462987.jpg,640,425,1.5058823529411764
coco_146240_crowd.jpg,427,640,0.6671875
coco_14635_crowd.jpg,640,480,1.3333333333333333
coco_146448_crowd.jpg,427,640,0.6671875
coco_146487_crowd.jpg,640,427,1.4988290398126465
coco_146676_450352.jpg,640,428,1.4953271028037383
coco_146723_445208.jpg,640,479,1.336116910229645
coco_146742_427175.jpg,640,436,1.4678899082568808
coco_146837_209577.jpg,425,640,0.6640625
coco_146855_490150.jpg,480,640,0.75
coco_147101_crowd.jpg,640,427,1.4988290398126465
coco_147346_crowd.jpg,500,333,1.5015015015015014
coco_147393_455425.jpg,468,640,0.73125
coco_147471_crowd.jpg,500,375,1.3333333333333333
coco_147488_2164997.jpg,419,640,0.6546875
coco_147653_468009.jpg,640,501,1.2774451097804391
coco_147958_445781.jpg,640,427,1.4988290398126465
coco_147979_185410.jpg,480,640,0.75
coco_148193_193476.jpg,640,480,1.3333333333333333
coco_148243_crowd.jpg,480,640,0.75
coco_148526_crowd.jpg,500,334,1.4970059880239521
coco_14874_477826.jpg,427,640,0.6671875
coco_148843_185616.jpg,640,425,1.5058823529411764
coco_148911_441338.jpg,639,640,0.9984375
coco_149014_2160586.jpg,640,480,1.3333333333333333
coco_149470_444070.jpg,640,426,1.5023474178403755
coco_149571_490214.jpg,426,640,0.665625
coco_149592_crowd.jpg,640,427,1.4988290398126465
coco_149669_crowd.jpg,640,426,1.5023474178403755
coco_149780_445988.jpg,427,640,0.6671875
coco_149903_206433.jpg,427,640,0.6671875
coco_149962_444159.jpg,458,640,0.715625
coco_150088_470874.jpg,640,429,1.491841491841492
coco_150292_crowd.jpg,456,640,0.7125
coco_150317_438392.jpg,480,640,0.75
coco_15032_422388.jpg,640,425,1.5058823529411764
coco_150342_crowd.jpg,640,427,1.4988290398126465
coco_150410_223089.jpg,640,427,1.4988290398126465
coco_150508_430777.jpg,640,427,1.4988290398126465
coco_15050_436331.jpg,640,480,1.3333333333333333
coco_150533_448224.jpg,640,425,1.5058823529411764
coco_150834_crowd.jpg,640,389,1.6452442159383034
coco_151084_545144.jpg,640,480,1.3333333333333333
coco_151138_436430.jpg,640,427,1.4988290398126465
coco_151159_crowd.jpg,640,488,1.3114754098360655
coco_151338_crowd.jpg,640,480,1.3333333333333333
coco_151896_204594.jpg,426,640,0.665625
coco_151988_crowd.jpg,640,480,1.3333333333333333
coco_152211_470746.jpg,512,640,0.8
coco_152258_crowd.jpg,512,640,0.8
coco_152543_crowd.jpg,640,407,1.5724815724815724
coco_152623_422950.jpg,426,640,0.665625
coco_152702_188979.jpg,640,426,1.5023474178403755
coco_153013_crowd.jpg,480,640,0.75
coco_153520_crowd.jpg,640,480,1.3333333333333333
coco_153631_crowd.jpg,512,640,0.8
coco_153692_205626.jpg,640,425,1.5058823529411764
coco_153717_196338.jpg,640,480,1.3333333333333333
coco_153803_crowd.jpg,640,480,1.3333333333333333
coco_153822_442463.jpg,457,640,0.7140625
coco_154139_458904.jpg,480,640,0.75
coco_154154_crowd.jpg,640,427,1.4988290398126465
coco_154254_1724964.jpg,427,640,0.6671875
coco_154263_crowd.jpg,500,500,1.0
coco_154497_crowd.jpg,640,426,1.5023474178403755
coco_154861_439889.jpg,412,640,0.64375
coco_154884_crowd.jpg,640,480,1.3333333333333333
coco_155007_crowd.jpg,480,640,0.75
coco_155245_504801.jpg,425,640,0.6640625
coco_155465_541460.jpg,480,640,0.75
coco_155466_crowd.jpg,640,516,1.2403100775193798
coco_15559_477109.jpg,640,480,1.3333333333333333
coco_155644_crowd.jpg,425,640,0.6640625
coco_155873_219427.jpg,640,480,1.3333333333333333
coco_156246_468936.jpg,640,640,1.0
coco_156320_crowd.jpg,640,400,1.6
coco_156324_431279.jpg,640,480,1.3333333333333333
coco_156375_479282.jpg,480,640,0.75
coco_1563_439971.jpg,435,640,0.6796875
coco_156497_225733.jpg,640,480,1.3333333333333333
coco_156636_443159.jpg,640,428,1.4953271028037383
coco_156747_1246968.jpg,640,426,1.5023474178403755
coco_156756_197419.jpg,640,427,1.4988290398126465
coco_156889_crowd.jpg,640,480,1.3333333333333333
coco_157053_216631.jpg,428,640,0.66875
coco_157352_crowd.jpg,429,640,0.6703125
coco_157370_443058.jpg,640,516,1.2403100775193798
coco_157417_202549.jpg,640,427,1.4988290398126465
coco_15778_crowd.jpg,640,491,1.3034623217922607
coco_157862_446307.jpg,427,640,0.6671875
coco_157948_463292.jpg,493,640,0.7703125
coco_157960_crowd.jpg,640,480,1.3333333333333333
coco_15810_crowd.jpg,640,425,1.5058823529411764
coco_15818_476554.jpg,639,640,0.9984375
coco_158292_crowd.jpg,640,480,1.3333333333333333
coco_158440_1205452.jpg,640,426,1.5023474178403755
coco_158466_479116.jpg,640,471,1.3588110403397027
coco_15883_461431.jpg,427,640,0.6671875
coco_158887_crowd.jpg,640,480,1.3333333333333333
coco_158922_1218440.jpg,640,480,1.3333333333333333
coco_158924_453171.jpg,425,640,0.6640625
coco_1592_438895.jpg,425,640,0.6640625
coco_159372_535531.jpg,428,640,0.66875
coco_159377_crowd.jpg,640,640,1.0
coco_15968_434955.jpg,513,640,0.8015625
coco_159832_429095.jpg,640,427,1.4988290398126465
coco_159898_crowd.jpg,428,640,0.66875
coco_159969_448335.jpg,640,427,1.4988290398126465
coco_160126_454260.jpg,640,426,1.5023474178403755
coco_160166_crowd.jpg,427,640,0.6671875
coco_160190_183953.jpg,640,425,1.5058823529411764
coco_160195_crowd.jpg,640,480,1.3333333333333333
coco_160341_422571.jpg,640,480,1.3333333333333333
coco_160351_453630.jpg,480,640,0.75
coco_160531_191294.jpg,640,480,1.3333333333333333
coco_16064_crowd.jpg,480,640,0.75
coco_160652_443661.jpg,427,640,0.6671875
coco_160726_200105.jpg,640,427,1.4988290398126465
coco_161112_184642.jpg,640,565,1.1327433628318584
coco_161517_crowd.jpg,400,600,0.6666666666666666
coco_161567_crowd.jpg,394,640,0.615625
coco_161586_465593.jpg,480,640,0.75
coco_161602_425434.jpg,640,429,1.491841491841492
coco_161810_crowd.jpg,480,640,0.75
coco_162021_crowd.jpg,640,427,1.4988290398126465
coco_162067_crowd.jpg,427,640,0.6671875
coco_162362_crowd.jpg,640,425,1.5058823529411764
coco_162363_1211104.jpg,480,640,0.75
coco_16237_2161396.jpg,640,424,1.509433962264151
coco_162429_crowd.jpg,640,481,1.3305613305613306
coco_162627_187838.jpg,640,480,1.3333333333333333
coco_162774_437478.jpg,480,640,0.75
coco_162855_487908.jpg,640,427,1.4988290398126465
coco_163112_502363.jpg,640,480,1.3333333333333333
coco_163127_2162148.jpg,480,640,0.75
coco_163139_crowd.jpg,640,427,1.4988290398126465
coco_163260_crowd.jpg,427,640,0.6671875
coco_163518_449479.jpg,640,480,1.3333333333333333
coco_163540_crowd.jpg,480,640,0.75
coco_163543_490545.jpg,640,427,1.4988290398126465
coco_163575_190842.jpg,640,522,1.2260536398467432
coco_163755_crowd.jpg,640,473,1.3530655391120507
coco_163782_crowd.jpg,500,417,1.1990407673860912
coco_163814_422323.jpg,425,640,0.6640625
coco_163929_crowd.jpg,500,334,1.4970059880239521
coco_164135_448481.jpg,640,425,1.5058823529411764
coco_164835_crowd.jpg,640,427,1.4988290398126465
coco_164848_456576.jpg,640,428,1.4953271028037383
coco_16491_crowd.jpg,640,426,1.5023474178403755
coco_16497_2162521.jpg,512,640,0.8
coco_165012_430978.jpg,427,640,0.6671875
coco_165419_461362.jpg,425,640,0.6640625
coco_165476_crowd.jpg,480,640,0.75
coco_165986_crowd.jpg,480,640,0.75
coco_166190_465451.jpg,428,640,0.66875
coco_166255_crowd.jpg,640,428,1.4953271028037383
coco_166392_509391.jpg,640,426,1.5023474178403755
coco_166624_434824.jpg,640,406,1.5763546798029557
coco_167074_468753.jpg,446,640,0.696875
coco_167082_1714224.jpg,640,429,1.491841491841492
coco_167235_484150.jpg,480,640,0.75
coco_167270_422120.jpg,640,448,1.4285714285714286
coco_167273_1718257.jpg,427,640,0.6671875
coco_167724_1727254.jpg,640,480,1.3333333333333333
coco_167792_crowd.jpg,640,427,1.4988290398126465
coco_167854_200479.jpg,640,480,1.3333333333333333
coco_168162_crowd.jpg,600,400,1.5
coco_16817_474744.jpg,417,640,0.6515625
coco_168231_426195.jpg,478,640,0.746875
coco_168248_1270104.jpg,480,640,0.75
coco_168340_449931.jpg,640,480,1.3333333333333333
coco_168355_476084.jpg,640,424,1.509433962264151
coco_168580_crowd.jpg,640,640,1.0
coco_168775_196173.jpg,434,640,0.678125
coco_168781_189407.jpg,640,480,1.3333333333333333
coco_168797_433467.jpg,428,640,0.66875
coco_16879_crowd.jpg,640,427,1.4988290398126465
coco_168811_crowd.jpg,640,428,1.4953271028037383
coco_169028_462839.jpg,425,640,0.6640625
coco_169331_crowd.jpg,640,480,1.3333333333333333
coco_169436_487049.jpg,427,640,0.6671875
coco_169500_470526.jpg,427,640,0.6671875
coco_169514_2156153.jpg,428,640,0.66875
coco_169539_2205730.jpg,427,640,0.6671875
coco_16961_crowd.jpg,640,480,1.3333333333333333
coco_169648_470371.jpg,640,480,1.3333333333333333
coco_169690_448283.jpg,427,640,0.6671875
coco_169972_255747.jpg,640,427,1.4988290398126465
coco_170000_2158669.jpg,473,640,0.7390625
coco_17003_429752.jpg,640,418,1.5311004784688995
coco_1700_429163.jpg,640,480,1.3333333333333333
coco_170127_crowd.jpg,424,640,0.6625
coco_170147_446918.jpg,640,640,1.0
coco_170173_crowd.jpg,640,426,1.5023474178403755
coco_170178_crowd.jpg,640,480,1.3333333333333333
coco_17018_crowd.jpg,640,480,1.3333333333333333
coco_170640_196235.jpg,640,480,1.3333333333333333
coco_170852_453320.jpg,640,427,1.4988290398126465
coco_17095_185469.jpg,640,480,1.3333333333333333
coco_171016_2156022.jpg,640,425,1.5058823529411764
coco_171351_196090.jpg,612,612,1.0
coco_171371_crowd.jpg,431,640,0.6734375
coco_171443_444580.jpg,640,481,1.3305613305613306
coco_171524_crowd.jpg,640,427,1.4988290398126465
coco_171546_506814.jpg,640,427,1.4988290398126465
coco_171622_503737.jpg,640,427,1.4988290398126465
coco_171762_421113.jpg,424,640,0.6625
coco_171880_442195.jpg,640,449,1.4253897550111359
coco_171962_226419.jpg,640,480,1.3333333333333333
coco_172342_crowd.jpg,640,427,1.4988290398126465
coco_172408_crowd.jpg,640,428,1.4953271028037383
coco_17244_207651.jpg,427,640,0.6671875
coco_17267_crowd.jpg,480,640,0.75
coco_172952_crowd.jpg,387,604,0.640728476821192
coco_17311_228138.jpg,640,480,1.3333333333333333
coco_173161_crowd.jpg,640,534,1.198501872659176
coco_173229_424050.jpg,640,428,1.4953271028037383
coco_173245_1712261.jpg,640,640,1.0
coco_173340_475815.jpg,514,597,0.8609715242881072
coco_173375_511930.jpg,640,479,1.336116910229645
coco_173400_1707079.jpg,640,428,1.4953271028037383
coco_173514_450161.jpg,640,480,1.3333333333333333
coco_173704_473740.jpg,425,640,0.6640625
coco_174043_crowd.jpg,640,485,1.3195876288659794
coco_174145_crowd.jpg,480,640,0.75
coco_174313_201536.jpg,480,640,0.75
coco_174402_421097.jpg,640,427,1.4988290398126465
coco_174603_crowd.jpg,640,427,1.4988290398126465
coco_174633_crowd.jpg,480,640,0.75
coco_175024_187786.jpg,640,427,1.4988290398126465
coco_175052_428891.jpg,480,640,0.75
coco_175506_crowd.jpg,640,427,1.4988290398126465
coco_175653_421823.jpg,640,480,1.3333333333333333
coco_175737_186439.jpg,640,431,1.4849187935034802
coco_175831_crowd.jpg,508,640,0.79375
coco_175863_465102.jpg,480,640,0.75
coco_175864_crowd.jpg,640,427,1.4988290398126465
coco_176009_crowd.jpg,640,427,1.4988290398126465
coco_176031_crowd.jpg,640,480,1.3333333333333333
coco_176278_445000.jpg,640,480,1.3333333333333333
coco_176288_497022.jpg,640,425,1.5058823529411764
coco_176519_crowd.jpg,640,427,1.4988290398126465
coco_176595_209656.jpg,400,640,0.625
coco_177064_469970.jpg,427,640,0.6671875
coco_177338_crowd.jpg,640,427,1.4988290398126465
coco_177567_481176.jpg,640,427,1.4988290398126465
coco_177919_crowd.jpg,427,640,0.6671875
coco_177938_crowd.jpg,480,640,0.75
coco_177952_518785.jpg,427,640,0.6671875
coco_177953_crowd.jpg,640,480,1.3333333333333333
coco_178283_438561.jpg,640,426,1.5023474178403755
coco_178446_crowd.jpg,640,480,1.3333333333333333
coco_178587_476528.jpg,640,425,1.5058823529411764
coco_17869_192266.jpg,640,480,1.3333333333333333
coco_179199_1211644.jpg,477,640,0.7453125
coco_179374_crowd.jpg,442,640,0.690625
coco_179584_crowd.jpg,640,478,1.3389121338912133
coco_179599_430428.jpg,640,427,1.4988290398126465
coco_179960_crowd.jpg,640,427,1.4988290398126465
coco_180283_458955.jpg,480,640,0.75
coco_180289_200392.jpg,480,640,0.75
coco_180718_2162559.jpg,427,640,0.6671875
coco_180739_456498.jpg,640,429,1.491841491841492
coco_180984_crowd.jpg,500,438,1.1415525114155252
coco_181026_486073.jpg,640,427,1.4988290398126465
coco_181133_235868.jpg,640,427,1.4988290398126465
coco_181296_191215.jpg,640,436,1.4678899082568808
coco_181383_crowd.jpg,640,425,1.5058823529411764
coco_18158_crowd.jpg,640,361,1.7728531855955678
coco_181677_crowd.jpg,427,640,0.6671875
coco_181786_428830.jpg,427,640,0.6671875
coco_181805_492933.jpg,640,480,1.3333333333333333
coco_181980_crowd.jpg,428,640,0.66875
coco_182339_212093.jpg,480,640,0.75
coco_182523_crowd.jpg,640,480,1.3333333333333333
coco_182715_494733.jpg,558,640,0.871875
coco_183176_crowd.jpg,480,640,0.75
coco_183393_188283.jpg,640,478,1.3389121338912133
coco_18358_2157234.jpg,493,640,0.7703125
coco_183620_crowd.jpg,640,480,1.3333333333333333
coco_183677_crowd.jpg,375,500,0.75
coco_183843_518810.jpg,640,427,1.4988290398126465
coco_183905_1238988.jpg,640,480,1.3333333333333333
coco_183970_430732.jpg,640,478,1.3389121338912133
coco_184181_2208104.jpg,427,640,0.6671875
coco_18426_221205.jpg,640,480,1.3333333333333333
coco_184295_crowd.jpg,480,640,0.75
coco_18444_475225.jpg,640,427,1.4988290398126465
coco_184929_crowd.jpg,640,480,1.3333333333333333
coco_184972_crowd.jpg,474,640,0.740625
coco_185156_207003.jpg,640,418,1.5311004784688995
coco_185201_449648.jpg,640,427,1.4988290398126465
coco_185240_crowd.jpg,428,640,0.66875
coco_185305_465817.jpg,429,640,0.6703125
coco_185598_432361.jpg,640,426,1.5023474178403755
coco_185639_463938.jpg,427,640,0.6671875
coco_185838_421698.jpg,640,453,1.4128035320088301
coco_186026_497477.jpg,640,640,1.0
coco_186036_crowd.jpg,640,480,1.3333333333333333
coco_186095_190009.jpg,640,480,1.3333333333333333
coco_186218_crowd.jpg,400,500,0.8
coco_187132_1706953.jpg,437,640,0.6828125
coco_187244_456351.jpg,640,460,1.391304347826087
coco_18728_427604.jpg,640,480,1.3333333333333333
coco_187533_crowd.jpg,480,640,0.75
coco_187795_crowd.jpg,517,640,0.8078125
coco_18783_221996.jpg,640,525,1.2190476190476192
coco_187857_crowd.jpg,640,428,1.4953271028037383
coco_18794_479722.jpg,420,640,0.65625
coco_188308_crowd.jpg,427,640,0.6671875
coco_188386_crowd.jpg,500,311,1.607717041800643
coco_188460_194891.jpg,640,480,1.3333333333333333
coco_188866_559214.jpg,478,640,0.746875
coco_188946_519929.jpg,480,640,0.75
coco_18896_1716680.jpg,480,640,0.75
coco_189103_432990.jpg,640,471,1.3588110403397027
coco_189193_200945.jpg,480,640,0.75
coco_189267_497826.jpg,640,427,1.4988290398126465
coco_189368_423373.jpg,640,480,1.3333333333333333
coco_189936_crowd.jpg,640,427,1.4988290398126465
coco_190014_453866.jpg,640,480,1.3333333333333333
coco_190313_crowd.jpg,640,640,1.0
coco_190423_crowd.jpg,500,433,1.1547344110854503
coco_190689_446643.jpg,640,426,1.5023474178403755
coco_190829_crowd.jpg,640,480,1.3333333333333333
coco_190907_crowd.jpg,480,640,0.75
coco_190995_500908.jpg,427,640,0.6671875
coco_191000_429954.jpg,427,640,0.6671875
coco_191112_crowd.jpg,640,427,1.4988290398126465
coco_191158_449567.jpg,424,640,0.6625
coco_191169_203203.jpg,426,640,0.665625
coco_19157_crowd.jpg,640,456,1.4035087719298245
coco_191687_crowd.jpg,640,404,1.5841584158415842
coco_191758_crowd.jpg,640,427,1.4988290398126465
coco_191981_436593.jpg,425,640,0.6640625
coco_192039_454228.jpg,480,640,0.75
coco_192095_463010.jpg,500,403,1.2406947890818858
coco_192181_475691.jpg,427,640,0.6671875
coco_192362_525904.jpg,427,640,0.6671875
coco_192656_472911.jpg,427,640,0.6671875
coco_192932_2153320.jpg,640,480,1.3333333333333333
coco_19322_198344.jpg,612,612,1.0
coco_193349_crowd.jpg,640,427,1.4988290398126465
coco_193388_2153606.jpg,640,427,1.4988290398126465
coco_193401_204678.jpg,640,426,1.5023474178403755
coco_193474_439622.jpg,500,447,1.1185682326621924
coco_193605_424659.jpg,418,640,0.653125
coco_193622_203419.jpg,480,640,0.75
coco_193968_crowd.jpg,480,640,0.75
coco_194013_216425.jpg,640,425,1.5058823529411764
coco_194153_1732951.jpg,476,640,0.74375
coco_194440_188744.jpg,427,640,0.6671875
coco_19444_crowd.jpg,457,640,0.7140625
coco_194704_428478.jpg,640,424,1.509433962264151
coco_195408_186295.jpg,427,640,0.6671875
coco_195594_1228727.jpg,433,640,0.6765625
coco_195673_457752.jpg,640,426,1.5023474178403755
coco_195697_459356.jpg,479,640,0.7484375
coco_195750_crowd.jpg,640,462,1.3852813852813852
coco_195798_crowd.jpg,427,640,0.6671875
coco_195862_crowd.jpg,640,427,1.4988290398126465
coco_195955_crowd.jpg,640,388,1.6494845360824741
coco_196046_crowd.jpg,640,386,1.6580310880829014
coco_196212_442485.jpg,640,427,1.4988290398126465
coco_196280_423860.jpg,640,640,1.0
coco_196458_428842.jpg,640,428,1.4953271028037383
coco_196490_crowd.jpg,640,427,1.4988290398126465
coco_196506_229353.jpg,498,640,0.778125
coco_196574_436289.jpg,427,640,0.6671875
coco_196660_1228818.jpg,424,640,0.6625
coco_19716_493874.jpg,427,640,0.6671875
coco_197280_crowd.jpg,426,640,0.665625
coco_197352_crowd.jpg,640,457,1.400437636761488
coco_197492_440074.jpg,640,563,1.1367673179396092
coco_197683_crowd.jpg,640,427,1.4988290398126465
coco_198004_crowd.jpg,640,480,1.3333333333333333
coco_198120_crowd.jpg,480,640,0.75
coco_198352_203728.jpg,480,640,0.75
coco_198447_crowd.jpg,640,480,1.3333333333333333
coco_198486_441361.jpg,640,480,1.3333333333333333
coco_198645_469576.jpg,640,640,1.0
coco_198972_212382.jpg,640,429,1.491841491841492
coco_19904_crowd.jpg,640,425,1.5058823529411764
coco_199215_crowd.jpg,640,426,1.5023474178403755
coco_199387_438359.jpg,411,640,0.6421875
coco_199403_452019.jpg,480,640,0.75
coco_199404_1727460.jpg,480,640,0.75
coco_199481_193037.jpg,480,640,0.75
coco_199540_423847.jpg,480,640,0.75
coco_199553_484133.jpg,427,640,0.6671875
coco_199876_crowd.jpg,427,640,0.6671875
coco_199883_crowd.jpg,500,495,1.0101010101010102
coco_199962_184371.jpg,640,426,1.5023474178403755
coco_200058_501996.jpg,640,428,1.4953271028037383
coco_200168_1259309.jpg,427,640,0.6671875
coco_200563_480814.jpg,640,504,1.2698412698412698
coco_200572_448340.jpg,427,640,0.6671875
coco_200605_464518.jpg,640,480,1.3333333333333333
coco_200668_crowd.jpg,640,427,1.4988290398126465
coco_200717_432734.jpg,640,427,1.4988290398126465
coco_200745_crowd.jpg,640,427,1.4988290398126465
coco_201141_473135.jpg,425,640,0.6640625
coco_201207_crowd.jpg,640,443,1.4446952595936795
coco_201305_1722671.jpg,427,640,0.6671875
coco_201498_500301.jpg,640,429,1.491841491841492
coco_2014_crowd.jpg,640,427,1.4988290398126465
coco_20161_441585.jpg,640,480,1.3333333333333333
coco_20178_510695.jpg,640,480,1.3333333333333333
coco_201899_195555.jpg,427,640,0.6671875
coco_202389_1725195.jpg,426,640,0.665625
coco_20254_431085.jpg,640,480,1.3333333333333333
coco_203085_252626.jpg,600,422,1.4218009478672986
coco_203119_498908.jpg,640,463,1.3822894168466522
coco_203239_crowd.jpg,457,640,0.7140625
coco_203345_crowd.jpg,500,500,1.0
coco_20342_crowd.jpg,640,640,1.0
coco_203631_456035.jpg,480,640,0.75
coco_203669_422319.jpg,640,427,1.4988290398126465
coco_203747_crowd.jpg,480,640,0.75
coco_204049_462138.jpg,640,480,1.3333333333333333
coco_20410_202365.jpg,640,480,1.3333333333333333
coco_204162_492272.jpg,640,427,1.4988290398126465
coco_204232_crowd.jpg,425,640,0.6640625
coco_204525_466308.jpg,427,640,0.6671875
coco_204767_crowd.jpg,427,640,0.6671875
coco_204943_crowd.jpg,527,640,0.8234375
coco_205002_229246.jpg,640,512,1.25
coco_205134_506473.jpg,480,640,0.75
coco_205238_425389.jpg,427,640,0.6671875
coco_205504_422043.jpg,400,500,0.8
coco_205573_crowd.jpg,640,480,1.3333333333333333
coco_205670_184277.jpg,640,424,1.509433962264151
coco_205676_crowd.jpg,640,451,1.419068736141907
coco_206268_193101.jpg,480,640,0.75
coco_206356_crowd.jpg,640,428,1.4953271028037383
coco_206381_194422.jpg,640,480,1.3333333333333333
coco_206417_crowd.jpg,640,480,1.3333333333333333
coco_20641_crowd.jpg,640,480,1.3333333333333333
coco_20671_201364.jpg,640,480,1.3333333333333333
coco_206806_223803.jpg,640,428,1.4953271028037383
coco_206851_crowd.jpg,480,640,0.75
coco_206859_crowd.jpg,427,640,0.6671875
coco_206907_crowd.jpg,640,512,1.25
coco_207019_468566.jpg,426,640,0.665625
coco_207177_509764.jpg,640,425,1.5058823529411764
coco_207178_crowd.jpg,427,640,0.6671875
coco_207437_crowd.jpg,476,640,0.74375
coco_207458_423088.jpg,421,640,0.6578125
coco_207548_crowd.jpg,640,480,1.3333333333333333
coco_207611_crowd.jpg,640,480,1.3333333333333333
coco_207670_crowd.jpg,427,640,0.6671875
coco_20788_442081.jpg,426,640,0.665625
coco_207969_crowd.jpg,600,450,1.3333333333333333
coco_208031_204952.jpg,426,640,0.665625
coco_208107_crowd.jpg,640,428,1.4953271028037383
coco_208283_233714.jpg,480,640,0.75
coco_208476_451741.jpg,480,640,0.75
coco_208517_crowd.jpg,441,640,0.6890625
coco_208549_193408.jpg,640,570,1.1228070175438596
coco_208566_465314.jpg,640,429,1.491841491841492
coco_208808_2166358.jpg,427,640,0.6671875
coco_208871_207393.jpg,480,640,0.75
coco_20904_crowd.jpg,427,640,0.6671875
coco_209130_crowd.jpg,426,640,0.665625
coco_209468_183062.jpg,640,480,1.3333333333333333
coco_209544_426038.jpg,640,427,1.4988290398126465
coco_209602_1714798.jpg,640,489,1.30879345603272
coco_209782_crowd.jpg,640,481,1.3305613305613306
coco_209835_crowd.jpg,477,640,0.7453125
coco_209925_457675.jpg,640,427,1.4988290398126465
coco_210060_184435.jpg,640,427,1.4988290398126465
coco_210149_crowd.jpg,640,424,1.509433962264151
coco_210457_crowd.jpg,640,426,1.5023474178403755
coco_210522_crowd.jpg,640,480,1.3333333333333333
coco_210749_432012.jpg,457,640,0.7140625
coco_210883_crowd.jpg,640,512,1.25
coco_211097_crowd.jpg,640,428,1.4953271028037383
coco_211141_487287.jpg,480,640,0.75
coco_211189_crowd.jpg,640,427,1.4988290398126465
coco_211206_488819.jpg,640,480,1.3333333333333333
coco_211246_crowd.jpg,640,427,1.4988290398126465
coco_211370_crowd.jpg,640,428,1.4953271028037383
coco_211491_462567.jpg,640,427,1.4988290398126465
coco_211690_crowd.jpg,640,478,1.3389121338912133
coco_211722_467788.jpg,500,496,1.0080645161290323
coco_211743_490653.jpg,640,426,1.5023474178403755
coco_212116_crowd.jpg,500,354,1.4124293785310735
coco_212288_438370.jpg,640,427,1.4988290398126465
coco_21240_431968.jpg,427,640,0.6671875
coco_212470_crowd.jpg,640,628,1.019108280254777
coco_212545_2155594.jpg,427,640,0.6671875
coco_212558_crowd.jpg,426,640,0.665625
coco_212739_crowd.jpg,640,480,1.3333333333333333
coco_212817_crowd.jpg,640,478,1.3389121338912133
coco_213132_crowd.jpg,640,480,1.3333333333333333
coco_213280_crowd.jpg,640,427,1.4988290398126465
coco_213455_439014.jpg,640,480,1.3333333333333333
coco_213586_1732890.jpg,640,427,1.4988290398126465
coco_213695_crowd.jpg,427,640,0.6671875
coco_213773_436989.jpg,640,490,1.3061224489795917
coco_213978_452703.jpg,640,427,1.4988290398126465
coco_214127_425405.jpg,640,484,1.322314049586777
coco_214199_2163888.jpg,640,427,1.4988290398126465
coco_214244_431923.jpg,640,427,1.4988290398126465
coco_214274_crowd.jpg,640,427,1.4988290398126465
coco_214363_crowd.jpg,427,640,0.6671875
coco_214468_187259.jpg,640,480,1.3333333333333333
coco_21470_488809.jpg,512,640,0.8
coco_214727_430042.jpg,640,480,1.3333333333333333
coco_214871_1707990.jpg,480,640,0.75
coco_215151_crowd.jpg,640,480,1.3333333333333333
coco_215482_crowd.jpg,640,480,1.3333333333333333
coco_215708_crowd.jpg,375,500,0.75
coco_215755_crowd.jpg,640,429,1.491841491841492
coco_215845_crowd.jpg,640,480,1.3333333333333333
coco_216050_484946.jpg,480,640,0.75
coco_216051_199356.jpg,640,502,1.2749003984063745
coco_21613_513926.jpg,427,640,0.6671875
coco_216228_crowd.jpg,640,425,1.5058823529411764
coco_216417_187008.jpg,408,640,0.6375
coco_216861_186739.jpg,640,482,1.3278008298755186
coco_216863_crowd.jpg,640,427,1.4988290398126465
coco_217009_crowd.jpg,640,414,1.5458937198067633
coco_217312_crowd.jpg,426,640,0.665625
coco_217323_454552.jpg,640,480,1.3333333333333333
coco_217393_192955.jpg,640,444,1.4414414414414414
coco_217440_191293.jpg,413,640,0.6453125
coco_217593_crowd.jpg,640,427,1.4988290398126465
coco_21764_crowd.jpg,427,640,0.6671875
coco_217654_474889.jpg,425,640,0.6640625
coco_218183_196536.jpg,612,612,1.0
coco_218476_190187.jpg,640,480,1.3333333333333333
coco_218721_421243.jpg,426,640,0.665625
coco_218947_499210.jpg,640,640,1.0
coco_21900_187531.jpg,640,427,1.4988290398126465
coco_21924_crowd.jpg,343,500,0.686
coco_219525_217708.jpg,640,425,1.5058823529411764
coco_21979_crowd.jpg,640,480,1.3333333333333333
coco_219841_crowd.jpg,640,551,1.161524500907441
coco_219848_crowd.jpg,640,573,1.1169284467713787
coco_220187_crowd.jpg,480,640,0.75
coco_220277_478060.jpg,480,640,0.75
coco_220382_482479.jpg,640,427,1.4988290398126465
coco_220511_crowd.jpg,640,563,1.1367673179396092
coco_220531_460948.jpg,427,640,0.6671875
coco_221272_445481.jpg,640,427,1.4988290398126465
coco_221282_crowd.jpg,426,640,0.665625
coco_221521_crowd.jpg,500,334,1.4970059880239521
coco_221523_190143.jpg,498,640,0.778125
coco_221547_crowd.jpg,640,480,1.3333333333333333
coco_221669_crowd.jpg,424,640,0.6625
coco_221713_187879.jpg,480,640,0.75
coco_221864_1210585.jpg,480,640,0.75
coco_222370_crowd.jpg,427,640,0.6671875
coco_222564_crowd.jpg,640,480,1.3333333333333333
coco_222648_493404.jpg,408,500,0.816
coco_222711_crowd.jpg,640,513,1.2475633528265107
coco_222771_crowd.jpg,640,427,1.4988290398126465
coco_223157_crowd.jpg,640,605,1.0578512396694215
coco_223243_429378.jpg,640,425,1.5058823529411764
coco_223256_crowd.jpg,427,640,0.6671875
coco_223300_441619.jpg,640,426,1.5023474178403755
coco_223335_211818.jpg,640,427,1.4988290398126465
coco_224104_212284.jpg,640,480,1.3333333333333333
coco_224220_crowd.jpg,640,378,1.693121693121693
coco_224322_191088.jpg,640,480,1.3333333333333333
coco_224358_crowd.jpg,640,627,1.0207336523125996
coco_224368_444170.jpg,640,426,1.5023474178403755
coco_225494_crowd.jpg,640,426,1.5023474178403755
coco_225686_crowd.jpg,429,640,0.6703125
coco_225791_476889.jpg,427,640,0.6671875
coco_225792_crowd.jpg,640,428,1.4953271028037383
coco_225913_crowd.jpg,640,480,1.3333333333333333
coco_225945_crowd.jpg,640,428,1.4953271028037383
coco_226173_467208.jpg,426,640,0.665625
coco_226197_472494.jpg,425,640,0.6640625
coco_226380_crowd.jpg,640,427,1.4988290398126465
coco_22646_448911.jpg,640,423,1.5130023640661938
coco_226579_crowd.jpg,640,427,1.4988290398126465
coco_226588_crowd.jpg,640,425,1.5058823529411764
coco_22671_216247.jpg,640,480,1.3333333333333333
coco_226848_crowd.jpg,427,640,0.6671875
coco_227019_422752.jpg,480,640,0.75
coco_227073_187888.jpg,612,612,1.0
coco_227221_crowd.jpg,427,640,0.6671875
coco_227230_422439.jpg,640,427,1.4988290398126465
coco_227433_222009.jpg,427,640,0.6671875
coco_227463_454004.jpg,640,428,1.4953271028037383
coco_227742_470377.jpg,427,640,0.6671875
coco_227806_crowd.jpg,640,426,1.5023474178403755
coco_227852_1267123.jpg,514,640,0.803125
coco_227882_crowd.jpg,424,640,0.6625
coco_228135_481941.jpg,427,640,0.6671875
coco_22816_crowd.jpg,480,640,0.75
coco_228580_484643.jpg,480,640,0.75
coco_229067_crowd.jpg,500,332,1.5060240963855422
coco_229329_crowd.jpg,480,640,0.75
coco_229350_crowd.jpg,425,640,0.6640625
coco_229531_crowd.jpg,612,612,1.0
coco_229765_crowd.jpg,640,427,1.4988290398126465
coco_22979_crowd.jpg,610,640,0.953125
coco_229889_451576.jpg,640,480,1.3333333333333333
coco_2302_197236.jpg,640,480,1.3333333333333333
coco_230454_crowd.jpg,640,455,1.4065934065934067
coco_230679_190737.jpg,640,480,1.3333333333333333
coco_230780_451814.jpg,640,427,1.4988290398126465
coco_230877_457214.jpg,640,427,1.4988290398126465
coco_230884_458471.jpg,480,640,0.75
coco_230964_1225992.jpg,640,480,1.3333333333333333
coco_230995_1750673.jpg,480,640,0.75
coco_231240_crowd.jpg,424,640,0.6625
coco_231379_crowd.jpg,640,378,1.693121693121693
coco_231402_crowd.jpg,640,427,1.4988290398126465
coco_231628_216850.jpg,640,480,1.3333333333333333
coco_231644_crowd.jpg,480,640,0.75
coco_231795_445219.jpg,640,427,1.4988290398126465
coco_231806_crowd.jpg,640,513,1.2475633528265107
coco_231954_450676.jpg,612,612,1.0
coco_232054_466783.jpg,511,640,0.7984375
coco_232073_crowd.jpg,640,427,1.4988290398126465
coco_232488_crowd.jpg,639,640,0.9984375
coco_232511_crowd.jpg,640,431,1.4849187935034802
coco_232592_2152641.jpg,640,427,1.4988290398126465
coco_232597_473884.jpg,427,640,0.6671875
coco_232612_196168.jpg,640,475,1.3473684210526315
coco_232654_476199.jpg,454,640,0.709375
coco_233119_crowd.jpg,640,427,1.4988290398126465
coco_233233_467899.jpg,640,480,1.3333333333333333
coco_233305_432295.jpg,478,640,0.746875
coco_233405_438515.jpg,640,640,1.0
coco_233711_1228011.jpg,640,428,1.4953271028037383
coco_233868_191816.jpg,640,480,1.3333333333333333
coco_234251_213139.jpg,640,427,1.4988290398126465
coco_234518_427976.jpg,640,424,1.509433962264151
coco_234554_451918.jpg,640,426,1.5023474178403755
coco_234572_430327.jpg,640,426,1.5023474178403755
coco_234766_1740254.jpg,640,427,1.4988290398126465
coco_235000_202370.jpg,640,457,1.400437636761488
coco_235017_1728602.jpg,640,425,1.5058823529411764
coco_235126_crowd.jpg,480,640,0.75
coco_235302_crowd.jpg,640,425,1.5058823529411764
coco_235340_432439.jpg,480,640,0.75
coco_235701_186092.jpg,426,640,0.665625
coco_23579_crowd.jpg,640,480,1.3333333333333333
coco_235808_crowd.jpg,640,358,1.7877094972067038
coco_235864_crowd.jpg,640,458,1.3973799126637554
coco_235964_454464.jpg,640,480,1.3333333333333333
coco_236023_crowd.jpg,500,376,1.3297872340425532
coco_236189_crowd.jpg,427,640,0.6671875
coco_236272_crowd.jpg,640,512,1.25
coco_236432_525476.jpg,640,426,1.5023474178403755
coco_236865_452409.jpg,640,484,1.322314049586777
coco_236866_432680.jpg,640,427,1.4988290398126465
coco_236874_450850.jpg,640,426,1.5023474178403755
coco_237075_crowd.jpg,640,480,1.3333333333333333
coco_237357_468589.jpg,426,640,0.665625
coco_23741_189748.jpg,640,427,1.4988290398126465
coco_237463_453678.jpg,640,427,1.4988290398126465
coco_237496_493566.jpg,640,512,1.25
coco_237745_476181.jpg,458,640,0.715625
coco_237814_crowd.jpg,640,426,1.5023474178403755
coco_237942_454507.jpg,480,640,0.75
coco_23802_193105.jpg,640,478,1.3389121338912133
coco_238065_488885.jpg,428,640,0.66875
coco_238074_429406.jpg,480,640,0.75
coco_23807_crowd.jpg,640,480,1.3333333333333333
coco_238199_453204.jpg,640,426,1.5023474178403755
coco_238449_441635.jpg,640,439,1.457858769931663
coco_238691_crowd.jpg,640,480,1.3333333333333333
coco_23895_crowd.jpg,640,427,1.4988290398126465
coco_239093_crowd.jpg,516,640,0.80625
coco_239130_1710256.jpg,640,488,1.3114754098360655
coco_239351_crowd.jpg,640,363,1.7630853994490359
coco_239445_519017.jpg,428,640,0.66875
coco_23991_crowd.jpg,640,428,1.4953271028037383
coco_239988_crowd.jpg,640,469,1.3646055437100213
coco_240102_crowd.jpg,427,640,0.6671875
coco_240137_459591.jpg,480,640,0.75
coco_240147_472147.jpg,640,512,1.25
coco_240213_447605.jpg,640,457,1.400437636761488
coco_240295_crowd.jpg,512,640,0.8
coco_240340_223687.jpg,480,640,0.75
coco_240495_crowd.jpg,640,480,1.3333333333333333
coco_240537_215555.jpg,640,501,1.2774451097804391
coco_24106_427517.jpg,640,411,1.5571776155717763
coco_241124_crowd.jpg,640,479,1.336116910229645
coco_241317_497321.jpg,640,427,1.4988290398126465
coco_241318_crowd.jpg,640,434,1.4746543778801844
coco_241340_203678.jpg,640,428,1.4953271028037383
coco_241373_195906.jpg,480,640,0.75
coco_241638_435541.jpg,428,640,0.66875
coco_241837_188950.jpg,640,480,1.3333333333333333
coco_241882_443510.jpg,640,427,1.4988290398126465
coco_241889_502346.jpg,640,426,1.5023474178403755
coco_241_crowd.jpg,480,640,0.75
coco_242365_438486.jpg,427,640,0.6671875
coco_24247_201558.jpg,480,640,0.75
coco_242510_crowd.jpg,640,458,1.3973799126637554
coco_242906_198592.jpg,640,426,1.5023474178403755
coco_242945_438384.jpg,640,478,1.3389121338912133
coco_243212_184286.jpg,480,640,0.75
coco_243341_431916.jpg,640,425,1.5058823529411764
coco_243418_crowd.jpg,640,480,1.3333333333333333
coco_243780_crowd.jpg,640,480,1.3333333333333333
coco_243825_crowd.jpg,480,640,0.75
coco_24386_crowd.jpg,500,375,1.3333333333333333
coco_243912_crowd.jpg,612,612,1.0
coco_243968_485595.jpg,640,418,1.5311004784688995
coco_244050_186987.jpg,640,480,1.3333333333333333
coco_244455_crowd.jpg,640,486,1.316872427983539
coco_244550_227884.jpg,457,640,0.7140625
coco_244931_crowd.jpg,640,427,1.4988290398126465
coco_245182_crowd.jpg,640,603,1.0613598673300166
coco_245301_193377.jpg,600,400,1.5
coco_245462_199889.jpg,550,640,0.859375
coco_245660_2160184.jpg,640,427,1.4988290398126465
coco_246004_476382.jpg,640,480,1.3333333333333333
coco_246040_442001.jpg,640,472,1.3559322033898304
coco_246064_183209.jpg,640,426,1.5023474178403755
coco_246066_479826.jpg,640,459,1.3943355119825709
coco_24609_crowd.jpg,640,480,1.3333333333333333
coco_246106_437192.jpg,640,426,1.5023474178403755
coco_246398_1209122.jpg,640,427,1.4988290398126465
coco_246442_461077.jpg,640,427,1.4988290398126465
coco_246612_429713.jpg,466,640,0.728125
coco_246629_crowd.jpg,427,640,0.6671875
coco_246746_205192.jpg,600,400,1.5
coco_246863_511706.jpg,612,612,1.0
coco_246878_463336.jpg,426,640,0.665625
coco_246951_crowd.jpg,341,500,0.682
coco_247141_489776.jpg,640,480,1.3333333333333333
coco_247625_crowd.jpg,480,640,0.75
coco_247714_203223.jpg,433,640,0.6765625
coco_248007_423665.jpg,500,400,1.25
coco_248051_2198620.jpg,433,640,0.6765625
coco_248069_433569.jpg,426,640,0.665625
coco_248224_455491.jpg,457,640,0.7140625
coco_248235_475851.jpg,640,480,1.3333333333333333
coco_248242_crowd.jpg,640,427,1.4988290398126465
coco_248382_466207.jpg,426,640,0.665625
coco_248427_crowd.jpg,480,640,0.75
coco_248441_209255.jpg,640,427,1.4988290398126465
coco_248445_crowd.jpg,640,426,1.5023474178403755
coco_248655_465694.jpg,480,640,0.75
coco_248701_508917.jpg,640,427,1.4988290398126465
coco_248761_186396.jpg,640,426,1.5023474178403755
coco_248924_475706.jpg,640,426,1.5023474178403755
coco_249046_424283.jpg,640,427,1.4988290398126465
coco_249301_crowd.jpg,640,413,1.549636803874092
coco_24931_1717384.jpg,480,640,0.75
coco_249325_203670.jpg,640,451,1.419068736141907
coco_249453_479383.jpg,425,640,0.6640625
coco_249532_crowd.jpg,427,640,0.6671875
coco_249687_421934.jpg,480,640,0.75
coco_249757_crowd.jpg,454,342,1.327485380116959
coco_249883_468332.jpg,428,640,0.66875
coco_249936_crowd.jpg,640,427,1.4988290398126465
coco_25005_435862.jpg,427,640,0.6671875
coco_250167_426007.jpg,640,480,1.3333333333333333
coco_250258_crowd.jpg,640,428,1.4953271028037383
coco_250276_203701.jpg,640,426,1.5023474178403755
coco_250506_425243.jpg,640,427,1.4988290398126465
coco_250629_crowd.jpg,640,424,1.509433962264151
coco_250730_215719.jpg,480,640,0.75
coco_250870_crowd.jpg,640,427,1.4988290398126465
coco_250893_crowd.jpg,640,480,1.3333333333333333
coco_250939_193997.jpg,640,480,1.3333333333333333
coco_251741_crowd.jpg,640,480,1.3333333333333333
coco_252091_427313.jpg,480,640,0.75
coco_252220_441591.jpg,427,640,0.6671875
coco_25244_454335.jpg,480,640,0.75
coco_252468_1725545.jpg,640,487,1.3141683778234086
coco_2525_crowd.jpg,640,427,1.4988290398126465
coco_25282_196857.jpg,640,480,1.3333333333333333
coco_25293_473891.jpg,400,515,0.7766990291262136
coco_253095_crowd.jpg,473,600,0.7883333333333333
coco_253579_1266033.jpg,599,640,0.9359375
coco_253746_421568.jpg,427,640,0.6671875
coco_253838_439611.jpg,640,427,1.4988290398126465
coco_253964_crowd.jpg,640,480,1.3333333333333333
coco_253969_crowd.jpg,640,426,1.5023474178403755
coco_253986_crowd.jpg,640,425,1.5058823529411764
coco_254004_crowd.jpg,640,425,1.5058823529411764
coco_254164_504305.jpg,639,640,0.9984375
coco_254589_crowd.jpg,375,500,0.75
coco_25467_456966.jpg,640,479,1.336116910229645
coco_254919_crowd.jpg,640,414,1.5458937198067633
coco_254926_473162.jpg,480,640,0.75
coco_255112_440471.jpg,457,640,0.7140625
coco_255158_455480.jpg,640,435,1.471264367816092
coco_255338_503343.jpg,640,424,1.509433962264151
coco_25551_2163487.jpg,640,426,1.5023474178403755
coco_255630_450484.jpg,640,427,1.4988290398126465
coco_255662_193405.jpg,640,427,1.4988290398126465
coco_255795_482716.jpg,640,532,1.2030075187969924
coco_256031_469253.jpg,640,432,1.4814814814814814
coco_256035_2204841.jpg,427,640,0.6671875
coco_256199_crowd.jpg,640,360,1.7777777777777777
coco_256260_430024.jpg,640,429,1.491841491841492
coco_256743_crowd.jpg,640,425,1.5058823529411764
coco_256769_crowd.jpg,640,480,1.3333333333333333
coco_257058_crowd.jpg,640,480,1.3333333333333333
coco_257656_430098.jpg,640,478,1.3389121338912133
coco_257943_crowd.jpg,426,640,0.665625
coco_257965_509695.jpg,640,400,1.6
coco_258019_438054.jpg,480,640,0.75
coco_258061_434762.jpg,640,457,1.400437636761488
coco_258078_184741.jpg,426,640,0.665625
coco_258132_crowd.jpg,427,640,0.6671875
coco_258209_1755329.jpg,640,426,1.5023474178403755
coco_258330_440709.jpg,640,624,1.0256410256410255
coco_258382_201956.jpg,480,640,0.75
coco_258399_422036.jpg,640,480,1.3333333333333333
coco_258433_crowd.jpg,480,640,0.75
coco_25860_510015.jpg,640,480,1.3333333333333333
coco_25864_423385.jpg,426,640,0.665625
coco_258762_431778.jpg,478,640,0.746875
coco_258850_474124.jpg,640,480,1.3333333333333333
coco_258915_220146.jpg,428,640,0.66875
coco_259037_422348.jpg,480,640,0.75
coco_259056_crowd.jpg,640,418,1.5311004784688995
coco_259099_471315.jpg,640,427,1.4988290398126465
coco_259216_438565.jpg,640,482,1.3278008298755186
coco_259345_470900.jpg,427,640,0.6671875
coco_259465_471078.jpg,640,480,1.3333333333333333
coco_259513_190779.jpg,640,456,1.4035087719298245
coco_259665_crowd.jpg,640,426,1.5023474178403755
coco_25990_459987.jpg,420,640,0.65625
coco_25997_1726130.jpg,640,480,1.3333333333333333
coco_260036_438218.jpg,425,640,0.6640625
coco_260221_221577.jpg,480,640,0.75
coco_260238_crowd.jpg,640,512,1.25
coco_260363_208520.jpg,640,427,1.4988290398126465
coco_260370_483968.jpg,640,494,1.2955465587044535
coco_260409_198018.jpg,640,478,1.3389121338912133
coco_260478_crowd.jpg,640,480,1.3333333333333333
coco_260994_crowd.jpg,640,427,1.4988290398126465
coco_261050_432193.jpg,426,640,0.665625
coco_261068_crowd.jpg,640,429,1.491841491841492
coco_261363_490602.jpg,640,424,1.509433962264151
coco_261603_198873.jpg,640,428,1.4953271028037383
coco_26176_439552.jpg,640,480,1.3333333333333333
coco_261777_459412.jpg,457,640,0.7140625
coco_261779_441625.jpg,427,640,0.6671875
coco_261787_2207154.jpg,640,484,1.322314049586777
coco_26209_202485.jpg,640,425,1.5058823529411764
coco_262275_227827.jpg,640,512,1.25
coco_262672_463662.jpg,480,640,0.75
coco_262746_461512.jpg,640,480,1.3333333333333333
coco_262873_502826.jpg,480,640,0.75
coco_263136_206842.jpg,640,437,1.4645308924485125
coco_263163_1709117.jpg,640,640,1.0
coco_263223_2198140.jpg,640,425,1.5058823529411764
coco_263251_crowd.jpg,375,500,0.75
coco_263505_201404.jpg,424,640,0.6625
coco_263613_191285.jpg,498,640,0.778125
coco_263647_444617.jpg,640,425,1.5058823529411764
coco_263696_450791.jpg,640,426,1.5023474178403755
coco_263700_crowd.jpg,640,480,1.3333333333333333
coco_26374_503995.jpg,456,640,0.7125
coco_263834_crowd.jpg,640,480,1.3333333333333333
coco_264375_crowd.jpg,425,640,0.6640625
coco_264382_crowd.jpg,640,427,1.4988290398126465
coco_264497_crowd.jpg,493,640,0.7703125
coco_264572_465246.jpg,640,558,1.146953405017921
coco_264771_463649.jpg,640,425,1.5058823529411764
coco_264819_195956.jpg,480,640,0.75
coco_264961_crowd.jpg,640,427,1.4988290398126465
coco_265066_422394.jpg,640,450,1.4222222222222223
coco_26507_crowd.jpg,640,480,1.3333333333333333
coco_265151_195328.jpg,480,640,0.75
coco_265550_501438.jpg,640,429,1.491841491841492
coco_26560_2161313.jpg,640,426,1.5023474178403755
coco_265635_433162.jpg,640,640,1.0
coco_266151_470273.jpg,480,640,0.75
coco_26617_2154283.jpg,638,640,0.996875
coco_266437_2203729.jpg,640,481,1.3305613305613306
coco_266677_492034.jpg,640,426,1.5023474178403755
coco_266847_2198223.jpg,500,458,1.091703056768559
coco_267200_497106.jpg,612,612,1.0
coco_267314_432553.jpg,640,427,1.4988290398126465
coco_267625_1208106.jpg,480,640,0.75
coco_267683_431135.jpg,500,415,1.2048192771084338
coco_267684_430015.jpg,640,480,1.3333333333333333
coco_267690_crowd.jpg,450,640,0.703125
coco_268058_461417.jpg,480,640,0.75
coco_268059_436232.jpg,640,425,1.5058823529411764
coco_268224_crowd.jpg,640,480,1.3333333333333333
coco_268469_214736.jpg,640,479,1.336116910229645
coco_268556_2203816.jpg,640,640,1.0
coco_268725_193805.jpg,426,640,0.665625
coco_268987_426415.jpg,640,511,1.2524461839530332
coco_269015_482291.jpg,640,544,1.1764705882352942
coco_269033_442499.jpg,426,640,0.665625
coco_269058_crowd.jpg,640,512,1.25
coco_269172_crowd.jpg,640,428,1.4953271028037383
coco_269721_crowd.jpg,640,427,1.4988290398126465
coco_269807_189217.jpg,640,480,1.3333333333333333
coco_270215_1712758.jpg,639,640,0.9984375
coco_270420_490021.jpg,480,640,0.75
coco_270744_196543.jpg,640,480,1.3333333333333333
coco_270815_crowd.jpg,640,513,1.2475633528265107
coco_271259_486269.jpg,426,640,0.665625
coco_271759_423568.jpg,612,612,1.0
coco_272110_crowd.jpg,640,426,1.5023474178403755
coco_272153_207975.jpg,640,480,1.3333333333333333
coco_272323_crowd.jpg,640,425,1.5058823529411764
coco_272440_432153.jpg,427,640,0.6671875
coco_272955_524126.jpg,640,453,1.4128035320088301
coco_272958_444398.jpg,640,429,1.491841491841492
coco_273190_crowd.jpg,640,426,1.5023474178403755
coco_273230_476778.jpg,480,640,0.75
coco_273470_514247.jpg,640,480,1.3333333333333333
coco_273579_422485.jpg,640,480,1.3333333333333333
coco_273684_2152994.jpg,640,512,1.25
coco_273708_438572.jpg,640,413,1.549636803874092
coco_273728_1202907.jpg,640,425,1.5058823529411764
coco_273961_crowd.jpg,427,640,0.6671875
coco_273967_213668.jpg,640,427,1.4988290398126465
coco_274216_220132.jpg,640,480,1.3333333333333333
coco_274240_423849.jpg,428,640,0.66875
coco_274418_461652.jpg,640,640,1.0
coco_274451_crowd.jpg,640,311,2.057877813504823
coco_27478_426337.jpg,640,480,1.3333333333333333
coco_275034_437326.jpg,640,427,1.4988290398126465
coco_27519_crowd.jpg,640,480,1.3333333333333333
coco_275215_490855.jpg,640,480,1.3333333333333333
coco_27528_458076.jpg,640,473,1.3530655391120507
coco_275332_crowd.jpg,640,427,1.4988290398126465
coco_27565_449036.jpg,437,640,0.6828125
coco_275754_2155087.jpg,427,640,0.6671875
coco_276151_429689.jpg,640,469,1.3646055437100213
coco_276215_crowd.jpg,640,480,1.3333333333333333
coco_276260_208086.jpg,457,640,0.7140625
coco_276476_crowd.jpg,640,429,1.491841491841492
coco_276552_crowd.jpg,480,640,0.75
coco_276719_crowd.jpg,640,478,1.3389121338912133
coco_276841_514733.jpg,478,640,0.746875
coco_277710_443393.jpg,640,427,1.4988290398126465
coco_277761_crowd.jpg,640,427,1.4988290398126465
coco_277812_crowd.jpg,399,640,0.6234375
coco_277945_crowd.jpg,426,640,0.665625
coco_278095_crowd.jpg,640,640,1.0
coco_278172_183361.jpg,640,480,1.3333333333333333
coco_278290_crowd.jpg,360,439,0.8200455580865603
coco_278359_195296.jpg,426,640,0.665625
coco_278435_crowd.jpg,427,640,0.6671875
coco_278801_467423.jpg,640,480,1.3333333333333333
coco_278853_499188.jpg,640,480,1.3333333333333333
coco_278966_443209.jpg,640,480,1.3333333333333333
coco_278977_487581.jpg,640,454,1.4096916299559472
coco_279209_509460.jpg,640,480,1.3333333333333333
coco_279256_217789.jpg,497,640,0.7765625
coco_279259_436310.jpg,428,640,0.66875
coco_279265_213843.jpg,640,427,1.4988290398126465
coco_279420_475632.jpg,640,480,1.3333333333333333
coco_279491_crowd.jpg,640,480,1.3333333333333333
coco_279521_crowd.jpg,640,338,1.893491124260355
coco_279634_crowd.jpg,480,640,0.75
coco_27969_crowd.jpg,640,424,1.509433962264151
coco_279806_201811.jpg,640,640,1.0
coco_279818_crowd.jpg,427,640,0.6671875
coco_279824_192005.jpg,640,480,1.3333333333333333
coco_280073_196566.jpg,600,400,1.5
coco_280184_465696.jpg,640,426,1.5023474178403755
coco_280370_crowd.jpg,640,559,1.144901610017889
coco_280464_441460.jpg,640,427,1.4988290398126465
coco_280705_2154664.jpg,480,640,0.75
coco_280766_216064.jpg,640,426,1.5023474178403755
coco_280819_467202.jpg,640,480,1.3333333333333333
coco_280858_2166127.jpg,640,480,1.3333333333333333
coco_280976_1756525.jpg,512,640,0.8
coco_281008_184409.jpg,640,428,1.4953271028037383
coco_281040_560390.jpg,612,612,1.0
coco_281072_457255.jpg,640,474,1.350210970464135
coco_281111_438405.jpg,640,480,1.3333333333333333
coco_281315_crowd.jpg,500,333,1.5015015015015014
coco_281429_437776.jpg,640,424,1.509433962264151
coco_281475_203409.jpg,640,479,1.336116910229645
coco_281534_190729.jpg,401,640,0.6265625
coco_281601_crowd.jpg,640,480,1.3333333333333333
coco_281628_466199.jpg,640,490,1.3061224489795917
coco_281676_187191.jpg,640,427,1.4988290398126465
coco_281725_crowd.jpg,640,457,1.400437636761488
coco_28174_crowd.jpg,428,640,0.66875
coco_281766_crowd.jpg,426,640,0.665625
coco_281829_crowd.jpg,640,426,1.5023474178403755
coco_281837_crowd.jpg,480,640,0.75
coco_28194_466558.jpg,640,427,1.4988290398126465
coco_282134_193689.jpg,640,406,1.5763546798029557
coco_282145_crowd.jpg,640,478,1.3389121338912133
coco_282225_466515.jpg,640,480,1.3333333333333333
coco_282658_crowd.jpg,426,640,0.665625
coco_282680_470106.jpg,640,425,1.5058823529411764
coco_282942_195028.jpg,640,425,1.5058823529411764
coco_283186_521503.jpg,640,418,1.5311004784688995
coco_283203_1727244.jpg,640,480,1.3333333333333333
coco_283216_crowd.jpg,640,481,1.3305613305613306
coco_283264_431319.jpg,640,428,1.4953271028037383
coco_283698_crowd.jpg,640,427,1.4988290398126465
coco_284341_440358.jpg,402,640,0.628125
coco_284421_527134.jpg,640,480,1.3333333333333333
coco_285192_crowd.jpg,640,427,1.4988290398126465
coco_285293_467912.jpg,431,640,0.6734375
coco_28535_443019.jpg,640,427,1.4988290398126465
coco_285437_482139.jpg,598,640,0.934375
coco_285462_crowd.jpg,640,480,1.3333333333333333
coco_285583_crowd.jpg,427,640,0.6671875
coco_285645_496575.jpg,640,426,1.5023474178403755
coco_285799_452923.jpg,640,430,1.4883720930232558
coco_286018_crowd.jpg,612,612,1.0
coco_286124_548943.jpg,640,434,1.4746543778801844
coco_28671_434670.jpg,480,640,0.75
coco_286813_184042.jpg,640,480,1.3333333333333333
coco_28692_431043.jpg,640,427,1.4988290398126465
coco_287235_crowd.jpg,640,480,1.3333333333333333
coco_287335_463039.jpg,640,427,1.4988290398126465
coco_287469_crowd.jpg,425,640,0.6640625
coco_287570_2156946.jpg,640,480,1.3333333333333333
coco_287748_185830.jpg,640,479,1.336116910229645
coco_287970_crowd.jpg,513,640,0.8015625
coco_288174_440333.jpg,640,427,1.4988290398126465
coco_288408_508315.jpg,480,640,0.75
coco_288491_crowd.jpg,640,427,1.4988290398126465
coco_288528_crowd.jpg,640,480,1.3333333333333333
coco_288576_188886.jpg,640,429,1.491841491841492
coco_288599_crowd.jpg,640,427,1.4988290398126465
coco_289263_207515.jpg,428,640,0.66875
coco_289323_crowd.jpg,480,640,0.75
coco_289444_crowd.jpg,640,427,1.4988290398126465
coco_289512_202117.jpg,640,480,1.3333333333333333
coco_290115_450376.jpg,640,430,1.4883720930232558
coco_290221_1205788.jpg,640,427,1.4988290398126465
coco_290231_191375.jpg,640,427,1.4988290398126465
coco_290416_440702.jpg,640,640,1.0
coco_29045_468344.jpg,640,480,1.3333333333333333
coco_290558_421102.jpg,423,640,0.6609375
coco_29059_265938.jpg,640,480,1.3333333333333333
coco_290839_crowd.jpg,640,480,1.3333333333333333
coco_290868_crowd.jpg,480,640,0.75
coco_290881_188124.jpg,640,501,1.2774451097804391
coco_290959_crowd.jpg,640,498,1.285140562248996
coco_291048_503355.jpg,640,426,1.5023474178403755
coco_291202_2162628.jpg,468,640,0.73125
coco_291251_465315.jpg,640,427,1.4988290398126465
coco_29151_2151253.jpg,640,479,1.336116910229645
coco_291606_204929.jpg,508,640,0.79375
coco_291834_crowd.jpg,578,640,0.903125
coco_291930_183271.jpg,640,480,1.3333333333333333
coco_292156_447859.jpg,640,640,1.0
coco_292169_228933.jpg,640,427,1.4988290398126465
coco_292188_194492.jpg,640,481,1.3305613305613306
coco_292206_crowd.jpg,333,500,0.666
coco_292227_crowd.jpg,427,640,0.6671875
coco_292485_431438.jpg,426,640,0.665625
coco_292590_425544.jpg,640,425,1.5058823529411764
coco_292648_crowd.jpg,640,433,1.4780600461893765
coco_292901_1215660.jpg,427,640,0.6671875
coco_292988_2156052.jpg,478,640,0.746875
coco_293148_500431.jpg,640,480,1.3333333333333333
coco_293315_crowd.jpg,640,480,1.3333333333333333
coco_293554_192707.jpg,640,480,1.3333333333333333
coco_293564_crowd.jpg,640,425,1.5058823529411764
coco_293768_481437.jpg,426,640,0.665625
coco_293802_crowd.jpg,425,640,0.6640625
coco_293891_480396.jpg,474,640,0.740625
coco_294011_441994.jpg,480,640,0.75
coco_294073_225081.jpg,640,459,1.3943355119825709
coco_294307_1748947.jpg,640,427,1.4988290398126465
coco_29431_483758.jpg,640,480,1.3333333333333333
coco_294373_crowd.jpg,600,400,1.5
coco_294585_477308.jpg,480,640,0.75
coco_294776_492419.jpg,640,461,1.3882863340563991
coco_294853_crowd.jpg,640,427,1.4988290398126465
coco_295092_490954.jpg,427,640,0.6671875
coco_295105_427163.jpg,480,640,0.75
coco_295114_452782.jpg,640,640,1.0
coco_295303_450967.jpg,426,640,0.665625
coco_295308_438821.jpg,640,636,1.0062893081761006
coco_295377_426048.jpg,640,478,1.3389121338912133
coco_295403_crowd.jpg,640,480,1.3333333333333333
coco_295409_crowd.jpg,640,427,1.4988290398126465
coco_295574_555261.jpg,480,640,0.75
coco_295589_crowd.jpg,640,633,1.0110584518167456
coco_29573_434731.jpg,427,640,0.6671875
coco_295945_199305.jpg,640,573,1.1169284467713787
coco_296236_442606.jpg,640,425,1.5058823529411764
coco_296243_472125.jpg,640,480,1.3333333333333333
coco_296459_431405.jpg,640,427,1.4988290398126465
coco_296460_445093.jpg,425,640,0.6640625
coco_296492_196284.jpg,480,640,0.75
coco_29656_crowd.jpg,426,640,0.665625
coco_296676_crowd.jpg,640,426,1.5023474178403755
coco_296684_457596.jpg,640,489,1.30879345603272
coco_296848_495030.jpg,640,428,1.4953271028037383
coco_296906_467591.jpg,640,426,1.5023474178403755
coco_296994_crowd.jpg,480,640,0.75
coco_297220_2150678.jpg,427,640,0.6671875
coco_29727_450339.jpg,408,640,0.6375
coco_297299_462413.jpg,480,640,0.75
coco_297314_crowd.jpg,640,423,1.5130023640661938
coco_297610_crowd.jpg,640,424,1.509433962264151
coco_297669_195495.jpg,640,517,1.2379110251450678
coco_297676_crowd.jpg,426,640,0.665625
coco_29776_196282.jpg,640,427,1.4988290398126465
coco_297812_200794.jpg,480,640,0.75
coco_297933_470044.jpg,640,425,1.5058823529411764
coco_298186_crowd.jpg,640,484,1.322314049586777
coco_298197_crowd.jpg,481,640,0.7515625
coco_298225_219360.jpg,503,480,1.0479166666666666
coco_29833_1207723.jpg,480,640,0.75
coco_298362_440131.jpg,425,640,0.6640625
coco_298526_486183.jpg,425,640,0.6640625
coco_298586_crowd.jpg,640,640,1.0
coco_298629_crowd.jpg,640,427,1.4988290398126465
coco_298784_crowd.jpg,640,480,1.3333333333333333
coco_298812_477645.jpg,426,640,0.665625
coco_299207_439592.jpg,640,480,1.3333333333333333
coco_299254_454565.jpg,640,480,1.3333333333333333
coco_299468_426600.jpg,640,640,1.0
coco_299631_477457.jpg,640,434,1.4746543778801844
coco_299734_crowd.jpg,640,386,1.6580310880829014
coco_299986_436539.jpg,480,640,0.75
coco_300012_428977.jpg,480,640,0.75
coco_300214_492777.jpg,425,640,0.6640625
coco_300357_424348.jpg,480,640,0.75
coco_300472_455532.jpg,640,480,1.3333333333333333
coco_301282_crowd.jpg,427,640,0.6671875
coco_301491_453944.jpg,640,480,1.3333333333333333
coco_301541_1708710.jpg,480,640,0.75
coco_301574_crowd.jpg,640,427,1.4988290398126465
coco_301581_436578.jpg,640,425,1.5058823529411764
coco_301746_crowd.jpg,640,480,1.3333333333333333
coco_301755_449977.jpg,425,640,0.6640625
coco_301766_422055.jpg,640,426,1.5023474178403755
coco_301928_186701.jpg,587,640,0.9171875
coco_301937_189525.jpg,640,452,1.415929203539823
coco_30198_435192.jpg,640,436,1.4678899082568808
coco_302206_crowd.jpg,640,367,1.7438692098092643
coco_302222_crowd.jpg,427,640,0.6671875
coco_302252_455607.jpg,640,427,1.4988290398126465
coco_302290_crowd.jpg,500,333,1.5015015015015014
coco_302310_crowd.jpg,640,427,1.4988290398126465
coco_302512_484293.jpg,640,480,1.3333333333333333
coco_302767_434614.jpg,640,480,1.3333333333333333
coco_302842_426715.jpg,640,426,1.5023474178403755
coco_302958_446464.jpg,640,499,1.282565130260521
coco_303026_434418.jpg,640,427,1.4988290398126465
coco_303321_206687.jpg,612,612,1.0
coco_303413_451828.jpg,640,480,1.3333333333333333
coco_303520_crowd.jpg,640,480,1.3333333333333333
coco_303607_crowd.jpg,640,480,1.3333333333333333
coco_303626_435721.jpg,640,429,1.491841491841492
coco_303738_187664.jpg,640,425,1.5058823529411764
coco_303768_209472.jpg,640,427,1.4988290398126465
coco_303926_crowd.jpg,640,427,1.4988290398126465
coco_303971_186016.jpg,640,427,1.4988290398126465
coco_304008_459189.jpg,640,427,1.4988290398126465
coco_304083_crowd.jpg,640,480,1.3333333333333333
coco_304186_crowd.jpg,640,480,1.3333333333333333
coco_304217_231952.jpg,640,478,1.3389121338912133
coco_304330_527492.jpg,480,640,0.75
coco_304578_205220.jpg,480,640,0.75
coco_304596_426517.jpg,441,640,0.6890625
coco_304834_449471.jpg,640,480,1.3333333333333333
coco_304924_508572.jpg,640,480,1.3333333333333333
coco_305050_2151477.jpg,640,480,1.3333333333333333
coco_305195_494931.jpg,427,640,0.6671875
coco_30534_1223012.jpg,640,480,1.3333333333333333
coco_305376_443016.jpg,427,640,0.6671875
coco_305423_1740664.jpg,636,640,0.99375
coco_305437_crowd.jpg,640,426,1.5023474178403755
coco_305576_427850.jpg,640,640,1.0
coco_305799_1752482.jpg,427,640,0.6671875
coco_305873_487353.jpg,480,640,0.75
coco_306061_473686.jpg,427,640,0.6671875
coco_306394_423031.jpg,427,640,0.6671875
coco_306412_451219.jpg,640,424,1.509433962264151
coco_306495_1741490.jpg,427,640,0.6671875
coco_306585_crowd.jpg,640,424,1.509433962264151
coco_306611_crowd.jpg,640,427,1.4988290398126465
coco_306619_crowd.jpg,543,640,0.8484375
coco_306636_473698.jpg,640,427,1.4988290398126465
coco_306716_195799.jpg,640,427,1.4988290398126465
coco_306908_crowd.jpg,640,482,1.3278008298755186
coco_306931_422377.jpg,427,640,0.6671875
coco_306972_crowd.jpg,640,436,1.4678899082568808
coco_30707_214249.jpg,640,425,1.5058823529411764
coco_307332_crowd.jpg,500,332,1.5060240963855422
coco_307342_crowd.jpg,640,480,1.3333333333333333
coco_307523_1741230.jpg,457,640,0.7140625
coco_307538_204170.jpg,600,400,1.5
coco_307547_441542.jpg,427,640,0.6671875
coco_307786_498164.jpg,424,640,0.6625
coco_307866_485092.jpg,480,640,0.75
coco_307873_crowd.jpg,429,640,0.6703125
coco_307943_crowd.jpg,572,640,0.89375
coco_308128_472901.jpg,640,419,1.5274463007159904
coco_308630_458352.jpg,480,640,0.75
coco_308670_454450.jpg,640,458,1.3973799126637554
coco_308677_212674.jpg,640,457,1.400437636761488
coco_309071_217109.jpg,640,424,1.509433962264151
coco_309120_424488.jpg,640,427,1.4988290398126465
coco_309510_431116.jpg,640,422,1.5165876777251184
coco_309610_446367.jpg,480,640,0.75
coco_309638_470122.jpg,426,640,0.665625
coco_309859_crowd.jpg,640,427,1.4988290398126465
coco_309862_crowd.jpg,640,428,1.4953271028037383
coco_309940_452284.jpg,500,434,1.152073732718894
coco_310008_crowd.jpg,457,640,0.7140625
coco_310035_422038.jpg,640,480,1.3333333333333333
coco_310071_crowd.jpg,421,640,0.6578125
coco_310121_crowd.jpg,640,428,1.4953271028037383
coco_310442_210196.jpg,640,476,1.3445378151260505
coco_310553_crowd.jpg,640,427,1.4988290398126465
coco_31061_crowd.jpg,427,640,0.6671875
coco_310725_2204865.jpg,480,640,0.75
coco_310788_194377.jpg,640,426,1.5023474178403755
coco_310998_2158698.jpg,640,427,1.4988290398126465
coco_3109_2191267.jpg,480,640,0.75
coco_311015_441517.jpg,640,400,1.6
coco_31121_484310.jpg,640,454,1.4096916299559472
coco_311309_crowd.jpg,640,480,1.3333333333333333
coco_311902_1725059.jpg,427,640,0.6671875
coco_312020_187953.jpg,480,640,0.75
coco_312175_429227.jpg,640,480,1.3333333333333333
coco_312341_crowd.jpg,500,333,1.5015015015015014
coco_312783_crowd.jpg,640,427,1.4988290398126465
coco_312803_crowd.jpg,640,428,1.4953271028037383
coco_313093_189403.jpg,640,427,1.4988290398126465
coco_313315_212201.jpg,640,427,1.4988290398126465
coco_313627_crowd.jpg,500,295,1.694915254237288
coco_313733_crowd.jpg,640,480,1.3333333333333333
coco_313735_199522.jpg,640,458,1.3973799126637554
coco_313762_1734018.jpg,424,640,0.6625
coco_313916_crowd.jpg,640,443,1.4446952595936795
coco_313922_crowd.jpg,481,640,0.7515625
coco_314147_458500.jpg,427,640,0.6671875
coco_314154_424051.jpg,640,427,1.4988290398126465
coco_314193_429579.jpg,467,640,0.7296875
coco_314383_crowd.jpg,480,640,0.75
coco_31442_453950.jpg,491,640,0.7671875
coco_314685_462437.jpg,426,640,0.665625
coco_31471_crowd.jpg,640,427,1.4988290398126465
coco_314757_crowd.jpg,640,480,1.3333333333333333
coco_314812_221524.jpg,480,640,0.75
coco_314880_crowd.jpg,640,427,1.4988290398126465
coco_314986_203113.jpg,425,640,0.6640625
coco_315037_467757.jpg,640,495,1.292929292929293
coco_315338_2150724.jpg,436,640,0.68125
coco_315384_445320.jpg,640,441,1.4512471655328798
coco_315448_215849.jpg,640,457,1.400437636761488
coco_315564_crowd.jpg,640,427,1.4988290398126465
coco_315620_crowd.jpg,640,426,1.5023474178403755
coco_315641_534809.jpg,640,480,1.3333333333333333
coco_315696_198182.jpg,640,431,1.4849187935034802
coco_315705_489068.jpg,640,427,1.4988290398126465
coco_315773_471493.jpg,426,640,0.665625
coco_315908_208112.jpg,640,498,1.285140562248996
coco_315939_crowd.jpg,640,533,1.200750469043152
coco_316007_crowd.jpg,640,428,1.4953271028037383
coco_316189_435506.jpg,640,480,1.3333333333333333
coco_316605_crowd.jpg,427,640,0.6671875
coco_316795_190100.jpg,640,578,1.1072664359861593
coco_31699_crowd.jpg,640,424,1.509433962264151
coco_31717_429056.jpg,426,640,0.665625
coco_317254_209381.jpg,640,417,1.5347721822541966
coco_317410_crowd.jpg,640,518,1.2355212355212355
coco_317448_436038.jpg,426,640,0.665625
coco_317639_455969.jpg,640,480,1.3333333333333333
coco_317939_449145.jpg,427,640,0.6671875
coco_318200_crowd.jpg,500,333,1.5015015015015014
coco_318219_crowd.jpg,556,640,0.86875
coco_31825_464423.jpg,640,428,1.4953271028037383
coco_318314_423078.jpg,640,420,1.5238095238095237
coco_318543_435915.jpg,429,640,0.6703125
coco_318570_473696.jpg,640,480,1.3333333333333333
coco_318702_218605.jpg,640,426,1.5023474178403755
coco_319073_482451.jpg,640,427,1.4988290398126465
coco_319275_483485.jpg,640,457,1.400437636761488
coco_319432_450303.jpg,428,640,0.66875
coco_319487_183372.jpg,640,480,1.3333333333333333
coco_319647_430668.jpg,640,425,1.5058823529411764
coco_31981_470473.jpg,640,480,1.3333333333333333
coco_31984_crowd.jpg,426,640,0.665625
coco_319908_crowd.jpg,480,640,0.75
coco_320106_459623.jpg,427,640,0.6671875
coco_320150_454944.jpg,640,480,1.3333333333333333
coco_320350_crowd.jpg,500,333,1.5015015015015014
coco_320396_207138.jpg,640,426,1.5023474178403755
coco_320461_422340.jpg,640,427,1.4988290398126465
coco_320480_crowd.jpg,427,640,0.6671875
coco_320641_213849.jpg,640,480,1.3333333333333333
coco_320715_451679.jpg,426,640,0.665625
coco_320843_2164023.jpg,640,480,1.3333333333333333
coco_320864_479453.jpg,427,640,0.6671875
coco_3209_crowd.jpg,640,640,1.0
coco_321258_439000.jpg,640,428,1.4953271028037383
coco_321663_crowd.jpg,518,640,0.809375
coco_321811_453250.jpg,437,640,0.6828125
coco_322029_crowd.jpg,640,627,1.0207336523125996
coco_322056_188505.jpg,500,480,1.0416666666666667
coco_322177_506813.jpg,640,504,1.2698412698412698
coco_322261_crowd.jpg,640,427,1.4988290398126465
coco_32258_crowd.jpg,500,375,1.3333333333333333
coco_322922_crowd.jpg,500,337,1.4836795252225519
coco_32300_crowd.jpg,640,480,1.3333333333333333
coco_323067_491865.jpg,640,480,1.3333333333333333
coco_323288_439537.jpg,640,480,1.3333333333333333
coco_323552_437524.jpg,480,640,0.75
coco_323682_443890.jpg,640,480,1.3333333333333333
coco_323851_197862.jpg,483,640,0.7546875
coco_323951_1229565.jpg,480,640,0.75
coco_324135_1227251.jpg,426,640,0.665625
coco_324155_crowd.jpg,427,640,0.6671875
coco_324285_191520.jpg,640,427,1.4988290398126465
coco_324340_470996.jpg,428,640,0.66875
coco_324595_crowd.jpg,484,640,0.75625
coco_32464_1751822.jpg,640,426,1.5023474178403755
coco_324776_200760.jpg,640,424,1.509433962264151
coco_325237_crowd.jpg,640,372,1.7204301075268817
coco_325239_422846.jpg,640,424,1.509433962264151
coco_325374_207845.jpg,640,480,1.3333333333333333
coco_32538_184866.jpg,427,640,0.6671875
coco_325473_443012.jpg,425,640,0.6640625
coco_325593_435341.jpg,640,426,1.5023474178403755
coco_325602_crowd.jpg,496,640,0.775
coco_325736_480141.jpg,472,640,0.7375
coco_325958_199147.jpg,640,480,1.3333333333333333
coco_326058_192833.jpg,640,428,1.4953271028037383
coco_326088_crowd.jpg,640,426,1.5023474178403755
coco_326243_438983.jpg,512,640,0.8
coco_326284_473770.jpg,515,640,0.8046875
coco_326368_193636.jpg,640,480,1.3333333333333333
coco_326420_1725943.jpg,640,427,1.4988290398126465
coco_326510_crowd.jpg,640,480,1.3333333333333333
coco_326555_crowd.jpg,480,640,0.75
coco_326664_521670.jpg,506,640,0.790625
coco_326702_crowd.jpg,640,480,1.3333333333333333
coco_326774_223255.jpg,612,612,1.0
coco_326837_2155955.jpg,640,427,1.4988290398126465
coco_326938_crowd.jpg,480,640,0.75
coco_327255_crowd.jpg,640,480,1.3333333333333333
coco_327314_198628.jpg,640,561,1.1408199643493762
coco_327417_2191001.jpg,480,640,0.75
coco_327514_188955.jpg,425,640,0.6640625
coco_32760_crowd.jpg,640,482,1.3278008298755186
coco_32777_crowd.jpg,640,480,1.3333333333333333
coco_328110_crowd.jpg,640,425,1.5058823529411764
coco_328284_457334.jpg,640,425,1.5058823529411764
coco_328397_427964.jpg,426,640,0.665625
coco_328409_465374.jpg,412,640,0.64375
coco_328818_2155927.jpg,427,640,0.6671875
coco_328836_crowd.jpg,640,480,1.3333333333333333
coco_328940_crowd.jpg,640,337,1.8991097922848665
coco_328_crowd.jpg,640,491,1.3034623217922607
coco_329008_crowd.jpg,640,578,1.1072664359861593
coco_329088_432402.jpg,612,612,1.0
coco_32947_1717985.jpg,427,640,0.6671875
coco_32965_194299.jpg,640,480,1.3333333333333333
coco_329687_crowd.jpg,640,427,1.4988290398126465
coco_329932_461067.jpg,480,640,0.75
coco_329957_crowd.jpg,640,424,1.509433962264151
coco_330053_crowd.jpg,640,428,1.4953271028037383
coco_330091_1212417.jpg,640,426,1.5023474178403755
coco_330205_471669.jpg,640,452,1.415929203539823
coco_330348_1233077.jpg,640,640,1.0
coco_330387_439620.jpg,479,640,0.7484375
coco_33044_517534.jpg,480,640,0.75
coco_330478_503262.jpg,623,640,0.9734375
coco_33055_423747.jpg,427,640,0.6671875
coco_330699_443818.jpg,612,612,1.0
coco_330736_crowd.jpg,640,364,1.7582417582417582
coco_330754_crowd.jpg,375,500,0.75
coco_330845_194102.jpg,427,640,0.6671875
coco_330986_crowd.jpg,427,640,0.6671875
coco_331083_2208006.jpg,640,427,1.4988290398126465
coco_331180_488386.jpg,464,640,0.725
coco_331185_192677.jpg,640,426,1.5023474178403755
coco_331366_crowd.jpg,640,480,1.3333333333333333
coco_331403_433196.jpg,426,640,0.665625
coco_331529_crowd.jpg,480,640,0.75
coco_331686_crowd.jpg,640,640,1.0
coco_331844_430860.jpg,640,423,1.5130023640661938
coco_332058_456424.jpg,433,640,0.6765625
coco_332282_crowd.jpg,640,504,1.2698412698412698
coco_332292_crowd.jpg,640,425,1.5058823529411764
coco_332582_2151916.jpg,427,640,0.6671875
coco_332607_487262.jpg,480,640,0.75
coco_332653_crowd.jpg,612,612,1.0
coco_332844_225122.jpg,640,480,1.3333333333333333
coco_332851_424015.jpg,640,480,1.3333333333333333
coco_332869_crowd.jpg,640,427,1.4988290398126465
coco_332877_crowd.jpg,640,360,1.7777777777777777
coco_332916_455687.jpg,640,640,1.0
coco_33325_crowd.jpg,500,375,1.3333333333333333
coco_333314_crowd.jpg,640,511,1.2524461839530332
coco_333538_crowd.jpg,640,359,1.7827298050139275
coco_333730_218060.jpg,454,640,0.709375
coco_333737_198350.jpg,480,640,0.75
coco_333756_443590.jpg,639,640,0.9984375
coco_33377_crowd.jpg,640,480,1.3333333333333333
coco_334021_430219.jpg,428,640,0.66875
coco_33405_210263.jpg,640,482,1.3278008298755186
coco_334077_207951.jpg,640,433,1.4780600461893765
coco_334222_440196.jpg,427,640,0.6671875
coco_334240_191700.jpg,480,640,0.75
coco_334291_crowd.jpg,640,478,1.3389121338912133
coco_334321_crowd.jpg,640,360,1.7777777777777777
coco_33441_517201.jpg,612,612,1.0
coco_334648_443683.jpg,515,640,0.8046875
coco_334713_187655.jpg,427,640,0.6671875
coco_335041_456533.jpg,640,427,1.4988290398126465
coco_335065_crowd.jpg,640,427,1.4988290398126465
coco_335579_195489.jpg,640,480,1.3333333333333333
coco_335585_220432.jpg,640,530,1.2075471698113207
coco_335587_489067.jpg,434,640,0.678125
coco_335814_crowd.jpg,480,640,0.75
coco_335839_475081.jpg,640,480,1.3333333333333333
coco_336101_1727495.jpg,480,640,0.75
coco_336166_459442.jpg,427,640,0.6671875
coco_336245_426089.jpg,480,640,0.75
coco_336355_crowd.jpg,512,640,0.8
coco_336360_crowd.jpg,640,427,1.4988290398126465
coco_33645_474151.jpg,640,480,1.3333333333333333
coco_336602_454053.jpg,424,640,0.6625
coco_33672_195641.jpg,452,640,0.70625
coco_336802_192949.jpg,478,640,0.746875
coco_337305_500713.jpg,480,640,0.75
coco_33731_439052.jpg,512,640,0.8
coco_337354_crowd.jpg,640,480,1.3333333333333333
coco_337375_crowd.jpg,427,640,0.6671875
coco_337453_440302.jpg,640,480,1.3333333333333333
coco_337517_425865.jpg,640,480,1.3333333333333333
coco_337619_crowd.jpg,640,424,1.509433962264151
coco_337843_484107.jpg,640,425,1.5058823529411764
coco_338041_crowd.jpg,428,640,0.66875
coco_338108_crowd.jpg,480,640,0.75
coco_33815_crowd.jpg,640,424,1.509433962264151
coco_338256_210484.jpg,426,640,0.665625
coco_338375_crowd.jpg,640,546,1.1721611721611722
coco_338678_1717448.jpg,640,427,1.4988290398126465
coco_338703_crowd.jpg,500,406,1.2315270935960592
coco_33871_crowd.jpg,429,640,0.6703125
coco_338847_453921.jpg,427,640,0.6671875
coco_339009_crowd.jpg,640,480,1.3333333333333333
coco_33900_478594.jpg,640,427,1.4988290398126465
coco_339058_crowd.jpg,425,640,0.6640625
coco_339245_crowd.jpg,640,426,1.5023474178403755
coco_339336_471231.jpg,640,480,1.3333333333333333
coco_33958_2154927.jpg,640,427,1.4988290398126465
coco_339676_crowd.jpg,640,427,1.4988290398126465
coco_339678_427534.jpg,640,640,1.0
coco_339703_478411.jpg,640,426,1.5023474178403755
coco_339988_425985.jpg,405,640,0.6328125
coco_340007_499529.jpg,427,640,0.6671875
coco_340069_446337.jpg,640,480,1.3333333333333333
coco_34015_191952.jpg,640,427,1.4988290398126465
coco_340308_423149.jpg,640,480,1.3333333333333333
coco_340368_crowd.jpg,640,427,1.4988290398126465
coco_341010_422363.jpg,640,640,1.0
coco_341017_201864.jpg,640,480,1.3333333333333333
coco_341041_421397.jpg,612,612,1.0
coco_341113_430746.jpg,640,427,1.4988290398126465
coco_341487_crowd.jpg,640,429,1.491841491841492
coco_341910_445215.jpg,426,640,0.665625
coco_34212_436695.jpg,612,612,1.0
coco_342146_crowd.jpg,640,480,1.3333333333333333
coco_342165_219559.jpg,640,427,1.4988290398126465
coco_34222_189078.jpg,640,429,1.491841491841492
coco_342232_crowd.jpg,480,640,0.75
coco_342260_crowd.jpg,577,640,0.9015625
coco_34234_2166366.jpg,427,640,0.6671875
coco_342521_crowd.jpg,640,425,1.5058823529411764
coco_342675_205290.jpg,640,480,1.3333333333333333
coco_342770_2162149.jpg,640,480,1.3333333333333333
coco_34299_crowd.jpg,375,500,0.75
coco_343062_423737.jpg,640,427,1.4988290398126465
coco_343401_crowd.jpg,361,500,0.722
coco_343769_crowd.jpg,427,640,0.6671875
coco_343914_431708.jpg,640,426,1.5023474178403755
coco_343978_436699.jpg,640,427,1.4988290398126465
coco_344005_crowd.jpg,640,428,1.4953271028037383
coco_344125_crowd.jpg,640,480,1.3333333333333333
coco_344271_214206.jpg,640,480,1.3333333333333333
coco_344307_crowd.jpg,427,640,0.6671875
coco_344410_crowd.jpg,640,427,1.4988290398126465
coco_344498_crowd.jpg,640,480,1.3333333333333333
coco_344548_190302.jpg,640,480,1.3333333333333333
coco_344741_crowd.jpg,640,480,1.3333333333333333
coco_344862_crowd.jpg,500,333,1.5015015015015014
coco_345139_2191235.jpg,640,427,1.4988290398126465
coco_345154_427037.jpg,640,427,1.4988290398126465
coco_345294_423705.jpg,425,640,0.6640625
coco_345389_1206844.jpg,480,640,0.75
coco_345665_437970.jpg,427,640,0.6671875
coco_345787_crowd.jpg,480,640,0.75
coco_345847_451669.jpg,480,640,0.75
coco_345937_220014.jpg,640,480,1.3333333333333333
coco_345960_431267.jpg,480,640,0.75
coco_346154_215325.jpg,640,424,1.509433962264151
coco_346175_435363.jpg,640,428,1.4953271028037383
coco_346275_458311.jpg,427,640,0.6671875
coco_346560_212904.jpg,640,598,1.0702341137123745
coco_346577_428010.jpg,640,425,1.5058823529411764
coco_346717_crowd.jpg,640,427,1.4988290398126465
coco_346774_crowd.jpg,480,640,0.75
coco_346821_crowd.jpg,640,427,1.4988290398126465
coco_346972_507855.jpg,480,640,0.75
coco_347170_476505.jpg,640,512,1.25
coco_347179_crowd.jpg,640,421,1.520190023752969
coco_347535_494487.jpg,640,518,1.2355212355212355
coco_347620_192469.jpg,427,640,0.6671875
coco_347823_crowd.jpg,640,481,1.3305613305613306
coco_347848_513581.jpg,441,640,0.6890625
coco_347982_crowd.jpg,640,640,1.0
coco_348087_crowd.jpg,439,640,0.6859375
coco_348092_219830.jpg,640,427,1.4988290398126465
coco_348263_443790.jpg,417,640,0.6515625
coco_348447_crowd.jpg,640,427,1.4988290398126465
coco_348469_458105.jpg,432,640,0.675
coco_348524_crowd.jpg,426,640,0.665625
coco_348594_crowd.jpg,500,375,1.3333333333333333
coco_348701_429177.jpg,427,640,0.6671875
coco_348730_482830.jpg,640,480,1.3333333333333333
coco_348795_478077.jpg,640,426,1.5023474178403755
coco_348838_2164053.jpg,480,640,0.75
coco_34900_442166.jpg,640,426,1.5023474178403755
coco_349090_498231.jpg,480,640,0.75
coco_34930_crowd.jpg,600,550,1.0909090909090908
coco_349414_484308.jpg,480,640,0.75
coco_349438_490179.jpg,640,425,1.5058823529411764
coco_349559_479546.jpg,640,425,1.5058823529411764
coco_349590_crowd.jpg,480,640,0.75
coco_349622_485108.jpg,429,640,0.6703125
coco_34993_186329.jpg,640,427,1.4988290398126465
coco_350099_508416.jpg,640,428,1.4953271028037383
coco_350386_crowd.jpg,500,375,1.3333333333333333
coco_350457_crowd.jpg,480,640,0.75
coco_350668_422161.jpg,640,426,1.5023474178403755
coco_350840_1733464.jpg,640,431,1.4849187935034802
coco_350855_crowd.jpg,640,426,1.5023474178403755
coco_350874_crowd.jpg,640,480,1.3333333333333333
coco_350930_crowd.jpg,640,512,1.25
coco_350974_crowd.jpg,640,480,1.3333333333333333
coco_351140_1724933.jpg,500,476,1.050420168067227
coco_351577_1716791.jpg,640,427,1.4988290398126465
coco_351793_422249.jpg,640,427,1.4988290398126465
coco_351868_crowd.jpg,424,640,0.6625
coco_352007_crowd.jpg,612,612,1.0
coco_352027_422623.jpg,427,640,0.6671875
coco_352302_crowd.jpg,640,426,1.5023474178403755
coco_352361_crowd.jpg,512,640,0.8
coco_352496_crowd.jpg,480,640,0.75
coco_352949_449680.jpg,478,640,0.746875
coco_353001_crowd.jpg,640,480,1.3333333333333333
coco_353067_2161019.jpg,424,640,0.6625
coco_35313_445403.jpg,640,426,1.5023474178403755
coco_353510_428380.jpg,640,480,1.3333333333333333
coco_353577_crowd.jpg,500,375,1.3333333333333333
coco_353989_1288832.jpg,457,640,0.7140625
coco_354027_crowd.jpg,640,428,1.4953271028037383
coco_354132_184149.jpg,640,427,1.4988290398126465
coco_354241_189235.jpg,640,425,1.5058823529411764
coco_354242_202738.jpg,640,471,1.3588110403397027
coco_354254_2198525.jpg,461,640,0.7203125
coco_354539_crowd.jpg,612,612,1.0
coco_354572_428202.jpg,640,438,1.461187214611872
coco_354685_422995.jpg,480,640,0.75
coco_354929_crowd.jpg,640,426,1.5023474178403755
coco_355137_425240.jpg,640,425,1.5058823529411764
coco_355179_205188.jpg,640,427,1.4988290398126465
coco_355214_187776.jpg,480,640,0.75
coco_355256_1220058.jpg,427,640,0.6671875
coco_35525_481445.jpg,640,427,1.4988290398126465
coco_355297_446061.jpg,640,426,1.5023474178403755
coco_355342_crowd.jpg,640,427,1.4988290398126465
coco_355453_454702.jpg,640,457,1.400437636761488
coco_355513_431940.jpg,480,640,0.75
coco_356421_441850.jpg,486,640,0.759375
coco_356827_422306.jpg,640,427,1.4988290398126465
coco_356920_472719.jpg,448,640,0.7
coco_356937_530945.jpg,640,427,1.4988290398126465
coco_357291_497518.jpg,640,427,1.4988290398126465
coco_357312_452503.jpg,581,640,0.9078125
coco_357317_425149.jpg,640,480,1.3333333333333333
coco_357322_crowd.jpg,480,640,0.75
coco_357335_494473.jpg,640,480,1.3333333333333333
coco_357529_495323.jpg,640,427,1.4988290398126465
coco_357542_216871.jpg,481,640,0.7515625
coco_357743_crowd.jpg,640,480,1.3333333333333333
coco_357758_190335.jpg,440,640,0.6875
coco_357782_crowd.jpg,480,640,0.75
coco_35795_507976.jpg,480,640,0.75
coco_358019_crowd.jpg,640,536,1.1940298507462686
coco_358058_421527.jpg,429,640,0.6703125
coco_3580_208033.jpg,640,480,1.3333333333333333
coco_358629_439938.jpg,640,422,1.5165876777251184
coco_359066_201060.jpg,480,640,0.75
coco_359232_crowd.jpg,640,437,1.4645308924485125
coco_359238_189288.jpg,430,640,0.671875
coco_359270_2163754.jpg,427,640,0.6671875
coco_359387_1706112.jpg,427,640,0.6671875
coco_359589_447496.jpg,640,457,1.400437636761488
coco_35966_crowd.jpg,640,426,1.5023474178403755
coco_359851_crowd.jpg,480,640,0.75
coco_360208_crowd.jpg,480,640,0.75
coco_360409_201690.jpg,640,425,1.5058823529411764
coco_360716_479465.jpg,591,640,0.9234375
coco_360735_184262.jpg,640,427,1.4988290398126465
coco_360818_463417.jpg,640,428,1.4953271028037383
coco_361022_189486.jpg,427,640,0.6671875
coco_361055_2156485.jpg,427,640,0.6671875
coco_361106_crowd.jpg,640,428,1.4953271028037383
coco_361111_203144.jpg,640,480,1.3333333333333333
coco_361245_crowd.jpg,640,427,1.4988290398126465
coco_361265_481782.jpg,640,427,1.4988290398126465
coco_361382_225380.jpg,640,480,1.3333333333333333
coco_361521_431100.jpg,640,480,1.3333333333333333
coco_361860_477833.jpg,640,425,1.5058823529411764
coco_361948_crowd.jpg,640,424,1.509433962264151
coco_361964_191474.jpg,640,426,1.5023474178403755
coco_361992_crowd.jpg,500,375,1.3333333333333333
coco_362090_2205271.jpg,640,474,1.350210970464135
coco_362122_crowd.jpg,640,459,1.3943355119825709
coco_36230_crowd.jpg,640,427,1.4988290398126465
coco_362343_crowd.jpg,533,640,0.8328125
coco_362348_crowd.jpg,640,428,1.4953271028037383
coco_362369_466930.jpg,640,428,1.4953271028037383
coco_362563_crowd.jpg,640,427,1.4988290398126465
coco_362778_crowd.jpg,480,640,0.75
coco_362812_233278.jpg,640,427,1.4988290398126465
coco_363036_crowd.jpg,448,640,0.7
coco_363048_crowd.jpg,640,425,1.5058823529411764
coco_36311_502157.jpg,454,640,0.709375
coco_363126_421490.jpg,480,640,0.75
coco_363134_crowd.jpg,480,640,0.75
coco_363272_crowd.jpg,417,640,0.6515625
coco_36333_501716.jpg,425,640,0.6640625
coco_363403_455150.jpg,425,640,0.6640625
coco_363522_crowd.jpg,427,640,0.6671875
coco_363577_205575.jpg,640,425,1.5058823529411764
coco_363594_crowd.jpg,640,427,1.4988290398126465
coco_363640_2155553.jpg,640,457,1.400437636761488
coco_364031_193165.jpg,640,480,1.3333333333333333
coco_364243_crowd.jpg,640,426,1.5023474178403755
coco_364284_486123.jpg,640,480,1.3333333333333333
coco_364567_202302.jpg,640,447,1.4317673378076063
coco_364608_427791.jpg,640,480,1.3333333333333333
coco_364745_crowd.jpg,640,480,1.3333333333333333
coco_365068_crowd.jpg,640,508,1.2598425196850394
coco_365099_479703.jpg,480,640,0.75
coco_365191_459372.jpg,640,424,1.509433962264151
coco_365366_187863.jpg,480,640,0.75
coco_365444_190393.jpg,640,451,1.419068736141907
coco_365663_crowd.jpg,640,424,1.509433962264151
coco_365685_466574.jpg,480,640,0.75
coco_365687_1713999.jpg,640,427,1.4988290398126465
coco_365701_459628.jpg,489,640,0.7640625
coco_365711_441235.jpg,640,425,1.5058823529411764
coco_365752_crowd.jpg,640,446,1.4349775784753362
coco_365851_455713.jpg,640,427,1.4988290398126465
coco_365993_crowd.jpg,622,640,0.971875
coco_366031_190986.jpg,640,424,1.509433962264151
coco_366502_446386.jpg,640,427,1.4988290398126465
coco_366679_214479.jpg,484,500,0.968
coco_366931_crowd.jpg,500,375,1.3333333333333333
coco_367142_1233264.jpg,640,480,1.3333333333333333
coco_367610_223746.jpg,640,424,1.509433962264151
coco_367710_484296.jpg,640,640,1.0
coco_367953_500216.jpg,427,640,0.6671875
coco_368049_472875.jpg,640,480,1.3333333333333333
coco_368402_476223.jpg,640,427,1.4988290398126465
coco_368528_545129.jpg,640,423,1.5130023640661938
coco_368565_crowd.jpg,640,481,1.3305613305613306
coco_368676_crowd.jpg,640,472,1.3559322033898304
coco_368844_520031.jpg,427,640,0.6671875
coco_369259_crowd.jpg,640,480,1.3333333333333333
coco_369393_crowd.jpg,482,640,0.753125
coco_369840_crowd.jpg,640,427,1.4988290398126465
coco_369913_470250.jpg,440,500,0.88
coco_369986_crowd.jpg,425,640,0.6640625
coco_370165_197381.jpg,640,427,1.4988290398126465
coco_370207_crowd.jpg,640,466,1.3733905579399142
coco_370209_427880.jpg,640,480,1.3333333333333333
coco_370233_crowd.jpg,500,333,1.5015015015015014
coco_370331_crowd.jpg,640,427,1.4988290398126465
coco_370401_477714.jpg,640,459,1.3943355119825709
coco_370657_crowd.jpg,640,480,1.3333333333333333
coco_370701_209990.jpg,640,640,1.0
coco_370890_443118.jpg,640,425,1.5058823529411764
coco_370953_crowd.jpg,640,480,1.3333333333333333
coco_371129_453483.jpg,640,480,1.3333333333333333
coco_371365_crowd.jpg,640,480,1.3333333333333333
coco_371427_216651.jpg,640,590,1.0847457627118644
coco_371869_crowd.jpg,375,500,0.75
coco_37209_crowd.jpg,640,426,1.5023474178403755
coco_372113_crowd.jpg,640,425,1.5058823529411764
coco_372191_crowd.jpg,500,344,1.4534883720930232
coco_372233_1748249.jpg,480,640,0.75
coco_372620_crowd.jpg,640,427,1.4988290398126465
coco_372731_197323.jpg,640,426,1.5023474178403755
coco_373289_449946.jpg,427,640,0.6671875
coco_373344_197165.jpg,640,426,1.5023474178403755
coco_373424_2151290.jpg,640,480,1.3333333333333333
coco_373577_183972.jpg,602,640,0.940625
coco_373713_crowd.jpg,500,333,1.5015015015015014
coco_373768_crowd.jpg,640,480,1.3333333333333333
coco_373785_464140.jpg,640,427,1.4988290398126465
coco_374270_crowd.jpg,640,427,1.4988290398126465
coco_374368_435936.jpg,480,640,0.75
coco_374430_crowd.jpg,640,427,1.4988290398126465
coco_374487_1728169.jpg,640,427,1.4988290398126465
coco_374559_crowd.jpg,480,640,0.75
coco_374702_450232.jpg,428,640,0.66875
coco_375063_1256613.jpg,480,640,0.75
coco_37513_198615.jpg,426,640,0.665625
coco_375461_crowd.jpg,640,427,1.4988290398126465
coco_376059_457160.jpg,413,640,0.6453125
coco_376208_crowd.jpg,640,427,1.4988290398126465
coco_376449_2158561.jpg,640,567,1.128747795414462
coco_376549_430463.jpg,640,480,1.3333333333333333
coco_37655_1206342.jpg,480,640,0.75
coco_376628_crowd.jpg,640,426,1.5023474178403755
coco_37677_440353.jpg,640,640,1.0
coco_376891_194648.jpg,640,480,1.3333333333333333
coco_377060_186631.jpg,640,428,1.4953271028037383
coco_377097_469163.jpg,640,480,1.3333333333333333
coco_377111_423918.jpg,427,640,0.6671875
coco_377155_425581.jpg,421,640,0.6578125
coco_377352_crowd.jpg,640,424,1.509433962264151
coco_377577_442590.jpg,640,428,1.4953271028037383
coco_377802_429432.jpg,640,401,1.5960099750623442
coco_378163_194539.jpg,453,640,0.7078125
coco_378334_crowd.jpg,409,640,0.6390625
coco_378347_crowd.jpg,480,640,0.75
coco_37846_436281.jpg,426,640,0.665625
coco_378482_187588.jpg,426,640,0.665625
coco_378561_212700.jpg,426,640,0.665625
coco_378652_455286.jpg,640,425,1.5058823529411764
coco_378658_crowd.jpg,640,427,1.4988290398126465
coco_378667_438084.jpg,428,640,0.66875
coco_3786_1722033.jpg,640,480,1.3333333333333333
coco_37875_488200.jpg,427,640,0.6671875
coco_379542_449327.jpg,638,640,0.996875
coco_379734_crowd.jpg,640,427,1.4988290398126465
coco_379784_2198424.jpg,640,427,1.4988290398126465
coco_379841_1202908.jpg,543,640,0.8484375
coco_380088_207682.jpg,433,640,0.6765625
coco_380140_478723.jpg,640,511,1.2524461839530332
coco_38031_crowd.jpg,500,375,1.3333333333333333
coco_380330_456074.jpg,634,640,0.990625
coco_380414_crowd.jpg,510,640,0.796875
coco_380609_435673.jpg,640,480,1.3333333333333333
coco_380634_193445.jpg,640,427,1.4988290398126465
coco_380828_crowd.jpg,467,640,0.7296875
coco_380979_480091.jpg,640,424,1.509433962264151
coco_380993_crowd.jpg,640,408,1.5686274509803921
coco_381262_crowd.jpg,640,427,1.4988290398126465
coco_381416_1210434.jpg,640,480,1.3333333333333333
coco_381527_1205389.jpg,640,426,1.5023474178403755
coco_381608_crowd.jpg,640,427,1.4988290398126465
coco_381925_438518.jpg,640,424,1.509433962264151
coco_381991_188914.jpg,549,640,0.8578125
coco_382256_crowd.jpg,640,313,2.0447284345047922
coco_382263_433242.jpg,640,480,1.3333333333333333
coco_382406_199002.jpg,640,413,1.549636803874092
coco_382512_crowd.jpg,640,480,1.3333333333333333
coco_382557_crowd.jpg,640,414,1.5458937198067633
coco_382572_422690.jpg,428,640,0.66875
coco_382683_crowd.jpg,500,403,1.2406947890818858
coco_382715_crowd.jpg,425,640,0.6640625
coco_382801_437803.jpg,640,480,1.3333333333333333
coco_382848_190798.jpg,640,427,1.4988290398126465
coco_382999_515553.jpg,427,640,0.6671875
coco_383046_2160190.jpg,640,427,1.4988290398126465
coco_383322_crowd.jpg,640,427,1.4988290398126465
coco_383324_439296.jpg,458,640,0.715625
coco_383397_1762333.jpg,640,640,1.0
coco_383462_212848.jpg,640,515,1.2427184466019416
coco_383518_crowd.jpg,640,346,1.8497109826589595
coco_383703_440840.jpg,425,640,0.6640625
coco_383777_209152.jpg,640,640,1.0
coco_384038_192280.jpg,640,480,1.3333333333333333
coco_384114_crowd.jpg,640,480,1.3333333333333333
coco_384348_430804.jpg,640,480,1.3333333333333333
coco_384416_crowd.jpg,483,640,0.7546875
coco_384461_463625.jpg,640,427,1.4988290398126465
coco_384462_1207955.jpg,640,483,1.3250517598343685
coco_384723_518103.jpg,640,428,1.4953271028037383
coco_384834_204932.jpg,640,427,1.4988290398126465
coco_384995_449205.jpg,480,640,0.75
coco_385057_crowd.jpg,503,640,0.7859375
coco_385154_465196.jpg,427,640,0.6671875
coco_385454_crowd.jpg,640,433,1.4780600461893765
coco_385540_223732.jpg,425,640,0.6640625
coco_385669_437840.jpg,425,640,0.6640625
coco_38572_crowd.jpg,640,480,1.3333333333333333
coco_385779_444252.jpg,427,640,0.6671875
coco_38586_crowd.jpg,640,427,1.4988290398126465
coco_385877_187460.jpg,640,427,1.4988290398126465
coco_385896_433683.jpg,427,640,0.6671875
coco_385912_225857.jpg,640,427,1.4988290398126465
coco_38601_450444.jpg,429,640,0.6703125
coco_386035_482217.jpg,427,640,0.6671875
coco_386424_crowd.jpg,640,480,1.3333333333333333
coco_386589_188611.jpg,600,400,1.5
coco_386677_440873.jpg,640,436,1.4678899082568808
coco_386718_196900.jpg,640,426,1.5023474178403755
coco_386968_crowd.jpg,640,479,1.336116910229645
coco_38726_461126.jpg,640,427,1.4988290398126465
coco_387463_507831.jpg,640,425,1.5058823529411764
coco_387655_1727859.jpg,640,406,1.5763546798029557
coco_387696_crowd.jpg,640,592,1.0810810810810811
coco_388161_crowd.jpg,640,427,1.4988290398126465
coco_38828_198029.jpg,498,640,0.778125
coco_388398_crowd.jpg,640,415,1.5421686746987953
coco_388422_crowd.jpg,640,425,1.5058823529411764
coco_388439_crowd.jpg,437,640,0.6828125
coco_388464_475165.jpg,427,640,0.6671875
coco_388654_463562.jpg,484,640,0.75625
coco_388677_crowd.jpg,640,480,1.3333333333333333
coco_388829_2155171.jpg,640,480,1.3333333333333333
coco_389116_218438.jpg,640,428,1.4953271028037383
coco_389206_438253.jpg,640,436,1.4678899082568808
coco_389273_504677.jpg,640,410,1.5609756097560976
coco_389738_crowd.jpg,640,480,1.3333333333333333
coco_389974_1733705.jpg,640,425,1.5058823529411764
coco_390298_184845.jpg,640,427,1.4988290398126465
coco_390401_crowd.jpg,640,438,1.461187214611872
coco_390731_crowd.jpg,640,480,1.3333333333333333
coco_391343_crowd.jpg,640,425,1.5058823529411764
coco_391365_1748414.jpg,480,640,0.75
coco_391620_213150.jpg,640,588,1.08843537414966
coco_391642_464595.jpg,640,426,1.5023474178403755
coco_391662_482590.jpg,612,612,1.0
coco_391837_194701.jpg,640,480,1.3333333333333333
coco_391862_191506.jpg,640,480,1.3333333333333333
coco_391933_223290.jpg,640,427,1.4988290398126465
coco_391940_crowd.jpg,640,480,1.3333333333333333
coco_392022_457826.jpg,640,427,1.4988290398126465
coco_39202_481441.jpg,640,428,1.4953271028037383
coco_392144_crowd.jpg,640,429,1.491841491841492
coco_392183_468194.jpg,427,640,0.6671875
coco_392320_crowd.jpg,640,480,1.3333333333333333
coco_392382_crowd.jpg,427,640,0.6671875
coco_392443_423811.jpg,640,427,1.4988290398126465
coco_392506_209178.jpg,480,640,0.75
coco_392511_crowd.jpg,480,640,0.75
coco_392612_crowd.jpg,640,433,1.4780600461893765
coco_39267_510195.jpg,501,640,0.7828125
coco_392764_446572.jpg,640,480,1.3333333333333333
coco_392781_538000.jpg,640,428,1.4953271028037383
coco_392967_crowd.jpg,640,428,1.4953271028037383
coco_393284_427667.jpg,427,640,0.6671875
coco_393513_434431.jpg,640,427,1.4988290398126465
coco_393674_430221.jpg,480,640,0.75
coco_393720_554186.jpg,441,640,0.6890625
coco_3938_crowd.jpg,480,640,0.75
coco_393984_2164589.jpg,612,612,1.0
coco_394050_crowd.jpg,429,640,0.6703125
coco_394246_471732.jpg,427,640,0.6671875
coco_394892_443696.jpg,640,427,1.4988290398126465
coco_395046_208792.jpg,427,640,0.6671875
coco_39504_209310.jpg,426,640,0.665625
coco_395248_199531.jpg,640,427,1.4988290398126465
coco_395382_crowd.jpg,480,640,0.75
coco_395621_crowd.jpg,640,428,1.4953271028037383
coco_395717_204010.jpg,435,500,0.87
coco_395749_crowd.jpg,640,359,1.7827298050139275
coco_39606_443974.jpg,500,500,1.0
coco_396617_428840.jpg,640,424,1.509433962264151
coco_396687_crowd.jpg,640,427,1.4988290398126465
coco_396820_crowd.jpg,480,640,0.75
coco_396972_crowd.jpg,429,640,0.6703125
coco_397101_224183.jpg,640,534,1.198501872659176
coco_39718_crowd.jpg,640,480,1.3333333333333333
coco_397211_crowd.jpg,640,478,1.3389121338912133
coco_39731_474130.jpg,640,413,1.549636803874092
coco_397352_crowd.jpg,640,427,1.4988290398126465
coco_397522_421377.jpg,640,425,1.5058823529411764
coco_398309_1740016.jpg,640,452,1.415929203539823
coco_398637_crowd.jpg,640,480,1.3333333333333333
coco_39866_449189.jpg,640,614,1.0423452768729642
coco_398992_190544.jpg,640,480,1.3333333333333333
coco_399178_crowd.jpg,640,480,1.3333333333333333
coco_399415_crowd.jpg,427,640,0.6671875
coco_399545_crowd.jpg,427,640,0.6671875
coco_399759_421587.jpg,480,640,0.75
coco_399790_crowd.jpg,640,428,1.4953271028037383
coco_399822_crowd.jpg,640,428,1.4953271028037383
coco_399879_422879.jpg,640,480,1.3333333333333333
coco_399991_424516.jpg,640,542,1.1808118081180812
coco_400062_484798.jpg,640,459,1.3943355119825709
coco_40016_446279.jpg,640,427,1.4988290398126465
coco_400401_1709234.jpg,640,480,1.3333333333333333
coco_400456_185437.jpg,640,427,1.4988290398126465
coco_400886_432106.jpg,640,400,1.6
coco_400887_crowd.jpg,640,480,1.3333333333333333
coco_400915_501713.jpg,640,427,1.4988290398126465
coco_400950_crowd.jpg,640,424,1.509433962264151
coco_401018_crowd.jpg,640,640,1.0
coco_401028_1238611.jpg,500,471,1.0615711252653928
coco_401068_196118.jpg,480,640,0.75
coco_4011_439811.jpg,640,542,1.1808118081180812
coco_401330_crowd.jpg,640,478,1.3389121338912133
coco_401403_472724.jpg,480,640,0.75
coco_401411_445789.jpg,450,600,0.75
coco_401429_442655.jpg,640,480,1.3333333333333333
coco_401552_188584.jpg,424,640,0.6625
coco_402250_crowd.jpg,640,428,1.4953271028037383
coco_402328_crowd.jpg,603,640,0.9421875
coco_402405_440238.jpg,640,480,1.3333333333333333
coco_402410_2151426.jpg,640,427,1.4988290398126465
coco_402499_crowd.jpg,640,426,1.5023474178403755
coco_402588_crowd.jpg,478,640,0.746875
coco_402662_455197.jpg,640,425,1.5058823529411764
coco_402711_425703.jpg,640,427,1.4988290398126465
coco_402723_crowd.jpg,402,640,0.628125
coco_402823_188087.jpg,600,400,1.5
coco_403054_427537.jpg,512,640,0.8
coco_40341_454428.jpg,640,512,1.25
coco_403515_439794.jpg,480,640,0.75
coco_403758_crowd.jpg,640,444,1.4414414414414414
coco_403943_crowd.jpg,481,640,0.7515625
coco_403995_crowd.jpg,640,425,1.5058823529411764
coco_404088_crowd.jpg,640,427,1.4988290398126465
coco_404464_crowd.jpg,480,640,0.75
coco_404476_crowd.jpg,444,640,0.69375
coco_404517_449441.jpg,640,480,1.3333333333333333
coco_404528_475774.jpg,425,640,0.6640625
coco_404687_428440.jpg,478,640,0.746875
coco_404710_195160.jpg,640,427,1.4988290398126465
coco_404992_197122.jpg,640,427,1.4988290398126465
coco_405166_crowd.jpg,398,640,0.621875
coco_405191_487524.jpg,640,439,1.457858769931663
coco_405216_crowd.jpg,640,480,1.3333333333333333
coco_405529_1729174.jpg,426,640,0.665625
coco_405531_491751.jpg,640,425,1.5058823529411764
coco_405736_453073.jpg,640,480,1.3333333333333333
coco_405762_441587.jpg,640,427,1.4988290398126465
coco_405894_198699.jpg,427,640,0.6671875
coco_405962_crowd.jpg,640,510,1.2549019607843137
coco_406555_488447.jpg,640,480,1.3333333333333333
coco_406723_crowd.jpg,640,427,1.4988290398126465
coco_406729_421110.jpg,640,427,1.4988290398126465
coco_4069_crowd.jpg,500,378,1.3227513227513228
coco_407017_crowd.jpg,640,425,1.5058823529411764
coco_407225_188002.jpg,640,479,1.336116910229645
coco_407274_427999.jpg,427,640,0.6671875
coco_407443_crowd.jpg,426,640,0.665625
coco_407532_2160520.jpg,640,474,1.350210970464135
coco_407602_crowd.jpg,426,640,0.665625
coco_407644_440617.jpg,640,480,1.3333333333333333
coco_408071_1251843.jpg,427,640,0.6671875
coco_408103_1203409.jpg,640,480,1.3333333333333333
coco_408289_436726.jpg,503,640,0.7859375
coco_408449_crowd.jpg,640,427,1.4988290398126465
coco_408535_493795.jpg,640,426,1.5023474178403755
coco_40886_552811.jpg,640,428,1.4953271028037383
coco_408903_472896.jpg,456,640,0.7125
coco_409100_224636.jpg,640,480,1.3333333333333333
coco_409117_crowd.jpg,640,425,1.5058823529411764
coco_409178_2155451.jpg,640,426,1.5023474178403755
coco_409221_1745691.jpg,427,640,0.6671875
coco_409364_crowd.jpg,478,640,0.746875
coco_409496_469961.jpg,640,427,1.4988290398126465
coco_409708_crowd.jpg,640,427,1.4988290398126465
coco_40998_crowd.jpg,499,640,0.7796875
coco_410004_crowd.jpg,640,428,1.4953271028037383
coco_410019_191338.jpg,425,640,0.6640625
coco_410056_191658.jpg,640,480,1.3333333333333333
coco_41011_184973.jpg,469,500,0.938
coco_410272_464465.jpg,640,427,1.4988290398126465
coco_410319_crowd.jpg,640,480,1.3333333333333333
coco_410380_2207133.jpg,424,640,0.6625
coco_410942_crowd.jpg,640,480,1.3333333333333333
coco_411472_490393.jpg,640,425,1.5058823529411764
coco_411484_494253.jpg,640,427,1.4988290398126465
coco_411564_207645.jpg,628,640,0.98125
coco_411587_452386.jpg,640,640,1.0
coco_41212_433717.jpg,640,640,1.0
coco_412285_456510.jpg,640,427,1.4988290398126465
coco_412437_crowd.jpg,640,480,1.3333333333333333
coco_412510_427378.jpg,480,640,0.75
coco_412621_477581.jpg,640,524,1.2213740458015268
coco_413043_498957.jpg,446,640,0.696875
coco_413079_186141.jpg,640,480,1.3333333333333333
coco_413124_524352.jpg,640,426,1.5023474178403755
coco_413320_crowd.jpg,640,427,1.4988290398126465
coco_413349_464975.jpg,640,640,1.0
coco_413377_426111.jpg,640,425,1.5058823529411764
coco_413538_crowd.jpg,480,640,0.75
coco_413634_224227.jpg,640,480,1.3333333333333333
coco_413839_199732.jpg,640,480,1.3333333333333333
coco_413948_1254139.jpg,640,425,1.5058823529411764
coco_414201_crowd.jpg,425,640,0.6640625
coco_414435_2156266.jpg,480,640,0.75
coco_414522_439817.jpg,640,640,1.0
coco_414576_crowd.jpg,640,428,1.4953271028037383
coco_414578_457137.jpg,640,428,1.4953271028037383
coco_414852_crowd.jpg,640,432,1.4814814814814814
coco_414917_188481.jpg,640,478,1.3389121338912133
coco_415153_467140.jpg,640,480,1.3333333333333333
coco_415613_448591.jpg,640,427,1.4988290398126465
coco_415647_crowd.jpg,480,640,0.75
coco_41574_1707711.jpg,428,640,0.66875
coco_416059_crowd.jpg,640,427,1.4988290398126465
coco_416098_crowd.jpg,500,375,1.3333333333333333
coco_416271_crowd.jpg,612,612,1.0
coco_416337_453093.jpg,561,640,0.8765625
coco_41638_555577.jpg,480,640,0.75
coco_416523_207386.jpg,427,640,0.6671875
coco_416746_crowd.jpg,640,428,1.4953271028037383
coco_416786_crowd.jpg,640,427,1.4988290398126465
coco_416911_2206554.jpg,640,481,1.3305613305613306
coco_417031_crowd.jpg,640,348,1.839080459770115
coco_417216_493302.jpg,426,640,0.665625
coco_417281_458916.jpg,640,426,1.5023474178403755
coco_417355_crowd.jpg,426,640,0.665625
coco_417374_470006.jpg,640,417,1.5347721822541966
coco_417400_194295.jpg,640,403,1.588089330024814
coco_417742_crowd.jpg,360,640,0.5625
coco_418535_crowd.jpg,640,443,1.4446952595936795
coco_418548_446538.jpg,401,500,0.802
coco_418680_crowd.jpg,640,480,1.3333333333333333
coco_418816_197491.jpg,640,480,1.3333333333333333
coco_418907_439756.jpg,427,640,0.6671875
coco_41899_199794.jpg,480,640,0.75
coco_419050_481955.jpg,640,427,1.4988290398126465
coco_419235_crowd.jpg,640,426,1.5023474178403755
coco_419265_199150.jpg,640,427,1.4988290398126465
coco_419444_438652.jpg,640,427,1.4988290398126465
coco_419503_448825.jpg,640,480,1.3333333333333333
coco_419777_crowd.jpg,640,480,1.3333333333333333
coco_419828_469833.jpg,444,640,0.69375
coco_419884_crowd.jpg,333,500,0.666
coco_420411_464987.jpg,640,640,1.0
coco_420669_1727016.jpg,640,480,1.3333333333333333
coco_420878_218550.jpg,404,640,0.63125
coco_42091_421476.jpg,640,480,1.3333333333333333
coco_421042_484667.jpg,640,427,1.4988290398126465
coco_421131_crowd.jpg,640,426,1.5023474178403755
coco_4211_crowd.jpg,427,640,0.6671875
coco_421231_473549.jpg,511,640,0.7984375
coco_421370_197328.jpg,640,427,1.4988290398126465
coco_421495_1735755.jpg,480,640,0.75
coco_421564_480915.jpg,640,480,1.3333333333333333
coco_421566_2161445.jpg,640,480,1.3333333333333333
coco_421908_2164189.jpg,640,427,1.4988290398126465
coco_42190_519542.jpg,640,427,1.4988290398126465
coco_42201_crowd.jpg,427,640,0.6671875
coco_422025_441967.jpg,426,640,0.665625
coco_42260_crowd.jpg,640,480,1.3333333333333333
coco_422677_433119.jpg,425,640,0.6640625
coco_422689_434341.jpg,426,640,0.665625
coco_422755_200362.jpg,640,640,1.0
coco_422982_crowd.jpg,640,424,1.509433962264151
coco_423001_2198419.jpg,612,612,1.0
coco_423093_194834.jpg,640,480,1.3333333333333333
coco_423173_191437.jpg,456,640,0.7125
coco_423204_crowd.jpg,428,443,0.9661399548532731
coco_423464_502675.jpg,426,640,0.665625
coco_423484_crowd.jpg,640,428,1.4953271028037383
coco_423529_441178.jpg,640,427,1.4988290398126465
coco_423619_441790.jpg,640,426,1.5023474178403755
coco_423668_209406.jpg,640,484,1.322314049586777
coco_424002_crowd.jpg,480,640,0.75
coco_424147_crowd.jpg,640,442,1.4479638009049773
coco_424246_462873.jpg,427,640,0.6671875
coco_424270_183511.jpg,640,425,1.5058823529411764
coco_4243_456598.jpg,640,453,1.4128035320088301
coco_424422_crowd.jpg,640,427,1.4988290398126465
coco_424641_crowd.jpg,640,425,1.5058823529411764
coco_424819_455288.jpg,640,458,1.3973799126637554
coco_42492_193417.jpg,640,480,1.3333333333333333
coco_424933_crowd.jpg,640,457,1.400437636761488
coco_425000_crowd.jpg,500,375,1.3333333333333333
coco_42501_453361.jpg,640,430,1.4883720930232558
coco_425100_crowd.jpg,640,427,1.4988290398126465
coco_425324_1211519.jpg,640,480,1.3333333333333333
coco_425369_432759.jpg,428,640,0.66875
coco_425462_1722044.jpg,427,640,0.6671875
coco_425481_crowd.jpg,480,640,0.75
coco_425555_222124.jpg,640,426,1.5023474178403755
coco_425964_crowd.jpg,640,480,1.3333333333333333
coco_426070_212223.jpg,640,427,1.4988290398126465
coco_426165_crowd.jpg,640,429,1.491841491841492
coco_42620_458440.jpg,426,640,0.665625
coco_426342_188666.jpg,426,640,0.665625
coco_426532_crowd.jpg,429,640,0.6703125
coco_426542_crowd.jpg,640,426,1.5023474178403755
coco_42661_428661.jpg,426,640,0.665625
coco_426631_468031.jpg,640,427,1.4988290398126465
coco_42667_433214.jpg,480,640,0.75
coco_4266_crowd.jpg,640,480,1.3333333333333333
coco_426815_187746.jpg,640,434,1.4746543778801844
coco_427113_crowd.jpg,640,480,1.3333333333333333
coco_427135_crowd.jpg,640,433,1.4780600461893765
coco_427341_530008.jpg,640,480,1.3333333333333333
coco_42737_crowd.jpg,640,427,1.4988290398126465
coco_427401_493715.jpg,427,640,0.6671875
coco_427476_460730.jpg,640,480,1.3333333333333333
coco_427518_crowd.jpg,500,400,1.25
coco_427561_crowd.jpg,427,640,0.6671875
coco_4275_495497.jpg,457,640,0.7140625
coco_427870_crowd.jpg,429,640,0.6703125
coco_428015_2032614.jpg,427,640,0.6671875
coco_428248_486401.jpg,526,640,0.821875
coco_428263_crowd.jpg,640,427,1.4988290398126465
coco_42837_493771.jpg,500,500,1.0
coco_428754_459020.jpg,640,427,1.4988290398126465
coco_428830_crowd.jpg,437,640,0.6828125
coco_428973_crowd.jpg,640,427,1.4988290398126465
coco_428985_crowd.jpg,640,480,1.3333333333333333
coco_429042_crowd.jpg,640,480,1.3333333333333333
coco_429142_216965.jpg,640,424,1.509433962264151
coco_429290_crowd.jpg,612,612,1.0
coco_42944_441277.jpg,640,427,1.4988290398126465
coco_429633_183516.jpg,640,419,1.5274463007159904
coco_429726_crowd.jpg,640,640,1.0
coco_429807_423999.jpg,480,640,0.75
coco_429985_crowd.jpg,640,424,1.509433962264151
coco_430036_454190.jpg,640,426,1.5023474178403755
coco_430054_451272.jpg,453,640,0.7078125
coco_430245_194610.jpg,640,476,1.3445378151260505
coco_430265_213326.jpg,590,640,0.921875
coco_430302_crowd.jpg,427,640,0.6671875
coco_430525_crowd.jpg,640,495,1.292929292929293
coco_430867_188986.jpg,512,640,0.8
coco_43098_2151375.jpg,425,640,0.6640625
coco_431113_crowd.jpg,640,452,1.415929203539823
coco_431208_474545.jpg,457,640,0.7140625
coco_431256_489218.jpg,640,425,1.5058823529411764
coco_43133_crowd.jpg,640,436,1.4678899082568808
coco_431364_458415.jpg,640,480,1.3333333333333333
coco_431432_crowd.jpg,640,487,1.3141683778234086
coco_431570_224689.jpg,640,427,1.4988290398126465
coco_431952_crowd.jpg,640,425,1.5058823529411764
coco_432131_464066.jpg,480,640,0.75
coco_432146_451607.jpg,640,425,1.5058823529411764
coco_432300_429260.jpg,640,426,1.5023474178403755
coco_432378_crowd.jpg,640,508,1.2598425196850394
coco_43243_crowd.jpg,640,480,1.3333333333333333
coco_432488_431094.jpg,640,427,1.4988290398126465
coco_432503_crowd.jpg,457,640,0.7140625
coco_432702_1224794.jpg,444,640,0.69375
coco_432796_crowd.jpg,640,428,1.4953271028037383
coco_432820_crowd.jpg,640,427,1.4988290398126465
coco_433136_475591.jpg,427,640,0.6671875
coco_433279_crowd.jpg,640,480,1.3333333333333333
coco_43344_crowd.jpg,640,427,1.4988290398126465
coco_433547_crowd.jpg,640,480,1.3333333333333333
coco_433787_219726.jpg,640,427,1.4988290398126465
coco_433845_218273.jpg,640,480,1.3333333333333333
coco_433998_497615.jpg,640,427,1.4988290398126465
coco_434083_1743392.jpg,400,600,0.6666666666666666
coco_434410_190318.jpg,640,478,1.3389121338912133
coco_434467_195372.jpg,640,427,1.4988290398126465
coco_434509_crowd.jpg,640,480,1.3333333333333333
coco_434511_454562.jpg,640,480,1.3333333333333333
coco_434580_201392.jpg,640,480,1.3333333333333333
coco_434581_185788.jpg,640,480,1.3333333333333333
coco_434657_1733465.jpg,640,427,1.4988290398126465
coco_434662_421261.jpg,640,427,1.4988290398126465
coco_434689_crowd.jpg,367,500,0.734
coco_434805_463230.jpg,480,640,0.75
coco_434930_460343.jpg,636,640,0.99375
coco_434976_187101.jpg,640,427,1.4988290398126465
coco_435136_438536.jpg,640,457,1.400437636761488
coco_435312_498796.jpg,512,640,0.8
coco_435321_183038.jpg,480,640,0.75
coco_435358_446963.jpg,640,427,1.4988290398126465
coco_435387_crowd.jpg,500,375,1.3333333333333333
coco_435391_crowd.jpg,640,480,1.3333333333333333
coco_435519_crowd.jpg,640,427,1.4988290398126465
coco_43555_1742111.jpg,640,429,1.491841491841492
coco_435562_427059.jpg,426,640,0.665625
coco_4355_crowd.jpg,640,427,1.4988290398126465
coco_435986_428191.jpg,500,500,1.0
coco_4359_crowd.jpg,640,497,1.2877263581488934
coco_43611_467658.jpg,500,400,1.25
coco_436127_197201.jpg,640,640,1.0
coco_43613_186402.jpg,640,409,1.56479217603912
coco_436218_444505.jpg,640,421,1.520190023752969
coco_436252_188311.jpg,427,640,0.6671875
coco_43625_492214.jpg,640,427,1.4988290398126465
coco_436273_195867.jpg,640,480,1.3333333333333333
coco_436317_462050.jpg,640,418,1.5311004784688995
coco_436387_465168.jpg,478,640,0.746875
coco_436456_crowd.jpg,640,427,1.4988290398126465
coco_436511_crowd.jpg,640,424,1.509433962264151
coco_436676_210771.jpg,640,475,1.3473684210526315
coco_436696_crowd.jpg,426,640,0.665625
coco_43693_426550.jpg,640,480,1.3333333333333333
coco_436972_crowd.jpg,640,429,1.491841491841492
coco_437332_517922.jpg,428,640,0.66875
coco_437347_1726965.jpg,640,478,1.3389121338912133
coco_43753_524106.jpg,480,640,0.75
coco_437609_193169.jpg,640,458,1.3973799126637554
coco_438077_190869.jpg,640,478,1.3389121338912133
coco_438186_511260.jpg,512,640,0.8
coco_438723_536721.jpg,481,640,0.7515625
coco_439179_449827.jpg,640,480,1.3333333333333333
coco_439188_crowd.jpg,640,480,1.3333333333333333
coco_439516_440227.jpg,640,425,1.5058823529411764
coco_439868_crowd.jpg,426,640,0.665625
coco_439971_462287.jpg,640,480,1.3333333333333333
coco_439982_1730527.jpg,480,640,0.75
coco_440045_crowd.jpg,612,612,1.0
coco_440060_443801.jpg,640,480,1.3333333333333333
coco_440093_464410.jpg,427,640,0.6671875
coco_440284_crowd.jpg,640,480,1.3333333333333333
coco_44029_462209.jpg,640,427,1.4988290398126465
coco_440352_196499.jpg,640,480,1.3333333333333333
coco_440358_498944.jpg,640,480,1.3333333333333333
coco_440400_crowd.jpg,640,461,1.3882863340563991
coco_440455_183676.jpg,640,425,1.5058823529411764
coco_440554_495120.jpg,640,400,1.6
coco_440646_429011.jpg,640,432,1.4814814814814814
coco_440763_484395.jpg,640,425,1.5058823529411764
coco_440830_crowd.jpg,356,640,0.55625
coco_440940_192034.jpg,640,400,1.6
coco_440959_445227.jpg,500,500,1.0
coco_440970_490362.jpg,640,403,1.588089330024814
coco_441008_456418.jpg,640,427,1.4988290398126465
coco_441009_crowd.jpg,427,640,0.6671875
coco_441023_crowd.jpg,640,480,1.3333333333333333
coco_441156_crowd.jpg,640,480,1.3333333333333333
coco_441196_442988.jpg,640,480,1.3333333333333333
coco_441287_crowd.jpg,640,482,1.3278008298755186
coco_441453_183546.jpg,640,427,1.4988290398126465
coco_441511_208928.jpg,640,480,1.3333333333333333
coco_441518_212307.jpg,640,426,1.5023474178403755
coco_441841_188081.jpg,640,427,1.4988290398126465
coco_441862_crowd.jpg,640,480,1.3333333333333333
coco_442136_217892.jpg,640,480,1.3333333333333333
coco_442582_crowd.jpg,640,480,1.3333333333333333
coco_442630_463062.jpg,640,480,1.3333333333333333
coco_442962_210747.jpg,640,480,1.3333333333333333
coco_44312_crowd.jpg,640,427,1.4988290398126465
coco_443363_219161.jpg,640,425,1.5058823529411764
coco_44347_crowd.jpg,640,480,1.3333333333333333
coco_443492_crowd.jpg,500,375,1.3333333333333333
coco_443556_crowd.jpg,427,640,0.6671875
coco_443640_467226.jpg,480,640,0.75
coco_443835_205105.jpg,640,439,1.457858769931663
coco_4438_474156.jpg,480,640,0.75
coco_444028_189734.jpg,640,427,1.4988290398126465
coco_444183_487754.jpg,640,480,1.3333333333333333
coco_444199_crowd.jpg,640,480,1.3333333333333333
coco_44421_crowd.jpg,427,640,0.6671875
coco_444502_crowd.jpg,427,640,0.6671875
coco_444719_427336.jpg,640,427,1.4988290398126465
coco_444804_crowd.jpg,640,427,1.4988290398126465
coco_444895_1721874.jpg,480,640,0.75
coco_444913_440282.jpg,640,480,1.3333333333333333
coco_445048_429731.jpg,640,426,1.5023474178403755
coco_44536_421162.jpg,472,640,0.7375
coco_445468_crowd.jpg,640,428,1.4953271028037383
coco_445567_2158025.jpg,640,480,1.3333333333333333
coco_44559_1732723.jpg,425,640,0.6640625
coco_445944_crowd.jpg,428,640,0.66875
coco_44612_212826.jpg,640,624,1.0256410256410255
coco_44621_crowd.jpg,640,480,1.3333333333333333
coco_446232_480613.jpg,640,480,1.3333333333333333
coco_44627_crowd.jpg,427,640,0.6671875
coco_446285_458565.jpg,426,640,0.665625
coco_446359_1227152.jpg,640,427,1.4988290398126465
coco_446473_482031.jpg,640,427,1.4988290398126465
coco_446909_481633.jpg,640,425,1.5058823529411764
coco_446920_crowd.jpg,640,426,1.5023474178403755
coco_447009_430067.jpg,640,480,1.3333333333333333
coco_447089_crowd.jpg,640,428,1.4953271028037383
coco_447124_445827.jpg,424,640,0.6625
coco_447237_439031.jpg,640,427,1.4988290398126465
coco_447364_527064.jpg,427,640,0.6671875
coco_44743_450808.jpg,640,432,1.4814814814814814
coco_447613_446733.jpg,480,640,0.75
coco_447733_crowd.jpg,427,640,0.6671875
coco_447762_461423.jpg,428,640,0.66875
coco_447787_200149.jpg,427,640,0.6671875
coco_447978_446171.jpg,426,640,0.665625
coco_447991_crowd.jpg,640,427,1.4988290398126465
coco_448176_217106.jpg,640,480,1.3333333333333333
coco_448181_186653.jpg,640,480,1.3333333333333333
coco_44823_crowd.jpg,640,428,1.4953271028037383
coco_448657_crowd.jpg,600,400,1.5
coco_448705_crowd.jpg,427,640,0.6671875
coco_448759_436899.jpg,499,640,0.7796875
coco_448998_496844.jpg,426,640,0.665625
coco_449102_530481.jpg,640,427,1.4988290398126465
coco_449191_437798.jpg,427,640,0.6671875
coco_449302_191100.jpg,640,426,1.5023474178403755
coco_449466_426321.jpg,488,640,0.7625
coco_449522_438560.jpg,640,427,1.4988290398126465
coco_449560_207179.jpg,427,640,0.6671875
coco_449828_218436.jpg,640,428,1.4953271028037383
coco_449839_crowd.jpg,428,640,0.66875
coco_449895_455231.jpg,425,640,0.6640625
coco_4498_235289.jpg,468,640,0.73125
coco_450263_crowd.jpg,640,480,1.3333333333333333
coco_450308_crowd.jpg,640,480,1.3333333333333333
coco_450357_crowd.jpg,640,426,1.5023474178403755
coco_450359_crowd.jpg,640,480,1.3333333333333333
coco_450400_1229397.jpg,431,640,0.6734375
coco_450674_crowd.jpg,640,426,1.5023474178403755
coco_450709_438266.jpg,640,637,1.0047095761381475
coco_450724_188432.jpg,640,480,1.3333333333333333
coco_45099_212563.jpg,640,428,1.4953271028037383
coco_451008_471937.jpg,640,480,1.3333333333333333
coco_45110_185200.jpg,612,612,1.0
coco_451275_crowd.jpg,640,480,1.3333333333333333
coco_451345_422906.jpg,640,480,1.3333333333333333
coco_451412_crowd.jpg,427,640,0.6671875
coco_451463_crowd.jpg,640,425,1.5058823529411764
coco_451511_426948.jpg,550,539,1.0204081632653061
coco_45175_191138.jpg,640,426,1.5023474178403755
coco_451835_1265809.jpg,640,426,1.5023474178403755
coco_451951_2191133.jpg,640,429,1.491841491841492
coco_452591_crowd.jpg,640,399,1.6040100250626566
coco_452611_crowd.jpg,640,425,1.5058823529411764
coco_452618_188334.jpg,480,640,0.75
coco_452676_439635.jpg,640,457,1.400437636761488
coco_452836_426338.jpg,591,640,0.9234375
coco_452917_431626.jpg,493,640,0.7703125
coco_453481_crowd.jpg,428,640,0.66875
coco_453485_2151013.jpg,640,427,1.4988290398126465
coco_45367_195619.jpg,480,640,0.75
coco_453757_crowd.jpg,427,640,0.6671875
coco_453792_484729.jpg,480,640,0.75
coco_453799_187840.jpg,640,512,1.25
coco_45392_510589.jpg,427,640,0.6671875
coco_454143_436275.jpg,427,640,0.6671875
coco_454148_450138.jpg,640,424,1.509433962264151
coco_454457_439349.jpg,427,640,0.6671875
coco_454776_1733789.jpg,500,460,1.0869565217391304
coco_455210_483976.jpg,640,425,1.5058823529411764
coco_455279_523198.jpg,480,640,0.75
coco_455355_crowd.jpg,640,511,1.2524461839530332
coco_455414_445688.jpg,640,427,1.4988290398126465
coco_455435_1209251.jpg,640,427,1.4988290398126465
coco_4554_crowd.jpg,332,500,0.664
coco_455528_crowd.jpg,500,332,1.5060240963855422
coco_455610_crowd.jpg,640,408,1.5686274509803921
coco_455675_crowd.jpg,640,604,1.0596026490066226
coco_455772_442049.jpg,640,457,1.400437636761488
coco_455956_crowd.jpg,640,425,1.5058823529411764
coco_456127_2011171.jpg,640,480,1.3333333333333333
coco_456184_crowd.jpg,640,427,1.4988290398126465
coco_456239_441649.jpg,427,640,0.6671875
coco_45627_498538.jpg,480,640,0.75
coco_456465_441273.jpg,480,640,0.75
coco_456552_445953.jpg,640,427,1.4988290398126465
coco_456574_crowd.jpg,640,480,1.3333333333333333
coco_456638_185174.jpg,640,427,1.4988290398126465
coco_456969_489304.jpg,640,427,1.4988290398126465
coco_457217_463229.jpg,640,480,1.3333333333333333
coco_457249_crowd.jpg,426,640,0.665625
coco_457254_183797.jpg,640,426,1.5023474178403755
coco_457538_424434.jpg,412,640,0.64375
coco_457575_1727743.jpg,640,480,1.3333333333333333
coco_457877_crowd.jpg,500,284,1.7605633802816902
coco_458103_471703.jpg,640,427,1.4988290398126465
coco_458323_crowd.jpg,427,640,0.6671875
coco_459103_crowd.jpg,640,480,1.3333333333333333
coco_45920_524479.jpg,480,640,0.75
coco_459258_252334.jpg,640,478,1.3389121338912133
coco_459320_crowd.jpg,480,640,0.75
coco_459721_crowd.jpg,640,425,1.5058823529411764
coco_459801_421888.jpg,457,640,0.7140625
coco_459923_421891.jpg,640,427,1.4988290398126465
coco_460010_1724823.jpg,640,480,1.3333333333333333
coco_460059_crowd.jpg,640,352,1.8181818181818181
coco_460346_488210.jpg,640,511,1.2524461839530332
coco_460454_crowd.jpg,427,640,0.6671875
coco_46077_crowd.jpg,640,281,2.2775800711743774
coco_460997_475021.jpg,640,427,1.4988290398126465
coco_461255_1709223.jpg,590,640,0.921875
coco_461256_1740219.jpg,640,426,1.5023474178403755
coco_461715_190424.jpg,640,480,1.3333333333333333
coco_461838_440513.jpg,426,640,0.665625
coco_461884_211668.jpg,640,425,1.5058823529411764
coco_462324_542731.jpg,640,427,1.4988290398126465
coco_462640_crowd.jpg,640,366,1.7486338797814207
coco_46269_460310.jpg,640,427,1.4988290398126465
coco_463013_crowd.jpg,640,465,1.3763440860215055
coco_463203_439236.jpg,640,425,1.5058823529411764
coco_46331_crowd.jpg,640,512,1.25
coco_463325_422563.jpg,640,426,1.5023474178403755
coco_463398_crowd.jpg,640,428,1.4953271028037383
coco_463716_443853.jpg,640,464,1.3793103448275863
coco_463771_537706.jpg,640,480,1.3333333333333333
coco_463783_crowd.jpg,636,640,0.99375
coco_463836_441196.jpg,640,480,1.3333333333333333
coco_463884_436104.jpg,640,427,1.4988290398126465
coco_464087_crowd.jpg,640,430,1.4883720930232558
coco_464200_455130.jpg,640,443,1.4446952595936795
coco_464317_446853.jpg,401,640,0.6265625
coco_464515_crowd.jpg,640,325,1.9692307692307693
coco_464526_206821.jpg,480,640,0.75
coco_464831_crowd.jpg,500,333,1.5015015015015014
coco_464857_crowd.jpg,629,640,0.9828125
coco_464906_1241729.jpg,426,640,0.665625
coco_465074_185280.jpg,428,640,0.66875
coco_465275_195521.jpg,480,640,0.75
coco_465323_477934.jpg,640,480,1.3333333333333333
coco_465422_466549.jpg,640,615,1.0406504065040652
coco_465692_1738830.jpg,640,427,1.4988290398126465
coco_465820_439896.jpg,640,427,1.4988290398126465
coco_465877_2162460.jpg,640,480,1.3333333333333333
coco_465911_430088.jpg,427,640,0.6671875
coco_465973_crowd.jpg,427,640,0.6671875
coco_465986_1707746.jpg,640,475,1.3473684210526315
coco_466939_209819.jpg,640,427,1.4988290398126465
coco_466981_425460.jpg,640,481,1.3305613305613306
coco_467000_crowd.jpg,640,427,1.4988290398126465
coco_467107_crowd.jpg,640,427,1.4988290398126465
coco_467130_crowd.jpg,640,491,1.3034623217922607
coco_467151_crowd.jpg,473,640,0.7390625
coco_467297_436400.jpg,427,640,0.6671875
coco_46743_crowd.jpg,480,640,0.75
coco_467580_1723250.jpg,640,426,1.5023474178403755
coco_467843_449130.jpg,640,427,1.4988290398126465
coco_467854_209235.jpg,640,427,1.4988290398126465
coco_467863_470986.jpg,640,425,1.5058823529411764
coco_467887_205907.jpg,640,480,1.3333333333333333
coco_468027_crowd.jpg,640,480,1.3333333333333333
coco_468043_193882.jpg,640,480,1.3333333333333333
coco_468063_crowd.jpg,640,361,1.7728531855955678
coco_468162_432733.jpg,640,480,1.3333333333333333
coco_468302_493448.jpg,640,427,1.4988290398126465
coco_468345_445508.jpg,640,427,1.4988290398126465
coco_468471_crowd.jpg,640,427,1.4988290398126465
coco_468483_475729.jpg,428,640,0.66875
coco_468612_426347.jpg,428,640,0.66875
coco_468953_crowd.jpg,640,614,1.0423452768729642
coco_468993_442471.jpg,640,427,1.4988290398126465
coco_469119_crowd.jpg,500,485,1.0309278350515463
coco_469158_471336.jpg,640,427,1.4988290398126465
coco_469200_crowd.jpg,640,426,1.5023474178403755
coco_469232_449187.jpg,478,640,0.746875
coco_469235_462773.jpg,427,640,0.6671875
coco_469634_457058.jpg,640,428,1.4953271028037383
coco_46975_190504.jpg,640,427,1.4988290398126465
coco_469793_193153.jpg,561,640,0.8765625
coco_469840_crowd.jpg,640,480,1.3333333333333333
coco_470070_crowd.jpg,640,480,1.3333333333333333
coco_470313_191483.jpg,496,500,0.992
coco_470364_206328.jpg,640,480,1.3333333333333333
coco_470513_2163164.jpg,640,640,1.0
coco_470536_crowd.jpg,480,640,0.75
coco_471483_442762.jpg,640,480,1.3333333333333333
coco_471858_201132.jpg,640,473,1.3530655391120507
coco_472088_crowd.jpg,640,480,1.3333333333333333
coco_472160_189778.jpg,640,513,1.2475633528265107
coco_472216_crowd.jpg,425,640,0.6640625
coco_472282_crowd.jpg,640,480,1.3333333333333333
coco_472472_crowd.jpg,640,428,1.4953271028037383
coco_472509_447262.jpg,640,427,1.4988290398126465
coco_472610_190413.jpg,478,640,0.746875
coco_472860_crowd.jpg,427,640,0.6671875
coco_473002_crowd.jpg,433,640,0.6765625
coco_4731_crowd.jpg,640,425,1.5058823529411764
coco_473204_220866.jpg,640,513,1.2475633528265107
coco_473250_1725314.jpg,640,480,1.3333333333333333
coco_47361_crowd.jpg,640,480,1.3333333333333333
coco_474034_crowd.jpg,480,640,0.75
coco_474054_crowd.jpg,480,640,0.75
coco_474119_488380.jpg,640,480,1.3333333333333333
coco_474465_crowd.jpg,427,640,0.6671875
coco_474741_1710691.jpg,500,400,1.25
coco_475159_1729577.jpg,640,480,1.3333333333333333
coco_47516_crowd.jpg,640,437,1.4645308924485125
coco_475182_crowd.jpg,640,427,1.4988290398126465
coco_475407_212821.jpg,640,480,1.3333333333333333
coco_475466_208945.jpg,640,456,1.4035087719298245
coco_475685_2161547.jpg,640,427,1.4988290398126465
coco_475844_crowd.jpg,495,533,0.9287054409005628
coco_475856_481542.jpg,480,640,0.75
coco_476335_crowd.jpg,640,426,1.5023474178403755
coco_476349_422173.jpg,640,480,1.3333333333333333
coco_476552_crowd.jpg,640,427,1.4988290398126465
coco_476597_crowd.jpg,500,375,1.3333333333333333
coco_476709_2207184.jpg,640,509,1.2573673870333988
coco_476838_crowd.jpg,640,480,1.3333333333333333
coco_476843_crowd.jpg,427,640,0.6671875
coco_476894_crowd.jpg,640,640,1.0
coco_476925_202256.jpg,640,425,1.5058823529411764
coco_477042_crowd.jpg,640,516,1.2403100775193798
coco_477112_199373.jpg,640,480,1.3333333333333333
coco_477780_428153.jpg,424,640,0.6625
coco_477853_2161764.jpg,612,612,1.0
coco_477867_crowd.jpg,480,640,0.75
coco_477924_435508.jpg,640,480,1.3333333333333333
coco_477940_216197.jpg,640,439,1.457858769931663
coco_477946_479233.jpg,427,640,0.6671875
coco_478157_crowd.jpg,640,480,1.3333333333333333
coco_478338_448160.jpg,640,427,1.4988290398126465
coco_478356_491322.jpg,640,516,1.2403100775193798
coco_478430_crowd.jpg,640,428,1.4953271028037383
coco_478522_433658.jpg,640,608,1.0526315789473684
coco_478550_1716438.jpg,640,426,1.5023474178403755
coco_478621_514416.jpg,640,427,1.4988290398126465
coco_478723_2164196.jpg,425,640,0.6640625
coco_478980_438220.jpg,640,424,1.509433962264151
coco_479078_crowd.jpg,600,400,1.5
coco_479379_461977.jpg,480,640,0.75
coco_479723_crowd.jpg,427,640,0.6671875
coco_479829_219386.jpg,480,640,0.75
coco_479950_crowd.jpg,500,332,1.5060240963855422
coco_480408_206461.jpg,640,480,1.3333333333333333
coco_480416_crowd.jpg,500,375,1.3333333333333333
coco_48044_198026.jpg,413,640,0.6453125
coco_482080_216193.jpg,640,480,1.3333333333333333
coco_482160_480338.jpg,478,640,0.746875
coco_482172_473518.jpg,427,640,0.6671875
coco_482187_crowd.jpg,612,612,1.0
coco_482242_196565.jpg,640,480,1.3333333333333333
coco_482590_crowd.jpg,427,640,0.6671875
coco_482848_426633.jpg,426,640,0.665625
coco_483038_206763.jpg,480,640,0.75
coco_483108_188213.jpg,428,640,0.66875
coco_483165_crowd.jpg,640,427,1.4988290398126465
coco_483368_479266.jpg,640,433,1.4780600461893765
coco_483553_crowd.jpg,640,480,1.3333333333333333
coco_483867_222640.jpg,640,639,1.001564945226917
coco_483897_200466.jpg,640,426,1.5023474178403755
coco_484028_195609.jpg,427,640,0.6671875
coco_484175_crowd.jpg,500,362,1.3812154696132597
coco_484279_186960.jpg,640,430,1.4883720930232558
coco_484397_203343.jpg,640,427,1.4988290398126465
coco_484450_crowd.jpg,640,480,1.3333333333333333
coco_484485_2018857.jpg,500,500,1.0
coco_484531_crowd.jpg,480,640,0.75
coco_484551_215943.jpg,640,480,1.3333333333333333
coco_484614_475950.jpg,640,427,1.4988290398126465
coco_484681_2167034.jpg,456,640,0.7125
coco_485142_457468.jpg,470,640,0.734375
coco_485172_crowd.jpg,427,640,0.6671875
coco_485413_crowd.jpg,600,400,1.5
coco_485709_crowd.jpg,640,446,1.4349775784753362
coco_485758_crowd.jpg,640,457,1.400437636761488
coco_485917_1710002.jpg,640,427,1.4988290398126465
coco_486171_1713231.jpg,640,480,1.3333333333333333
coco_486172_468140.jpg,640,427,1.4988290398126465
coco_486355_crowd.jpg,500,375,1.3333333333333333
coco_486576_214796.jpg,640,427,1.4988290398126465
coco_48674_499302.jpg,427,640,0.6671875
coco_487181_222504.jpg,640,427,1.4988290398126465
coco_487282_421546.jpg,640,480,1.3333333333333333
coco_487349_496788.jpg,612,612,1.0
coco_487450_crowd.jpg,640,427,1.4988290398126465
coco_487607_crowd.jpg,500,378,1.3227513227513228
coco_487692_194128.jpg,480,640,0.75
coco_487698_1244901.jpg,640,512,1.25
coco_48791_476259.jpg,640,480,1.3333333333333333
coco_488206_crowd.jpg,481,640,0.7515625
coco_488346_190871.jpg,640,480,1.3333333333333333
coco_488755_crowd.jpg,427,640,0.6671875
coco_488_crowd.jpg,640,406,1.5763546798029557
coco_489023_crowd.jpg,427,640,0.6671875
coco_489207_431469.jpg,418,640,0.653125
coco_489248_203049.jpg,640,426,1.5023474178403755
coco_489304_2191048.jpg,640,480,1.3333333333333333
coco_489944_210503.jpg,640,424,1.509433962264151
coco_490084_541591.jpg,640,426,1.5023474178403755
coco_490178_crowd.jpg,480,640,0.75
coco_490199_crowd.jpg,500,376,1.3297872340425532
coco_490306_1282739.jpg,480,640,0.75
coco_490366_430246.jpg,640,480,1.3333333333333333
coco_490582_crowd.jpg,640,480,1.3333333333333333
coco_49068_196510.jpg,640,610,1.0491803278688525
coco_490714_475076.jpg,428,640,0.66875
coco_490847_219281.jpg,640,480,1.3333333333333333
coco_490878_426842.jpg,640,480,1.3333333333333333
coco_490952_441429.jpg,640,427,1.4988290398126465
coco_491017_431698.jpg,640,474,1.350210970464135
coco_491058_491104.jpg,427,640,0.6671875
coco_491061_2161779.jpg,640,427,1.4988290398126465
coco_491215_1246517.jpg,574,640,0.896875
coco_491242_468759.jpg,640,480,1.3333333333333333
coco_491377_471614.jpg,426,640,0.665625
coco_491556_crowd.jpg,640,434,1.4746543778801844
coco_491784_196449.jpg,640,480,1.3333333333333333
coco_491921_crowd.jpg,640,457,1.400437636761488
coco_492246_482606.jpg,478,640,0.746875
coco_492271_479109.jpg,640,427,1.4988290398126465
coco_49236_crowd.jpg,491,640,0.7671875
coco_492395_crowd.jpg,640,389,1.6452442159383034
coco_492814_439048.jpg,640,427,1.4988290398126465
coco_493192_452473.jpg,480,640,0.75
coco_493196_crowd.jpg,640,480,1.3333333333333333
coco_493218_crowd.jpg,640,480,1.3333333333333333
coco_493279_438923.jpg,640,427,1.4988290398126465
coco_493509_477213.jpg,500,500,1.0
coco_493641_crowd.jpg,640,449,1.4253897550111359
coco_493704_199700.jpg,639,640,0.9984375
coco_49371_crowd.jpg,427,640,0.6671875
coco_493846_crowd.jpg,640,425,1.5058823529411764
coco_493862_505297.jpg,640,431,1.4849187935034802
coco_493923_crowd.jpg,480,640,0.75
coco_494456_crowd.jpg,640,480,1.3333333333333333
coco_49450_crowd.jpg,640,430,1.4883720930232558
coco_494555_463059.jpg,640,429,1.491841491841492
coco_494620_192843.jpg,640,489,1.30879345603272
coco_494629_190581.jpg,480,640,0.75
coco_494782_486420.jpg,427,640,0.6671875
coco_495131_crowd.jpg,640,427,1.4988290398126465
coco_495183_188987.jpg,640,482,1.3278008298755186
coco_495252_crowd.jpg,512,640,0.8
coco_495687_452831.jpg,637,640,0.9953125
coco_495989_crowd.jpg,640,640,1.0
coco_496090_512454.jpg,640,427,1.4988290398126465
coco_496383_crowd.jpg,640,449,1.4253897550111359
coco_496402_216032.jpg,640,427,1.4988290398126465
coco_49648_489377.jpg,427,640,0.6671875
coco_496768_2153665.jpg,427,640,0.6671875
coco_49683_223671.jpg,640,427,1.4988290398126465
coco_49688_443764.jpg,640,424,1.509433962264151
coco_497002_crowd.jpg,640,480,1.3333333333333333
coco_497109_crowd.jpg,640,445,1.4382022471910112
coco_497312_224828.jpg,480,640,0.75
coco_49731_461706.jpg,640,480,1.3333333333333333
coco_497514_194227.jpg,480,640,0.75
coco_49763_crowd.jpg,500,396,1.2626262626262625
coco_497907_1223269.jpg,424,640,0.6625
coco_497960_crowd.jpg,640,437,1.4645308924485125
coco_4980_1711048.jpg,427,640,0.6671875
coco_498327_1728097.jpg,427,640,0.6671875
coco_498350_196999.jpg,640,427,1.4988290398126465
coco_498535_crowd.jpg,506,640,0.790625
coco_498627_432009.jpg,427,640,0.6671875
coco_498687_439045.jpg,640,619,1.0339256865912763
coco_498733_436343.jpg,640,480,1.3333333333333333
coco_498765_2152434.jpg,414,500,0.828
coco_49881_crowd.jpg,612,612,1.0
coco_498856_456676.jpg,488,640,0.7625
coco_499252_464293.jpg,481,640,0.7515625
coco_499255_477169.jpg,640,428,1.4953271028037383
coco_499268_421564.jpg,640,427,1.4988290398126465
coco_499591_crowd.jpg,640,427,1.4988290398126465
coco_499617_468667.jpg,478,640,0.746875
coco_499826_482909.jpg,640,453,1.4128035320088301
coco_500100_crowd.jpg,500,492,1.016260162601626
coco_500657_190657.jpg,640,427,1.4988290398126465
coco_500944_449581.jpg,640,583,1.097770154373928
coco_501122_518105.jpg,640,427,1.4988290398126465
coco_501172_crowd.jpg,640,457,1.400437636761488
coco_501225_424903.jpg,640,427,1.4988290398126465
coco_501311_crowd.jpg,640,427,1.4988290398126465
coco_501429_211199.jpg,480,640,0.75
coco_501762_453951.jpg,640,480,1.3333333333333333
coco_50177_1716698.jpg,640,427,1.4988290398126465
coco_502433_1717538.jpg,640,428,1.4953271028037383
coco_502582_crowd.jpg,512,640,0.8
coco_502644_484696.jpg,429,640,0.6703125
coco_502818_425992.jpg,640,426,1.5023474178403755
coco_502998_crowd.jpg,480,640,0.75
coco_503108_187358.jpg,480,640,0.75
coco_503278_crowd.jpg,640,428,1.4953271028037383
coco_503799_433016.jpg,640,426,1.5023474178403755
coco_504452_crowd.jpg,593,640,0.9265625
coco_504498_188918.jpg,640,480,1.3333333333333333
coco_504697_crowd.jpg,500,375,1.3333333333333333
coco_504700_204591.jpg,628,640,0.98125
coco_504747_535375.jpg,640,427,1.4988290398126465
coco_504790_crowd.jpg,480,640,0.75
coco_50493_crowd.jpg,640,362,1.7679558011049723
coco_504977_519609.jpg,640,426,1.5023474178403755
coco_505035_426987.jpg,640,430,1.4883720930232558
coco_505156_crowd.jpg,640,425,1.5058823529411764
coco_505157_crowd.jpg,640,469,1.3646055437100213
coco_505163_crowd.jpg,640,480,1.3333333333333333
coco_505242_1255085.jpg,480,640,0.75
coco_505344_515260.jpg,640,480,1.3333333333333333
coco_505471_192722.jpg,640,480,1.3333333333333333
coco_505636_464625.jpg,426,640,0.665625
coco_505728_1745857.jpg,640,429,1.491841491841492
coco_505792_471136.jpg,427,640,0.6671875
coco_505818_crowd.jpg,640,480,1.3333333333333333
coco_506356_1715394.jpg,425,640,0.6640625
coco_506471_crowd.jpg,640,480,1.3333333333333333
coco_506723_186755.jpg,640,480,1.3333333333333333
coco_50713_crowd.jpg,500,404,1.2376237623762376
coco_50752_425603.jpg,640,480,1.3333333333333333
coco_507633_516399.jpg,425,640,0.6640625
coco_507719_crowd.jpg,640,551,1.161524500907441
coco_50782_457336.jpg,640,428,1.4953271028037383
coco_507935_470185.jpg,640,480,1.3333333333333333
coco_507945_1733025.jpg,427,640,0.6671875
coco_508288_199502.jpg,640,428,1.4953271028037383
coco_508302_196613.jpg,612,612,1.0
coco_508605_434264.jpg,426,640,0.665625
coco_508787_451690.jpg,428,640,0.66875
coco_508949_214681.jpg,640,480,1.3333333333333333
coco_508977_215977.jpg,512,640,0.8
coco_509028_crowd.jpg,640,360,1.7777777777777777
coco_509129_crowd.jpg,453,640,0.7078125
coco_509227_447427.jpg,427,640,0.6671875
coco_509459_471297.jpg,427,640,0.6671875
coco_509526_471183.jpg,640,453,1.4128035320088301
coco_509695_421347.jpg,640,428,1.4953271028037383
coco_509891_440649.jpg,640,424,1.509433962264151
coco_510078_483069.jpg,640,426,1.5023474178403755
coco_510152_427923.jpg,427,640,0.6671875
coco_510587_447974.jpg,427,640,0.6671875
coco_510651_430445.jpg,640,480,1.3333333333333333
coco_510734_crowd.jpg,428,640,0.66875
coco_510864_1738324.jpg,427,640,0.6671875
coco_511145_188115.jpg,640,427,1.4988290398126465
coco_511159_435043.jpg,426,640,0.665625
coco_511363_crowd.jpg,640,426,1.5023474178403755
coco_511463_451047.jpg,480,640,0.75
coco_511469_crowd.jpg,500,354,1.4124293785310735
coco_511554_crowd.jpg,640,426,1.5023474178403755
coco_511622_460326.jpg,480,640,0.75
coco_511669_2208130.jpg,640,524,1.2213740458015268
coco_51181_498495.jpg,427,640,0.6671875
coco_511929_221283.jpg,612,612,1.0
coco_51203_crowd.jpg,640,480,1.3333333333333333
coco_512290_crowd.jpg,640,492,1.3008130081300813
coco_512320_470292.jpg,480,640,0.75
coco_512455_1729567.jpg,640,428,1.4953271028037383
coco_51258_crowd.jpg,640,425,1.5058823529411764
coco_512667_crowd.jpg,640,427,1.4988290398126465
coco_512902_crowd.jpg,443,640,0.6921875
coco_512911_crowd.jpg,331,500,0.662
coco_513072_crowd.jpg,426,640,0.665625
coco_51335_crowd.jpg,612,612,1.0
coco_513692_481497.jpg,640,480,1.3333333333333333
coco_513965_455583.jpg,424,640,0.6625
coco_514083_432213.jpg,640,480,1.3333333333333333
coco_514366_crowd.jpg,640,427,1.4988290398126465
coco_514468_477656.jpg,640,426,1.5023474178403755
coco_514550_447635.jpg,424,640,0.6625
coco_514990_crowd.jpg,640,424,1.509433962264151
coco_515056_crowd.jpg,640,427,1.4988290398126465
coco_515289_crowd.jpg,639,640,0.9984375
coco_515367_crowd.jpg,427,640,0.6671875
coco_515403_194594.jpg,640,425,1.5058823529411764
coco_515424_472292.jpg,501,640,0.7828125
coco_51549_421266.jpg,640,424,1.509433962264151
coco_515742_451381.jpg,424,640,0.6625
coco_515751_433496.jpg,640,425,1.5058823529411764
coco_515785_489072.jpg,640,480,1.3333333333333333
coco_515792_470839.jpg,480,640,0.75
coco_515895_187524.jpg,640,503,1.2723658051689861
coco_51605_493368.jpg,640,411,1.5571776155717763
coco_516422_crowd.jpg,500,375,1.3333333333333333
coco_516813_crowd.jpg,640,427,1.4988290398126465
coco_516902_crowd.jpg,529,640,0.8265625
coco_516998_crowd.jpg,500,375,1.3333333333333333
coco_517061_474566.jpg,640,425,1.5058823529411764
coco_517135_crowd.jpg,480,640,0.75
coco_517388_515028.jpg,640,428,1.4953271028037383
coco_517465_432121.jpg,640,427,1.4988290398126465
coco_517570_196929.jpg,495,640,0.7734375
coco_51773_259434.jpg,443,640,0.6921875
coco_517822_crowd.jpg,429,640,0.6703125
coco_517889_crowd.jpg,640,428,1.4953271028037383
coco_517967_2157944.jpg,457,640,0.7140625
coco_517987_459047.jpg,427,640,0.6671875
coco_518116_443919.jpg,640,480,1.3333333333333333
coco_518222_470649.jpg,640,428,1.4953271028037383
coco_518383_452689.jpg,640,480,1.3333333333333333
coco_518850_crowd.jpg,426,640,0.665625
coco_519055_crowd.jpg,640,521,1.2284069097888675
coco_519351_204335.jpg,480,640,0.75
coco_519387_crowd.jpg,640,424,1.509433962264151
coco_519479_460167.jpg,500,513,0.9746588693957114
coco_519542_crowd.jpg,259,500,0.518
coco_519565_crowd.jpg,640,480,1.3333333333333333
coco_519706_458859.jpg,480,640,0.75
coco_519744_472437.jpg,426,640,0.665625
coco_519880_crowd.jpg,500,500,1.0
coco_520124_crowd.jpg,640,427,1.4988290398126465
coco_52016_423687.jpg,480,640,0.75
coco_520237_crowd.jpg,480,640,0.75
coco_520289_183233.jpg,401,640,0.6265625
coco_520427_crowd.jpg,640,480,1.3333333333333333
coco_520528_461446.jpg,640,426,1.5023474178403755
coco_5205_crowd.jpg,612,612,1.0
coco_52066_205645.jpg,640,402,1.592039800995025
coco_520752_crowd.jpg,640,493,1.2981744421906694
coco_521197_213479.jpg,640,483,1.3250517598343685
coco_521404_187792.jpg,427,640,0.6671875
coco_52161_194992.jpg,640,426,1.5023474178403755
coco_521689_crowd.jpg,480,640,0.75
coco_521692_486794.jpg,640,480,1.3333333333333333
coco_521943_1721317.jpg,640,468,1.3675213675213675
coco_521994_185299.jpg,640,400,1.6
coco_522065_467390.jpg,426,640,0.665625
coco_522163_437150.jpg,640,458,1.3973799126637554
coco_522194_216204.jpg,480,640,0.75
coco_522198_183540.jpg,640,640,1.0
coco_522232_195687.jpg,480,640,0.75
coco_52314_crowd.jpg,640,427,1.4988290398126465
coco_523217_crowd.jpg,375,500,0.75
coco_523230_crowd.jpg,640,471,1.3588110403397027
coco_523274_199980.jpg,640,426,1.5023474178403755
coco_523371_202800.jpg,640,480,1.3333333333333333
coco_523454_184449.jpg,640,480,1.3333333333333333
coco_523597_crowd.jpg,640,429,1.491841491841492
coco_523696_474363.jpg,480,640,0.75
coco_524047_423689.jpg,640,480,1.3333333333333333
coco_524061_1246046.jpg,640,425,1.5058823529411764
coco_52425_474076.jpg,425,640,0.6640625
coco_524436_crowd.jpg,640,424,1.509433962264151
coco_524536_crowd.jpg,427,640,0.6671875
coco_524638_511324.jpg,640,514,1.245136186770428
coco_5247_crowd.jpg,640,424,1.509433962264151
coco_524844_421042.jpg,425,640,0.6640625
coco_525106_453137.jpg,640,477,1.3417190775681342
coco_525227_428097.jpg,612,612,1.0
coco_525667_crowd.jpg,640,480,1.3333333333333333
coco_525732_445709.jpg,409,640,0.6390625
coco_526040_451624.jpg,640,405,1.5802469135802468
coco_526186_crowd.jpg,640,480,1.3333333333333333
coco_52624_191781.jpg,640,427,1.4988290398126465
coco_526371_494908.jpg,427,640,0.6671875
coco_526570_crowd.jpg,612,612,1.0
coco_52661_crowd.jpg,640,428,1.4953271028037383
coco_526778_481240.jpg,640,439,1.457858769931663
coco_526837_430536.jpg,478,640,0.746875
coco_526955_430923.jpg,640,640,1.0
coco_52703_190123.jpg,424,640,0.6625
coco_527054_424236.jpg,640,480,1.3333333333333333
coco_527060_crowd.jpg,480,640,0.75
coco_527102_crowd.jpg,640,548,1.167883211678832
coco_527313_crowd.jpg,480,640,0.75
coco_527691_452151.jpg,640,629,1.0174880763116056
coco_527791_470754.jpg,640,425,1.5058823529411764
coco_528030_466106.jpg,640,581,1.1015490533562822
coco_528098_215288.jpg,640,480,1.3333333333333333
coco_528351_crowd.jpg,640,640,1.0
coco_528729_237872.jpg,640,480,1.3333333333333333
coco_529065_444217.jpg,425,640,0.6640625
coco_529838_483793.jpg,640,480,1.3333333333333333
coco_530033_444694.jpg,480,640,0.75
coco_530207_crowd.jpg,410,640,0.640625
coco_53058_439865.jpg,640,640,1.0
coco_530619_494572.jpg,640,480,1.3333333333333333
coco_530631_2205750.jpg,640,480,1.3333333333333333
coco_530765_214720.jpg,480,640,0.75
coco_530875_500088.jpg,480,640,0.75
coco_530998_2154384.jpg,640,427,1.4988290398126465
coco_531069_462273.jpg,480,640,0.75
coco_531234_204034.jpg,478,640,0.746875
coco_531299_crowd.jpg,427,640,0.6671875
coco_531633_467439.jpg,640,427,1.4988290398126465
coco_531815_445906.jpg,640,457,1.400437636761488
coco_531909_crowd.jpg,336,640,0.525
coco_531917_228732.jpg,640,480,1.3333333333333333
coco_531928_crowd.jpg,640,427,1.4988290398126465
coco_531967_423829.jpg,640,480,1.3333333333333333
coco_532209_2156637.jpg,640,426,1.5023474178403755
coco_532295_468072.jpg,427,640,0.6671875
coco_5325_crowd.jpg,500,375,1.3333333333333333
coco_532812_crowd.jpg,567,640,0.8859375
coco_532876_196523.jpg,640,427,1.4988290398126465
coco_533106_crowd.jpg,640,467,1.3704496788008564
coco_533227_439363.jpg,640,427,1.4988290398126465
coco_533283_185415.jpg,640,605,1.0578512396694215
coco_53328_crowd.jpg,640,480,1.3333333333333333
coco_53344_183541.jpg,426,640,0.665625
coco_533452_186966.jpg,640,478,1.3389121338912133
coco_533480_1280732.jpg,458,640,0.715625
coco_533532_crowd.jpg,640,480,1.3333333333333333
coco_533548_448458.jpg,640,480,1.3333333333333333
coco_534038_211045.jpg,512,640,0.8
coco_534210_423402.jpg,640,425,1.5058823529411764
coco_53431_432869.jpg,640,427,1.4988290398126465
coco_534421_crowd.jpg,640,430,1.4883720930232558
coco_534516_crowd.jpg,640,425,1.5058823529411764
coco_534736_crowd.jpg,640,427,1.4988290398126465
coco_534817_210215.jpg,490,640,0.765625
coco_534887_190483.jpg,480,640,0.75
coco_534915_crowd.jpg,602,415,1.4506024096385541
coco_535106_222032.jpg,640,403,1.588089330024814
coco_535259_crowd.jpg,640,480,1.3333333333333333
coco_535506_441444.jpg,480,640,0.75
coco_535536_481310.jpg,640,415,1.5421686746987953
coco_535668_crowd.jpg,640,426,1.5023474178403755
coco_5356_crowd.jpg,640,427,1.4988290398126465
coco_535750_crowd.jpg,428,640,0.66875
coco_535889_462683.jpg,640,480,1.3333333333333333
coco_536006_crowd.jpg,427,640,0.6671875
coco_536166_185775.jpg,640,424,1.509433962264151
coco_53635_442280.jpg,428,640,0.66875
coco_536444_1748127.jpg,513,640,0.8015625
coco_53668_473090.jpg,556,640,0.86875
coco_536720_crowd.jpg,640,480,1.3333333333333333
coco_53677_crowd.jpg,640,463,1.3822894168466522
coco_536782_crowd.jpg,640,640,1.0
coco_536791_439216.jpg,427,640,0.6671875
coco_536831_435544.jpg,640,480,1.3333333333333333
coco_536891_195214.jpg,640,499,1.282565130260521
coco_537206_208244.jpg,640,480,1.3333333333333333
coco_537211_202461.jpg,640,427,1.4988290398126465
coco_537376_crowd.jpg,375,500,0.75
coco_53754_465243.jpg,640,427,1.4988290398126465
coco_53774_1726311.jpg,640,427,1.4988290398126465
coco_537864_455799.jpg,640,432,1.4814814814814814
coco_53788_443765.jpg,444,640,0.69375
coco_538054_2163242.jpg,640,480,1.3333333333333333
coco_538092_468944.jpg,640,427,1.4988290398126465
coco_538115_crowd.jpg,640,407,1.5724815724815724
coco_538122_455275.jpg,425,640,0.6640625
coco_538163_crowd.jpg,500,375,1.3333333333333333
coco_538242_crowd.jpg,640,449,1.4253897550111359
coco_538319_crowd.jpg,640,480,1.3333333333333333
coco_538344_424558.jpg,509,640,0.7953125
coco_538394_1735441.jpg,512,640,0.8
coco_538858_crowd.jpg,640,480,1.3333333333333333
coco_538859_197456.jpg,480,640,0.75
coco_539079_468437.jpg,640,425,1.5058823529411764
coco_539555_crowd.jpg,400,600,0.6666666666666666
coco_539565_crowd.jpg,640,640,1.0
coco_539787_crowd.jpg,640,480,1.3333333333333333
coco_540006_crowd.jpg,480,640,0.75
coco_54007_473829.jpg,640,427,1.4988290398126465
coco_540098_454602.jpg,488,640,0.7625
coco_540196_502806.jpg,427,640,0.6671875
coco_540207_471019.jpg,427,640,0.6671875
coco_540469_1735917.jpg,500,400,1.25
coco_540556_485377.jpg,433,640,0.6765625
coco_540581_443977.jpg,640,427,1.4988290398126465
coco_540614_498912.jpg,494,500,0.988
coco_540869_233082.jpg,640,426,1.5023474178403755
coco_541017_442550.jpg,640,480,1.3333333333333333
coco_541474_458749.jpg,640,427,1.4988290398126465
coco_541924_crowd.jpg,640,572,1.118881118881119
coco_542024_crowd.jpg,640,427,1.4988290398126465
coco_542183_183396.jpg,481,640,0.7515625
coco_542302_crowd.jpg,428,640,0.66875
coco_542510_471709.jpg,640,436,1.4678899082568808
coco_542570_crowd.jpg,425,640,0.6640625
coco_54277_450589.jpg,640,480,1.3333333333333333
coco_542910_crowd.jpg,640,480,1.3333333333333333
coco_542938_187491.jpg,640,425,1.5058823529411764
coco_543193_196833.jpg,500,500,1.0
coco_543218_436661.jpg,432,640,0.675
coco_543531_crowd.jpg,640,426,1.5023474178403755
coco_543644_425169.jpg,472,640,0.7375
coco_543740_455766.jpg,640,480,1.3333333333333333
coco_543836_430661.jpg,640,480,1.3333333333333333
coco_543895_crowd.jpg,640,427,1.4988290398126465
coco_544122_1724399.jpg,640,427,1.4988290398126465
coco_544237_crowd.jpg,640,426,1.5023474178403755
coco_544272_186035.jpg,640,512,1.25
coco_544278_crowd.jpg,640,428,1.4953271028037383
coco_5443_435609.jpg,481,640,0.7515625
coco_544432_crowd.jpg,640,479,1.336116910229645
coco_544522_465401.jpg,640,480,1.3333333333333333
coco_544713_187016.jpg,640,480,1.3333333333333333
coco_544857_2152694.jpg,640,480,1.3333333333333333
coco_545002_439492.jpg,640,480,1.3333333333333333
coco_545155_213988.jpg,640,481,1.3305613305613306
coco_54516_421132.jpg,640,631,1.0142630744849446
coco_545978_crowd.jpg,568,640,0.8875
coco_546126_crowd.jpg,500,333,1.5015015015015014
coco_546424_crowd.jpg,456,640,0.7125
coco_546658_511285.jpg,518,640,0.809375
coco_546664_crowd.jpg,480,640,0.75
coco_546670_449902.jpg,428,640,0.66875
coco_546773_crowd.jpg,480,640,0.75
coco_54679_478279.jpg,456,640,0.7125
coco_54712_434239.jpg,640,480,1.3333333333333333
coco_547224_466641.jpg,640,427,1.4988290398126465
coco_54747_crowd.jpg,480,640,0.75
coco_547487_557318.jpg,400,600,0.6666666666666666
coco_547607_1717268.jpg,427,640,0.6671875
coco_54763_494740.jpg,640,480,1.3333333333333333
coco_54766_1751845.jpg,640,424,1.509433962264151
coco_547866_crowd.jpg,640,427,1.4988290398126465
coco_548090_2164943.jpg,640,427,1.4988290398126465
coco_548361_457443.jpg,640,626,1.0223642172523961
coco_548538_crowd.jpg,512,640,0.8
coco_548843_434056.jpg,478,640,0.746875
coco_548844_481289.jpg,640,426,1.5023474178403755
coco_548878_540729.jpg,640,458,1.3973799126637554
coco_548939_433198.jpg,640,526,1.2167300380228137
coco_549063_199500.jpg,640,480,1.3333333333333333
coco_549297_crowd.jpg,640,427,1.4988290398126465
coco_549448_crowd.jpg,640,480,1.3333333333333333
coco_549683_439893.jpg,508,640,0.79375
coco_549754_477095.jpg,640,400,1.6
coco_549932_crowd.jpg,640,640,1.0
coco_549937_476721.jpg,640,520,1.2307692307692308
coco_550007_204999.jpg,640,426,1.5023474178403755
coco_550013_183669.jpg,640,412,1.5533980582524272
coco_550162_193430.jpg,480,640,0.75
coco_550365_490172.jpg,640,427,1.4988290398126465
coco_550431_crowd.jpg,640,426,1.5023474178403755
coco_550645_424490.jpg,480,640,0.75
coco_550707_crowd.jpg,640,480,1.3333333333333333
coco_550968_crowd.jpg,480,640,0.75
coco_550980_crowd.jpg,555,640,0.8671875
coco_551243_423130.jpg,640,640,1.0
coco_55126_crowd.jpg,640,453,1.4128035320088301
coco_551334_193729.jpg,640,480,1.3333333333333333
coco_551849_194769.jpg,480,640,0.75
coco_551921_190122.jpg,640,480,1.3333333333333333
coco_551957_1717449.jpg,457,640,0.7140625
coco_551959_2198209.jpg,640,404,1.5841584158415842
coco_552075_462040.jpg,480,640,0.75
coco_552186_crowd.jpg,459,640,0.7171875
coco_552188_425220.jpg,640,547,1.170018281535649
coco_552532_204201.jpg,640,422,1.5165876777251184
coco_552573_425406.jpg,625,640,0.9765625
coco_552752_209057.jpg,404,640,0.63125
coco_552973_crowd.jpg,640,428,1.4953271028037383
coco_553074_437465.jpg,640,427,1.4988290398126465
coco_553078_2152475.jpg,480,640,0.75
coco_553253_447221.jpg,640,459,1.3943355119825709
coco_553330_crowd.jpg,427,640,0.6671875
coco_553353_505405.jpg,425,640,0.6640625
coco_553436_crowd.jpg,480,640,0.75
coco_5535_445514.jpg,640,480,1.3333333333333333
coco_55375_crowd.jpg,640,428,1.4953271028037383
coco_553852_217639.jpg,640,529,1.2098298676748582
coco_553862_crowd.jpg,640,427,1.4988290398126465
coco_553869_436042.jpg,427,640,0.6671875
coco_554006_crowd.jpg,424,640,0.6625
coco_554114_425233.jpg,480,640,0.75
coco_554273_crowd.jpg,640,426,1.5023474178403755
coco_554348_186462.jpg,640,400,1.6
coco_554433_2207544.jpg,640,480,1.3333333333333333
coco_554445_203571.jpg,640,480,1.3333333333333333
coco_554459_crowd.jpg,640,426,1.5023474178403755
coco_554537_453664.jpg,640,547,1.170018281535649
coco_554582_crowd.jpg,640,403,1.588089330024814
coco_554625_crowd.jpg,426,640,0.665625
coco_554669_crowd.jpg,425,640,0.6640625
coco_554727_435858.jpg,428,640,0.66875
coco_554892_crowd.jpg,640,514,1.245136186770428
coco_555131_crowd.jpg,640,480,1.3333333333333333
coco_555271_436667.jpg,640,433,1.4780600461893765
coco_555456_427111.jpg,640,427,1.4988290398126465
coco_555461_457875.jpg,636,640,0.99375
coco_555582_477101.jpg,640,480,1.3333333333333333
coco_555622_crowd.jpg,480,640,0.75
coco_555669_crowd.jpg,533,640,0.8328125
coco_555686_213477.jpg,640,480,1.3333333333333333
coco_556064_425698.jpg,480,640,0.75
coco_556083_425324.jpg,425,640,0.6640625
coco_556101_192442.jpg,480,640,0.75
coco_556341_424788.jpg,480,640,0.75
coco_557556_crowd.jpg,640,414,1.5458937198067633
coco_557732_425145.jpg,640,427,1.4988290398126465
coco_557785_427970.jpg,480,640,0.75
coco_557829_crowd.jpg,640,428,1.4953271028037383
coco_557923_crowd.jpg,640,480,1.3333333333333333
coco_557926_crowd.jpg,640,480,1.3333333333333333
coco_558171_467799.jpg,640,480,1.3333333333333333
coco_558229_crowd.jpg,640,427,1.4988290398126465
coco_558253_2161701.jpg,640,427,1.4988290398126465
coco_558457_453474.jpg,640,480,1.3333333333333333
coco_558587_468941.jpg,640,480,1.3333333333333333
coco_558611_471794.jpg,416,640,0.65
coco_558635_crowd.jpg,640,480,1.3333333333333333
coco_558661_529734.jpg,426,640,0.665625
coco_558794_crowd.jpg,640,640,1.0
coco_558845_435787.jpg,414,640,0.646875
coco_559037_452960.jpg,640,427,1.4988290398126465
coco_559062_451812.jpg,640,427,1.4988290398126465
coco_559303_439888.jpg,640,427,1.4988290398126465
coco_559312_crowd.jpg,640,480,1.3333333333333333
coco_559462_crowd.jpg,426,640,0.665625
coco_559470_crowd.jpg,480,640,0.75
coco_559730_206884.jpg,480,640,0.75
coco_55981_496176.jpg,640,426,1.5023474178403755
coco_559884_457411.jpg,640,426,1.5023474178403755
coco_559948_1720283.jpg,640,426,1.5023474178403755
coco_56002_443976.jpg,640,480,1.3333333333333333
coco_560108_209043.jpg,427,640,0.6671875
coco_560227_465861.jpg,425,640,0.6640625
coco_560598_421938.jpg,640,404,1.5841584158415842
coco_560620_crowd.jpg,640,503,1.2723658051689861
coco_560626_451373.jpg,640,428,1.4953271028037383
coco_560718_448823.jpg,640,425,1.5058823529411764
coco_560757_478519.jpg,640,427,1.4988290398126465
coco_560993_200972.jpg,480,640,0.75
coco_561437_1712671.jpg,640,427,1.4988290398126465
coco_561539_crowd.jpg,640,426,1.5023474178403755
coco_561589_crowd.jpg,426,640,0.665625
coco_561780_crowd.jpg,640,480,1.3333333333333333
coco_561806_1724090.jpg,640,424,1.509433962264151
coco_56187_crowd.jpg,640,480,1.3333333333333333
coco_562062_434395.jpg,640,426,1.5023474178403755
coco_562101_2158259.jpg,640,480,1.3333333333333333
coco_562519_220600.jpg,640,427,1.4988290398126465
coco_562632_crowd.jpg,640,480,1.3333333333333333
coco_562885_427292.jpg,500,471,1.0615711252653928
coco_563015_433193.jpg,480,640,0.75
coco_563194_524686.jpg,428,640,0.66875
coco_563680_529450.jpg,425,640,0.6640625
coco_563723_215495.jpg,426,640,0.665625
coco_563871_crowd.jpg,640,480,1.3333333333333333
coco_563912_448448.jpg,640,512,1.25
coco_563938_crowd.jpg,500,375,1.3333333333333333
coco_564095_2155494.jpg,640,479,1.336116910229645
coco_564281_crowd.jpg,640,426,1.5023474178403755
coco_564355_crowd.jpg,435,640,0.6796875
coco_564366_1712219.jpg,427,640,0.6671875
coco_5644_1206896.jpg,640,427,1.4988290398126465
coco_564636_crowd.jpg,640,427,1.4988290398126465
coco_564936_1214101.jpg,640,480,1.3333333333333333
coco_56504_crowd.jpg,640,427,1.4988290398126465
coco_565085_crowd.jpg,640,480,1.3333333333333333
coco_565438_crowd.jpg,426,640,0.665625
coco_565570_472507.jpg,640,604,1.0596026490066226
coco_565693_crowd.jpg,640,480,1.3333333333333333
coco_565903_489746.jpg,506,640,0.790625
coco_566173_443695.jpg,640,427,1.4988290398126465
coco_566321_crowd.jpg,500,357,1.4005602240896358
coco_566518_464145.jpg,640,427,1.4988290398126465
coco_566729_188030.jpg,640,480,1.3333333333333333
coco_566941_crowd.jpg,640,480,1.3333333333333333
coco_567636_204424.jpg,640,480,1.3333333333333333
coco_568107_195259.jpg,640,427,1.4988290398126465
coco_568132_crowd.jpg,640,480,1.3333333333333333
coco_568148_491046.jpg,640,478,1.3389121338912133
coco_568623_crowd.jpg,640,416,1.5384615384615385
coco_568765_crowd.jpg,640,427,1.4988290398126465
coco_568956_crowd.jpg,426,640,0.665625
coco_568972_crowd.jpg,480,640,0.75
coco_569432_476697.jpg,503,640,0.7859375
coco_569452_crowd.jpg,429,640,0.6703125
coco_569841_crowd.jpg,640,427,1.4988290398126465
coco_569_514322.jpg,640,480,1.3333333333333333
coco_570060_429502.jpg,640,427,1.4988290398126465
coco_570107_202574.jpg,427,640,0.6671875
coco_570579_crowd.jpg,640,427,1.4988290398126465
coco_570678_476940.jpg,640,427,1.4988290398126465
coco_570680_1250977.jpg,480,640,0.75
coco_570714_451131.jpg,425,640,0.6640625
coco_570781_423596.jpg,493,500,0.986
coco_57086_crowd.jpg,640,427,1.4988290398126465
coco_571029_crowd.jpg,640,426,1.5023474178403755
coco_5713_492094.jpg,640,480,1.3333333333333333
coco_571970_192688.jpg,640,569,1.124780316344464
coco_572008_226744.jpg,640,427,1.4988290398126465
coco_572226_crowd.jpg,640,496,1.2903225806451613
coco_572229_crowd.jpg,640,427,1.4988290398126465
coco_572296_189836.jpg,640,427,1.4988290398126465
coco_572510_437223.jpg,612,612,1.0
coco_572725_482008.jpg,640,427,1.4988290398126465
coco_572811_2158557.jpg,480,640,0.75
coco_57286_crowd.jpg,640,457,1.400437636761488
coco_573058_440274.jpg,427,640,0.6671875
coco_573179_202146.jpg,529,640,0.8265625
coco_573214_crowd.jpg,640,427,1.4988290398126465
coco_573363_crowd.jpg,640,419,1.5274463007159904
coco_573571_471644.jpg,640,425,1.5058823529411764
coco_573686_crowd.jpg,640,429,1.491841491841492
coco_574108_433518.jpg,640,480,1.3333333333333333
coco_574138_428866.jpg,640,424,1.509433962264151
coco_574141_452336.jpg,640,603,1.0613598673300166
coco_574343_474608.jpg,640,427,1.4988290398126465
coco_574357_193651.jpg,640,428,1.4953271028037383
coco_574537_crowd.jpg,640,428,1.4953271028037383
coco_574619_475099.jpg,427,640,0.6671875
coco_574672_crowd.jpg,640,409,1.56479217603912
coco_574769_201078.jpg,480,640,0.75
coco_574804_489368.jpg,480,640,0.75
coco_574825_crowd.jpg,333,500,0.666
coco_575006_494719.jpg,426,640,0.665625
coco_575012_crowd.jpg,601,601,1.0
coco_575088_crowd.jpg,446,640,0.696875
coco_57508_423457.jpg,640,480,1.3333333333333333
coco_575405_1751284.jpg,640,426,1.5023474178403755
coco_57550_192954.jpg,640,426,1.5023474178403755
coco_57570_195182.jpg,640,429,1.491841491841492
coco_575904_459537.jpg,640,416,1.5384615384615385
coco_575933_471429.jpg,640,480,1.3333333333333333
coco_57593_2154801.jpg,640,457,1.400437636761488
coco_575964_crowd.jpg,640,427,1.4988290398126465
coco_576305_455769.jpg,640,427,1.4988290398126465
coco_576463_436200.jpg,443,640,0.6921875
coco_576607_421740.jpg,640,455,1.4065934065934067
coco_576652_434637.jpg,429,640,0.6703125
coco_576704_512990.jpg,480,640,0.75
coco_576754_422467.jpg,640,426,1.5023474178403755
coco_576875_crowd.jpg,640,427,1.4988290398126465
coco_576987_435514.jpg,640,428,1.4953271028037383
coco_577033_crowd.jpg,640,327,1.9571865443425076
coco_57703_crowd.jpg,640,488,1.3114754098360655
coco_577073_475831.jpg,640,425,1.5058823529411764
coco_577277_484660.jpg,418,640,0.653125
coco_577398_204332.jpg,448,443,1.0112866817155757
coco_577403_crowd.jpg,497,500,0.994
coco_577840_crowd.jpg,640,426,1.5023474178403755
coco_578227_crowd.jpg,640,427,1.4988290398126465
coco_578292_455088.jpg,480,640,0.75
coco_578330_crowd.jpg,480,640,0.75
coco_578427_501108.jpg,480,640,0.75
coco_578849_429148.jpg,640,428,1.4953271028037383
coco_579362_212502.jpg,454,640,0.709375
coco_579457_crowd.jpg,640,427,1.4988290398126465
coco_579696_crowd.jpg,640,465,1.3763440860215055
coco_579760_186131.jpg,480,640,0.75
coco_579918_200871.jpg,640,427,1.4988290398126465
coco_58006_crowd.jpg,640,491,1.3034623217922607
coco_580108_crowd.jpg,425,640,0.6640625
coco_5802_509231.jpg,640,479,1.336116910229645
coco_580388_448394.jpg,640,480,1.3333333333333333
coco_58043_2150778.jpg,640,427,1.4988290398126465
coco_580591_1243589.jpg,427,640,0.6671875
coco_580613_crowd.jpg,640,426,1.5023474178403755
coco_580704_crowd.jpg,640,480,1.3333333333333333
coco_580711_crowd.jpg,424,640,0.6625
coco_580870_439810.jpg,480,640,0.75
coco_580972_2198435.jpg,425,640,0.6640625
coco_580983_1288640.jpg,640,427,1.4988290398126465
coco_581040_513864.jpg,480,640,0.75
coco_581245_crowd.jpg,640,423,1.5130023640661938
coco_581328_438103.jpg,640,480,1.3333333333333333
coco_581422_crowd.jpg,640,498,1.285140562248996
coco_581886_crowd.jpg,640,481,1.3305613305613306
coco_58364_493395.jpg,640,428,1.4953271028037383
coco_58690_427786.jpg,640,480,1.3333333333333333
coco_58778_486043.jpg,427,640,0.6671875
coco_5879_crowd.jpg,427,640,0.6671875
coco_58800_crowd.jpg,640,425,1.5058823529411764
coco_589_2150702.jpg,640,480,1.3333333333333333
coco_59015_crowd.jpg,640,480,1.3333333333333333
coco_59207_crowd.jpg,427,640,0.6671875
coco_59547_440755.jpg,428,640,0.66875
coco_5961_crowd.jpg,480,640,0.75
coco_6033_crowd.jpg,480,640,0.75
coco_60529_443368.jpg,640,427,1.4988290398126465
coco_60989_crowd.jpg,640,640,1.0
coco_61494_crowd.jpg,640,427,1.4988290398126465
coco_61503_2153158.jpg,640,426,1.5023474178403755
coco_61566_483405.jpg,640,428,1.4953271028037383
coco_61805_crowd.jpg,500,460,1.0869565217391304
coco_61897_crowd.jpg,640,640,1.0
coco_62060_crowd.jpg,640,334,1.9161676646706587
coco_62089_430479.jpg,640,478,1.3389121338912133
coco_62109_crowd.jpg,500,358,1.3966480446927374
coco_62198_191798.jpg,640,425,1.5058823529411764
coco_62297_462059.jpg,427,640,0.6671875
coco_62483_crowd.jpg,425,640,0.6640625
coco_62858_442902.jpg,480,640,0.75
coco_62877_crowd.jpg,457,640,0.7140625
coco_63144_441787.jpg,640,413,1.549636803874092
coco_63240_208854.jpg,602,640,0.940625
coco_63397_crowd.jpg,640,427,1.4988290398126465
coco_63521_crowd.jpg,640,481,1.3305613305613306
coco_63549_459884.jpg,640,425,1.5058823529411764
coco_63563_2228889.jpg,640,428,1.4953271028037383
coco_63565_crowd.jpg,640,579,1.1053540587219344
coco_63617_457253.jpg,427,640,0.6671875
coco_63934_505639.jpg,640,424,1.509433962264151
coco_64015_497222.jpg,640,480,1.3333333333333333
coco_64016_crowd.jpg,640,427,1.4988290398126465
coco_64088_230529.jpg,460,640,0.71875
coco_64240_crowd.jpg,640,384,1.6666666666666667
coco_64611_475260.jpg,640,426,1.5023474178403755
coco_64902_crowd.jpg,640,427,1.4988290398126465
coco_64909_183841.jpg,640,480,1.3333333333333333
coco_64974_438471.jpg,436,640,0.68125
coco_65057_crowd.jpg,512,640,0.8
coco_65604_210724.jpg,640,480,1.3333333333333333
coco_66190_crowd.jpg,480,640,0.75
coco_66238_432793.jpg,640,426,1.5023474178403755
coco_66243_crowd.jpg,480,640,0.75
coco_66412_crowd.jpg,480,640,0.75
coco_66717_crowd.jpg,640,480,1.3333333333333333
coco_66959_crowd.jpg,640,414,1.5458937198067633
coco_67252_crowd.jpg,640,427,1.4988290398126465
coco_6748_465186.jpg,640,425,1.5058823529411764
coco_67765_crowd.jpg,640,416,1.5384615384615385
coco_67785_189283.jpg,612,612,1.0
coco_68120_crowd.jpg,362,640,0.565625
coco_68205_488646.jpg,500,500,1.0
coco_68257_454354.jpg,640,427,1.4988290398126465
coco_68525_499426.jpg,640,480,1.3333333333333333
coco_68674_423658.jpg,640,418,1.5311004784688995
coco_68743_427754.jpg,480,640,0.75
coco_68950_207754.jpg,640,480,1.3333333333333333
coco_69000_crowd.jpg,640,480,1.3333333333333333
coco_6906_488117.jpg,600,640,0.9375
coco_69328_217983.jpg,640,427,1.4988290398126465
coco_693_439854.jpg,640,428,1.4953271028037383
coco_69646_478417.jpg,640,516,1.2403100775193798
coco_69827_481683.jpg,640,480,1.3333333333333333
coco_69914_crowd.jpg,640,480,1.3333333333333333
coco_70134_crowd.jpg,640,425,1.5058823529411764
coco_70240_190675.jpg,480,640,0.75
coco_70471_crowd.jpg,640,480,1.3333333333333333
coco_7050_crowd.jpg,640,480,1.3333333333333333
coco_70528_191583.jpg,640,428,1.4953271028037383
coco_70815_199882.jpg,427,640,0.6671875
coco_70870_2159741.jpg,640,443,1.4446952595936795
coco_71095_451041.jpg,480,640,0.75
coco_7125_crowd.jpg,640,471,1.3588110403397027
coco_71306_483450.jpg,428,640,0.66875
coco_7149_crowd.jpg,640,427,1.4988290398126465
coco_71573_422077.jpg,640,447,1.4317673378076063
coco_71602_crowd.jpg,332,500,0.664
coco_71738_crowd.jpg,425,640,0.6640625
coco_71918_188982.jpg,640,428,1.4953271028037383
coco_71986_crowd.jpg,500,375,1.3333333333333333
coco_72255_457551.jpg,640,426,1.5023474178403755
coco_72368_486447.jpg,640,480,1.3333333333333333
coco_72376_crowd.jpg,640,480,1.3333333333333333
coco_7256_crowd.jpg,640,346,1.8497109826589595
coco_72657_187971.jpg,640,480,1.3333333333333333
coco_72944_515649.jpg,640,480,1.3333333333333333
coco_73182_crowd.jpg,640,428,1.4953271028037383
coco_73278_crowd.jpg,640,427,1.4988290398126465
coco_7333_456211.jpg,427,640,0.6671875
coco_73470_crowd.jpg,640,480,1.3333333333333333
coco_73665_435284.jpg,480,640,0.75
coco_73668_crowd.jpg,640,428,1.4953271028037383
coco_73753_205693.jpg,640,480,1.3333333333333333
coco_73773_450656.jpg,640,503,1.2723658051689861
coco_73832_458404.jpg,428,640,0.66875
coco_74135_crowd.jpg,640,541,1.1829944547134936
coco_74181_crowd.jpg,480,640,0.75
coco_74349_431882.jpg,640,426,1.5023474178403755
coco_74832_519344.jpg,427,640,0.6671875
coco_75001_crowd.jpg,640,415,1.5421686746987953
coco_75179_450572.jpg,640,432,1.4814814814814814
coco_75187_471861.jpg,640,427,1.4988290398126465
coco_7519_457520.jpg,640,480,1.3333333333333333
coco_75283_crowd.jpg,640,427,1.4988290398126465
coco_75494_446468.jpg,640,426,1.5023474178403755
coco_75552_1719276.jpg,640,426,1.5023474178403755
coco_75595_446222.jpg,640,427,1.4988290398126465
coco_75713_1227618.jpg,428,500,0.856
coco_75768_225933.jpg,640,426,1.5023474178403755
coco_75783_465218.jpg,640,425,1.5058823529411764
coco_7593_crowd.jpg,427,640,0.6671875
coco_75990_crowd.jpg,640,467,1.3704496788008564
coco_76161_423784.jpg,640,428,1.4953271028037383
coco_76257_194716.jpg,640,427,1.4988290398126465
coco_764_crowd.jpg,500,343,1.4577259475218658
coco_76942_184958.jpg,640,480,1.3333333333333333
coco_76956_431749.jpg,640,428,1.4953271028037383
coco_76994_429685.jpg,640,480,1.3333333333333333
coco_77345_421156.jpg,640,427,1.4988290398126465
coco_77754_428451.jpg,640,429,1.491841491841492
coco_77821_467296.jpg,640,480,1.3333333333333333
coco_77954_crowd.jpg,476,640,0.74375
coco_77997_crowd.jpg,640,344,1.8604651162790697
coco_78061_431012.jpg,441,500,0.882
coco_78093_427587.jpg,480,640,0.75
coco_78194_185192.jpg,640,427,1.4988290398126465
coco_78288_185702.jpg,640,427,1.4988290398126465
coco_78627_crowd.jpg,500,375,1.3333333333333333
coco_78803_1721588.jpg,425,640,0.6640625
coco_79070_2156868.jpg,427,640,0.6671875
coco_79544_2158300.jpg,427,640,0.6671875
coco_79619_2163437.jpg,449,640,0.7015625
coco_79754_185676.jpg,640,598,1.0702341137123745
coco_79860_crowd.jpg,640,480,1.3333333333333333
coco_80145_424999.jpg,436,640,0.68125
coco_80185_crowd.jpg,640,530,1.2075471698113207
coco_80260_crowd.jpg,640,427,1.4988290398126465
coco_80337_440705.jpg,640,428,1.4953271028037383
coco_80613_451696.jpg,427,640,0.6671875
coco_81103_185092.jpg,640,481,1.3305613305613306
coco_81210_crowd.jpg,640,480,1.3333333333333333
coco_81303_478372.jpg,640,412,1.5533980582524272
coco_81691_crowd.jpg,640,427,1.4988290398126465
coco_82312_205920.jpg,640,441,1.4512471655328798
coco_82740_185446.jpg,640,438,1.461187214611872
coco_83065_189493.jpg,640,604,1.0596026490066226
coco_83257_crowd.jpg,640,425,1.5058823529411764
coco_83466_crowd.jpg,640,480,1.3333333333333333
coco_83682_crowd.jpg,640,435,1.471264367816092
coco_84097_514340.jpg,480,640,0.75
coco_84130_459595.jpg,640,427,1.4988290398126465
coco_84447_186848.jpg,640,480,1.3333333333333333
coco_84460_488595.jpg,640,427,1.4988290398126465
coco_84533_183545.jpg,640,579,1.1053540587219344
coco_84540_crowd.jpg,640,480,1.3333333333333333
coco_84735_crowd.jpg,640,427,1.4988290398126465
coco_84762_crowd.jpg,640,424,1.509433962264151
coco_84767_crowd.jpg,640,480,1.3333333333333333
coco_84825_508839.jpg,426,640,0.665625
coco_85192_1732587.jpg,640,485,1.3195876288659794
coco_85247_432307.jpg,426,640,0.665625
coco_85316_crowd.jpg,640,436,1.4678899082568808
coco_85795_448071.jpg,640,480,1.3333333333333333
coco_85852_186087.jpg,427,640,0.6671875
coco_8589_crowd.jpg,640,428,1.4953271028037383
coco_8594_1258043.jpg,640,480,1.3333333333333333
coco_86001_crowd.jpg,640,529,1.2098298676748582
coco_86202_466971.jpg,480,640,0.75
coco_86448_crowd.jpg,480,640,0.75
coco_86848_518761.jpg,480,640,0.75
coco_87052_crowd.jpg,376,500,0.752
coco_87070_442763.jpg,640,487,1.3141683778234086
coco_87328_489130.jpg,596,640,0.93125
coco_87553_crowd.jpg,500,333,1.5015015015015014
coco_87617_crowd.jpg,344,500,0.688
coco_87740_crowd.jpg,640,480,1.3333333333333333
coco_87811_crowd.jpg,640,576,1.1111111111111112
coco_87889_crowd.jpg,400,640,0.625
coco_88072_507157.jpg,480,640,0.75
coco_88120_494234.jpg,600,450,1.3333333333333333
coco_88168_187608.jpg,640,436,1.4678899082568808
coco_88335_crowd.jpg,640,425,1.5058823529411764
coco_88433_454712.jpg,640,478,1.3389121338912133
coco_88455_523913.jpg,640,500,1.28
coco_88815_509812.jpg,640,427,1.4988290398126465
coco_89032_456623.jpg,640,407,1.5724815724815724
coco_89099_crowd.jpg,640,424,1.509433962264151
coco_89293_423977.jpg,640,427,1.4988290398126465
coco_89329_195831.jpg,640,427,1.4988290398126465
coco_89378_2197893.jpg,640,480,1.3333333333333333
coco_89432_479319.jpg,427,640,0.6671875
coco_89814_crowd.jpg,427,640,0.6671875
coco_89839_488122.jpg,424,640,0.6625
coco_89898_441288.jpg,640,405,1.5802469135802468
coco_90255_427373.jpg,637,640,0.9953125
coco_90519_crowd.jpg,480,640,0.75
coco_90592_423965.jpg,424,640,0.6625
coco_90646_crowd.jpg,480,640,0.75
coco_90732_446989.jpg,426,640,0.665625
coco_90991_426938.jpg,640,427,1.4988290398126465
coco_91052_crowd.jpg,555,640,0.8671875
coco_91263_492285.jpg,640,480,1.3333333333333333
coco_91326_203941.jpg,640,480,1.3333333333333333
coco_91336_452913.jpg,514,640,0.803125
coco_91353_crowd.jpg,480,640,0.75
coco_91416_482545.jpg,423,640,0.6609375
coco_91527_447705.jpg,640,426,1.5023474178403755
coco_91545_455312.jpg,640,424,1.509433962264151
coco_91612_190453.jpg,640,428,1.4953271028037383
coco_91636_crowd.jpg,421,500,0.842
coco_9171_461485.jpg,640,480,1.3333333333333333
coco_91839_211662.jpg,640,434,1.4746543778801844
coco_91949_crowd.jpg,480,640,0.75
coco_92205_2154228.jpg,640,427,1.4988290398126465
coco_92257_424573.jpg,640,428,1.4953271028037383
coco_92543_444921.jpg,640,531,1.2052730696798493
coco_92658_crowd.jpg,426,640,0.665625
coco_92678_crowd.jpg,640,473,1.3530655391120507
coco_9270_crowd.jpg,424,640,0.6625
coco_92768_450011.jpg,640,427,1.4988290398126465
coco_92985_crowd.jpg,640,413,1.549636803874092
coco_93034_crowd.jpg,633,640,0.9890625
coco_93068_205938.jpg,480,640,0.75
coco_93089_1715810.jpg,406,610,0.6655737704918033
coco_93258_crowd.jpg,425,640,0.6640625
coco_93434_crowd.jpg,338,500,0.676
coco_93493_2164458.jpg,640,425,1.5058823529411764
coco_93685_486862.jpg,640,457,1.400437636761488
coco_93746_459540.jpg,426,640,0.665625
coco_93853_220092.jpg,427,640,0.6671875
coco_9395_448683.jpg,640,411,1.5571776155717763
coco_93985_438252.jpg,478,640,0.746875
coco_94002_446239.jpg,428,640,0.66875
coco_94319_188109.jpg,640,427,1.4988290398126465
coco_94427_1735246.jpg,640,480,1.3333333333333333
coco_94513_202453.jpg,640,426,1.5023474178403755
coco_94599_crowd.jpg,480,640,0.75
coco_94619_435120.jpg,640,640,1.0
coco_94922_2152086.jpg,500,480,1.0416666666666667
coco_95051_2165257.jpg,427,640,0.6671875
coco_95106_crowd.jpg,426,640,0.665625
coco_95113_421084.jpg,480,640,0.75
coco_95474_214603.jpg,427,640,0.6671875
coco_95476_crowd.jpg,640,425,1.5058823529411764
coco_95583_1745779.jpg,424,640,0.6625
coco_95677_425051.jpg,409,640,0.6390625
coco_95692_456092.jpg,640,426,1.5023474178403755
coco_95770_crowd.jpg,640,430,1.4883720930232558
coco_95808_crowd.jpg,480,640,0.75
coco_96288_crowd.jpg,640,480,1.3333333333333333
coco_9628_459286.jpg,640,480,1.3333333333333333
coco_96530_202496.jpg,640,458,1.3973799126637554
coco_96638_2026312.jpg,640,480,1.3333333333333333
coco_96832_463118.jpg,640,480,1.3333333333333333
coco_97006_496427.jpg,640,427,1.4988290398126465
coco_97036_crowd.jpg,640,480,1.3333333333333333
coco_97362_206385.jpg,640,425,1.5058823529411764
coco_97423_crowd.jpg,640,517,1.2379110251450678
coco_97434_crowd.jpg,640,266,2.406015037593985
coco_97479_1220149.jpg,640,480,1.3333333333333333
coco_974_crowd.jpg,334,500,0.668
coco_97502_476573.jpg,476,640,0.74375
coco_97580_190231.jpg,640,427,1.4988290398126465
coco_97646_1716768.jpg,480,640,0.75
coco_97656_443256.jpg,640,425,1.5058823529411764
coco_9801_195875.jpg,633,640,0.9890625
coco_98043_194791.jpg,640,480,1.3333333333333333
coco_98141_197681.jpg,640,426,1.5023474178403755
coco_98284_189219.jpg,499,640,0.7796875
coco_98590_crowd.jpg,640,478,1.3389121338912133
coco_98656_crowd.jpg,424,640,0.6625
coco_98801_crowd.jpg,417,640,0.6515625
coco_98881_crowd.jpg,640,545,1.1743119266055047
coco_98927_488141.jpg,640,482,1.3278008298755186
coco_99067_491167.jpg,480,640,0.75
coco_99341_crowd.jpg,640,480,1.3333333333333333
coco_9941_486157.jpg,640,455,1.4065934065934067
coco_99477_193436.jpg,480,640,0.75
coco_99518_crowd.jpg,640,427,1.4988290398126465
coco_99583_465229.jpg,480,640,0.75
coco_99592_472131.jpg,640,618,1.035598705501618
coco_99615_448428.jpg,427,640,0.6671875
coco_99707_483866.jpg,640,640,1.0
coco_99798_2204748.jpg,582,640,0.909375
coco_99807_183413.jpg,640,427,1.4988290398126465
danbooru_anime_11899819.jpg,756,1075,0.7032558139534884
danbooru_anime_11899844.jpg,1042,1824,0.5712719298245614
danbooru_anime_11899878.jpg,775,1150,0.6739130434782609
danbooru_anime_11899930.jpg,1294,1406,0.9203413940256046
danbooru_anime_11899972.jpg,1322,2048,0.6455078125
danbooru_anime_11899979.jpg,896,1194,0.7504187604690117
danbooru_anime_11899980.jpg,4000,4000,1.0
danbooru_anime_11900007.jpg,1520,2048,0.7421875
danbooru_anime_11900019.jpg,929,1200,0.7741666666666667
danbooru_anime_11900033.jpg,1500,2000,0.75
danbooru_anime_11900075.jpg,2585,2823,0.9156925256818987
danbooru_anime_11900080.jpg,1448,2048,0.70703125
danbooru_anime_11900105.jpg,2774,3840,0.7223958333333333
danbooru_anime_11900195.jpg,2894,4093,0.7070608355729294
danbooru_anime_11900196.jpg,1329,1877,0.7080447522642515
danbooru_anime_11900212.jpg,806,905,0.8906077348066298
danbooru_anime_11900222.jpg,2961,4096,0.722900390625
danbooru_anime_11900261.jpg,2679,4096,0.654052734375
danbooru_anime_11900272.jpg,768,1024,0.75
danbooru_anime_11900299.jpg,2228,3564,0.6251402918069585
danbooru_anime_11900307.jpg,1366,2048,0.6669921875
danbooru_anime_11900309.jpg,1366,2048,0.6669921875
danbooru_anime_11900323.jpg,2358,3451,0.6832802086351782
danbooru_anime_11900324.jpg,1314,2048,0.6416015625
danbooru_anime_11900355.jpg,1637,2892,0.5660442600276625
danbooru_anime_11900361.jpg,720,1007,0.7149950347567031
danbooru_anime_11900386.jpg,1160,1344,0.8630952380952381
danbooru_anime_11900387.jpg,2193,3205,0.6842433697347894
danbooru_anime_11900400.jpg,2480,3508,0.7069555302166477
danbooru_anime_11900411.jpg,1110,2048,0.5419921875
danbooru_anime_11900427.jpg,2480,3508,0.7069555302166477
danbooru_anime_11900442.jpg,3000,3608,0.8314855875831486
danbooru_anime_11900443.jpg,1500,2000,0.75
danbooru_anime_11900504.jpg,700,774,0.9043927648578811
danbooru_anime_11900516.jpg,2048,1598,1.281602002503129
danbooru_anime_11900522.jpg,800,1131,0.7073386383731212
danbooru_anime_11900543.jpg,1240,1754,0.7069555302166477
danbooru_anime_11900589.jpg,1734,2000,0.867
danbooru_anime_11900597.jpg,2480,3508,0.7069555302166477
danbooru_anime_11900644.jpg,1181,1476,0.8001355013550135
danbooru_anime_11900722.jpg,6982,5776,1.2087950138504155
danbooru_anime_11900723.jpg,7279,5718,1.2729975515914655
danbooru_anime_11900788.jpg,4489,7781,0.5769181339159491
danbooru_anime_11900805.jpg,1450,1450,1.0
danbooru_anime_11900867.jpg,1200,1200,1.0
danbooru_anime_11900905.jpg,1119,1600,0.699375
danbooru_anime_11900906.jpg,1445,2048,0.70556640625
danbooru_anime_11900916.jpg,1400,788,1.7766497461928934
danbooru_anime_11900925.jpg,1414,1000,1.414
danbooru_anime_11900987.jpg,1450,1991,0.7282772476142642
danbooru_anime_11901004.jpg,2100,2800,0.75
danbooru_anime_11901086.jpg,3000,5600,0.5357142857142857
danbooru_anime_11901088.jpg,2250,2250,1.0
danbooru_anime_11901107.jpg,1647,2444,0.6738952536824877
danbooru_anime_11901149.jpg,1167,974,1.1981519507186857
danbooru_anime_11901161.jpg,2480,3508,0.7069555302166477
danbooru_anime_11901167.jpg,1024,1820,0.5626373626373626
danbooru_anime_11901284.jpg,3100,4424,0.7007233273056058
danbooru_anime_11901287.jpg,2000,2000,1.0
danbooru_anime_11901289.jpg,1400,1400,1.0
danbooru_anime_11901291.jpg,2246,4200,0.5347619047619048
danbooru_anime_11901377.jpg,1200,1600,0.75
danbooru_anime_11901391.jpg,1000,1433,0.6978367062107467
danbooru_anime_11901392.jpg,1000,1433,0.6978367062107467
danbooru_anime_11901393.jpg,1000,1433,0.6978367062107467
danbooru_anime_11901398.jpg,1000,1433,0.6978367062107467
danbooru_anime_11901399.jpg,1000,1433,0.6978367062107467
danbooru_anime_11901400.jpg,1000,1433,0.6978367062107467
danbooru_anime_11901402.jpg,1000,1433,0.6978367062107467
danbooru_anime_11901405.jpg,5376,3024,1.7777777777777777
danbooru_anime_11901448.jpg,1249,749,1.6675567423230975
danbooru_anime_11901466.jpg,1000,1433,0.6978367062107467
danbooru_anime_11901467.jpg,1000,1433,0.6978367062107467
danbooru_anime_11901468.jpg,1000,1433,0.6978367062107467
danbooru_anime_11901469.jpg,1000,1433,0.6978367062107467
danbooru_anime_11901470.jpg,1000,1433,0.6978367062107467
danbooru_anime_11901487.jpg,1000,750,1.3333333333333333
danbooru_anime_11901586.jpg,1191,1684,0.7072446555819477
danbooru_anime_11901644.jpg,912,1277,0.7141738449490994
danbooru_anime_11901703.jpg,1153,1606,0.7179327521793275
danbooru_anime_11901705.jpg,1516,1516,1.0
danbooru_anime_11901707.jpg,1528,2048,0.74609375
danbooru_anime_11901718.jpg,1464,2048,0.71484375
danbooru_anime_11901725.jpg,1377,2048,0.67236328125
danbooru_anime_11901728.jpg,1082,1200,0.9016666666666666
danbooru_anime_11901768.jpg,1748,2480,0.7048387096774194
danbooru_anime_11901781.jpg,1041,1433,0.7264480111653873
danbooru_anime_11901836.jpg,1000,1399,0.7147962830593281
danbooru_anime_11901838.jpg,1000,1399,0.7147962830593281
danbooru_anime_11901868.jpg,2067,2067,1.0
danbooru_anime_11901892.jpg,824,1199,0.6872393661384487
danbooru_anime_11901924.jpg,2354,3000,0.7846666666666666
danbooru_anime_11901930.jpg,1592,2055,0.7746958637469586
danbooru_anime_11901939.jpg,2556,3584,0.7131696428571429
danbooru_anime_11901993.jpg,886,1285,0.6894941634241245
danbooru_anime_11902022.jpg,1519,2048,0.74169921875
danbooru_anime_11902033.jpg,1200,1694,0.7083825265643447
danbooru_anime_11902044.jpg,1275,1800,0.7083333333333334
danbooru_anime_11902050.jpg,1200,1644,0.7299270072992701
danbooru_anime_11902058.jpg,707,1000,0.707
danbooru_anime_11902107.jpg,843,2000,0.4215
danbooru_anime_11902109.jpg,1250,1750,0.7142857142857143
danbooru_anime_11902110.jpg,1421,2048,0.69384765625
danbooru_anime_11902206.jpg,1072,1500,0.7146666666666667
danbooru_anime_11902207.jpg,1191,1684,0.7072446555819477
danbooru_anime_11902213.jpg,2681,4029,0.6654256639364606
danbooru_anime_11902220.jpg,1420,1900,0.7473684210526316
danbooru_anime_11902242.jpg,1000,1333,0.7501875468867217
danbooru_anime_11902308.jpg,1200,1600,0.75
danbooru_anime_11902318.jpg,2369,4096,0.578369140625
danbooru_anime_11902319.jpg,2522,3567,0.7070367255396692
danbooru_anime_11902323.jpg,2894,4093,0.7070608355729294
danbooru_anime_11902338.jpg,699,1087,0.6430542778288868
danbooru_anime_11902372.jpg,1500,2000,0.75
danbooru_anime_11902380.jpg,1338,1800,0.7433333333333333
danbooru_anime_11902395.jpg,1448,2048,0.70703125
danbooru_anime_11902401.jpg,1293,1593,0.8116760828625236
danbooru_anime_11902409.jpg,1800,2546,0.7069913589945012
danbooru_anime_11902431.jpg,3508,4961,0.7071155009070752
danbooru_anime_11902450.jpg,2510,3550,0.7070422535211267
danbooru_anime_11902455.jpg,2000,3600,0.5555555555555556
danbooru_anime_11902459.jpg,1330,2852,0.46633941093969145
danbooru_anime_11902492.jpg,1372,2048,0.669921875
danbooru_anime_11902512.jpg,2150,1600,1.34375
danbooru_anime_11902513.jpg,2300,2561,0.8980866848887153
danbooru_anime_11902538.jpg,1450,1900,0.7631578947368421
danbooru_anime_11902557.jpg,900,1125,0.8
danbooru_anime_11902584.jpg,2032,3107,0.6540070807853234
danbooru_anime_11902633.jpg,2551,3437,0.7422170497526913
danbooru_anime_11902672.jpg,1920,1440,1.3333333333333333
danbooru_anime_11902710.jpg,1545,2048,0.75439453125
danbooru_anime_11902738.jpg,4432,6280,0.7057324840764331
danbooru_anime_11902739.jpg,4795,6946,0.6903253671177656
danbooru_anime_11902742.jpg,2259,4096,0.551513671875
danbooru_anime_11902749.jpg,2441,3823,0.6385037928328537
danbooru_anime_11902778.jpg,1920,3072,0.625
danbooru_anime_11902804.jpg,1997,3064,0.6517624020887729
danbooru_anime_11902814.jpg,1550,2450,0.6326530612244898
danbooru_anime_11902833.jpg,2672,1907,1.4011536444677504
danbooru_anime_11902884.jpg,806,1600,0.50375
danbooru_anime_11902888.jpg,780,1200,0.65
danbooru_anime_11902889.jpg,1240,1754,0.7069555302166477
danbooru_anime_11902891.jpg,2730,4096,0.66650390625
danbooru_anime_11902920.jpg,2360,1316,1.7933130699088147
danbooru_anime_11902941.jpg,2048,2048,1.0
danbooru_anime_11902944.jpg,706,1000,0.706
danbooru_anime_11903000.jpg,1800,3000,0.6
danbooru_anime_11903027.jpg,1364,2048,0.666015625
danbooru_anime_11903031.jpg,1200,1500,0.8
danbooru_anime_11903036.jpg,1125,1500,0.75
danbooru_anime_11903038.jpg,2000,2000,1.0
danbooru_anime_11903052.jpg,3128,4716,0.6632739609838847
danbooru_anime_11903060.jpg,3145,9990,0.3148148148148148
danbooru_anime_11903080.jpg,1783,3686,0.4837221920781335
danbooru_anime_11903081.jpg,1149,1625,0.707076923076923
danbooru_anime_11903093.jpg,1500,2000,0.75
danbooru_anime_11903143.jpg,846,1200,0.705
danbooru_anime_11903146.jpg,1869,2376,0.7866161616161617
danbooru_anime_11903153.jpg,1500,2000,0.75
danbooru_anime_11903174.jpg,1447,2047,0.7068881289692233
danbooru_anime_11903180.jpg,3837,6480,0.5921296296296297
danbooru_anime_11903182.jpg,1500,2000,0.75
danbooru_anime_11903190.jpg,2500,3000,0.8333333333333334
danbooru_anime_11903203.jpg,768,1024,0.75
danbooru_anime_11903206.jpg,2150,3035,0.7084019769357496
danbooru_anime_11903214.jpg,1080,1080,1.0
danbooru_anime_11903219.jpg,1080,1349,0.8005930318754633
danbooru_anime_11903222.jpg,960,1280,0.75
danbooru_anime_11903223.jpg,750,1000,0.75
danbooru_anime_11903226.jpg,2480,3508,0.7069555302166477
danbooru_anime_11903231.jpg,1094,1195,0.9154811715481171
danbooru_anime_11903302.jpg,2326,3549,0.6553958861651169
danbooru_anime_11903322.jpg,2448,3912,0.6257668711656442
danbooru_anime_11903348.jpg,960,1083,0.8864265927977839
danbooru_anime_11903349.jpg,2541,4096,0.620361328125
danbooru_anime_11903352.jpg,1280,2049,0.6246949731576379
danbooru_anime_11903353.jpg,1920,1500,1.28
danbooru_anime_11903364.jpg,1020,1440,0.7083333333333334
danbooru_anime_11903375.jpg,2044,2891,0.7070217917675545
danbooru_anime_11903382.jpg,1200,1600,0.75
danbooru_anime_11903397.jpg,2442,2098,1.1639656816015254
danbooru_anime_11903421.jpg,1200,1976,0.6072874493927125
danbooru_anime_11903442.jpg,1000,1778,0.562429696287964
danbooru_anime_11903448.jpg,3601,4759,0.756671569657491
danbooru_anime_11903449.jpg,2508,3541,0.7082744987291726
danbooru_anime_11903461.jpg,1158,1588,0.7292191435768262
danbooru_anime_11903462.jpg,3523,4749,0.7418403874499895
danbooru_anime_11903465.jpg,1408,2000,0.704
danbooru_anime_11903472.jpg,1264,1201,1.0524562864279767
danbooru_anime_11903498.jpg,2776,4204,0.6603235014272122
danbooru_anime_11903522.jpg,2760,3873,0.7126258714175058
danbooru_anime_11903530.jpg,3032,3816,0.7945492662473794
danbooru_anime_11903533.jpg,1920,1920,1.0
danbooru_anime_11903534.jpg,800,890,0.898876404494382
danbooru_anime_11903537.jpg,900,1102,0.8166969147005445
danbooru_anime_11903549.jpg,700,930,0.7526881720430108
danbooru_anime_11903560.jpg,2436,1125,2.1653333333333333
danbooru_anime_11903597.jpg,2892,4096,0.7060546875
danbooru_anime_11903640.jpg,2200,3508,0.6271379703534777
danbooru_anime_11903651.jpg,2430,4096,0.59326171875
danbooru_anime_11903677.jpg,1191,1684,0.7072446555819477
danbooru_anime_11903687.jpg,1200,1700,0.7058823529411765
danbooru_anime_11903724.jpg,2900,4100,0.7073170731707317
danbooru_anime_11903727.jpg,1024,1024,1.0
danbooru_anime_11903730.jpg,8444,5778,1.461405330564209
danbooru_anime_11903735.jpg,1440,2560,0.5625
danbooru_anime_11903741.jpg,1240,1721,0.7205113306217316
danbooru_anime_11903750.jpg,1882,2741,0.6866107260124042
danbooru_anime_11903756.jpg,1965,3373,0.5825674473762229
danbooru_anime_11903757.jpg,1500,2912,0.5151098901098901
danbooru_anime_11903759.jpg,2149,3035,0.7080724876441515
danbooru_anime_11903760.jpg,3000,3000,1.0
danbooru_anime_11903761.jpg,1035,2047,0.5056179775280899
danbooru_anime_11903769.jpg,1081,1134,0.95326278659612
danbooru_anime_11903784.jpg,3736,4585,0.8148309705561614
danbooru_anime_11903792.jpg,1030,1440,0.7152777777777778
danbooru_anime_11903798.jpg,1080,1080,1.0
danbooru_anime_11903802.jpg,1000,1300,0.7692307692307693
danbooru_anime_11903805.jpg,1423,2048,0.69482421875
danbooru_anime_11903807.jpg,960,1083,0.8864265927977839
danbooru_anime_11903814.jpg,3541,5016,0.7059409888357256
danbooru_anime_11903835.jpg,1241,1755,0.7071225071225071
danbooru_anime_11903844.jpg,1521,2028,0.75
danbooru_anime_11903847.jpg,1080,1080,1.0
danbooru_anime_11903856.jpg,2475,3900,0.6346153846153846
danbooru_anime_11903858.jpg,1440,2560,0.5625
danbooru_anime_11903868.jpg,1631,3225,0.5057364341085271
danbooru_anime_11903880.jpg,3688,4912,0.750814332247557
danbooru_anime_11903884.jpg,1600,2000,0.8
danbooru_anime_11903906.jpg,1562,2048,0.7626953125
danbooru_anime_11903916.jpg,1200,1233,0.9732360097323601
danbooru_anime_11903922.jpg,1007,1418,0.7101551480959097
danbooru_anime_11903924.jpg,720,960,0.75
danbooru_anime_11903964.jpg,1371,2048,0.66943359375
danbooru_anime_11903968.jpg,1396,2048,0.681640625
danbooru_anime_11904010.jpg,640,640,1.0
danbooru_anime_11904011.jpg,640,640,1.0
danbooru_anime_11904016.jpg,1283,1946,0.6593011305241521
danbooru_anime_11904031.jpg,934,1200,0.7783333333333333
danbooru_anime_11904054.jpg,1800,944,1.9067796610169492
danbooru_anime_11904074.jpg,1200,1780,0.6741573033707865
danbooru_anime_11904092.jpg,1003,1416,0.7083333333333334
danbooru_anime_11904108.jpg,1433,1013,1.414610069101678
danbooru_anime_11904134.jpg,3000,4504,0.6660746003552398
danbooru_anime_11904167.jpg,2304,3072,0.75
danbooru_anime_11904168.jpg,2304,3072,0.75
danbooru_anime_11904169.jpg,2304,3072,0.75
danbooru_anime_11904179.jpg,4096,1923,2.1300052002080085
danbooru_anime_11904196.jpg,5000,7060,0.7082152974504249
danbooru_anime_11904219.jpg,1440,2560,0.5625
danbooru_anime_11904228.jpg,2960,2960,1.0
danbooru_anime_11904252.jpg,2400,3000,0.8
danbooru_anime_11904253.jpg,8231,6680,1.232185628742515
danbooru_anime_11904267.jpg,1200,1700,0.7058823529411765
danbooru_anime_11904310.jpg,1258,2048,0.6142578125
danbooru_anime_11904340.jpg,4096,2886,1.4192654192654193
danbooru_anime_11904341.jpg,2048,1431,1.4311670160726764
danbooru_anime_11904348.jpg,1549,2332,0.6642367066895368
danbooru_anime_11904385.jpg,1254,1771,0.7080745341614907
danbooru_anime_11904394.jpg,1544,1594,0.9686323713927227
danbooru_anime_11904396.jpg,2317,3508,0.6604903078677309
danbooru_anime_11904416.jpg,848,1200,0.7066666666666667
danbooru_anime_11904422.jpg,640,640,1.0
danbooru_anime_11904487.jpg,2304,3072,0.75
danbooru_anime_11904521.jpg,1217,1622,0.750308261405672
danbooru_anime_11904560.jpg,4000,5200,0.7692307692307693
danbooru_anime_11904577.jpg,1440,1912,0.7531380753138075
danbooru_anime_11904579.jpg,2550,3600,0.7083333333333334
danbooru_anime_11904581.jpg,2894,4573,0.6328449595451564
danbooru_anime_11904593.jpg,1939,4096,0.473388671875
danbooru_anime_11904798.jpg,2700,3600,0.75
danbooru_anime_11904808.jpg,2591,3624,0.7149558498896247
danbooru_anime_11904833.jpg,2048,1536,1.3333333333333333
danbooru_anime_11904856.jpg,2574,4094,0.6287249633610161
danbooru_anime_11904870.jpg,1338,2048,0.6533203125
danbooru_anime_11904877.jpg,2600,4000,0.65
danbooru_anime_11904890.jpg,1920,1920,1.0
danbooru_anime_11904897.jpg,2192,3432,0.6386946386946387
danbooru_anime_11904916.jpg,1525,2624,0.5811737804878049
danbooru_anime_11904942.jpg,1536,2048,0.75
danbooru_anime_11904944.jpg,1484,1940,0.7649484536082474
danbooru_anime_11905003.jpg,2047,2716,0.7536818851251841
danbooru_anime_11905025.jpg,1920,1919,1.0005211047420532
danbooru_anime_11905088.jpg,1296,1602,0.8089887640449438
danbooru_anime_11905098.jpg,3711,3923,0.9459597247004843
danbooru_anime_11905101.jpg,1712,2048,0.8359375
danbooru_anime_11905106.jpg,1277,1513,0.8440185062789161
danbooru_anime_11905111.jpg,960,1440,0.6666666666666666
danbooru_anime_11905144.jpg,2976,1874,1.5880469583778014
danbooru_anime_11905149.jpg,1521,1600,0.950625
danbooru_anime_11905160.jpg,1559,2017,0.7729300941993059
danbooru_anime_11905229.jpg,640,640,1.0
danbooru_anime_11905265.jpg,1000,1363,0.7336757153338225
danbooru_anime_11905270.jpg,2012,4096,0.4912109375
danbooru_anime_11905305.jpg,950,1350,0.7037037037037037
danbooru_anime_11905328.jpg,1667,2500,0.6668
danbooru_anime_11905347.jpg,1638,2354,0.6958368734069669
danbooru_anime_11905366.jpg,2896,4096,0.70703125
danbooru_anime_11905384.jpg,1776,2328,0.7628865979381443
danbooru_anime_11905403.jpg,971,1500,0.6473333333333333
danbooru_anime_11905410.jpg,3000,3000,1.0
danbooru_anime_11905413.jpg,2000,2000,1.0
danbooru_anime_11905430.jpg,1536,2048,0.75
danbooru_anime_11905452.jpg,1536,2048,0.75
danbooru_anime_11905455.jpg,1274,1240,1.0274193548387096
danbooru_anime_11905457.jpg,1390,2000,0.695
danbooru_anime_11905471.jpg,888,1332,0.6666666666666666
danbooru_anime_11905475.jpg,2588,3982,0.6499246609743847
danbooru_anime_11905484.jpg,1536,2048,0.75
danbooru_anime_11905501.jpg,1800,2250,0.8
danbooru_anime_11905524.jpg,1536,2048,0.75
danbooru_anime_11905534.jpg,1182,665,1.7774436090225565
danbooru_anime_11905543.jpg,1536,2048,0.75
danbooru_anime_11905551.jpg,1536,2048,0.75
danbooru_anime_11905562.jpg,3584,1881,1.9053694843168527
danbooru_anime_11905587.jpg,1179,1785,0.6605042016806723
danbooru_anime_11905591.jpg,1536,2048,0.75
danbooru_anime_11905618.jpg,1536,2048,0.75
danbooru_anime_11905622.jpg,1000,1200,0.8333333333333334
danbooru_anime_11905683.jpg,839,1187,0.7068239258635215
danbooru_anime_11905792.jpg,2500,3535,0.7072135785007072
danbooru_anime_11905798.jpg,1508,2132,0.7073170731707317
danbooru_anime_11905806.jpg,1124,2000,0.562
danbooru_anime_11905853.jpg,3000,4000,0.75
danbooru_anime_11905856.jpg,2894,5446,0.5313991920675726
danbooru_anime_11905859.jpg,1575,2438,0.6460213289581624
danbooru_anime_11906002.jpg,3352,7387,0.453770136726682
danbooru_anime_11906007.jpg,1073,1277,0.8402505873140172
danbooru_anime_11906048.jpg,1463,1844,0.7933839479392625
danbooru_anime_11906060.jpg,1000,783,1.277139208173691
danbooru_anime_11906067.jpg,1611,1920,0.8390625
danbooru_anime_11906077.jpg,688,1080,0.6370370370370371
danbooru_anime_11906082.jpg,1200,1683,0.7130124777183601
danbooru_anime_11906096.jpg,1900,2800,0.6785714285714286
danbooru_anime_11906099.jpg,1060,1420,0.7464788732394366
danbooru_anime_11906101.jpg,1068,1080,0.9888888888888889
danbooru_anime_11906137.jpg,1200,1512,0.7936507936507936
danbooru_anime_11906173.jpg,1605,2880,0.5572916666666666
danbooru_anime_11906180.jpg,900,1200,0.75
danbooru_anime_11906188.jpg,1120,1792,0.625
danbooru_anime_11906190.jpg,1536,2048,0.75
danbooru_anime_11906223.jpg,2304,3072,0.75
danbooru_anime_11906323.jpg,1906,3637,0.5240582897992851
danbooru_anime_11906359.jpg,1439,4096,0.351318359375
danbooru_anime_11906418.jpg,1482,1981,0.7481070166582534
danbooru_anime_11906432.jpg,1487,2048,0.72607421875
danbooru_anime_11906458.jpg,2457,4016,0.6118027888446215
danbooru_anime_11906471.jpg,2151,1899,1.132701421800948
danbooru_anime_11906557.jpg,1493,1040,1.435576923076923
danbooru_anime_11906575.jpg,1536,2048,0.75
danbooru_anime_11906633.jpg,886,1024,0.865234375
danbooru_anime_11906634.jpg,2215,2560,0.865234375
danbooru_anime_11906636.jpg,1536,2048,0.75
danbooru_anime_11906655.jpg,1080,1920,0.5625
danbooru_anime_11906675.jpg,1247,1663,0.7498496692723993
danbooru_anime_11906682.jpg,1417,1890,0.7497354497354497
danbooru_anime_11906685.jpg,2079,2953,0.7040298002031832
danbooru_anime_11906695.jpg,2892,4096,0.7060546875
danbooru_anime_11906709.jpg,1000,1562,0.6402048655569782
danbooru_anime_11906713.jpg,2955,6500,0.4546153846153846
danbooru_anime_11906735.jpg,2894,5093,0.5682309051639505
danbooru_anime_11906742.jpg,666,900,0.74
danbooru_anime_11906744.jpg,1466,2000,0.733
danbooru_anime_11906765.jpg,2508,3959,0.6334933063905026
danbooru_anime_11906790.jpg,2160,3840,0.5625
danbooru_anime_11906812.jpg,2250,3000,0.75
danbooru_anime_11906818.jpg,3800,4800,0.7916666666666666
danbooru_anime_11906819.jpg,3800,4800,0.7916666666666666
danbooru_anime_11906834.jpg,1920,2560,0.75
danbooru_anime_11906853.jpg,1725,1200,1.4375
danbooru_anime_11906861.jpg,845,1200,0.7041666666666667
danbooru_anime_11906871.jpg,1080,1920,0.5625
danbooru_anime_11906886.jpg,1200,1489,0.8059100067159167
danbooru_anime_11906940.jpg,2470,3040,0.8125
danbooru_anime_11906941.jpg,2894,4093,0.7070608355729294
danbooru_anime_11906942.jpg,2894,4093,0.7070608355729294
danbooru_anime_11906998.jpg,3000,5360,0.5597014925373134
danbooru_anime_11907032.jpg,2480,3370,0.7359050445103857
danbooru_anime_11907041.jpg,700,1000,0.7
danbooru_anime_11907042.jpg,2171,3412,0.6362837045720985
danbooru_anime_11907045.jpg,2131,3316,0.6426417370325693
danbooru_anime_11907060.jpg,2041,2500,0.8164
danbooru_anime_11907162.jpg,827,1715,0.4822157434402332
danbooru_anime_11907177.jpg,2048,1448,1.4143646408839778
danbooru_anime_11907181.jpg,1678,2401,0.6988754685547689
danbooru_anime_11907183.jpg,1059,1533,0.6908023483365949
danbooru_anime_11907199.jpg,3508,2480,1.414516129032258
danbooru_anime_11907220.jpg,4096,3075,1.3320325203252033
danbooru_anime_11907223.jpg,1455,2048,0.71044921875
danbooru_anime_11907269.jpg,922,1505,0.612624584717608
danbooru_anime_11907327.jpg,1036,1450,0.7144827586206897
danbooru_anime_11907328.jpg,1866,3281,0.5687290460225541
danbooru_anime_11907348.jpg,2894,4093,0.7070608355729294
danbooru_anime_11907349.jpg,2894,4093,0.7070608355729294
danbooru_anime_11907352.jpg,1437,1815,0.7917355371900826
danbooru_anime_11907362.jpg,887,1388,0.6390489913544669
danbooru_anime_11907364.jpg,1945,2560,0.759765625
danbooru_anime_11907367.jpg,1562,2455,0.6362525458248472
danbooru_anime_11907375.jpg,1268,2000,0.634
danbooru_anime_11907389.jpg,2928,4096,0.71484375
danbooru_anime_11907416.jpg,750,1060,0.7075471698113207
danbooru_anime_11907419.jpg,1748,2480,0.7048387096774194
danbooru_anime_11907436.jpg,1500,1875,0.8
danbooru_anime_11907438.jpg,1571,2245,0.6997772828507796
danbooru_anime_11907460.jpg,750,1060,0.7075471698113207
danbooru_anime_11907482.jpg,1702,4096,0.41552734375
danbooru_anime_11907503.jpg,4096,3170,1.2921135646687698
danbooru_anime_11907524.jpg,2400,3840,0.625
danbooru_anime_11907525.jpg,1520,1960,0.7755102040816326
danbooru_anime_11907535.jpg,1600,1000,1.6
danbooru_anime_11907536.jpg,1600,1000,1.6
danbooru_anime_11907566.jpg,4569,2468,1.8512965964343597
danbooru_anime_11907576.jpg,1080,2400,0.45
danbooru_anime_11907629.jpg,1254,1771,0.7080745341614907
danbooru_anime_11907723.jpg,2000,2600,0.7692307692307693
danbooru_anime_11907757.jpg,2247,2749,0.8173881411422336
danbooru_anime_11907815.jpg,1572,2048,0.767578125
danbooru_anime_11907857.jpg,4096,3210,1.27601246105919
danbooru_anime_11907868.jpg,3700,5000,0.74
danbooru_anime_11907880.jpg,2125,3000,0.7083333333333334
danbooru_anime_11907909.jpg,5034,2288,2.200174825174825
danbooru_anime_11907925.jpg,892,1826,0.488499452354874
danbooru_anime_11907932.jpg,1520,2048,0.7421875
danbooru_anime_11907950.jpg,1157,2048,0.56494140625
danbooru_anime_11907976.jpg,1800,2400,0.75
danbooru_anime_11907996.jpg,1448,2048,0.70703125
danbooru_anime_11908003.jpg,1216,1744,0.6972477064220184
danbooru_anime_11908014.jpg,2328,1770,1.3152542372881355
danbooru_anime_11908018.jpg,1355,2000,0.6775
danbooru_anime_11908019.jpg,1670,2048,0.8154296875
danbooru_anime_11908020.jpg,1448,2048,0.70703125
danbooru_anime_11908046.jpg,2304,3072,0.75
danbooru_anime_11908080.jpg,1152,2048,0.5625
danbooru_anime_11908084.jpg,1464,2048,0.71484375
danbooru_anime_11908094.jpg,970,2048,0.4736328125
danbooru_anime_11908164.jpg,1233,1281,0.9625292740046838
danbooru_anime_11908215.jpg,1712,2915,0.5873070325900515
danbooru_anime_11908279.jpg,2425,3402,0.7128159905937683
danbooru_anime_11908283.jpg,1498,2048,0.7314453125
danbooru_anime_11908302.jpg,3840,2160,1.7777777777777777
danbooru_anime_11908303.jpg,1409,2765,0.5095840867992767
danbooru_anime_11908343.jpg,1537,1500,1.0246666666666666
danbooru_anime_11908370.jpg,2150,3035,0.7084019769357496
danbooru_anime_11908374.jpg,1020,1549,0.65848934796643
danbooru_anime_11908378.jpg,707,1000,0.707
danbooru_anime_11908393.jpg,1176,2048,0.57421875
danbooru_anime_11908403.jpg,1237,1582,0.781921618204804
danbooru_anime_11908423.jpg,1323,2681,0.4934725848563969
danbooru_anime_11908453.jpg,1426,1582,0.9013906447534766
danbooru_anime_11908461.jpg,1400,2100,0.6666666666666666
danbooru_anime_11908489.jpg,1000,1500,0.6666666666666666
danbooru_anime_11908490.jpg,1560,2280,0.6842105263157895
danbooru_anime_11908499.jpg,879,2055,0.42773722627737226
danbooru_anime_11908505.jpg,2995,4096,0.731201171875
danbooru_anime_11908527.jpg,2129,3111,0.6843458694953392
danbooru_anime_11908533.jpg,764,962,0.7941787941787942
danbooru_anime_11908546.jpg,2039,1450,1.406206896551724
danbooru_anime_11908562.jpg,900,1200,0.75
danbooru_anime_11908597.jpg,1080,1920,0.5625
danbooru_anime_11908621.jpg,2629,4096,0.641845703125
danbooru_anime_11908664.jpg,1730,2240,0.7723214285714286
danbooru_anime_11908667.jpg,1100,1540,0.7142857142857143
danbooru_anime_11908691.jpg,2480,3508,0.7069555302166477
danbooru_anime_11908694.jpg,5851,4166,1.4044647143542968
danbooru_anime_11908697.jpg,793,913,0.8685651697699891
danbooru_anime_11908698.jpg,2048,1610,1.2720496894409938
danbooru_anime_11908744.jpg,1262,1650,0.7648484848484849
danbooru_anime_11908760.jpg,1140,2020,0.5643564356435643
danbooru_anime_11908768.jpg,2048,1823,1.1234229292375206
danbooru_anime_11908771.jpg,2547,3600,0.7075
danbooru_anime_11908775.jpg,1526,2160,0.7064814814814815
danbooru_anime_11908785.jpg,1600,1465,1.0921501706484642
danbooru_anime_11908847.jpg,1800,3200,0.5625
danbooru_anime_11908853.jpg,1378,2039,0.6758214811181952
danbooru_anime_11908912.jpg,1500,2122,0.706880301602262
danbooru_anime_11908930.jpg,2584,4093,0.6313217688736867
danbooru_anime_11908937.jpg,1448,2048,0.70703125
danbooru_anime_11908943.jpg,1429,2048,0.69775390625
danbooru_anime_11908963.jpg,1536,2048,0.75
danbooru_anime_11908984.jpg,1447,2048,0.70654296875
danbooru_anime_11908995.jpg,1447,2048,0.70654296875
danbooru_anime_11909001.jpg,900,1200,0.75
danbooru_anime_11909004.jpg,1191,1683,0.7076648841354723
danbooru_anime_11909042.jpg,1448,2048,0.70703125
danbooru_anime_11909043.jpg,6000,8700,0.6896551724137931
danbooru_anime_11909050.jpg,4724,2865,1.6488656195462479
danbooru_anime_11909051.jpg,2440,4096,0.595703125
danbooru_anime_11909085.jpg,2459,3529,0.6967979597619722
danbooru_anime_11909086.jpg,1920,4200,0.45714285714285713
danbooru_anime_11909117.jpg,1443,2048,0.70458984375
danbooru_anime_11909120.jpg,1748,1181,1.4801016088060965
danbooru_anime_11909125.jpg,1748,1181,1.4801016088060965
danbooru_anime_11909161.jpg,2908,4096,0.7099609375
danbooru_anime_11909168.jpg,3719,4011,0.9272001994515083
danbooru_anime_11909173.jpg,800,760,1.0526315789473684
danbooru_anime_11909178.jpg,800,760,1.0526315789473684
danbooru_anime_11909180.jpg,800,760,1.0526315789473684
danbooru_anime_11909182.jpg,800,760,1.0526315789473684
danbooru_anime_11909183.jpg,1536,2048,0.75
danbooru_anime_11909186.jpg,1448,2048,0.70703125
danbooru_anime_11909189.jpg,1080,1620,0.6666666666666666
danbooru_anime_11909191.jpg,2122,2976,0.7130376344086021
danbooru_anime_11909195.jpg,2894,4000,0.7235
danbooru_anime_11909196.jpg,2474,4096,0.60400390625
danbooru_anime_11909204.jpg,1280,2091,0.6121472979435677
danbooru_anime_11909211.jpg,1308,1888,0.6927966101694916
danbooru_anime_11909215.jpg,1299,1644,0.7901459854014599
danbooru_anime_11909217.jpg,1280,2274,0.5628847845206685
danbooru_anime_11909227.jpg,1280,1807,0.7083563918096292
danbooru_anime_11909229.jpg,1961,2048,0.95751953125
danbooru_anime_11909232.jpg,1061,1501,0.7068620919387075
danbooru_anime_11909236.jpg,1067,2048,0.52099609375
danbooru_anime_11909256.jpg,2892,4091,0.7069176240527988
danbooru_anime_11909257.jpg,4092,2892,1.4149377593360997
danbooru_anime_11909258.jpg,2000,3107,0.643707756678468
danbooru_anime_11909265.jpg,1110,2000,0.555
danbooru_anime_11909271.jpg,1080,1350,0.8
danbooru_anime_11909283.jpg,6380,8644,0.7380842202683943
danbooru_anime_11909287.jpg,2048,1423,1.4392129304286718
danbooru_anime_11909296.jpg,8504,4784,1.7775919732441472
danbooru_anime_11909304.jpg,787,1165,0.6755364806866953
danbooru_anime_11909352.jpg,2307,3400,0.6785294117647059
danbooru_anime_11909353.jpg,2700,3200,0.84375
danbooru_anime_11909373.jpg,2193,3413,0.642543217111046
danbooru_anime_11909379.jpg,2064,3358,0.6146515783204288
danbooru_anime_11909383.jpg,1280,2160,0.5925925925925926
danbooru_anime_11909395.jpg,677,956,0.7081589958158996
danbooru_anime_11909401.jpg,1222,808,1.5123762376237624
danbooru_anime_11909406.jpg,2381,3340,0.712874251497006
danbooru_anime_11909409.jpg,1792,2324,0.7710843373493976
danbooru_anime_11909412.jpg,2629,4096,0.641845703125
danbooru_anime_11909423.jpg,1535,1762,0.8711691259931895
danbooru_anime_11909431.jpg,3909,2949,1.3255340793489319
danbooru_anime_11909450.jpg,1050,1808,0.5807522123893806
danbooru_anime_11909456.jpg,656,664,0.9879518072289156
danbooru_anime_11909461.jpg,3180,4096,0.7763671875
danbooru_anime_11909495.jpg,5788,8186,0.7070608355729294
danbooru_anime_11909500.jpg,1536,2048,0.75
danbooru_anime_11909520.jpg,2048,2048,1.0
danbooru_anime_11909537.jpg,2490,4096,0.60791015625
danbooru_anime_11909541.jpg,2739,3347,0.818344786375859
danbooru_anime_11909542.jpg,2218,3132,0.7081736909323116
danbooru_anime_11909560.jpg,1920,3000,0.64
danbooru_anime_11909561.jpg,1985,3840,0.5169270833333334
danbooru_anime_11909562.jpg,2551,4653,0.5482484418654632
danbooru_anime_11909567.jpg,1573,1988,0.7912474849094567
danbooru_anime_11909576.jpg,2894,4093,0.7070608355729294
danbooru_anime_11909585.jpg,908,1468,0.6185286103542235
danbooru_anime_11909618.jpg,2034,2644,0.7692889561270801
danbooru_anime_11909622.jpg,2480,3192,0.7769423558897243
danbooru_anime_11909632.jpg,1416,2068,0.6847195357833655
danbooru_anime_11909633.jpg,1500,2500,0.6
danbooru_anime_11909637.jpg,2480,3508,0.7069555302166477
danbooru_anime_11909644.jpg,900,1500,0.6
danbooru_anime_11909645.jpg,6159,6454,0.9542919119925628
danbooru_anime_11909650.jpg,812,1150,0.7060869565217391
danbooru_anime_11909653.jpg,700,792,0.8838383838383839
danbooru_anime_11909676.jpg,1284,2048,0.626953125
danbooru_anime_11909699.jpg,2428,3363,0.7219744275944098
danbooru_anime_11909703.jpg,1952,2100,0.9295238095238095
danbooru_anime_11909709.jpg,3118,6206,0.5024170157911698
danbooru_anime_11909716.jpg,1471,2160,0.6810185185185185
danbooru_anime_11909720.jpg,2161,3052,0.7080602883355177
danbooru_anime_11909748.jpg,739,1197,0.6173767752715121
danbooru_anime_11909757.jpg,2022,3031,0.6671065654899373
danbooru_anime_11909762.jpg,2048,2048,1.0
danbooru_anime_11909766.jpg,1350,2048,0.6591796875
danbooru_anime_11909767.jpg,700,700,1.0
danbooru_anime_11909773.jpg,2812,4096,0.6865234375
danbooru_anime_11909815.jpg,1605,2185,0.7345537757437071
danbooru_anime_11909842.jpg,1024,1536,0.6666666666666666
danbooru_anime_11909877.jpg,3200,4000,0.8
danbooru_anime_11909880.jpg,2633,4096,0.642822265625
danbooru_anime_11909904.jpg,4186,7114,0.5884172055102614
danbooru_anime_11909928.jpg,1152,1320,0.8727272727272727
danbooru_anime_11909939.jpg,1406,2500,0.5624
danbooru_anime_11909941.jpg,1020,1200,0.85
danbooru_anime_11909969.jpg,1278,2048,0.6240234375
danbooru_anime_11909979.jpg,1671,3000,0.557
danbooru_anime_11909998.jpg,2678,3456,0.7748842592592593
danbooru_anime_11910007.jpg,1668,2224,0.75
danbooru_anime_11910012.jpg,1152,2048,0.5625
danbooru_anime_11910030.jpg,1296,2012,0.6441351888667992
danbooru_anime_11910032.jpg,1431,2048,0.69873046875
danbooru_anime_11910040.jpg,1667,2564,0.6501560062402496
danbooru_anime_11910054.jpg,2048,2047,1.0004885197850513
danbooru_anime_11910077.jpg,1784,2048,0.87109375
danbooru_anime_11910104.jpg,1280,960,1.3333333333333333
danbooru_anime_11910106.jpg,1522,2048,0.7431640625
danbooru_anime_11910120.jpg,1198,1616,0.7413366336633663
danbooru_anime_11910121.jpg,1202,1747,0.6880366342301087
danbooru_anime_11910123.jpg,1880,3000,0.6266666666666667
danbooru_anime_11910126.jpg,1398,2116,0.6606805293005671
danbooru_anime_11910129.jpg,1312,2048,0.640625
danbooru_anime_11910134.jpg,2618,3652,0.7168674698795181
danbooru_anime_11910144.jpg,2471,3236,0.7635970333745364
danbooru_anime_11910145.jpg,1280,960,1.3333333333333333
danbooru_anime_11910146.jpg,2743,3429,0.799941673957422
danbooru_anime_11910152.jpg,1600,1081,1.4801110083256244
danbooru_anime_11910154.jpg,2600,2496,1.0416666666666667
danbooru_anime_11910158.jpg,2247,4096,0.548583984375
danbooru_anime_11910161.jpg,819,1199,0.683069224353628
danbooru_anime_11910162.jpg,1000,1600,0.625
danbooru_anime_11910179.jpg,1039,1476,0.7039295392953929
danbooru_anime_11910195.jpg,1790,2588,0.6916537867078826
danbooru_anime_11910196.jpg,800,1000,0.8
danbooru_anime_11910212.jpg,1022,2048,0.4990234375
danbooru_anime_11910219.jpg,1950,2400,0.8125
danbooru_anime_11910224.jpg,1000,1508,0.6631299734748011
danbooru_anime_11910229.jpg,4379,7012,0.624500855675984
danbooru_anime_11910231.jpg,2892,4056,0.7130177514792899
danbooru_anime_11910233.jpg,2322,3615,0.6423236514522822
danbooru_anime_11910245.jpg,1446,2048,0.7060546875
danbooru_anime_11910249.jpg,2500,4000,0.625
danbooru_anime_11910250.jpg,1200,1600,0.75
danbooru_anime_11910283.jpg,1463,2048,0.71435546875
danbooru_anime_11910294.jpg,1346,2000,0.673
danbooru_anime_11910295.jpg,1365,2048,0.66650390625
danbooru_anime_11910304.jpg,2124,2976,0.7137096774193549
danbooru_anime_11910309.jpg,1350,1875,0.72
danbooru_anime_11910316.jpg,1134,1676,0.6766109785202864
danbooru_anime_11910328.jpg,1098,1769,0.6206896551724138
danbooru_anime_11910334.jpg,2065,1800,1.1472222222222221
danbooru_anime_11910336.jpg,992,1403,0.707056307911618
danbooru_anime_11910338.jpg,800,1131,0.7073386383731212
danbooru_anime_11910339.jpg,2715,4498,0.6036016007114273
danbooru_anime_11910347.jpg,1500,2700,0.5555555555555556
danbooru_anime_11910348.jpg,849,1200,0.7075
danbooru_anime_11910351.jpg,2200,2900,0.7586206896551724
danbooru_anime_11910352.jpg,1680,2040,0.8235294117647058
danbooru_anime_11910353.jpg,4540,7807,0.5815293966952735
danbooru_anime_11910354.jpg,1217,2286,0.5323709536307961
danbooru_anime_11910358.jpg,3038,6314,0.4811529933481153
danbooru_anime_11910359.jpg,2004,1729,1.1590514748409486
danbooru_anime_11910363.jpg,3000,4000,0.75
danbooru_anime_11910368.jpg,1800,2880,0.625
danbooru_anime_11910387.jpg,2591,3622,0.7153506350082827
danbooru_anime_11910403.jpg,1059,1500,0.706
danbooru_anime_11910418.jpg,1600,1920,0.8333333333333334
danbooru_anime_11910423.jpg,5188,3000,1.7293333333333334
danbooru_anime_11910435.jpg,925,1380,0.6702898550724637
danbooru_anime_11910438.jpg,3000,4000,0.75
danbooru_anime_11910443.jpg,1191,1684,0.7072446555819477
danbooru_anime_11910447.jpg,2912,3765,0.7734395750332005
danbooru_anime_11910468.jpg,1280,1299,0.985373364126251
danbooru_anime_11910477.jpg,2480,3508,0.7069555302166477
danbooru_anime_11910498.jpg,2496,4096,0.609375
danbooru_anime_11910499.jpg,1840,2453,0.7501019160211986
danbooru_anime_11910500.jpg,4299,6071,0.708120573216933
danbooru_anime_11910502.jpg,2894,4093,0.7070608355729294
danbooru_anime_11910510.jpg,2677,3352,0.7986276849642004
danbooru_anime_11910528.jpg,834,1194,0.6984924623115578
danbooru_anime_11910532.jpg,651,1000,0.651
danbooru_anime_11910533.jpg,1068,1143,0.9343832020997376
danbooru_anime_11910537.jpg,1364,2171,0.6282818977429756
danbooru_anime_11910547.jpg,1680,2294,0.7323452484742807
danbooru_anime_11910561.jpg,2894,4093,0.7070608355729294
danbooru_anime_11910571.jpg,2539,4096,0.619873046875
danbooru_anime_11910576.jpg,3379,4531,0.7457514897373648
danbooru_anime_11910581.jpg,2000,3298,0.6064281382656155
danbooru_anime_11910584.jpg,700,1000,0.7
danbooru_anime_11910588.jpg,2100,3500,0.6
danbooru_anime_11910589.jpg,2400,3000,0.8
danbooru_anime_11910590.jpg,1536,2048,0.75
danbooru_anime_11910600.jpg,1714,2575,0.665631067961165
danbooru_anime_11910606.jpg,2150,3035,0.7084019769357496
danbooru_anime_11910625.jpg,2105,4096,0.513916015625
danbooru_anime_11910647.jpg,1080,1440,0.75
danbooru_anime_11910652.jpg,992,1000,0.992
danbooru_anime_11910657.jpg,1000,1000,1.0
danbooru_anime_11910660.jpg,2064,2752,0.75
danbooru_anime_11910662.jpg,1080,1440,0.75
danbooru_anime_11910665.jpg,1450,2169,0.6685108344859382
danbooru_anime_11910667.jpg,2634,3416,0.7710772833723654
danbooru_anime_11910683.jpg,2402,3311,0.7254605859257022
danbooru_anime_11910728.jpg,1080,1440,0.75
danbooru_anime_11910796.jpg,1000,1615,0.6191950464396285
danbooru_anime_11910817.jpg,1000,1414,0.7072135785007072
danbooru_anime_11910848.jpg,2000,3000,0.6666666666666666
danbooru_anime_11910858.jpg,1246,1770,0.703954802259887
danbooru_anime_11910867.jpg,2500,2500,1.0
danbooru_anime_11910873.jpg,670,947,0.7074973600844773
danbooru_anime_11910898.jpg,1908,1515,1.2594059405940594
danbooru_anime_11910952.jpg,1125,1500,0.75
danbooru_anime_11910981.jpg,878,1239,0.70863599677159
danbooru_anime_11911024.jpg,1800,2400,0.75
danbooru_anime_11911044.jpg,700,1050,0.6666666666666666
danbooru_anime_11911048.jpg,1053,1489,0.707186030893217
danbooru_anime_11911051.jpg,1450,2048,0.7080078125
danbooru_anime_11911055.jpg,960,1280,0.75
danbooru_anime_11911066.jpg,1756,2479,0.7083501411859621
danbooru_anime_11911081.jpg,1062,1505,0.7056478405315615
danbooru_anime_11911086.jpg,849,1264,0.6716772151898734
danbooru_anime_11911088.jpg,2468,3500,0.7051428571428572
danbooru_anime_11911095.jpg,2478,2972,0.8337819650067295
danbooru_anime_11911105.jpg,1435,2048,0.70068359375
danbooru_anime_11911107.jpg,1429,2048,0.69775390625
danbooru_anime_11911169.jpg,1609,2277,0.7066315327184892
danbooru_anime_11911238.jpg,1024,2048,0.5
danbooru_anime_11911258.jpg,1560,2080,0.75
danbooru_anime_11911265.jpg,1080,1712,0.6308411214953271
danbooru_anime_11911294.jpg,1400,1345,1.0408921933085502
danbooru_anime_11911328.jpg,1242,1656,0.75
danbooru_anime_11911352.jpg,1536,2168,0.7084870848708487
danbooru_anime_11911372.jpg,2800,1979,1.414855987872663
danbooru_anime_11911419.jpg,1130,2000,0.565
danbooru_anime_11911445.jpg,1478,1523,0.9704530531845043
danbooru_anime_11911498.jpg,960,1280,0.75
danbooru_anime_11911499.jpg,1484,1842,0.8056460369163952
danbooru_anime_11911505.jpg,1149,1582,0.7262958280657396
danbooru_anime_11911561.jpg,1060,1440,0.7361111111111112
danbooru_anime_11911587.jpg,1311,2380,0.5508403361344538
danbooru_anime_11911590.jpg,3488,1892,1.8435517970401691
danbooru_anime_11911610.jpg,2500,3333,0.7500750075007501
danbooru_anime_11911631.jpg,822,1228,0.6693811074918566
danbooru_anime_11911681.jpg,1000,1500,0.6666666666666666
danbooru_anime_11911693.jpg,1512,2102,0.7193149381541389
danbooru_anime_11911696.jpg,1505,2125,0.7082352941176471
danbooru_anime_11911698.jpg,3000,2250,1.3333333333333333
danbooru_anime_11911724.jpg,883,1191,0.7413937867338372
danbooru_anime_11911731.jpg,3316,4096,0.8095703125
danbooru_anime_11911737.jpg,2493,2974,0.8382649630127774
danbooru_anime_11911741.jpg,1378,2039,0.6758214811181952
danbooru_anime_11911765.jpg,1027,1365,0.7523809523809524
danbooru_anime_11911774.jpg,1300,2000,0.65
danbooru_anime_11911792.jpg,900,1435,0.627177700348432
danbooru_anime_11911798.jpg,1286,1800,0.7144444444444444
danbooru_anime_11911812.jpg,3218,4096,0.78564453125
danbooru_anime_11911824.jpg,3541,5016,0.7059409888357256
danbooru_anime_11911832.jpg,2167,3000,0.7223333333333334
danbooru_anime_11911833.jpg,2048,1451,1.4114403859407305
danbooru_anime_11911842.jpg,3402,4096,0.83056640625
danbooru_anime_11911843.jpg,2893,3992,0.7246993987975952
danbooru_anime_11911847.jpg,1513,2048,0.73876953125
danbooru_anime_11911848.jpg,1024,971,1.054582904222451
danbooru_anime_11911851.jpg,1000,1200,0.8333333333333334
danbooru_anime_11911859.jpg,1636,2575,0.6353398058252427
danbooru_anime_11911860.jpg,1800,2500,0.72
danbooru_anime_11911874.jpg,900,1200,0.75
danbooru_anime_11911900.jpg,2672,4096,0.65234375
danbooru_anime_11911903.jpg,1447,2046,0.7072336265884653
danbooru_anime_11911905.jpg,669,1202,0.5565723793677204
danbooru_anime_11911949.jpg,3277,4093,0.8006352308819936
danbooru_anime_11911965.jpg,1536,2048,0.75
danbooru_anime_11912002.jpg,1536,2048,0.75
danbooru_anime_11912009.jpg,2048,1838,1.1142546245919478
danbooru_anime_11912028.jpg,720,902,0.7982261640798226
danbooru_anime_11912054.jpg,2349,3041,0.7724432752384084
danbooru_anime_11912086.jpg,2000,3000,0.6666666666666666
danbooru_anime_11912095.jpg,2171,3070,0.7071661237785016
danbooru_anime_11912110.jpg,2048,1294,1.5826893353941267
danbooru_anime_11912116.jpg,709,813,0.8720787207872078
danbooru_anime_11912127.jpg,1500,1807,0.8301051466519093
danbooru_anime_11912142.jpg,2480,3508,0.7069555302166477
danbooru_anime_11912145.jpg,1300,2000,0.65
danbooru_anime_11912148.jpg,1395,2048,0.68115234375
danbooru_anime_11912175.jpg,1800,1071,1.680672268907563
danbooru_anime_11912209.jpg,2048,770,2.6597402597402597
danbooru_anime_11912429.jpg,3835,2467,1.5545196595054722
danbooru_anime_11912430.jpg,1537,2048,0.75048828125
danbooru_anime_11912432.jpg,718,978,0.7341513292433538
danbooru_anime_11912559.jpg,3000,3000,1.0
danbooru_anime_11912560.jpg,1080,1350,0.8
danbooru_anime_11912589.jpg,1368,1739,0.7866589994249569
danbooru_anime_11912609.jpg,1500,2200,0.6818181818181818
danbooru_anime_11912616.jpg,1200,1200,1.0
danbooru_anime_11912622.jpg,1175,2048,0.57373046875
danbooru_anime_11912639.jpg,700,1000,0.7
danbooru_anime_11912656.jpg,800,1348,0.5934718100890207
danbooru_anime_11912681.jpg,768,1024,0.75
danbooru_anime_11912683.jpg,1225,1633,0.7501530924678506
danbooru_anime_11912685.jpg,960,1280,0.75
danbooru_anime_11912691.jpg,1123,1271,0.8835562549173879
danbooru_anime_11912716.jpg,812,1000,0.812
danbooru_anime_11912730.jpg,2048,1348,1.5192878338278932
danbooru_anime_11912733.jpg,3000,2572,1.166407465007776
danbooru_anime_11912794.jpg,2314,3646,0.6346681294569391
danbooru_anime_11912825.jpg,2837,4128,0.6872577519379846
danbooru_anime_11912834.jpg,4096,3151,1.2999047921294826
danbooru_anime_11912870.jpg,645,680,0.9485294117647058
danbooru_anime_11912885.jpg,768,1024,0.75
danbooru_anime_11912898.jpg,1600,2264,0.7067137809187279
danbooru_anime_11912917.jpg,1536,2048,0.75
danbooru_anime_11912924.jpg,828,1156,0.7162629757785467
danbooru_anime_11912936.jpg,3000,4000,0.75
danbooru_anime_11912937.jpg,750,1260,0.5952380952380952
danbooru_anime_11912941.jpg,750,1260,0.5952380952380952
danbooru_anime_11912943.jpg,1098,1900,0.5778947368421052
danbooru_anime_11912946.jpg,2000,2000,1.0
danbooru_anime_11912949.jpg,750,1260,0.5952380952380952
danbooru_anime_11912951.jpg,2731,4096,0.666748046875
danbooru_anime_11912953.jpg,750,1260,0.5952380952380952
danbooru_anime_11912960.jpg,750,1260,0.5952380952380952
danbooru_anime_11912963.jpg,1310,2048,0.6396484375
danbooru_anime_11912965.jpg,1280,1614,0.7930607187112764
danbooru_anime_11913007.jpg,2978,1890,1.5756613756613758
danbooru_anime_11913117.jpg,665,984,0.6758130081300813
danbooru_anime_11913120.jpg,729,868,0.8398617511520737
danbooru_anime_11913182.jpg,1464,2048,0.71484375
danbooru_anime_11913250.jpg,1448,2048,0.70703125
danbooru_anime_11913264.jpg,1224,2048,0.59765625
danbooru_anime_11913297.jpg,1324,2048,0.646484375
danbooru_anime_11913368.jpg,1175,1604,0.7325436408977556
danbooru_anime_11913395.jpg,850,1193,0.7124895222129086
danbooru_anime_11913403.jpg,900,900,1.0
danbooru_anime_11913404.jpg,827,1063,0.7779868297271872
danbooru_anime_11913418.jpg,727,1950,0.3728205128205128
danbooru_anime_11913447.jpg,1112,2500,0.4448
danbooru_anime_11913456.jpg,1347,2020,0.6668316831683169
danbooru_anime_11913458.jpg,3808,5280,0.7212121212121212
danbooru_anime_11913512.jpg,2461,4000,0.61525
danbooru_anime_11913545.jpg,1587,2048,0.77490234375
danbooru_anime_11913548.jpg,2886,4096,0.70458984375
danbooru_anime_11913551.jpg,1650,2250,0.7333333333333333
danbooru_anime_11913553.jpg,1240,1754,0.7069555302166477
danbooru_anime_11913627.jpg,640,800,0.8
danbooru_anime_11913642.jpg,970,2048,0.4736328125
danbooru_anime_11913690.jpg,901,1200,0.7508333333333334
danbooru_anime_11913726.jpg,640,800,0.8
danbooru_anime_11913820.jpg,1437,3000,0.479
danbooru_anime_11913829.jpg,1476,1800,0.82
danbooru_anime_11913831.jpg,1200,1698,0.7067137809187279
danbooru_anime_11913842.jpg,957,767,1.2477183833116037
danbooru_anime_11913846.jpg,960,770,1.2467532467532467
danbooru_anime_11913891.jpg,3600,2400,1.5
danbooru_anime_11913893.jpg,1420,1950,0.7282051282051282
danbooru_anime_11913895.jpg,2893,3093,0.9353378596831555
danbooru_anime_11913926.jpg,748,980,0.763265306122449
danbooru_anime_11913927.jpg,745,917,0.8124318429661941
danbooru_anime_11913962.jpg,1177,2048,0.57470703125
danbooru_anime_11913991.jpg,640,800,0.8
danbooru_anime_11913993.jpg,2522,4096,0.61572265625
danbooru_anime_11913994.jpg,640,800,0.8
danbooru_anime_11913999.jpg,1000,748,1.3368983957219251
danbooru_anime_11914000.jpg,640,800,0.8
danbooru_anime_11914008.jpg,640,800,0.8
danbooru_anime_11914009.jpg,640,800,0.8
danbooru_anime_11914011.jpg,846,1200,0.705
danbooru_anime_11914017.jpg,640,800,0.8
danbooru_anime_11914060.jpg,2144,2377,0.9019772822885991
danbooru_anime_11914065.jpg,1500,2000,0.75
danbooru_anime_11914073.jpg,2090,3127,0.6683722417652702
danbooru_anime_11914077.jpg,765,1020,0.75
danbooru_anime_11914081.jpg,790,1024,0.771484375
danbooru_anime_11914087.jpg,1448,2048,0.70703125
danbooru_anime_11914094.jpg,1500,2000,0.75
danbooru_anime_11914102.jpg,1536,2304,0.6666666666666666
danbooru_anime_11914109.jpg,1947,2006,0.9705882352941176
danbooru_anime_11914122.jpg,2508,3541,0.7082744987291726
danbooru_anime_11914138.jpg,700,700,1.0
danbooru_anime_11914179.jpg,665,950,0.7
danbooru_anime_11914188.jpg,650,975,0.6666666666666666
danbooru_anime_11914214.jpg,2946,4096,0.71923828125
danbooru_anime_11914217.jpg,768,1024,0.75
danbooru_anime_11914219.jpg,991,1400,0.7078571428571429
danbooru_anime_11914252.jpg,973,1363,0.7138664710198093
danbooru_anime_11914290.jpg,1240,1754,0.7069555302166477
danbooru_anime_11914349.jpg,2200,3080,0.7142857142857143
danbooru_anime_11914422.jpg,1000,1499,0.66711140760507
danbooru_anime_11914423.jpg,1500,2700,0.5555555555555556
danbooru_anime_11914476.jpg,3072,3072,1.0
danbooru_anime_11914507.jpg,1573,2735,0.5751371115173675
danbooru_anime_11914632.jpg,2064,2752,0.75
danbooru_anime_11914635.jpg,1668,2388,0.6984924623115578
danbooru_anime_11914636.jpg,2700,2025,1.3333333333333333
danbooru_anime_11914638.jpg,2924,3289,0.889024019458802
danbooru_anime_11914687.jpg,1260,1751,0.7195888063963449
danbooru_anime_11914698.jpg,2800,2600,1.0769230769230769
danbooru_anime_11914701.jpg,2700,4000,0.675
danbooru_anime_11914724.jpg,777,1087,0.7148114075436982
danbooru_anime_11914752.jpg,1450,2048,0.7080078125
danbooru_anime_11914781.jpg,1920,1080,1.7777777777777777
danbooru_anime_11914793.jpg,1084,1537,0.7052700065061809
danbooru_anime_11914909.jpg,1351,2048,0.65966796875
danbooru_anime_11914917.jpg,1899,2912,0.6521291208791209
danbooru_anime_11914925.jpg,722,1022,0.7064579256360078
danbooru_anime_11914933.jpg,2304,3072,0.75
danbooru_anime_11914936.jpg,1276,1780,0.7168539325842697
danbooru_anime_11914953.jpg,2048,1395,1.468100358422939
danbooru_anime_11915004.jpg,793,1848,0.4291125541125541
danbooru_anime_11915030.jpg,1674,2594,0.6453353893600616
danbooru_anime_11915036.jpg,724,1023,0.70772238514174
danbooru_anime_11915049.jpg,1080,1754,0.6157354618015963
danbooru_anime_11915086.jpg,1707,2048,0.83349609375
danbooru_anime_11915092.jpg,826,1169,0.7065868263473054
danbooru_anime_11915101.jpg,1780,2614,0.6809487375669472
danbooru_anime_11915125.jpg,2048,1398,1.4649499284692418
danbooru_anime_11915174.jpg,4096,4096,1.0
danbooru_anime_11915196.jpg,1325,2000,0.6625
danbooru_anime_11915239.jpg,2500,4167,0.5999520038396928
danbooru_anime_11915241.jpg,1450,2048,0.7080078125
danbooru_anime_11915248.jpg,1476,2000,0.738
danbooru_anime_11915249.jpg,2000,1600,1.25
danbooru_anime_11915256.jpg,2048,2048,1.0
danbooru_anime_11915257.jpg,2444,2574,0.9494949494949495
danbooru_anime_11915258.jpg,2250,3000,0.75
danbooru_anime_11915259.jpg,2917,4299,0.6785298906722493
danbooru_anime_11915273.jpg,1888,2258,0.8361381753764393
danbooru_anime_11915277.jpg,1209,1550,0.78
danbooru_anime_11915286.jpg,1500,1500,1.0
danbooru_anime_11915288.jpg,1535,2048,0.74951171875
danbooru_anime_11915299.jpg,2419,1330,1.818796992481203
danbooru_anime_11915300.jpg,853,1204,0.7084717607973422
danbooru_anime_11915327.jpg,1499,2048,0.73193359375
danbooru_anime_11915334.jpg,1093,1781,0.613700168444694
danbooru_anime_11915336.jpg,1254,1771,0.7080745341614907
danbooru_anime_11915348.jpg,800,1131,0.7073386383731212
danbooru_anime_11915351.jpg,981,1748,0.5612128146453089
danbooru_anime_11915385.jpg,1448,2048,0.70703125
danbooru_anime_11915398.jpg,1700,3200,0.53125
danbooru_anime_11915407.jpg,2000,1576,1.2690355329949239
danbooru_anime_11915456.jpg,1724,2048,0.841796875
danbooru_anime_11915473.jpg,707,1000,0.707
danbooru_anime_11915484.jpg,1620,2160,0.75
danbooru_anime_11915488.jpg,1535,2048,0.74951171875
danbooru_anime_11915518.jpg,3168,5377,0.5891761205132974
danbooru_anime_11915527.jpg,2122,2976,0.7130376344086021
danbooru_anime_11915531.jpg,1256,1790,0.7016759776536313
danbooru_anime_11915533.jpg,2815,2104,1.3379277566539924
danbooru_anime_11915534.jpg,2048,2048,1.0
danbooru_anime_11915536.jpg,1414,2000,0.707
danbooru_anime_11915537.jpg,1578,2048,0.7705078125
danbooru_anime_11915541.jpg,1768,2500,0.7072
danbooru_anime_11915550.jpg,2480,3508,0.7069555302166477
danbooru_anime_11915552.jpg,1296,2347,0.5521942905837239
danbooru_anime_11915583.jpg,2700,3900,0.6923076923076923
danbooru_anime_11915584.jpg,1432,2291,0.6250545613269315
danbooru_anime_11915588.jpg,1940,2304,0.8420138888888888
danbooru_anime_11915590.jpg,2894,4093,0.7070608355729294
danbooru_anime_11915591.jpg,3300,4500,0.7333333333333333
danbooru_anime_11915592.jpg,2554,3979,0.6418698165368183
danbooru_anime_11915593.jpg,688,893,0.7704367301231803
danbooru_anime_11915594.jpg,2894,4093,0.7070608355729294
danbooru_anime_11915599.jpg,1427,1602,0.8907615480649188
danbooru_anime_11915600.jpg,2439,4996,0.4881905524419536
danbooru_anime_11915601.jpg,2894,4093,0.7070608355729294
danbooru_anime_11915602.jpg,2480,3600,0.6888888888888889
danbooru_anime_11915604.jpg,2558,3741,0.6837743918738305
danbooru_anime_11915605.jpg,3934,7148,0.5503637381085619
danbooru_anime_11915617.jpg,3010,2125,1.4164705882352941
danbooru_anime_11915618.jpg,2271,3206,0.7083593262632564
danbooru_anime_11915622.jpg,2480,3600,0.6888888888888889
danbooru_anime_11915629.jpg,4096,2279,1.7972795085563844
danbooru_anime_11915630.jpg,2000,2400,0.8333333333333334
danbooru_anime_11915631.jpg,1382,2048,0.6748046875
danbooru_anime_11915633.jpg,6755,3378,1.9997039668442866
danbooru_anime_11915634.jpg,1448,2048,0.70703125
danbooru_anime_11915636.jpg,2480,3600,0.6888888888888889
danbooru_anime_11915639.jpg,1855,3508,0.5287913340935005
danbooru_anime_11915658.jpg,2591,2640,0.981439393939394
danbooru_anime_11915659.jpg,1400,2048,0.68359375
danbooru_anime_11915660.jpg,1300,2000,0.65
danbooru_anime_11915666.jpg,2482,4093,0.606401172733936
danbooru_anime_11915667.jpg,2371,4241,0.5590662579580288
danbooru_anime_11915668.jpg,650,650,1.0
danbooru_anime_11915672.jpg,2972,3963,0.7499369164774161
danbooru_anime_11915673.jpg,2160,3072,0.703125
danbooru_anime_11915684.jpg,2074,1526,1.3591087811271299
danbooru_anime_11915691.jpg,1464,2048,0.71484375
danbooru_anime_11915704.jpg,2214,3655,0.6057455540355677
danbooru_anime_11915707.jpg,1085,1535,0.7068403908794788
danbooru_anime_11915712.jpg,1433,1013,1.414610069101678
danbooru_anime_11915714.jpg,1385,2048,0.67626953125
danbooru_anime_11915718.jpg,1808,1955,0.9248081841432225
danbooru_anime_11915720.jpg,2731,4096,0.666748046875
danbooru_anime_11915721.jpg,1448,2048,0.70703125
danbooru_anime_11915722.jpg,1200,1500,0.8
danbooru_anime_11915726.jpg,1085,1450,0.7482758620689656
danbooru_anime_11915728.jpg,2000,1970,1.015228426395939
danbooru_anime_11915730.jpg,1860,2963,0.6277421532230847
danbooru_anime_11915734.jpg,1454,2048,0.7099609375
danbooru_anime_11915738.jpg,827,1169,0.7074422583404619
danbooru_anime_11915740.jpg,2177,2321,0.9379577768203361
danbooru_anime_11915741.jpg,1309,2048,0.63916015625
danbooru_anime_11915744.jpg,2892,4056,0.7130177514792899
danbooru_anime_11915798.jpg,1227,1730,0.7092485549132947
danbooru_anime_11915802.jpg,900,900,1.0
danbooru_anime_11915806.jpg,840,1327,0.6330067822155238
danbooru_anime_11915807.jpg,2000,2001,0.9995002498750625
danbooru_anime_11915811.jpg,2250,3000,0.75
danbooru_anime_11915829.jpg,3560,2305,1.5444685466377441
danbooru_anime_11915833.jpg,1040,1200,0.8666666666666667
danbooru_anime_11915843.jpg,839,1286,0.6524105754276828
danbooru_anime_11915844.jpg,1627,2048,0.79443359375
danbooru_anime_11915849.jpg,2000,2485,0.8048289738430584
danbooru_anime_11915852.jpg,1076,1530,0.7032679738562092
danbooru_anime_11915853.jpg,1975,3212,0.614881693648817
danbooru_anime_11915918.jpg,1076,1521,0.7074293228139382
danbooru_anime_11915920.jpg,1404,2048,0.685546875
danbooru_anime_11915922.jpg,908,1233,0.7364152473641524
danbooru_anime_11915937.jpg,3222,3370,0.9560830860534124
danbooru_anime_11915938.jpg,4093,2894,1.4143054595715272
danbooru_anime_11915941.jpg,961,1391,0.6908698777857656
danbooru_anime_11915945.jpg,952,1347,0.7067557535263549
danbooru_anime_11915946.jpg,956,1430,0.6685314685314685
danbooru_anime_11915948.jpg,1536,2048,0.75
danbooru_anime_11915950.jpg,1416,944,1.5
danbooru_anime_11915954.jpg,1980,2130,0.9295774647887324
danbooru_anime_11915956.jpg,1340,2048,0.654296875
danbooru_anime_11915963.jpg,1262,2048,0.6162109375
danbooru_anime_11915964.jpg,1003,1417,0.707833450952717
danbooru_anime_11915966.jpg,1542,1565,0.9853035143769968
danbooru_anime_11915975.jpg,1789,1773,1.009024252679075
danbooru_anime_11915980.jpg,1332,2048,0.650390625
danbooru_anime_11916000.jpg,1177,1884,0.6247346072186837
danbooru_anime_11916007.jpg,750,1918,0.3910323253388947
danbooru_anime_11916011.jpg,1536,2048,0.75
danbooru_anime_11916015.jpg,1080,1920,0.5625
danbooru_anime_11916026.jpg,1456,1400,1.04
danbooru_anime_11916050.jpg,1448,2048,0.70703125
danbooru_anime_11916054.jpg,1251,2048,0.61083984375
danbooru_anime_11916058.jpg,706,1000,0.706
danbooru_anime_11916062.jpg,1200,1600,0.75
danbooru_anime_11916070.jpg,1136,1600,0.71
danbooru_anime_11916078.jpg,750,1918,0.3910323253388947
danbooru_anime_11916079.jpg,1000,747,1.3386880856760375
danbooru_anime_11916087.jpg,1809,2559,0.7069167643610785
danbooru_anime_11916088.jpg,750,1918,0.3910323253388947
danbooru_anime_11916101.jpg,1250,1057,1.1825922421948911
danbooru_anime_11916104.jpg,930,996,0.9337349397590361
danbooru_anime_11916107.jpg,750,1918,0.3910323253388947
danbooru_anime_11916117.jpg,750,1918,0.3910323253388947
danbooru_anime_11916137.jpg,2355,3824,0.615847280334728
danbooru_anime_11916160.jpg,1639,2048,0.80029296875
danbooru_anime_11916236.jpg,1920,1080,1.7777777777777777
danbooru_anime_11916260.jpg,1079,1500,0.7193333333333334
danbooru_anime_11916265.jpg,1420,1632,0.8700980392156863
danbooru_anime_11916287.jpg,1061,1500,0.7073333333333334
danbooru_anime_11916288.jpg,1200,1600,0.75
danbooru_anime_11916289.jpg,992,1403,0.707056307911618
danbooru_anime_11916290.jpg,1447,1946,0.7435765673175745
danbooru_anime_11916292.jpg,960,1448,0.6629834254143646
danbooru_anime_11916293.jpg,1200,1600,0.75
danbooru_anime_11916294.jpg,2590,3624,0.7146799116997793
danbooru_anime_11916306.jpg,3100,4133,0.7500604887490927
danbooru_anime_11916309.jpg,1290,2048,0.6298828125
danbooru_anime_11916318.jpg,1500,2000,0.75
danbooru_anime_11916367.jpg,1048,1500,0.6986666666666667
danbooru_anime_11916395.jpg,1229,2048,0.60009765625
danbooru_anime_11916415.jpg,1120,1185,0.9451476793248945
danbooru_anime_11916419.jpg,1200,1600,0.75
danbooru_anime_11916424.jpg,2048,1712,1.1962616822429906
danbooru_anime_11916426.jpg,1476,926,1.593952483801296
danbooru_anime_11916428.jpg,2894,4093,0.7070608355729294
danbooru_anime_11916434.jpg,1398,2013,0.6944858420268256
danbooru_anime_11916444.jpg,700,700,1.0
danbooru_anime_11916450.jpg,702,728,0.9642857142857143
danbooru_anime_11916451.jpg,1141,1280,0.89140625
danbooru_anime_11916456.jpg,2480,3508,0.7069555302166477
danbooru_anime_11916460.jpg,1444,2048,0.705078125
danbooru_anime_11916462.jpg,1280,720,1.7777777777777777
danbooru_anime_11916471.jpg,1200,675,1.7777777777777777
danbooru_anime_11916488.jpg,2000,2819,0.7094714437743881
danbooru_anime_11916489.jpg,780,1040,0.75
danbooru_anime_11916491.jpg,1490,2048,0.7275390625
danbooru_anime_11916504.jpg,800,693,1.1544011544011543
danbooru_anime_11916511.jpg,850,850,1.0
danbooru_anime_11916513.jpg,720,1080,0.6666666666666666
danbooru_anime_11916514.jpg,2048,1536,1.3333333333333333
danbooru_anime_11916523.jpg,2171,3070,0.7071661237785016
danbooru_anime_11916550.jpg,1486,2000,0.743
danbooru_anime_11916554.jpg,979,1200,0.8158333333333333
danbooru_anime_11916559.jpg,1167,1364,0.8555718475073314
danbooru_anime_11916562.jpg,676,1000,0.676
danbooru_anime_11916563.jpg,676,1000,0.676
danbooru_anime_11916564.jpg,1280,1815,0.7052341597796143
danbooru_anime_11916565.jpg,1800,1800,1.0
danbooru_anime_11916569.jpg,1108,2048,0.541015625
danbooru_anime_11916570.jpg,4096,2732,1.499267935578331
danbooru_anime_11916577.jpg,3508,1974,1.7771023302938196
danbooru_anime_11916578.jpg,1200,675,1.7777777777777777
danbooru_anime_11916581.jpg,764,1080,0.7074074074074074
danbooru_anime_11916583.jpg,885,1000,0.885
danbooru_anime_11916586.jpg,707,1000,0.707
danbooru_anime_11916587.jpg,2356,3879,0.6073730342871875
danbooru_anime_11916592.jpg,1568,1107,1.4164408310749774
danbooru_anime_11916614.jpg,2048,1480,1.3837837837837839
danbooru_anime_11916615.jpg,2048,2471,0.8288142452448402
danbooru_anime_11916616.jpg,2400,3200,0.75
danbooru_anime_11916617.jpg,2160,2160,1.0
danbooru_anime_11916625.jpg,1107,1568,0.7059948979591837
danbooru_anime_11916633.jpg,1200,1615,0.7430340557275542
danbooru_anime_11916640.jpg,2048,2048,1.0
danbooru_anime_11916641.jpg,1451,2048,0.70849609375
danbooru_anime_11916643.jpg,1200,675,1.7777777777777777
danbooru_anime_11916647.jpg,1790,2696,0.663946587537092
danbooru_anime_11916648.jpg,2048,1303,1.5717574827321565
danbooru_anime_11916652.jpg,1300,1857,0.7000538502961766
danbooru_anime_11916654.jpg,1107,1568,0.7059948979591837
danbooru_anime_11916657.jpg,1107,1568,0.7059948979591837
danbooru_anime_11916658.jpg,2304,3500,0.6582857142857143
danbooru_anime_11916661.jpg,1876,3655,0.5132694938440493
danbooru_anime_11916663.jpg,2047,2894,0.7073255010366275
danbooru_anime_11916671.jpg,2048,1505,1.360797342192691
danbooru_anime_11916672.jpg,1568,1107,1.4164408310749774
danbooru_anime_11916674.jpg,2400,3200,0.75
danbooru_anime_11916679.jpg,1600,2700,0.5925925925925926
danbooru_anime_11916680.jpg,2400,3200,0.75
danbooru_anime_11916681.jpg,2048,1300,1.5753846153846154
danbooru_anime_11916684.jpg,2208,3552,0.6216216216216216
danbooru_anime_11916686.jpg,1013,1600,0.633125
danbooru_anime_11916689.jpg,1855,2284,0.8121716287215411
danbooru_anime_11916710.jpg,2520,2150,1.172093023255814
danbooru_anime_11916712.jpg,1107,1568,0.7059948979591837
danbooru_anime_11916722.jpg,1568,1107,1.4164408310749774
danbooru_anime_11916724.jpg,2263,3771,0.6001060726597719
danbooru_anime_11916729.jpg,1430,1594,0.8971141781681304
danbooru_anime_11916736.jpg,793,939,0.8445154419595314
danbooru_anime_11916737.jpg,1444,2162,0.667900092506938
danbooru_anime_11916741.jpg,960,1280,0.75
danbooru_anime_11916746.jpg,2901,4096,0.708251953125
danbooru_anime_11916751.jpg,1107,1568,0.7059948979591837
danbooru_anime_11916763.jpg,1521,1521,1.0
danbooru_anime_11916772.jpg,866,1200,0.7216666666666667
danbooru_anime_11916776.jpg,1184,1459,0.8115147361206305
danbooru_anime_11916791.jpg,2894,4093,0.7070608355729294
danbooru_anime_11916806.jpg,1200,1200,1.0
danbooru_anime_11916808.jpg,1848,2516,0.7344992050874404
danbooru_anime_11916811.jpg,2328,3280,0.7097560975609756
danbooru_anime_11916816.jpg,1200,1200,1.0
danbooru_anime_11916825.jpg,1500,2000,0.75
danbooru_anime_11916831.jpg,2493,3768,0.6616242038216561
danbooru_anime_11916848.jpg,3200,3200,1.0
danbooru_anime_11916852.jpg,2500,3500,0.7142857142857143
danbooru_anime_11916869.jpg,743,1280,0.58046875
danbooru_anime_11916886.jpg,1000,1000,1.0
danbooru_anime_11916902.jpg,1244,2048,0.607421875
danbooru_anime_11916904.jpg,1971,2947,0.668815744825246
danbooru_anime_11916907.jpg,800,800,1.0
danbooru_anime_11916912.jpg,2396,2995,0.8
danbooru_anime_11916921.jpg,1904,2775,0.6861261261261261
danbooru_anime_11916924.jpg,1279,1968,0.6498983739837398
danbooru_anime_11916926.jpg,2852,4096,0.6962890625
danbooru_anime_11916939.jpg,2728,3638,0.7498625618471688
danbooru_anime_11916940.jpg,3324,2900,1.146206896551724
danbooru_anime_11916942.jpg,796,1200,0.6633333333333333
danbooru_anime_11916944.jpg,2868,2294,1.2502179598953793
danbooru_anime_11916958.jpg,2632,4000,0.658
danbooru_anime_11916963.jpg,2512,1606,1.564134495641345
danbooru_anime_11916965.jpg,1536,2048,0.75
danbooru_anime_11916969.jpg,2048,2722,0.7523879500367376
danbooru_anime_11916971.jpg,1051,2048,0.51318359375
danbooru_anime_11916972.jpg,2420,3146,0.7692307692307693
danbooru_anime_11916973.jpg,1536,2048,0.75
danbooru_anime_11916976.jpg,1152,1350,0.8533333333333334
danbooru_anime_11916978.jpg,1546,1080,1.4314814814814816
danbooru_anime_11916979.jpg,1280,720,1.7777777777777777
danbooru_anime_11916980.jpg,1546,1080,1.4314814814814816
danbooru_anime_11916984.jpg,1546,1080,1.4314814814814816
danbooru_anime_11916988.jpg,1936,5072,0.38170347003154576
danbooru_anime_11916989.jpg,2549,3502,0.7278697886921759
danbooru_anime_11916990.jpg,4572,6096,0.75
danbooru_anime_11916992.jpg,2223,3500,0.6351428571428571
danbooru_anime_11916993.jpg,1536,2048,0.75
danbooru_anime_11916994.jpg,1286,2269,0.5667695019832525
danbooru_anime_11916996.jpg,1080,1920,0.5625
danbooru_anime_11916998.jpg,2210,3092,0.7147477360931436
danbooru_anime_11916999.jpg,1333,1500,0.8886666666666667
danbooru_anime_11917000.jpg,1500,2000,0.75
danbooru_anime_11917001.jpg,1280,1350,0.9481481481481482
danbooru_anime_11917002.jpg,2021,3000,0.6736666666666666
danbooru_anime_11917005.jpg,720,920,0.782608695652174
danbooru_anime_11917011.jpg,900,1200,0.75
danbooru_anime_11917014.jpg,2315,1637,1.4141722663408673
danbooru_anime_11917015.jpg,1200,1700,0.7058823529411765
danbooru_anime_11917018.jpg,2240,3120,0.717948717948718
danbooru_anime_11917019.jpg,2701,3795,0.7117259552042161
danbooru_anime_11917020.jpg,902,1203,0.7497921862011637
danbooru_anime_11917024.jpg,4096,3849,1.0641725123408678
danbooru_anime_11917027.jpg,849,1200,0.7075
danbooru_anime_11917033.jpg,1328,2240,0.5928571428571429
danbooru_anime_11917036.jpg,785,956,0.8211297071129707
danbooru_anime_11917038.jpg,1850,2616,0.7071865443425076
danbooru_anime_11917040.jpg,2560,4096,0.625
danbooru_anime_11917044.jpg,800,1131,0.7073386383731212
danbooru_anime_11917056.jpg,5672,4011,1.4141111942159064
danbooru_anime_11917058.jpg,1484,1462,1.015047879616963
danbooru_anime_11917060.jpg,2048,2048,1.0
danbooru_anime_11917080.jpg,4419,7181,0.6153739033560786
danbooru_anime_11917081.jpg,1994,1750,1.1394285714285715
danbooru_anime_11917082.jpg,1466,2048,0.7158203125
danbooru_anime_11917083.jpg,860,1214,0.7084019769357496
danbooru_anime_11917084.jpg,2508,3508,0.7149372862029647
danbooru_anime_11917087.jpg,2702,4000,0.6755
danbooru_anime_11917088.jpg,1488,2048,0.7265625
danbooru_anime_11917089.jpg,1214,2000,0.607
danbooru_anime_11917090.jpg,1337,1776,0.7528153153153153
danbooru_anime_11917091.jpg,1214,2000,0.607
danbooru_anime_11917092.jpg,3006,5398,0.5568729158947758
danbooru_anime_11917093.jpg,2150,2908,0.7393397524071527
danbooru_anime_11917094.jpg,2200,1596,1.3784461152882206
danbooru_anime_11917095.jpg,2150,3395,0.6332842415316642
danbooru_anime_11917097.jpg,1312,1845,0.7111111111111111
danbooru_anime_11917099.jpg,2048,1893,1.0818806127839409
danbooru_anime_11917100.jpg,1842,1924,0.9573804573804574
danbooru_anime_11917101.jpg,2213,3953,0.5598279787503162
danbooru_anime_11917102.jpg,1304,2048,0.63671875
danbooru_anime_11917103.jpg,1312,1845,0.7111111111111111
danbooru_anime_11917105.jpg,1714,1714,1.0
danbooru_anime_11917106.jpg,3600,4000,0.9
danbooru_anime_11917107.jpg,1378,2039,0.6758214811181952
danbooru_anime_11917108.jpg,1378,2039,0.6758214811181952
danbooru_anime_11917114.jpg,1509,1509,1.0
danbooru_anime_11917116.jpg,1254,1771,0.7080745341614907
danbooru_anime_11917117.jpg,1536,2048,0.75
danbooru_anime_11917119.jpg,4176,3545,1.1779971791255288
danbooru_anime_11917120.jpg,662,727,0.9105914718019257
danbooru_anime_11917122.jpg,1494,2000,0.747
danbooru_anime_11917123.jpg,1500,1169,1.2831479897348161
danbooru_anime_11917124.jpg,1500,2100,0.7142857142857143
danbooru_anime_11917125.jpg,1448,2048,0.70703125
danbooru_anime_11917126.jpg,1482,2000,0.741
danbooru_anime_11917129.jpg,1227,2927,0.4192005466347796
danbooru_anime_11917130.jpg,1020,1613,0.6323620582765034
danbooru_anime_11917132.jpg,3848,4840,0.7950413223140496
danbooru_anime_11917133.jpg,2048,2048,1.0
danbooru_anime_11917136.jpg,2818,1964,1.434826883910387
danbooru_anime_11917144.jpg,1206,1718,0.7019790454016298
danbooru_anime_11917146.jpg,800,900,0.8888888888888888
danbooru_anime_11917151.jpg,4000,6000,0.6666666666666666
danbooru_anime_11917153.jpg,1271,2048,0.62060546875
danbooru_anime_11917155.jpg,2415,3925,0.6152866242038216
danbooru_anime_11917156.jpg,2894,4093,0.7070608355729294
danbooru_anime_11917158.jpg,2000,2000,1.0
danbooru_anime_11917164.jpg,845,1405,0.6014234875444839
danbooru_anime_11917170.jpg,1280,720,1.7777777777777777
danbooru_anime_11917174.jpg,1520,2048,0.7421875
danbooru_anime_11917175.jpg,2797,3548,0.7883314543404735
danbooru_anime_11917176.jpg,1300,1698,0.7656065959952886
danbooru_anime_11917178.jpg,2000,3000,0.6666666666666666
danbooru_anime_11917186.jpg,2455,4096,0.599365234375
danbooru_anime_11917189.jpg,2783,4444,0.6262376237623762
danbooru_anime_11917190.jpg,1075,1518,0.7081686429512516
danbooru_anime_11917191.jpg,2722,4093,0.6650378695333496
danbooru_anime_11917192.jpg,4000,6000,0.6666666666666666
danbooru_anime_11917194.jpg,720,960,0.75
danbooru_anime_11917201.jpg,2722,4093,0.6650378695333496
danbooru_anime_11917203.jpg,3000,4000,0.75
danbooru_anime_11917206.jpg,2048,1186,1.72681281618887
danbooru_anime_11917207.jpg,1978,2077,0.9523350987000482
danbooru_anime_11917208.jpg,1473,2048,0.71923828125
danbooru_anime_11917210.jpg,3023,4096,0.738037109375
danbooru_anime_11917212.jpg,2039,2894,0.7045611610228059
danbooru_anime_11917222.jpg,2362,3496,0.6756292906178489
danbooru_anime_11917223.jpg,2112,3508,0.6020524515393386
danbooru_anime_11917225.jpg,4961,7016,0.7070980615735462
danbooru_anime_11917229.jpg,2850,3131,0.9102523155541361
danbooru_anime_11917230.jpg,2600,3600,0.7222222222222222
danbooru_anime_11917235.jpg,960,1280,0.75
danbooru_anime_11917236.jpg,1426,2048,0.6962890625
danbooru_anime_11917245.jpg,1343,1535,0.8749185667752443
danbooru_anime_11917252.jpg,2654,4426,0.5996384997740624
danbooru_anime_11917254.jpg,2600,3300,0.7878787878787878
danbooru_anime_11917259.jpg,1000,1641,0.6093845216331505
danbooru_anime_11917263.jpg,1500,1500,1.0
danbooru_anime_11917270.jpg,2048,1464,1.3989071038251366
danbooru_anime_11917280.jpg,1528,2048,0.74609375
danbooru_anime_11917281.jpg,2048,2048,1.0
danbooru_anime_11917282.jpg,3000,4020,0.746268656716418
danbooru_anime_11917285.jpg,1887,2089,0.9033030157970321
danbooru_anime_11917286.jpg,1427,2048,0.69677734375
danbooru_anime_11917287.jpg,1652,2338,0.7065868263473054
danbooru_anime_11917290.jpg,1151,2009,0.5729218516674963
danbooru_anime_11917293.jpg,720,960,0.75
danbooru_anime_11917299.jpg,760,1000,0.76
danbooru_anime_11917307.jpg,3508,2480,1.414516129032258
danbooru_anime_11917311.jpg,2048,1505,1.360797342192691
danbooru_anime_11917314.jpg,2894,4093,0.7070608355729294
danbooru_anime_11917317.jpg,3496,3112,1.1233933161953729
danbooru_anime_11917319.jpg,1708,2490,0.6859437751004016
danbooru_anime_11917323.jpg,1400,1637,0.855222968845449
danbooru_anime_11917324.jpg,1637,1157,1.414866032843561
danbooru_anime_11917325.jpg,2480,3508,0.7069555302166477
danbooru_anime_11917327.jpg,2304,3072,0.75
danbooru_anime_11917329.jpg,1366,2048,0.6669921875
danbooru_anime_11917331.jpg,2048,1814,1.1289966923925028
danbooru_anime_11917332.jpg,2894,4093,0.7070608355729294
danbooru_anime_11917333.jpg,3000,4000,0.75
danbooru_anime_11917336.jpg,900,1000,0.9
danbooru_anime_11917339.jpg,2480,3508,0.7069555302166477
danbooru_anime_11917341.jpg,832,1248,0.6666666666666666
danbooru_anime_11917342.jpg,2304,3072,0.75
danbooru_anime_11917343.jpg,720,1280,0.5625
danbooru_anime_11917345.jpg,2150,3035,0.7084019769357496
danbooru_anime_11917350.jpg,1920,1336,1.437125748502994
danbooru_anime_11917351.jpg,1365,1929,0.7076205287713841
danbooru_anime_11917352.jpg,2273,4825,0.4710880829015544
danbooru_anime_11917355.jpg,2781,3708,0.75
danbooru_anime_11917356.jpg,2591,3624,0.7149558498896247
danbooru_anime_11917358.jpg,2541,3129,0.8120805369127517
danbooru_anime_11917359.jpg,1536,2048,0.75
danbooru_anime_11917373.jpg,1366,1024,1.333984375
danbooru_anime_11917396.jpg,1241,1755,0.7071225071225071
danbooru_anime_11917397.jpg,936,1466,0.6384720327421555
danbooru_anime_11917398.jpg,1536,2048,0.75
danbooru_anime_11917399.jpg,3036,3035,1.000329489291598
danbooru_anime_11917400.jpg,2048,2048,1.0
danbooru_anime_11917401.jpg,2208,4096,0.5390625
danbooru_anime_11917402.jpg,1011,2149,0.470451372731503
danbooru_anime_11917403.jpg,2976,4175,0.712814371257485
danbooru_anime_11917404.jpg,2354,3622,0.6499171728326891
danbooru_anime_11917405.jpg,2775,3353,0.827617059349836
danbooru_anime_11917407.jpg,2354,4060,0.5798029556650246
danbooru_anime_11917410.jpg,904,921,0.9815418023887079
danbooru_anime_11917411.jpg,1280,1810,0.7071823204419889
danbooru_anime_11917413.jpg,2540,3335,0.7616191904047976
danbooru_anime_11917414.jpg,1013,1433,0.7069085833914864
danbooru_anime_11917415.jpg,3669,5133,0.7147866744593805
danbooru_anime_11917418.jpg,2480,3508,0.7069555302166477
danbooru_anime_11917421.jpg,2304,3072,0.75
danbooru_anime_11917422.jpg,2508,3541,0.7082744987291726
danbooru_anime_11917423.jpg,2492,4093,0.6088443684339115
danbooru_anime_11917428.jpg,1279,1975,0.6475949367088608
danbooru_anime_11917431.jpg,1049,1350,0.7770370370370371
danbooru_anime_11917464.jpg,1450,2048,0.7080078125
danbooru_anime_11917472.jpg,1450,2048,0.7080078125
danbooru_anime_11917473.jpg,1080,1620,0.6666666666666666
danbooru_anime_11917475.jpg,1416,2000,0.708
danbooru_anime_11917478.jpg,1636,2048,0.798828125
danbooru_anime_11917480.jpg,1080,1350,0.8
danbooru_anime_11917482.jpg,1191,1684,0.7072446555819477
danbooru_anime_11917494.jpg,2139,2813,0.7603981514397441
danbooru_anime_11917504.jpg,1502,2048,0.7333984375
danbooru_anime_11917505.jpg,1771,2508,0.706140350877193
danbooru_anime_11917511.jpg,1666,2048,0.8134765625
danbooru_anime_11917514.jpg,2100,3000,0.7
danbooru_anime_11917516.jpg,1415,2048,0.69091796875
danbooru_anime_11917527.jpg,951,1200,0.7925
danbooru_anime_11917539.jpg,2160,3972,0.5438066465256798
danbooru_anime_11917542.jpg,1431,2171,0.6591432519576232
danbooru_anime_11917544.jpg,1840,2800,0.6571428571428571
danbooru_anime_11917557.jpg,1710,2419,0.7069036792062836
danbooru_anime_11917561.jpg,1840,2800,0.6571428571428571
danbooru_anime_11917566.jpg,850,1199,0.7089241034195163
danbooru_anime_11917567.jpg,2397,4096,0.585205078125
danbooru_anime_11917571.jpg,1366,2048,0.6669921875
danbooru_anime_11917575.jpg,1250,1248,1.001602564102564
danbooru_anime_11917576.jpg,3089,4096,0.754150390625
danbooru_anime_11917585.jpg,1536,2048,0.75
danbooru_anime_11917616.jpg,872,1155,0.754978354978355
danbooru_anime_11917626.jpg,1650,2370,0.6962025316455697
danbooru_anime_11917647.jpg,2197,3109,0.7066580894178193
danbooru_anime_11917656.jpg,2480,3508,0.7069555302166477
danbooru_anime_11917661.jpg,2100,3600,0.5833333333333334
danbooru_anime_11917675.jpg,840,840,1.0
danbooru_anime_11917684.jpg,1765,2048,0.86181640625
danbooru_anime_11917688.jpg,2080,2780,0.7482014388489209
danbooru_anime_11917689.jpg,1585,2048,0.77392578125
danbooru_anime_11917691.jpg,2000,2500,0.8
danbooru_anime_11917699.jpg,2048,2281,0.897851819377466
danbooru_anime_11917707.jpg,1750,2120,0.8254716981132075
danbooru_anime_11917710.jpg,1200,1703,0.7046388725778039
danbooru_anime_11917719.jpg,1429,1966,0.7268565615462869
danbooru_anime_11917737.jpg,1840,2800,0.6571428571428571
danbooru_anime_11917739.jpg,1840,2800,0.6571428571428571
danbooru_anime_11917740.jpg,1447,2048,0.70654296875
danbooru_anime_11917744.jpg,4100,5735,0.7149084568439407
danbooru_anime_11917750.jpg,3080,4080,0.7549019607843137
danbooru_anime_11917763.jpg,1840,1110,1.6576576576576576
danbooru_anime_11917773.jpg,2160,3298,0.6549423893268648
danbooru_anime_11917783.jpg,1929,2313,0.833981841763943
danbooru_anime_11917786.jpg,1440,1440,1.0
danbooru_anime_11917790.jpg,984,1104,0.8913043478260869
danbooru_anime_11917794.jpg,1440,1920,0.75
danbooru_anime_11917800.jpg,1448,2048,0.70703125
danbooru_anime_11917801.jpg,984,1104,0.8913043478260869
danbooru_anime_11917805.jpg,1448,2048,0.70703125
danbooru_anime_11917806.jpg,984,1104,0.8913043478260869
danbooru_anime_11917808.jpg,2200,3628,0.6063947078280044
danbooru_anime_11917810.jpg,1089,1618,0.673053152039555
danbooru_anime_11917815.jpg,1152,2048,0.5625
danbooru_anime_11917816.jpg,2454,3481,0.70496983625395
danbooru_anime_11917818.jpg,715,977,0.7318321392016377
danbooru_anime_11917822.jpg,1448,2048,0.70703125
danbooru_anime_11917825.jpg,1925,3168,0.6076388888888888
danbooru_anime_11917837.jpg,1269,1269,1.0
danbooru_anime_11917851.jpg,1442,2048,0.7041015625
danbooru_anime_11917853.jpg,1334,1640,0.8134146341463414
danbooru_anime_11917862.jpg,2200,2900,0.7586206896551724
danbooru_anime_11917868.jpg,797,934,0.8533190578158458
danbooru_anime_11917870.jpg,2591,3624,0.7149558498896247
danbooru_anime_11917871.jpg,1618,2027,0.7982239763196842
danbooru_anime_11917873.jpg,2511,3582,0.7010050251256281
danbooru_anime_11917876.jpg,756,1150,0.6573913043478261
danbooru_anime_11917877.jpg,968,1291,0.7498063516653757
danbooru_anime_11917884.jpg,2457,3276,0.75
danbooru_anime_11917886.jpg,2600,3600,0.7222222222222222
danbooru_anime_11917905.jpg,1085,1891,0.5737704918032787
danbooru_anime_11917917.jpg,1024,1792,0.5714285714285714
danbooru_anime_11917957.jpg,2892,4056,0.7130177514792899
danbooru_anime_11917991.jpg,1866,2545,0.7332023575638507
danbooru_anime_11918006.jpg,1108,1800,0.6155555555555555
danbooru_anime_11918009.jpg,960,1093,0.8783165599268069
danbooru_anime_11918032.jpg,1350,1800,0.75
danbooru_anime_11918035.jpg,1448,2048,0.70703125
danbooru_anime_11918068.jpg,1575,2805,0.5614973262032086
danbooru_anime_11918075.jpg,4961,3508,1.4141961231470923
danbooru_anime_11918076.jpg,5050,7022,0.7191683281116491
danbooru_anime_11918105.jpg,2538,3072,0.826171875
danbooru_anime_11918109.jpg,1505,2125,0.7082352941176471
danbooru_anime_11918111.jpg,3000,3846,0.7800312012480499
danbooru_anime_11918132.jpg,1890,1890,1.0
danbooru_anime_11918138.jpg,1767,2252,0.7846358792184724
danbooru_anime_11918148.jpg,960,1280,0.75
danbooru_anime_11918159.jpg,1695,2400,0.70625
danbooru_anime_11918163.jpg,1080,940,1.148936170212766
danbooru_anime_11918165.jpg,2894,4093,0.7070608355729294
danbooru_anime_11918167.jpg,2633,3666,0.7182214948172395
danbooru_anime_11918202.jpg,4096,3602,1.1371460299833427
danbooru_anime_11918205.jpg,3000,2121,1.4144271570014144
danbooru_anime_11918216.jpg,2000,2991,0.6686726847208292
danbooru_anime_11918226.jpg,2300,3200,0.71875
danbooru_anime_11918230.jpg,1597,2048,0.77978515625
danbooru_anime_11918231.jpg,2424,3503,0.6919783043105909
danbooru_anime_11918234.jpg,1628,2048,0.794921875
danbooru_anime_11918244.jpg,2500,3449,0.7248477819657871
danbooru_anime_11918255.jpg,1558,2500,0.6232
danbooru_anime_11918258.jpg,1250,2136,0.5852059925093633
danbooru_anime_11918264.jpg,2480,3508,0.7069555302166477
danbooru_anime_11918267.jpg,1451,2048,0.70849609375
danbooru_anime_11918308.jpg,1961,2396,0.8184474123539232
danbooru_anime_11918315.jpg,1100,1400,0.7857142857142857
danbooru_anime_11918324.jpg,2093,3573,0.5857822558074447
danbooru_anime_11918332.jpg,853,1204,0.7084717607973422
danbooru_anime_11918333.jpg,2250,3000,0.75
danbooru_anime_11918353.jpg,3240,5760,0.5625
danbooru_anime_11918365.jpg,1172,2048,0.572265625
danbooru_anime_11918366.jpg,2122,3796,0.5590094836670179
danbooru_anime_11918375.jpg,1158,1637,0.7073915699450214
danbooru_anime_11918379.jpg,1126,1631,0.6903740036787247
danbooru_anime_11918387.jpg,675,1200,0.5625
danbooru_anime_11918443.jpg,756,1075,0.7032558139534884
danbooru_anime_11918444.jpg,756,1075,0.7032558139534884
danbooru_anime_11918449.jpg,2013,2936,0.6856267029972752
danbooru_anime_11918450.jpg,1447,2048,0.70654296875
danbooru_anime_11918472.jpg,2114,3559,0.5939870750210733
danbooru_anime_11918501.jpg,2400,3600,0.6666666666666666
danbooru_anime_11918528.jpg,1662,2400,0.6925
danbooru_anime_11918536.jpg,816,997,0.8184553660982948
danbooru_anime_11918541.jpg,2275,1600,1.421875
danbooru_anime_11918544.jpg,3840,2160,1.7777777777777777
danbooru_anime_11918549.jpg,1328,2048,0.6484375
danbooru_anime_11918556.jpg,885,665,1.330827067669173
danbooru_anime_11918559.jpg,1200,1500,0.8
danbooru_anime_11918560.jpg,1500,2000,0.75
danbooru_anime_11918566.jpg,2100,2800,0.75
danbooru_anime_11918567.jpg,1890,1890,1.0
danbooru_anime_11918568.jpg,1229,1767,0.6955291454442558
danbooru_anime_11918572.jpg,774,731,1.0588235294117647
danbooru_anime_11918577.jpg,1328,2240,0.5928571428571429
danbooru_anime_11918580.jpg,756,1075,0.7032558139534884
danbooru_anime_11918581.jpg,756,1075,0.7032558139534884
danbooru_anime_11918582.jpg,756,1075,0.7032558139534884
danbooru_anime_11918583.jpg,1643,2246,0.7315227070347284
danbooru_anime_11918585.jpg,1346,1813,0.7424158852730282
danbooru_anime_11918604.jpg,756,1075,0.7032558139534884
danbooru_anime_11918606.jpg,1690,1690,1.0
danbooru_anime_11918608.jpg,1200,1500,0.8
danbooru_anime_11918671.jpg,1320,1320,1.0
danbooru_anime_11918674.jpg,4000,5000,0.8
danbooru_anime_11918690.jpg,3298,3698,0.8918334234721471
danbooru_anime_11918693.jpg,1850,2550,0.7254901960784313
danbooru_anime_11918699.jpg,1669,2048,0.81494140625
danbooru_anime_11918700.jpg,778,1412,0.5509915014164306
danbooru_anime_11918706.jpg,1434,2048,0.7001953125
danbooru_anime_11918709.jpg,1489,2048,0.72705078125
danbooru_anime_11918747.jpg,2500,2184,1.1446886446886446
danbooru_anime_11918748.jpg,2458,2500,0.9832
danbooru_anime_11918754.jpg,2767,4096,0.675537109375
danbooru_anime_11918756.jpg,1708,2123,0.8045219029674988
danbooru_anime_11918760.jpg,640,640,1.0
danbooru_anime_11918761.jpg,847,1200,0.7058333333333333
danbooru_anime_11918767.jpg,707,1000,0.707
danbooru_anime_11918769.jpg,1708,2123,0.8045219029674988
danbooru_anime_11918776.jpg,2816,4096,0.6875
danbooru_anime_11918790.jpg,1284,2778,0.46220302375809935
danbooru_anime_11918792.jpg,1284,2778,0.46220302375809935
danbooru_anime_11918794.jpg,1284,2778,0.46220302375809935
danbooru_anime_11918802.jpg,1536,2048,0.75
danbooru_anime_11918808.jpg,720,1980,0.36363636363636365
danbooru_anime_11918814.jpg,2480,3508,0.7069555302166477
danbooru_anime_11918818.jpg,821,1200,0.6841666666666667
danbooru_anime_11918822.jpg,707,1000,0.707
danbooru_anime_11918830.jpg,1673,1650,1.013939393939394
danbooru_anime_11918832.jpg,2048,1431,1.4311670160726764
danbooru_anime_11918835.jpg,2894,4093,0.7070608355729294
danbooru_anime_11918836.jpg,1059,1500,0.706
danbooru_anime_11918840.jpg,1961,2952,0.6642953929539296
danbooru_anime_11918841.jpg,1536,2048,0.75
danbooru_anime_11918842.jpg,1380,2764,0.4992764109985528
danbooru_anime_11918853.jpg,1059,1500,0.706
danbooru_anime_11918864.jpg,1536,2048,0.75
danbooru_anime_11918866.jpg,1860,1692,1.099290780141844
danbooru_anime_11918867.jpg,3000,3000,1.0
danbooru_anime_11918876.jpg,3600,4968,0.7246376811594203
danbooru_anime_11918877.jpg,650,827,0.7859733978234583
danbooru_anime_11918881.jpg,1413,2048,0.68994140625
danbooru_anime_11918887.jpg,1486,1801,0.8250971682398668
danbooru_anime_11918888.jpg,2048,1280,1.6
danbooru_anime_11918918.jpg,1463,2048,0.71435546875
danbooru_anime_11918928.jpg,1463,2048,0.71435546875
danbooru_anime_11918929.jpg,1059,1500,0.706
danbooru_anime_11918938.jpg,2492,1742,1.4305396096440872
danbooru_anime_11918955.jpg,1260,1859,0.6777837547068316
danbooru_anime_11918956.jpg,700,700,1.0
danbooru_anime_11918957.jpg,2508,3541,0.7082744987291726
danbooru_anime_11918962.jpg,2508,3541,0.7082744987291726
danbooru_anime_11918972.jpg,1063,945,1.1248677248677248
danbooru_anime_11918974.jpg,1638,2048,0.7998046875
danbooru_anime_11918989.jpg,1448,2048,0.70703125
danbooru_anime_11918993.jpg,3187,2222,1.4342934293429344
danbooru_anime_11919001.jpg,826,1169,0.7065868263473054
danbooru_anime_11919007.jpg,2031,2952,0.6880081300813008
danbooru_anime_11919013.jpg,3333,2191,1.521223185759927
danbooru_anime_11919020.jpg,2576,3816,0.6750524109014675
danbooru_anime_11919026.jpg,2000,2000,1.0
danbooru_anime_11919027.jpg,2756,2756,1.0
danbooru_anime_11919031.jpg,1447,2047,0.7068881289692233
danbooru_anime_11919038.jpg,2048,1536,1.3333333333333333
danbooru_anime_11919049.jpg,750,1000,0.75
danbooru_anime_11919058.jpg,1738,2894,0.6005528680027643
danbooru_anime_11919059.jpg,1292,2092,0.6175908221797323
danbooru_anime_11919063.jpg,1170,1551,0.7543520309477756
danbooru_anime_11919069.jpg,1270,1860,0.6827956989247311
danbooru_anime_11919071.jpg,812,1000,0.812
danbooru_anime_11919076.jpg,812,1000,0.812
danbooru_anime_11919079.jpg,3300,4620,0.7142857142857143
danbooru_anime_11919089.jpg,3400,5700,0.5964912280701754
danbooru_anime_11919102.jpg,2366,3471,0.6816479400749064
danbooru_anime_11919103.jpg,827,1417,0.5836273817925194
danbooru_anime_11919107.jpg,1887,3000,0.629
danbooru_anime_11919109.jpg,2800,3500,0.8
danbooru_anime_11919111.jpg,2800,3500,0.8
danbooru_anime_11919115.jpg,3000,2100,1.4285714285714286
danbooru_anime_11919118.jpg,1003,1383,0.725234996384671
danbooru_anime_11919120.jpg,1200,1025,1.170731707317073
danbooru_anime_11919125.jpg,2888,2040,1.415686274509804
danbooru_anime_11919129.jpg,1378,2039,0.6758214811181952
danbooru_anime_11919133.jpg,1000,1330,0.7518796992481203
danbooru_anime_11919135.jpg,1518,1768,0.8585972850678733
danbooru_anime_11919144.jpg,1000,1412,0.7082152974504249
danbooru_anime_11919146.jpg,1280,1440,0.8888888888888888
danbooru_anime_11919148.jpg,885,1314,0.6735159817351598
danbooru_anime_11919150.jpg,977,1000,0.977
danbooru_anime_11919151.jpg,1600,900,1.7777777777777777
danbooru_anime_11919152.jpg,2480,3508,0.7069555302166477
danbooru_anime_11919159.jpg,2897,4096,0.707275390625
danbooru_anime_11919163.jpg,2400,3200,0.75
danbooru_anime_11919164.jpg,1000,1330,0.7518796992481203
danbooru_anime_11919166.jpg,992,1403,0.707056307911618
danbooru_anime_11919172.jpg,1639,2048,0.80029296875
danbooru_anime_11919173.jpg,3000,4000,0.75
danbooru_anime_11919174.jpg,2756,2756,1.0
danbooru_anime_11919175.jpg,1000,1330,0.7518796992481203
danbooru_anime_11919178.jpg,2756,2756,1.0
danbooru_anime_11919180.jpg,2756,2756,1.0
danbooru_anime_11919181.jpg,1280,1440,0.8888888888888888
danbooru_anime_11919184.jpg,2625,3375,0.7777777777777778
danbooru_anime_11919196.jpg,932,1073,0.8685927306616962
danbooru_anime_11919200.jpg,1000,1330,0.7518796992481203
danbooru_anime_11919202.jpg,2696,3715,0.725706594885599
danbooru_anime_11919204.jpg,2000,2714,0.7369196757553427
danbooru_anime_11919208.jpg,1536,2048,0.75
danbooru_anime_11919212.jpg,3400,3000,1.1333333333333333
danbooru_anime_11919216.jpg,1449,2376,0.6098484848484849
danbooru_anime_11919217.jpg,2304,3072,0.75
danbooru_anime_11919220.jpg,2480,3508,0.7069555302166477
danbooru_anime_11919223.jpg,1345,2048,0.65673828125
danbooru_anime_11919227.jpg,1280,721,1.7753120665742026
danbooru_anime_11919229.jpg,2667,3798,0.7022116903633492
danbooru_anime_11919232.jpg,917,1544,0.5939119170984456
danbooru_anime_11919233.jpg,2500,2500,1.0
danbooru_anime_11919236.jpg,1280,1440,0.8888888888888888
danbooru_anime_11919238.jpg,1166,1372,0.8498542274052479
danbooru_anime_11919242.jpg,1719,2200,0.7813636363636364
danbooru_anime_11919246.jpg,3430,6099,0.5623872766027218
danbooru_anime_11919248.jpg,1280,1441,0.8882720333102012
danbooru_anime_11919249.jpg,1536,2048,0.75
danbooru_anime_11919268.jpg,1200,1800,0.6666666666666666
danbooru_anime_11919276.jpg,2575,3026,0.8509583608724388
danbooru_anime_11919277.jpg,2038,960,2.122916666666667
danbooru_anime_11919287.jpg,680,962,0.7068607068607069
danbooru_anime_11919289.jpg,768,1024,0.75
danbooru_anime_11919291.jpg,675,1350,0.5
danbooru_anime_11919294.jpg,1629,1373,1.1864530225782957
danbooru_anime_11919299.jpg,4096,3277,1.2499237107110162
danbooru_anime_11919300.jpg,2749,4096,0.671142578125
danbooru_anime_11919301.jpg,2894,4093,0.7070608355729294
danbooru_anime_11919326.jpg,2048,1366,1.499267935578331
danbooru_anime_11919335.jpg,2756,2756,1.0
danbooru_anime_11919336.jpg,2304,3072,0.75
danbooru_anime_11919343.jpg,1511,2048,0.73779296875
danbooru_anime_11919347.jpg,1809,2559,0.7069167643610785
danbooru_anime_11919350.jpg,1812,2183,0.8300503893724233
danbooru_anime_11919355.jpg,2588,3576,0.7237136465324385
danbooru_anime_11919365.jpg,1309,1865,0.7018766756032172
danbooru_anime_11919366.jpg,1100,1600,0.6875
danbooru_anime_11919368.jpg,1401,3600,0.38916666666666666
danbooru_anime_11919384.jpg,1792,2638,0.6793025018953753
danbooru_anime_11919385.jpg,849,1200,0.7075
danbooru_anime_11919386.jpg,1900,3000,0.6333333333333333
danbooru_anime_11919387.jpg,750,1545,0.4854368932038835
danbooru_anime_11919388.jpg,1500,2122,0.706880301602262
danbooru_anime_11919391.jpg,1600,2291,0.6983849847228285
danbooru_anime_11919395.jpg,1125,695,1.618705035971223
danbooru_anime_11919397.jpg,771,1200,0.6425
danbooru_anime_11919398.jpg,724,1024,0.70703125
danbooru_anime_11919405.jpg,1965,1851,1.0615883306320908
danbooru_anime_11919407.jpg,1421,2048,0.69384765625
danbooru_anime_11919413.jpg,1280,1440,0.8888888888888888
danbooru_anime_11919415.jpg,1125,700,1.6071428571428572
danbooru_anime_11919416.jpg,1100,1600,0.6875
danbooru_anime_11919420.jpg,1032,1788,0.5771812080536913
danbooru_anime_11919421.jpg,1280,1440,0.8888888888888888
danbooru_anime_11919429.jpg,1280,1440,0.8888888888888888
danbooru_anime_11919433.jpg,1240,1754,0.7069555302166477
danbooru_anime_11919434.jpg,1200,1600,0.75
danbooru_anime_11919436.jpg,1240,1754,0.7069555302166477
danbooru_anime_11919439.jpg,1200,1600,0.75
danbooru_anime_11919443.jpg,1240,1754,0.7069555302166477
danbooru_anime_11919444.jpg,1280,1440,0.8888888888888888
danbooru_anime_11919445.jpg,1200,1600,0.75
danbooru_anime_11919447.jpg,821,887,0.9255918827508456
danbooru_anime_11919449.jpg,750,819,0.9157509157509157
danbooru_anime_11919455.jpg,1280,1440,0.8888888888888888
danbooru_anime_11919459.jpg,783,1123,0.697239536954586
danbooru_anime_11919461.jpg,1422,1967,0.722928317234367
danbooru_anime_11919462.jpg,1535,2048,0.74951171875
danbooru_anime_11919464.jpg,1244,2048,0.607421875
danbooru_anime_11919465.jpg,1280,1440,0.8888888888888888
danbooru_anime_11919469.jpg,2824,4096,0.689453125
danbooru_anime_11919470.jpg,2000,2500,0.8
danbooru_anime_11919475.jpg,1620,2051,0.7898586055582643
danbooru_anime_11919476.jpg,1818,1639,1.1092129347162905
danbooru_anime_11919477.jpg,958,1409,0.6799148332150461
danbooru_anime_11919479.jpg,1280,1440,0.8888888888888888
danbooru_anime_11919482.jpg,1125,1480,0.7601351351351351
danbooru_anime_11919485.jpg,2048,2048,1.0
danbooru_anime_11919487.jpg,1280,1440,0.8888888888888888
danbooru_anime_11919491.jpg,1414,2000,0.707
danbooru_anime_11919492.jpg,1640,2360,0.6949152542372882
danbooru_anime_11919497.jpg,1200,1500,0.8
danbooru_anime_11919501.jpg,2721,4500,0.6046666666666667
danbooru_anime_11919504.jpg,1875,2508,0.7476076555023924
danbooru_anime_11919505.jpg,889,1269,0.7005516154452325
danbooru_anime_11919509.jpg,782,1200,0.6516666666666666
danbooru_anime_11919510.jpg,786,1200,0.655
danbooru_anime_11919511.jpg,784,1200,0.6533333333333333
danbooru_anime_11919518.jpg,1536,2048,0.75
danbooru_anime_11919520.jpg,2756,3897,0.7072106748781114
danbooru_anime_11919523.jpg,1181,1772,0.6664785553047404
danbooru_anime_11919525.jpg,6807,4084,1.6667482859941234
danbooru_anime_11919526.jpg,1848,3035,0.6088962108731466
danbooru_anime_11919528.jpg,2894,4502,0.6428254109284762
danbooru_anime_11919532.jpg,3541,2508,1.4118819776714513
danbooru_anime_11919533.jpg,3307,4677,0.7070771862304897
danbooru_anime_11919549.jpg,1447,1020,1.4186274509803922
danbooru_anime_11919550.jpg,1450,2048,0.7080078125
danbooru_anime_11919552.jpg,1330,2048,0.6494140625
danbooru_anime_11919553.jpg,1188,1705,0.6967741935483871
danbooru_anime_11919558.jpg,3000,4000,0.75
danbooru_anime_11919559.jpg,1725,2663,0.6477656778069846
danbooru_anime_11919560.jpg,1000,760,1.3157894736842106
danbooru_anime_11919562.jpg,1536,2048,0.75
danbooru_anime_11919569.jpg,793,1269,0.6249014972419228
danbooru_anime_11919570.jpg,1052,1453,0.7240192704748796
danbooru_anime_11919571.jpg,1048,1302,0.804915514592934
danbooru_anime_11919573.jpg,2027,2168,0.9349630996309963
danbooru_anime_11919578.jpg,2688,4000,0.672
danbooru_anime_11919583.jpg,1972,2092,0.9426386233269598
danbooru_anime_11919585.jpg,3720,4960,0.75
danbooru_anime_11919587.jpg,3297,4452,0.7405660377358491
danbooru_anime_11919590.jpg,1306,2048,0.6376953125
danbooru_anime_11919592.jpg,2480,3241,0.7651959271829682
danbooru_anime_11919593.jpg,1280,1440,0.8888888888888888
danbooru_anime_11919595.jpg,2959,4209,0.7030173437871229
danbooru_anime_11919596.jpg,1237,1324,0.9342900302114804
danbooru_anime_11919598.jpg,2846,4096,0.69482421875
danbooru_anime_11919600.jpg,3600,3900,0.9230769230769231
danbooru_anime_11919604.jpg,1280,720,1.7777777777777777
danbooru_anime_11919608.jpg,2443,4318,0.5657711903659102
danbooru_anime_11919617.jpg,1280,1440,0.8888888888888888
danbooru_anime_11919620.jpg,1321,1870,0.7064171122994652
danbooru_anime_11919621.jpg,1280,1440,0.8888888888888888
danbooru_anime_11919622.jpg,1228,1739,0.7061529614721104
danbooru_anime_11919626.jpg,2900,4096,0.7080078125
danbooru_anime_11919627.jpg,1280,1440,0.8888888888888888
danbooru_anime_11919629.jpg,1280,1440,0.8888888888888888
danbooru_anime_11919631.jpg,2419,4096,0.590576171875
danbooru_anime_11919633.jpg,800,1119,0.7149240393208222
danbooru_anime_11919637.jpg,4728,4078,1.1593918587542913
danbooru_anime_11919638.jpg,3446,4707,0.7321011259825791
danbooru_anime_11919639.jpg,3776,4602,0.8205128205128205
danbooru_anime_11919641.jpg,4520,4944,0.9142394822006472
danbooru_anime_11919645.jpg,3831,3712,1.0320581896551724
danbooru_anime_11919646.jpg,4078,4439,0.9186753773372381
danbooru_anime_11919647.jpg,3936,3904,1.0081967213114753
danbooru_anime_11919648.jpg,3480,4624,0.7525951557093425
danbooru_anime_11919649.jpg,1300,1839,0.7069059271343121
danbooru_anime_11919650.jpg,4007,5184,0.7729552469135802
danbooru_anime_11919652.jpg,1280,1440,0.8888888888888888
danbooru_anime_11919653.jpg,3936,5248,0.75
danbooru_anime_11919658.jpg,898,1024,0.876953125
danbooru_anime_11919666.jpg,2304,3072,0.75
danbooru_anime_11919670.jpg,1500,2310,0.6493506493506493
danbooru_anime_11919672.jpg,1054,1186,0.8887015177065767
danbooru_anime_11919675.jpg,1280,1440,0.8888888888888888
danbooru_anime_11919677.jpg,2232,1760,1.268181818181818
danbooru_anime_11919678.jpg,3000,2292,1.3089005235602094
danbooru_anime_11919679.jpg,2622,4096,0.64013671875
danbooru_anime_11919681.jpg,900,1535,0.5863192182410424
danbooru_anime_11919682.jpg,2733,4096,0.667236328125
danbooru_anime_11919683.jpg,1280,1440,0.8888888888888888
danbooru_anime_11919684.jpg,1101,2048,0.53759765625
danbooru_anime_11919688.jpg,1200,1600,0.75
danbooru_anime_11919689.jpg,2312,3705,0.6240215924426451
danbooru_anime_11919690.jpg,1280,1030,1.2427184466019416
danbooru_anime_11919691.jpg,1280,1440,0.8888888888888888
danbooru_anime_11919692.jpg,1536,2048,0.75
danbooru_anime_11919694.jpg,1572,2048,0.767578125
danbooru_anime_11919695.jpg,1500,1500,1.0
danbooru_anime_11919696.jpg,1280,1440,0.8888888888888888
danbooru_anime_11919698.jpg,1719,1629,1.0552486187845305
danbooru_anime_11919699.jpg,1266,1424,0.8890449438202247
danbooru_anime_11919700.jpg,1280,1440,0.8888888888888888
danbooru_anime_11919702.jpg,1280,1440,0.8888888888888888
danbooru_anime_11919708.jpg,2480,3508,0.7069555302166477
danbooru_anime_11919712.jpg,1536,2048,0.75
danbooru_anime_11919722.jpg,643,664,0.9683734939759037
danbooru_anime_11919726.jpg,893,1338,0.6674140508221226
danbooru_anime_11919729.jpg,3138,4096,0.76611328125
danbooru_anime_11919730.jpg,4093,2722,1.5036737692872888
danbooru_anime_11919731.jpg,1268,2048,0.619140625
danbooru_anime_11919732.jpg,1200,1600,0.75
danbooru_anime_11919733.jpg,2048,2048,1.0
danbooru_anime_11919734.jpg,1375,1000,1.375
danbooru_anime_11919736.jpg,1000,1035,0.966183574879227
danbooru_anime_11919737.jpg,3840,2160,1.7777777777777777
danbooru_anime_11919741.jpg,4093,2894,1.4143054595715272
danbooru_anime_11919754.jpg,1280,1440,0.8888888888888888
danbooru_anime_11919755.jpg,1600,2400,0.6666666666666666
danbooru_anime_11919776.jpg,2560,2560,1.0
danbooru_anime_11919785.jpg,1280,1440,0.8888888888888888
danbooru_anime_11919799.jpg,2160,3840,0.5625
danbooru_anime_11919802.jpg,1280,1440,0.8888888888888888
danbooru_anime_11919805.jpg,1536,2048,0.75
danbooru_anime_11919806.jpg,1000,800,1.25
danbooru_anime_11919808.jpg,1410,2048,0.6884765625
danbooru_anime_11919809.jpg,1280,1440,0.8888888888888888
danbooru_anime_11919810.jpg,709,781,0.9078104993597952
danbooru_anime_11919818.jpg,1000,1414,0.7072135785007072
danbooru_anime_11919819.jpg,1400,2064,0.6782945736434108
danbooru_anime_11919823.jpg,1024,1152,0.8888888888888888
danbooru_anime_11919827.jpg,1000,1125,0.8888888888888888
danbooru_anime_11919829.jpg,1537,2224,0.6910971223021583
danbooru_anime_11919830.jpg,1558,2048,0.7607421875
danbooru_anime_11919838.jpg,1448,2048,0.70703125
danbooru_anime_11919842.jpg,1993,2039,0.9774399215301618
danbooru_anime_11919856.jpg,1490,2048,0.7275390625
danbooru_anime_11919858.jpg,1024,750,1.3653333333333333
danbooru_anime_11919860.jpg,2894,4093,0.7070608355729294
danbooru_anime_11919861.jpg,1426,1902,0.7497371188222923
danbooru_anime_11919870.jpg,2730,4053,0.6735751295336787
danbooru_anime_11919875.jpg,1960,3150,0.6222222222222222
danbooru_anime_11919877.jpg,1667,2000,0.8335
danbooru_anime_11919879.jpg,884,1200,0.7366666666666667
danbooru_anime_11919884.jpg,5100,3300,1.5454545454545454
danbooru_anime_11919885.jpg,1000,1414,0.7072135785007072
danbooru_anime_11919889.jpg,1887,4093,0.4610310285853897
danbooru_anime_11919896.jpg,2610,3759,0.6943335993615323
danbooru_anime_11919899.jpg,1000,1414,0.7072135785007072
danbooru_anime_11919901.jpg,800,1131,0.7073386383731212
danbooru_anime_11919904.jpg,1000,1480,0.6756756756756757
danbooru_anime_11919912.jpg,2048,1382,1.4819102749638204
danbooru_anime_11919913.jpg,1500,1067,1.4058106841611997
danbooru_anime_11919918.jpg,1528,1016,1.5039370078740157
danbooru_anime_11919920.jpg,800,1130,0.7079646017699115
danbooru_anime_11919921.jpg,2218,2948,0.7523744911804613
danbooru_anime_11919923.jpg,752,1062,0.7080979284369114
danbooru_anime_11919926.jpg,1000,1279,0.7818608287724785
danbooru_anime_11919928.jpg,2487,2977,0.8354047699025865
danbooru_anime_11919932.jpg,1690,828,2.0410628019323673
danbooru_anime_11919936.jpg,3840,2160,1.7777777777777777
danbooru_anime_11919937.jpg,2893,4092,0.706989247311828
danbooru_anime_11919944.jpg,2304,3072,0.75
danbooru_anime_11919946.jpg,800,1129,0.70859167404783
danbooru_anime_11919957.jpg,2000,3406,0.5871990604815033
danbooru_anime_11919966.jpg,1658,2456,0.6750814332247557
danbooru_anime_11919981.jpg,1200,1600,0.75
danbooru_anime_11919983.jpg,1080,1528,0.7068062827225131
danbooru_anime_11919987.jpg,2048,2732,0.7496339677891655
danbooru_anime_11919990.jpg,2892,4096,0.7060546875
danbooru_anime_11919992.jpg,705,1000,0.705
danbooru_anime_11919993.jpg,1346,1358,0.9911634756995582
danbooru_anime_11919994.jpg,1000,1412,0.7082152974504249
danbooru_anime_11919997.jpg,1260,1800,0.7
danbooru_anime_11920001.jpg,1500,1921,0.7808433107756377
danbooru_anime_11920002.jpg,800,1129,0.70859167404783
danbooru_anime_11920005.jpg,2400,1347,1.78173719376392
danbooru_anime_11920008.jpg,1526,990,1.5414141414141413
danbooru_anime_11920011.jpg,1853,2288,0.8098776223776224
danbooru_anime_11920013.jpg,868,1228,0.7068403908794788
danbooru_anime_11920015.jpg,2024,1640,1.2341463414634146
danbooru_anime_11920019.jpg,2300,3400,0.6764705882352942
danbooru_anime_11920022.jpg,1970,1242,1.5861513687600644
danbooru_anime_11920025.jpg,1000,1000,1.0
danbooru_anime_11920027.jpg,1000,1385,0.7220216606498195
danbooru_anime_11920028.jpg,1000,676,1.4792899408284024
danbooru_anime_11920034.jpg,2676,3108,0.861003861003861
danbooru_anime_11920038.jpg,987,2048,0.48193359375
danbooru_anime_11920049.jpg,1062,749,1.417890520694259
danbooru_anime_11920050.jpg,720,1016,0.7086614173228346
danbooru_anime_11920052.jpg,2150,3036,0.7081686429512516
danbooru_anime_11920055.jpg,1920,2618,0.7333842627960275
danbooru_anime_11920060.jpg,2866,4047,0.708178897949098
danbooru_anime_11920063.jpg,1750,1729,1.0121457489878543
danbooru_anime_11920068.jpg,1500,2666,0.5626406601650412
danbooru_anime_11920071.jpg,1800,3200,0.5625
danbooru_anime_11920073.jpg,2894,4093,0.7070608355729294
danbooru_anime_11920075.jpg,1800,3200,0.5625
danbooru_anime_11920077.jpg,1800,3200,0.5625
danbooru_anime_11920078.jpg,1800,3200,0.5625
danbooru_anime_11920079.jpg,1800,3200,0.5625
danbooru_anime_11920080.jpg,1800,3200,0.5625
danbooru_anime_11920084.jpg,1800,3200,0.5625
danbooru_anime_11920086.jpg,1600,2263,0.7070260715863897
danbooru_anime_11920087.jpg,1800,3200,0.5625
danbooru_anime_11920088.jpg,2076,3511,0.5912845343207064
danbooru_anime_11920090.jpg,1800,3200,0.5625
danbooru_anime_11920093.jpg,1800,3200,0.5625
danbooru_anime_11920094.jpg,1800,3200,0.5625
danbooru_anime_11920095.jpg,1800,3200,0.5625
danbooru_anime_11920097.jpg,1800,3200,0.5625
danbooru_anime_11920098.jpg,1800,3200,0.5625
danbooru_anime_11920099.jpg,1800,3200,0.5625
danbooru_anime_11920100.jpg,1800,3200,0.5625
danbooru_anime_11920115.jpg,5236,2840,1.843661971830986
danbooru_anime_11920119.jpg,1200,1895,0.633245382585752
danbooru_anime_11920122.jpg,1092,1638,0.6666666666666666
danbooru_anime_11920123.jpg,1432,2048,0.69921875
danbooru_anime_11920125.jpg,2557,3566,0.7170499158721256
danbooru_anime_11920128.jpg,1295,1946,0.6654676258992805
danbooru_anime_11920129.jpg,1289,1883,0.6845459373340415
danbooru_anime_11920130.jpg,1280,2048,0.625
danbooru_anime_11920132.jpg,1597,2249,0.7100933748332592
danbooru_anime_11920134.jpg,2279,3731,0.6108281961940498
danbooru_anime_11920138.jpg,964,1024,0.94140625
danbooru_anime_11920146.jpg,900,1200,0.75
danbooru_anime_11920155.jpg,2560,1440,1.7777777777777777
danbooru_anime_11920156.jpg,1000,1000,1.0
danbooru_anime_11920159.jpg,2500,5000,0.5
danbooru_anime_11920172.jpg,1024,1586,0.6456494325346784
danbooru_anime_11920174.jpg,735,1103,0.6663644605621033
danbooru_anime_11920176.jpg,3607,1500,2.4046666666666665
danbooru_anime_11920177.jpg,1024,1152,0.8888888888888888
danbooru_anime_11920179.jpg,844,1500,0.5626666666666666
danbooru_anime_11920185.jpg,1253,1623,0.7720271102895871
danbooru_anime_11920186.jpg,1080,1537,0.7026675341574495
danbooru_anime_11920188.jpg,991,1400,0.7078571428571429
danbooru_anime_11920192.jpg,2784,4420,0.6298642533936651
danbooru_anime_11920193.jpg,1024,1152,0.8888888888888888
danbooru_anime_11920198.jpg,1024,1152,0.8888888888888888
danbooru_anime_11920205.jpg,1024,1152,0.8888888888888888
danbooru_anime_11920206.jpg,1462,2048,0.7138671875
danbooru_anime_11920207.jpg,1024,1153,0.8881179531656548
danbooru_anime_11920211.jpg,3058,3822,0.8001046572475143
danbooru_anime_11920213.jpg,1100,1555,0.707395498392283
danbooru_anime_11920216.jpg,1100,1555,0.707395498392283
danbooru_anime_11920227.jpg,3508,2480,1.414516129032258
danbooru_anime_11920229.jpg,1024,1152,0.8888888888888888
danbooru_anime_11920233.jpg,1024,1152,0.8888888888888888
danbooru_anime_11920235.jpg,1310,2156,0.6076066790352505
danbooru_anime_11920237.jpg,1024,1153,0.8881179531656548
danbooru_anime_11920245.jpg,1024,1152,0.8888888888888888
danbooru_anime_11920247.jpg,2768,4096,0.67578125
danbooru_anime_11920248.jpg,686,744,0.9220430107526881
danbooru_anime_11920249.jpg,1000,1400,0.7142857142857143
danbooru_anime_11920253.jpg,3368,3256,1.0343980343980343
danbooru_anime_11920254.jpg,2508,3508,0.7149372862029647
danbooru_anime_11920260.jpg,1451,2048,0.70849609375
danbooru_anime_11920273.jpg,704,888,0.7927927927927928
danbooru_anime_11920279.jpg,2480,3508,0.7069555302166477
danbooru_anime_11920280.jpg,1000,1000,1.0
danbooru_anime_11920282.jpg,1225,1575,0.7777777777777778
danbooru_anime_11920286.jpg,749,749,1.0
danbooru_anime_11920292.jpg,1000,1600,0.625
danbooru_anime_11920296.jpg,2316,3240,0.7148148148148148
danbooru_anime_11920307.jpg,826,1024,0.806640625
danbooru_anime_11920309.jpg,840,1200,0.7
danbooru_anime_11920313.jpg,1482,3265,0.45390505359877487
danbooru_anime_11920319.jpg,1052,1419,0.7413671599718111
danbooru_anime_11920321.jpg,1349,1708,0.7898126463700235
danbooru_anime_11920323.jpg,1448,2048,0.70703125
danbooru_anime_11920325.jpg,2894,4093,0.7070608355729294
danbooru_anime_11920332.jpg,878,1239,0.70863599677159
danbooru_anime_11920334.jpg,2894,4093,0.7070608355729294
danbooru_anime_11920335.jpg,3840,2165,1.7736720554272518
danbooru_anime_11920337.jpg,1456,1937,0.7516778523489933
danbooru_anime_11920342.jpg,3072,4096,0.75
danbooru_anime_11920345.jpg,1269,688,1.8444767441860466
danbooru_anime_11920346.jpg,1440,1920,0.75
danbooru_anime_11920348.jpg,2331,3761,0.6197819728795533
danbooru_anime_11920351.jpg,2522,4086,0.6172295643661282
danbooru_anime_11920352.jpg,1312,1986,0.6606243705941591
danbooru_anime_11920356.jpg,2522,4086,0.6172295643661282
danbooru_anime_11920359.jpg,2150,3035,0.7084019769357496
danbooru_anime_11920362.jpg,2522,4086,0.6172295643661282
danbooru_anime_11920364.jpg,1448,2048,0.70703125
danbooru_anime_11920370.jpg,2427,3932,0.6172431332655137
danbooru_anime_11920374.jpg,2319,3784,0.6128435517970402
danbooru_anime_11920377.jpg,2559,1500,1.706
danbooru_anime_11920386.jpg,2432,4050,0.6004938271604938
danbooru_anime_11920388.jpg,1024,1152,0.8888888888888888
danbooru_anime_11920389.jpg,1331,2048,0.64990234375
danbooru_anime_11920393.jpg,2522,4086,0.6172295643661282
danbooru_anime_11920397.jpg,1819,3020,0.6023178807947019
danbooru_anime_11920401.jpg,1265,1782,0.7098765432098766
danbooru_anime_11920402.jpg,2480,3508,0.7069555302166477
danbooru_anime_11920405.jpg,2894,4093,0.7070608355729294
danbooru_anime_11920407.jpg,826,1169,0.7065868263473054
danbooru_anime_11920410.jpg,4096,2970,1.3791245791245792
danbooru_anime_11920411.jpg,1401,2048,0.68408203125
danbooru_anime_11920417.jpg,2470,3040,0.8125
danbooru_anime_11920419.jpg,2340,2880,0.8125
danbooru_anime_11920420.jpg,1443,2048,0.70458984375
danbooru_anime_11920421.jpg,1663,2048,0.81201171875
danbooru_anime_11920423.jpg,1664,2048,0.8125
danbooru_anime_11920424.jpg,1300,1600,0.8125
danbooru_anime_11920425.jpg,1664,2048,0.8125
danbooru_anime_11920426.jpg,1664,2048,0.8125
danbooru_anime_11920427.jpg,1664,2048,0.8125
danbooru_anime_11920428.jpg,1664,2048,0.8125
danbooru_anime_11920429.jpg,1664,2048,0.8125
danbooru_anime_11920430.jpg,1664,2048,0.8125
danbooru_anime_11920431.jpg,2338,3786,0.6175382989963022
danbooru_anime_11920433.jpg,971,1551,0.6260477111540941
danbooru_anime_11920444.jpg,1300,1415,0.9187279151943463
danbooru_anime_11920447.jpg,2480,3508,0.7069555302166477
danbooru_anime_11920453.jpg,1414,2000,0.707
danbooru_anime_11920455.jpg,2854,3808,0.7494747899159664
danbooru_anime_11920456.jpg,1848,2310,0.8
danbooru_anime_11920460.jpg,1800,2559,0.7033997655334114
danbooru_anime_11920462.jpg,1423,2048,0.69482421875
danbooru_anime_11920464.jpg,2894,4093,0.7070608355729294
danbooru_anime_11920468.jpg,1664,2048,0.8125
danbooru_anime_11920469.jpg,1200,1500,0.8
danbooru_anime_11920472.jpg,1464,2048,0.71484375
danbooru_anime_11920480.jpg,1875,2500,0.75
danbooru_anime_11920481.jpg,1133,1582,0.7161820480404552
danbooru_anime_11920482.jpg,1848,2310,0.8
danbooru_anime_11920493.jpg,2480,3508,0.7069555302166477
danbooru_anime_11920496.jpg,2390,2274,1.0510114335971856
danbooru_anime_11920500.jpg,1900,3800,0.5
danbooru_anime_11920503.jpg,1219,2189,0.5568752855185016
danbooru_anime_11920504.jpg,2048,1560,1.3128205128205128
danbooru_anime_11920505.jpg,1451,2048,0.70849609375
danbooru_anime_11920506.jpg,1920,1080,1.7777777777777777
danbooru_anime_11920512.jpg,2039,2894,0.7045611610228059
danbooru_anime_11920524.jpg,1530,2048,0.7470703125
danbooru_anime_11920526.jpg,2629,3809,0.6902074035179837
danbooru_anime_11920528.jpg,2480,3508,0.7069555302166477
danbooru_anime_11920533.jpg,3072,4096,0.75
danbooru_anime_11920534.jpg,1179,1664,0.7085336538461539
danbooru_anime_11920535.jpg,1335,2070,0.644927536231884
danbooru_anime_11920540.jpg,4000,5500,0.7272727272727273
danbooru_anime_11920542.jpg,1424,2048,0.6953125
danbooru_anime_11920551.jpg,1450,939,1.54419595314164
danbooru_anime_11920554.jpg,1854,3828,0.4843260188087774
danbooru_anime_11920560.jpg,967,2048,0.47216796875
danbooru_anime_11920562.jpg,765,1200,0.6375
danbooru_anime_11920564.jpg,2048,1931,1.0605903676851371
danbooru_anime_11920566.jpg,1600,1400,1.1428571428571428
danbooru_anime_11920567.jpg,1447,2047,0.7068881289692233
danbooru_anime_11920569.jpg,1600,1050,1.5238095238095237
danbooru_anime_11920572.jpg,1050,1400,0.75
danbooru_anime_11920575.jpg,2048,1576,1.299492385786802
danbooru_anime_11920579.jpg,1300,1400,0.9285714285714286
danbooru_anime_11920582.jpg,1700,1400,1.2142857142857142
danbooru_anime_11920584.jpg,1634,2048,0.7978515625
danbooru_anime_11920587.jpg,1931,3422,0.5642898889538281
danbooru_anime_11920589.jpg,2456,1736,1.4147465437788018
danbooru_anime_11920590.jpg,799,1200,0.6658333333333334
danbooru_anime_11920591.jpg,2456,1736,1.4147465437788018
danbooru_anime_11920600.jpg,2480,3508,0.7069555302166477
danbooru_anime_11920606.jpg,3000,3500,0.8571428571428571
danbooru_anime_11920612.jpg,693,1075,0.6446511627906977
danbooru_anime_11920617.jpg,2039,2894,0.7045611610228059
danbooru_anime_11920618.jpg,1859,2897,0.6416983085950984
danbooru_anime_11920619.jpg,2200,3080,0.7142857142857143
danbooru_anime_11920622.jpg,2766,4078,0.678273663560569
danbooru_anime_11920623.jpg,4775,2686,1.7777364110201042
danbooru_anime_11920627.jpg,2480,3984,0.6224899598393574
danbooru_anime_11920632.jpg,3427,4096,0.836669921875
danbooru_anime_11920637.jpg,867,1200,0.7225
danbooru_anime_11920638.jpg,4096,2849,1.4376974376974376
danbooru_anime_11920644.jpg,2013,3650,0.5515068493150685
danbooru_anime_11920645.jpg,2003,3705,0.5406207827260459
danbooru_anime_11920659.jpg,1928,2048,0.94140625
danbooru_anime_11920663.jpg,3600,5400,0.6666666666666666
danbooru_anime_11920664.jpg,3840,2165,1.7736720554272518
danbooru_anime_11920668.jpg,1533,2048,0.74853515625
danbooru_anime_11920671.jpg,2626,1961,1.3391126976032637
danbooru_anime_11920674.jpg,1181,1748,0.6756292906178489
danbooru_anime_11920682.jpg,1200,1700,0.7058823529411765
danbooru_anime_11920686.jpg,1900,1650,1.1515151515151516
danbooru_anime_11920699.jpg,1500,1492,1.0053619302949062
danbooru_anime_11920700.jpg,3240,4050,0.8
danbooru_anime_11920701.jpg,3240,4050,0.8
danbooru_anime_11920717.jpg,765,865,0.884393063583815
danbooru_anime_11920726.jpg,760,1000,0.76
danbooru_anime_11920730.jpg,2982,3975,0.750188679245283
danbooru_anime_11920731.jpg,2160,4256,0.5075187969924813
danbooru_anime_11920732.jpg,1592,1976,0.805668016194332
danbooru_anime_11920739.jpg,1556,2106,0.7388414055080722
danbooru_anime_11920743.jpg,2008,2850,0.7045614035087719
danbooru_anime_11920752.jpg,1228,2048,0.599609375
danbooru_anime_11920761.jpg,1240,1754,0.7069555302166477
danbooru_anime_11920762.jpg,1600,2262,0.7073386383731212
danbooru_anime_11920763.jpg,1063,1527,0.696136214800262
danbooru_anime_11920765.jpg,2508,3541,0.7082744987291726
danbooru_anime_11920766.jpg,2622,4035,0.649814126394052
danbooru_anime_11920773.jpg,2739,4111,0.6662612503040622
danbooru_anime_11920774.jpg,900,1200,0.75
danbooru_anime_11920779.jpg,2894,3884,0.7451081359423275
danbooru_anime_11920786.jpg,3555,2000,1.7775
danbooru_anime_11920790.jpg,1000,1412,0.7082152974504249
danbooru_anime_11920793.jpg,4096,2779,1.4739114789492622
danbooru_anime_11920797.jpg,2100,3250,0.6461538461538462
danbooru_anime_11920798.jpg,2160,2700,0.8
danbooru_anime_11920805.jpg,1447,2047,0.7068881289692233
danbooru_anime_11920806.jpg,2329,3838,0.6068264721208964
danbooru_anime_11920807.jpg,900,1200,0.75
danbooru_anime_11920811.jpg,3822,2100,1.82
danbooru_anime_11920826.jpg,2480,3508,0.7069555302166477
danbooru_anime_11920827.jpg,1536,2048,0.75
danbooru_anime_11920829.jpg,1757,2498,0.7033626901521217
danbooru_anime_11920831.jpg,2894,4093,0.7070608355729294
danbooru_anime_11920840.jpg,1030,900,1.1444444444444444
danbooru_anime_11920841.jpg,3610,2591,1.393284446159784
danbooru_anime_11920847.jpg,934,1508,0.6193633952254642
danbooru_anime_11920848.jpg,1064,1505,0.7069767441860465
danbooru_anime_11920852.jpg,1500,1990,0.7537688442211056
danbooru_anime_11920853.jpg,2048,1743,1.1749856569133676
danbooru_anime_11920858.jpg,900,1200,0.75
danbooru_anime_11920860.jpg,2000,3000,0.6666666666666666
danbooru_anime_11920863.jpg,1300,1300,1.0
danbooru_anime_11920864.jpg,1280,1280,1.0
danbooru_anime_11920872.jpg,977,1220,0.8008196721311476
danbooru_anime_11920873.jpg,1300,1300,1.0
danbooru_anime_11920875.jpg,1554,2106,0.7378917378917379
danbooru_anime_11920880.jpg,1405,1988,0.7067404426559356
danbooru_anime_11920885.jpg,900,1200,0.75
danbooru_anime_11920886.jpg,2048,1638,1.2503052503052503
danbooru_anime_11920895.jpg,1528,1016,1.5039370078740157
danbooru_anime_11920896.jpg,1684,1191,1.4139378673383711
danbooru_anime_11920898.jpg,2291,3106,0.7376046361880232
danbooru_anime_11920901.jpg,1560,966,1.6149068322981366
danbooru_anime_11920906.jpg,1176,1536,0.765625
danbooru_anime_11920908.jpg,1200,1600,0.75
danbooru_anime_11920918.jpg,1541,2000,0.7705
danbooru_anime_11920921.jpg,1200,1600,0.75
danbooru_anime_11920932.jpg,1200,1600,0.75
danbooru_anime_11920936.jpg,989,1550,0.6380645161290323
danbooru_anime_11920938.jpg,1181,1772,0.6664785553047404
danbooru_anime_11920941.jpg,983,1585,0.6201892744479496
danbooru_anime_11920942.jpg,1333,805,1.6559006211180125
danbooru_anime_11920943.jpg,1661,2548,0.651883830455259
danbooru_anime_11920944.jpg,2480,5012,0.4948124501197127
danbooru_anime_11920945.jpg,900,1267,0.7103393843725335
danbooru_anime_11920946.jpg,2083,2947,0.7068204954190702
danbooru_anime_11920947.jpg,1280,1920,0.6666666666666666
danbooru_anime_11920965.jpg,1968,2048,0.9609375
danbooru_anime_11920966.jpg,1122,793,1.4148802017654476
danbooru_anime_11920968.jpg,1679,1752,0.9583333333333334
danbooru_anime_11920969.jpg,836,898,0.9309576837416481
danbooru_anime_11920970.jpg,4093,2894,1.4143054595715272
danbooru_anime_11920973.jpg,2200,1800,1.2222222222222223
danbooru_anime_11920980.jpg,708,999,0.7087087087087087
danbooru_anime_11920981.jpg,1833,1200,1.5275
danbooru_anime_11920993.jpg,1500,3000,0.5
danbooru_anime_11920995.jpg,1423,1194,1.1917922948073703
danbooru_anime_11920998.jpg,1200,1600,0.75
danbooru_anime_11921003.jpg,1014,2133,0.47538677918424754
danbooru_anime_11921005.jpg,1200,1600,0.75
danbooru_anime_11921007.jpg,845,915,0.9234972677595629
danbooru_anime_11921008.jpg,1014,2133,0.47538677918424754
danbooru_anime_11921010.jpg,2480,3508,0.7069555302166477
danbooru_anime_11921016.jpg,1189,1560,0.7621794871794871
danbooru_anime_11921017.jpg,1528,1016,1.5039370078740157
danbooru_anime_11921025.jpg,959,999,0.95995995995996
danbooru_anime_11921027.jpg,1357,1920,0.7067708333333333
danbooru_anime_11921030.jpg,1011,798,1.2669172932330828
danbooru_anime_11921032.jpg,1200,1600,0.75
danbooru_anime_11921038.jpg,1307,2000,0.6535
danbooru_anime_11921044.jpg,1200,1600,0.75
danbooru_anime_11921045.jpg,1232,1559,0.7902501603592046
danbooru_anime_11921047.jpg,3840,2160,1.7777777777777777
danbooru_anime_11921049.jpg,2896,4096,0.70703125
danbooru_anime_11921050.jpg,4096,2731,1.4998169168802635
danbooru_anime_11921051.jpg,2000,2973,0.6727211570803902
danbooru_anime_11921052.jpg,1060,1500,0.7066666666666667
danbooru_anime_11921054.jpg,2960,4456,0.6642728904847397
danbooru_anime_11921055.jpg,1200,1600,0.75
danbooru_anime_11921058.jpg,4096,2162,1.8945420906567993
danbooru_anime_11921059.jpg,1323,1839,0.7194127243066885
danbooru_anime_11921060.jpg,3000,3000,1.0
danbooru_anime_11921061.jpg,1080,1920,0.5625
danbooru_anime_11921062.jpg,2318,1749,1.3253287592910235
danbooru_anime_11921065.jpg,1900,1902,0.9989484752891693
danbooru_anime_11921067.jpg,3000,3000,1.0
danbooru_anime_11921068.jpg,1280,1280,1.0
danbooru_anime_11921069.jpg,1200,1678,0.7151370679380215
danbooru_anime_11921071.jpg,2048,2732,0.7496339677891655
danbooru_anime_11921072.jpg,1321,1832,0.7210698689956332
danbooru_anime_11921073.jpg,900,972,0.9259259259259259
danbooru_anime_11921074.jpg,1200,1678,0.7151370679380215
danbooru_anime_11921078.jpg,4409,2480,1.7778225806451613
danbooru_anime_11921082.jpg,2089,4573,0.45681172097091627
danbooru_anime_11921090.jpg,1357,1512,0.8974867724867724
danbooru_anime_11921091.jpg,1436,2048,0.701171875
danbooru_anime_11921095.jpg,2560,1440,1.7777777777777777
danbooru_anime_11921096.jpg,1057,1500,0.7046666666666667
danbooru_anime_11921097.jpg,2084,2910,0.7161512027491409
danbooru_anime_11921098.jpg,3511,3508,1.0008551881413912
danbooru_anime_11921110.jpg,2894,4093,0.7070608355729294
danbooru_anime_11921117.jpg,2591,3900,0.6643589743589744
danbooru_anime_11921118.jpg,1075,1500,0.7166666666666667
danbooru_anime_11921119.jpg,2631,1860,1.414516129032258
danbooru_anime_11921130.jpg,2027,2786,0.7275664034458005
danbooru_anime_11921138.jpg,2894,4093,0.7070608355729294
danbooru_anime_11921139.jpg,1240,2205,0.562358276643991
danbooru_anime_11921150.jpg,770,1090,0.7064220183486238
danbooru_anime_11921152.jpg,3442,4655,0.7394199785177229
danbooru_anime_11921157.jpg,1448,2048,0.70703125
danbooru_anime_11921158.jpg,1736,2456,0.7068403908794788
danbooru_anime_11921159.jpg,1736,2456,0.7068403908794788
danbooru_anime_11921162.jpg,2977,3621,0.8221485777409555
danbooru_anime_11921164.jpg,1198,1933,0.619762027935851
danbooru_anime_11921168.jpg,3110,4110,0.7566909975669099
danbooru_anime_11921175.jpg,2373,3679,0.6450122315846697
danbooru_anime_11921181.jpg,700,771,0.9079118028534371
danbooru_anime_11921183.jpg,2560,1440,1.7777777777777777
danbooru_anime_11921186.jpg,1493,1677,0.8902802623732856
danbooru_anime_11921187.jpg,672,939,0.7156549520766773
danbooru_anime_11921189.jpg,1084,1630,0.6650306748466258
danbooru_anime_11921190.jpg,2929,4096,0.715087890625
danbooru_anime_11921197.jpg,744,1185,0.6278481012658228
danbooru_anime_11921199.jpg,949,1342,0.7071535022354695
danbooru_anime_11921209.jpg,880,880,1.0
danbooru_anime_11921212.jpg,880,880,1.0
danbooru_anime_11921214.jpg,880,880,1.0
danbooru_anime_11921215.jpg,880,880,1.0
danbooru_anime_11921218.jpg,880,880,1.0
danbooru_anime_11921221.jpg,880,777,1.1325611325611327
danbooru_anime_11921229.jpg,880,880,1.0
danbooru_anime_11921230.jpg,3268,5460,0.5985347985347985
danbooru_anime_11921231.jpg,880,880,1.0
danbooru_anime_11921235.jpg,1000,1399,0.7147962830593281
danbooru_anime_11921236.jpg,1500,2064,0.7267441860465116
danbooru_anime_11921238.jpg,1200,1667,0.7198560287942412
danbooru_anime_11921239.jpg,2480,2683,0.9243384271338054
danbooru_anime_11921245.jpg,2064,1460,1.4136986301369863
danbooru_anime_11921248.jpg,1426,1901,0.7501315097317202
danbooru_anime_11921249.jpg,2400,3691,0.6502302898943376
danbooru_anime_11921250.jpg,2140,3056,0.7002617801047121
danbooru_anime_11921253.jpg,1080,1440,0.75
danbooru_anime_11921254.jpg,2048,1423,1.4392129304286718
danbooru_anime_11921255.jpg,3645,2430,1.5
danbooru_anime_11921256.jpg,1500,2000,0.75
danbooru_anime_11921257.jpg,1536,2048,0.75
danbooru_anime_11921258.jpg,2560,1440,1.7777777777777777
danbooru_anime_11921259.jpg,975,1742,0.5597014925373134
danbooru_anime_11921260.jpg,2048,1706,1.2004689331770222
danbooru_anime_11921262.jpg,1068,1200,0.89
danbooru_anime_11921266.jpg,2508,3541,0.7082744987291726
danbooru_anime_11921267.jpg,2448,4352,0.5625
danbooru_anime_11921269.jpg,1024,1152,0.8888888888888888
danbooru_anime_11921270.jpg,1539,1693,0.9090372120496161
danbooru_anime_11921271.jpg,3688,2243,1.6442264823896566
danbooru_anime_11921272.jpg,1448,2048,0.70703125
danbooru_anime_11921273.jpg,1970,4096,0.48095703125
danbooru_anime_11921274.jpg,1500,2000,0.75
danbooru_anime_11921275.jpg,1024,1152,0.8888888888888888
danbooru_anime_11921277.jpg,1627,2885,0.5639514731369151
danbooru_anime_11921278.jpg,2894,4093,0.7070608355729294
danbooru_anime_11921279.jpg,789,1200,0.6575
danbooru_anime_11921280.jpg,1996,2018,0.9890981169474727
danbooru_anime_11921283.jpg,1024,1152,0.8888888888888888
danbooru_anime_11921284.jpg,2811,4096,0.686279296875
danbooru_anime_11921286.jpg,1200,1600,0.75
danbooru_anime_11921288.jpg,1160,1381,0.8399710354815351
danbooru_anime_11921289.jpg,1460,2064,0.7073643410852714
danbooru_anime_11921291.jpg,791,1200,0.6591666666666667
danbooru_anime_11921292.jpg,1312,1800,0.7288888888888889
danbooru_anime_11921293.jpg,955,1073,0.8900279589934762
danbooru_anime_11921295.jpg,900,1156,0.7785467128027682
danbooru_anime_11921296.jpg,3456,4096,0.84375
danbooru_anime_11921298.jpg,2894,4093,0.7070608355729294
danbooru_anime_11921299.jpg,1200,1200,1.0
danbooru_anime_11921300.jpg,1200,1697,0.7071302298173247
danbooru_anime_11921301.jpg,975,1096,0.8895985401459854
danbooru_anime_11921302.jpg,1075,1500,0.7166666666666667
danbooru_anime_11921303.jpg,3506,6000,0.5843333333333334
danbooru_anime_11921304.jpg,2391,2822,0.8472714386959603
danbooru_anime_11921305.jpg,702,1003,0.6999002991026919
danbooru_anime_11921306.jpg,1024,1153,0.8881179531656548
danbooru_anime_11921308.jpg,1260,1800,0.7
danbooru_anime_11921309.jpg,2064,1460,1.4136986301369863
danbooru_anime_11921311.jpg,1024,1152,0.8888888888888888
danbooru_anime_11921312.jpg,1200,1500,0.8
danbooru_anime_11921313.jpg,2894,4093,0.7070608355729294
danbooru_anime_11921319.jpg,2048,2048,1.0
danbooru_anime_11921321.jpg,1024,1152,0.8888888888888888
danbooru_anime_11921324.jpg,1400,2400,0.5833333333333334
danbooru_anime_11921325.jpg,1447,2039,0.7096615988229524
danbooru_anime_11921326.jpg,1024,1152,0.8888888888888888
danbooru_anime_11921328.jpg,1536,2048,0.75
danbooru_anime_11921331.jpg,2000,2000,1.0
danbooru_anime_11921334.jpg,1024,1152,0.8888888888888888
danbooru_anime_11921336.jpg,1625,1468,1.1069482288828338
danbooru_anime_11921337.jpg,1625,1456,1.1160714285714286
danbooru_anime_11921339.jpg,1024,1151,0.889661164205039
danbooru_anime_11921345.jpg,698,987,0.707193515704154
danbooru_anime_11921346.jpg,1004,2048,0.490234375
danbooru_anime_11921347.jpg,1200,1200,1.0
danbooru_anime_11921352.jpg,2048,2048,1.0
danbooru_anime_11921388.jpg,5000,6965,0.7178750897343862
danbooru_anime_11921394.jpg,1448,2048,0.70703125
danbooru_anime_11921396.jpg,1241,1195,1.0384937238493723
danbooru_anime_11921399.jpg,1365,2048,0.66650390625
danbooru_anime_11921404.jpg,3955,5798,0.6821317695757158
danbooru_anime_11921405.jpg,1735,2285,0.7592997811816192
danbooru_anime_11921406.jpg,1378,2039,0.6758214811181952
danbooru_anime_11921408.jpg,1800,2032,0.8858267716535433
danbooru_anime_11921409.jpg,1374,1637,0.8393402565668907
danbooru_anime_11921411.jpg,3507,2480,1.4141129032258064
danbooru_anime_11921412.jpg,1449,2048,0.70751953125
danbooru_anime_11921417.jpg,3000,2425,1.2371134020618557
danbooru_anime_11921419.jpg,1339,1500,0.8926666666666667
danbooru_anime_11921420.jpg,691,1000,0.691
danbooru_anime_11921421.jpg,3897,4096,0.951416015625
danbooru_anime_11921422.jpg,691,1000,0.691
danbooru_anime_11921424.jpg,1200,1703,0.7046388725778039
danbooru_anime_11921425.jpg,1200,1703,0.7046388725778039
danbooru_anime_11921430.jpg,848,1200,0.7066666666666667
danbooru_anime_11921431.jpg,3000,2000,1.5
danbooru_anime_11921433.jpg,1266,1700,0.7447058823529412
danbooru_anime_11921434.jpg,1455,1190,1.2226890756302522
danbooru_anime_11921438.jpg,1966,1286,1.5287713841368584
danbooru_anime_11921439.jpg,2892,4096,0.7060546875
danbooru_anime_11921444.jpg,1340,2048,0.654296875
danbooru_anime_11921446.jpg,1174,1749,0.6712407089765581
danbooru_anime_11921447.jpg,3289,3720,0.8841397849462366
danbooru_anime_11921454.jpg,1416,1707,0.8295254833040422
danbooru_anime_11921457.jpg,2000,2800,0.7142857142857143
painting_humanart_10000000000001.jpg,300,563,0.5328596802841918
painting_humanart_10000000000002.jpg,300,434,0.6912442396313364
painting_humanart_10000000000003.jpg,300,1134,0.26455026455026454
painting_humanart_10000000000005.jpg,424,300,1.4133333333333333
painting_humanart_10000000000006.jpg,433,300,1.4433333333333334
painting_humanart_10000000000008.jpg,436,300,1.4533333333333334
painting_humanart_10000000000009.jpg,434,300,1.4466666666666668
painting_humanart_10000000000010.jpg,300,399,0.7518796992481203
painting_humanart_10000000000012.jpg,227,450,0.5044444444444445
painting_humanart_10000000000013.jpg,210,450,0.4666666666666667
painting_humanart_10000000000015.jpg,458,300,1.5266666666666666
painting_humanart_10000000000017.jpg,400,300,1.3333333333333333
painting_humanart_10000000000018.jpg,300,407,0.7371007371007371
painting_humanart_10000000000019.jpg,300,607,0.4942339373970346
painting_humanart_10000000000021.jpg,371,300,1.2366666666666666
painting_humanart_10000000000022.jpg,300,1282,0.23400936037441497
painting_humanart_10000000000023.jpg,402,300,1.34
painting_humanart_10000000000025.jpg,220,1024,0.21484375
painting_humanart_10000000000026.jpg,409,300,1.3633333333333333
painting_humanart_10000000000027.jpg,417,300,1.39
painting_humanart_10000000000030.jpg,403,300,1.3433333333333333
painting_humanart_10000000000031.jpg,430,300,1.4333333333333333
painting_humanart_10000000000033.jpg,300,614,0.48859934853420195
painting_humanart_10000000000036.jpg,397,300,1.3233333333333333
painting_humanart_10000000000037.jpg,415,300,1.3833333333333333
painting_humanart_10000000000038.jpg,300,610,0.4918032786885246
painting_humanart_10000000000040.jpg,368,300,1.2266666666666666
painting_humanart_10000000000041.jpg,417,300,1.39
painting_humanart_10000000000042.jpg,300,600,0.5
painting_humanart_10000000000045.jpg,300,411,0.7299270072992701
painting_humanart_10000000000046.jpg,300,434,0.6912442396313364
painting_humanart_10000000000048.jpg,300,614,0.48859934853420195
painting_humanart_10000000000049.jpg,409,300,1.3633333333333333
painting_humanart_10000000000052.jpg,300,420,0.7142857142857143
painting_humanart_10000000000055.jpg,300,844,0.35545023696682465
painting_humanart_10000000000056.jpg,300,615,0.4878048780487805
painting_humanart_10000000000057.jpg,434,300,1.4466666666666668
painting_humanart_10000000000058.jpg,300,586,0.5119453924914675
painting_humanart_10000000000060.jpg,372,300,1.24
painting_humanart_10000000000061.jpg,426,300,1.42
painting_humanart_10000000000062.jpg,411,300,1.37
painting_humanart_10000000000064.jpg,300,776,0.3865979381443299
painting_humanart_10000000000066.jpg,431,300,1.4366666666666668
painting_humanart_10000000000067.jpg,300,1223,0.24529844644317253
painting_humanart_10000000000068.jpg,387,300,1.29
painting_humanart_1000000000007.jpg,680,525,1.2952380952380953
painting_humanart_10000000000071.jpg,300,584,0.5136986301369864
painting_humanart_10000000000072.jpg,300,595,0.5042016806722689
painting_humanart_10000000000073.jpg,300,768,0.390625
painting_humanart_10000000000074.jpg,405,300,1.35
painting_humanart_10000000000076.jpg,170,450,0.37777777777777777
painting_humanart_10000000000077.jpg,411,300,1.37
painting_humanart_10000000000079.jpg,398,300,1.3266666666666667
painting_humanart_10000000000082.jpg,358,300,1.1933333333333334
painting_humanart_10000000000084.jpg,300,547,0.5484460694698354
painting_humanart_10000000000085.jpg,374,300,1.2466666666666666
painting_humanart_10000000000086.jpg,300,401,0.7481296758104738
painting_humanart_10000000000087.jpg,300,769,0.39011703511053314
painting_humanart_10000000000088.jpg,300,844,0.35545023696682465
painting_humanart_10000000000089.jpg,300,846,0.3546099290780142
painting_humanart_10000000000091.jpg,300,814,0.36855036855036855
painting_humanart_10000000000095.jpg,300,405,0.7407407407407407
painting_humanart_10000000000097.jpg,401,300,1.3366666666666667
painting_humanart_10000000000099.jpg,167,450,0.3711111111111111
painting_humanart_10000000000100.jpg,407,300,1.3566666666666667
painting_humanart_10000000000102.jpg,300,408,0.7352941176470589
painting_humanart_10000000000104.jpg,235,450,0.5222222222222223
painting_humanart_10000000000106.jpg,420,300,1.4
painting_humanart_10000000000107.jpg,300,601,0.49916805324459235
painting_humanart_10000000000109.jpg,300,599,0.5008347245409015
painting_humanart_10000000000112.jpg,417,300,1.39
painting_humanart_10000000000113.jpg,417,300,1.39
painting_humanart_10000000000114.jpg,435,300,1.45
painting_humanart_10000000000116.jpg,300,455,0.6593406593406593
painting_humanart_10000000000120.jpg,300,681,0.44052863436123346
painting_humanart_10000000000121.jpg,300,417,0.7194244604316546
painting_humanart_10000000000125.jpg,300,602,0.4983388704318937
painting_humanart_10000000000129.jpg,437,300,1.4566666666666668
painting_humanart_10000000000130.jpg,346,300,1.1533333333333333
painting_humanart_10000000000131.jpg,409,300,1.3633333333333333
painting_humanart_10000000000136.jpg,417,300,1.39
painting_humanart_10000000000139.jpg,300,614,0.48859934853420195
painting_humanart_10000000000140.jpg,421,300,1.4033333333333333
painting_humanart_10000000000144.jpg,371,300,1.2366666666666666
painting_humanart_10000000000145.jpg,300,426,0.704225352112676
painting_humanart_10000000000147.jpg,413,300,1.3766666666666667
painting_humanart_10000000000148.jpg,300,789,0.38022813688212925
painting_humanart_10000000000149.jpg,422,300,1.4066666666666667
painting_humanart_10000000000150.jpg,372,300,1.24
painting_humanart_10000000000152.jpg,516,300,1.72
painting_humanart_10000000000153.jpg,394,300,1.3133333333333332
painting_humanart_10000000000154.jpg,423,300,1.41
painting_humanart_10000000000155.jpg,300,844,0.35545023696682465
painting_humanart_10000000000157.jpg,418,300,1.3933333333333333
painting_humanart_10000000000159.jpg,400,300,1.3333333333333333
painting_humanart_10000000000161.jpg,396,300,1.32
painting_humanart_10000000000163.jpg,416,300,1.3866666666666667
painting_humanart_10000000000164.jpg,300,560,0.5357142857142857
painting_humanart_10000000000165.jpg,300,403,0.7444168734491315
painting_humanart_10000000000167.jpg,408,300,1.36
painting_humanart_10000000000168.jpg,412,300,1.3733333333333333
painting_humanart_10000000000170.jpg,416,300,1.3866666666666667
painting_humanart_10000000000173.jpg,300,777,0.3861003861003861
painting_humanart_10000000000176.jpg,300,1294,0.23183925811437403
painting_humanart_10000000000178.jpg,300,601,0.49916805324459235
painting_humanart_10000000000180.jpg,409,300,1.3633333333333333
painting_humanart_10000000000181.jpg,300,880,0.3409090909090909
painting_humanart_10000000000182.jpg,300,497,0.6036217303822937
painting_humanart_10000000000183.jpg,300,541,0.5545286506469501
painting_humanart_10000000000184.jpg,300,554,0.5415162454873647
painting_humanart_10000000000186.jpg,224,450,0.49777777777777776
painting_humanart_10000000000187.jpg,432,300,1.44
painting_humanart_10000000000189.jpg,300,867,0.3460207612456747
painting_humanart_10000000000190.jpg,422,300,1.4066666666666667
painting_humanart_10000000000193.jpg,300,541,0.5545286506469501
painting_humanart_10000000000194.jpg,416,300,1.3866666666666667
painting_humanart_10000000000195.jpg,419,300,1.3966666666666667
painting_humanart_10000000000196.jpg,300,589,0.5093378607809848
painting_humanart_10000000000198.jpg,400,300,1.3333333333333333
painting_humanart_1000000000020.jpg,1000,562,1.7793594306049823
painting_humanart_10000000000200.jpg,300,631,0.4754358161648177
painting_humanart_10000000000204.jpg,412,300,1.3733333333333333
painting_humanart_10000000000205.jpg,404,300,1.3466666666666667
painting_humanart_10000000000206.jpg,300,605,0.49586776859504134
painting_humanart_10000000000208.jpg,300,636,0.4716981132075472
painting_humanart_10000000000215.jpg,300,615,0.4878048780487805
painting_humanart_10000000000216.jpg,442,300,1.4733333333333334
painting_humanart_10000000000218.jpg,396,300,1.32
painting_humanart_10000000000219.jpg,400,300,1.3333333333333333
painting_humanart_10000000000220.jpg,410,300,1.3666666666666667
painting_humanart_10000000000222.jpg,406,300,1.3533333333333333
painting_humanart_10000000000223.jpg,300,434,0.6912442396313364
painting_humanart_10000000000224.jpg,436,300,1.4533333333333334
painting_humanart_10000000000225.jpg,387,300,1.29
painting_humanart_10000000000226.jpg,432,300,1.44
painting_humanart_10000000000227.jpg,216,450,0.48
painting_humanart_10000000000232.jpg,455,300,1.5166666666666666
painting_humanart_10000000000233.jpg,406,300,1.3533333333333333
painting_humanart_10000000000234.jpg,300,612,0.49019607843137253
painting_humanart_10000000000236.jpg,393,300,1.31
painting_humanart_10000000000237.jpg,400,300,1.3333333333333333
painting_humanart_10000000000238.jpg,300,403,0.7444168734491315
painting_humanart_10000000000242.jpg,222,450,0.49333333333333335
painting_humanart_10000000000246.jpg,432,300,1.44
painting_humanart_10000000000248.jpg,300,583,0.5145797598627787
painting_humanart_10000000000250.jpg,420,300,1.4
painting_humanart_10000000000252.jpg,409,300,1.3633333333333333
painting_humanart_10000000000253.jpg,300,749,0.40053404539385845
painting_humanart_10000000000254.jpg,435,300,1.45
painting_humanart_10000000000258.jpg,226,450,0.5022222222222222
painting_humanart_10000000000260.jpg,300,423,0.7092198581560284
painting_humanart_10000000000261.jpg,300,537,0.5586592178770949
painting_humanart_10000000000262.jpg,393,300,1.31
painting_humanart_10000000000264.jpg,381,300,1.27
painting_humanart_10000000000266.jpg,300,702,0.42735042735042733
painting_humanart_10000000000267.jpg,421,300,1.4033333333333333
painting_humanart_10000000000268.jpg,435,300,1.45
painting_humanart_10000000000269.jpg,300,797,0.37641154328732745
painting_humanart_10000000000270.jpg,402,300,1.34
painting_humanart_10000000000271.jpg,537,300,1.79
painting_humanart_10000000000272.jpg,300,425,0.7058823529411765
painting_humanart_10000000000273.jpg,427,300,1.4233333333333333
painting_humanart_10000000000274.jpg,402,300,1.34
painting_humanart_10000000000277.jpg,300,513,0.5847953216374269
painting_humanart_10000000000279.jpg,430,300,1.4333333333333333
painting_humanart_10000000000282.jpg,300,1348,0.22255192878338279
painting_humanart_10000000000283.jpg,300,675,0.4444444444444444
painting_humanart_10000000000284.jpg,300,592,0.5067567567567568
painting_humanart_10000000000285.jpg,378,300,1.26
painting_humanart_10000000000286.jpg,409,300,1.3633333333333333
painting_humanart_10000000000287.jpg,424,300,1.4133333333333333
painting_humanart_10000000000290.jpg,167,450,0.3711111111111111
painting_humanart_10000000000291.jpg,300,1169,0.2566295979469632
painting_humanart_10000000000292.jpg,300,625,0.48
painting_humanart_10000000000293.jpg,411,300,1.37
painting_humanart_10000000000296.jpg,433,300,1.4433333333333334
painting_humanart_10000000000297.jpg,419,300,1.3966666666666667
painting_humanart_10000000000299.jpg,424,300,1.4133333333333333
painting_humanart_1000000000030.jpg,1400,1704,0.8215962441314554
painting_humanart_10000000000300.jpg,300,617,0.4862236628849271
painting_humanart_10000000000301.jpg,300,611,0.4909983633387889
painting_humanart_10000000000302.jpg,167,450,0.3711111111111111
painting_humanart_10000000000304.jpg,400,300,1.3333333333333333
painting_humanart_10000000000305.jpg,406,300,1.3533333333333333
painting_humanart_10000000000306.jpg,416,300,1.3866666666666667
painting_humanart_10000000000308.jpg,300,698,0.4297994269340974
painting_humanart_10000000000309.jpg,300,1139,0.2633889376646181
painting_humanart_10000000000310.jpg,300,323,0.9287925696594427
painting_humanart_10000000000314.jpg,300,620,0.4838709677419355
painting_humanart_10000000000315.jpg,372,300,1.24
painting_humanart_10000000000316.jpg,387,300,1.29
painting_humanart_10000000000317.jpg,410,300,1.3666666666666667
painting_humanart_10000000000318.jpg,300,376,0.7978723404255319
painting_humanart_10000000000319.jpg,430,300,1.4333333333333333
painting_humanart_10000000000320.jpg,300,826,0.36319612590799033
painting_humanart_10000000000323.jpg,400,300,1.3333333333333333
painting_humanart_10000000000324.jpg,300,615,0.4878048780487805
painting_humanart_10000000000325.jpg,300,635,0.47244094488188976
painting_humanart_10000000000326.jpg,392,300,1.3066666666666666
painting_humanart_10000000000327.jpg,419,300,1.3966666666666667
painting_humanart_10000000000329.jpg,300,587,0.5110732538330494
painting_humanart_10000000000330.jpg,427,300,1.4233333333333333
painting_humanart_10000000000332.jpg,300,584,0.5136986301369864
painting_humanart_10000000000333.jpg,300,437,0.6864988558352403
painting_humanart_10000000000334.jpg,377,300,1.2566666666666666
painting_humanart_10000000000335.jpg,300,644,0.4658385093167702
painting_humanart_10000000000336.jpg,400,300,1.3333333333333333
painting_humanart_10000000000338.jpg,300,584,0.5136986301369864
painting_humanart_10000000000339.jpg,411,300,1.37
painting_humanart_10000000000342.jpg,400,300,1.3333333333333333
painting_humanart_10000000000343.jpg,415,300,1.3833333333333333
painting_humanart_10000000000348.jpg,114,450,0.25333333333333335
painting_humanart_10000000000352.jpg,410,300,1.3666666666666667
painting_humanart_10000000000353.jpg,300,582,0.5154639175257731
painting_humanart_10000000000354.jpg,421,300,1.4033333333333333
painting_humanart_10000000000356.jpg,424,300,1.4133333333333333
painting_humanart_10000000000357.jpg,436,300,1.4533333333333334
painting_humanart_10000000000358.jpg,300,637,0.47095761381475665
painting_humanart_10000000000360.jpg,425,300,1.4166666666666667
painting_humanart_10000000000363.jpg,300,594,0.5050505050505051
painting_humanart_10000000000364.jpg,300,780,0.38461538461538464
painting_humanart_10000000000366.jpg,235,504,0.4662698412698413
painting_humanart_10000000000370.jpg,208,450,0.4622222222222222
painting_humanart_10000000000372.jpg,300,535,0.5607476635514018
painting_humanart_10000000000373.jpg,405,300,1.35
painting_humanart_10000000000374.jpg,300,437,0.6864988558352403
painting_humanart_10000000000375.jpg,423,300,1.41
painting_humanart_10000000000376.jpg,396,300,1.32
painting_humanart_10000000000377.jpg,408,300,1.36
painting_humanart_10000000000378.jpg,300,610,0.4918032786885246
painting_humanart_10000000000381.jpg,414,300,1.38
painting_humanart_10000000000383.jpg,430,300,1.4333333333333333
painting_humanart_10000000000385.jpg,300,344,0.872093023255814
painting_humanart_10000000000388.jpg,400,300,1.3333333333333333
painting_humanart_10000000000390.jpg,301,300,1.0033333333333334
painting_humanart_10000000000392.jpg,584,300,1.9466666666666668
painting_humanart_10000000000393.jpg,393,300,1.31
painting_humanart_10000000000395.jpg,300,392,0.7653061224489796
painting_humanart_10000000000396.jpg,423,300,1.41
painting_humanart_10000000000397.jpg,421,300,1.4033333333333333
painting_humanart_10000000000398.jpg,389,300,1.2966666666666666
painting_humanart_10000000000401.jpg,300,348,0.8620689655172413
painting_humanart_10000000000402.jpg,300,310,0.967741935483871
painting_humanart_10000000000406.jpg,400,300,1.3333333333333333
painting_humanart_10000000000408.jpg,592,300,1.9733333333333334
painting_humanart_10000000000409.jpg,422,300,1.4066666666666667
painting_humanart_10000000000410.jpg,435,300,1.45
painting_humanart_10000000000415.jpg,300,441,0.6802721088435374
painting_humanart_10000000000416.jpg,300,333,0.9009009009009009
painting_humanart_10000000000417.jpg,400,300,1.3333333333333333
painting_humanart_10000000000418.jpg,300,336,0.8928571428571429
painting_humanart_10000000000419.jpg,300,308,0.974025974025974
painting_humanart_1000000000042.jpg,1000,999,1.001001001001001
painting_humanart_10000000000420.jpg,421,300,1.4033333333333333
painting_humanart_10000000000422.jpg,300,315,0.9523809523809523
painting_humanart_10000000000423.jpg,400,300,1.3333333333333333
painting_humanart_10000000000424.jpg,300,302,0.9933774834437086
painting_humanart_10000000000425.jpg,458,300,1.5266666666666666
painting_humanart_10000000000427.jpg,350,300,1.1666666666666667
painting_humanart_10000000000428.jpg,453,300,1.51
painting_humanart_10000000000431.jpg,432,300,1.44
painting_humanart_10000000000432.jpg,300,428,0.7009345794392523
painting_humanart_10000000000435.jpg,450,300,1.5
painting_humanart_10000000000436.jpg,387,300,1.29
painting_humanart_10000000000439.jpg,400,300,1.3333333333333333
painting_humanart_10000000000440.jpg,418,300,1.3933333333333333
painting_humanart_10000000000441.jpg,300,317,0.9463722397476341
painting_humanart_10000000000442.jpg,300,344,0.872093023255814
painting_humanart_10000000000444.jpg,300,306,0.9803921568627451
painting_humanart_10000000000445.jpg,408,300,1.36
painting_humanart_10000000000448.jpg,300,337,0.8902077151335311
painting_humanart_10000000000450.jpg,300,341,0.8797653958944281
painting_humanart_10000000000451.jpg,371,300,1.2366666666666666
painting_humanart_10000000000452.jpg,300,423,0.7092198581560284
painting_humanart_10000000000458.jpg,300,421,0.7125890736342043
painting_humanart_10000000000459.jpg,300,336,0.8928571428571429
painting_humanart_10000000000461.jpg,300,325,0.9230769230769231
painting_humanart_10000000000463.jpg,300,350,0.8571428571428571
painting_humanart_10000000000464.jpg,300,396,0.7575757575757576
painting_humanart_10000000000465.jpg,300,331,0.9063444108761329
painting_humanart_10000000000467.jpg,300,609,0.49261083743842365
painting_humanart_10000000000470.jpg,300,598,0.5016722408026756
painting_humanart_10000000000471.jpg,300,1166,0.25728987993138935
painting_humanart_10000000000472.jpg,300,611,0.4909983633387889
painting_humanart_10000000000473.jpg,300,611,0.4909983633387889
painting_humanart_10000000000474.jpg,300,619,0.48465266558966075
painting_humanart_10000000000475.jpg,300,618,0.4854368932038835
painting_humanart_10000000000476.jpg,300,584,0.5136986301369864
painting_humanart_10000000000477.jpg,214,440,0.4863636363636364
painting_humanart_10000000000478.jpg,300,595,0.5042016806722689
painting_humanart_10000000000479.jpg,300,591,0.5076142131979695
painting_humanart_10000000000480.jpg,591,300,1.97
painting_humanart_10000000000481.jpg,300,633,0.47393364928909953
painting_humanart_10000000000482.jpg,300,520,0.5769230769230769
painting_humanart_10000000000483.jpg,300,592,0.5067567567567568
painting_humanart_10000000000485.jpg,222,450,0.49333333333333335
painting_humanart_10000000000486.jpg,300,625,0.48
painting_humanart_10000000000487.jpg,300,604,0.4966887417218543
painting_humanart_10000000000488.jpg,300,592,0.5067567567567568
painting_humanart_10000000000489.jpg,300,622,0.48231511254019294
painting_humanart_10000000000490.jpg,300,597,0.5025125628140703
painting_humanart_10000000000492.jpg,215,450,0.4777777777777778
painting_humanart_10000000000493.jpg,300,584,0.5136986301369864
painting_humanart_10000000000494.jpg,300,594,0.5050505050505051
painting_humanart_10000000000495.jpg,300,594,0.5050505050505051
painting_humanart_10000000000496.jpg,300,613,0.4893964110929853
painting_humanart_10000000000497.jpg,300,582,0.5154639175257731
painting_humanart_10000000000498.jpg,300,616,0.487012987012987
painting_humanart_10000000000499.jpg,300,584,0.5136986301369864
painting_humanart_10000000000500.jpg,300,585,0.5128205128205128
painting_humanart_10000000000501.jpg,300,571,0.5253940455341506
painting_humanart_10000000000502.jpg,217,450,0.4822222222222222
painting_humanart_10000000000503.jpg,300,618,0.4854368932038835
painting_humanart_10000000000504.jpg,300,550,0.5454545454545454
painting_humanart_10000000000505.jpg,300,617,0.4862236628849271
painting_humanart_10000000000506.jpg,300,603,0.4975124378109453
painting_humanart_10000000000507.jpg,215,450,0.4777777777777778
painting_humanart_10000000000509.jpg,215,450,0.4777777777777778
painting_humanart_1000000000051.jpg,856,983,0.8708036622583927
painting_humanart_10000000000510.jpg,300,569,0.5272407732864675
painting_humanart_10000000000511.jpg,300,620,0.4838709677419355
painting_humanart_10000000000513.jpg,300,563,0.5328596802841918
painting_humanart_10000000000514.jpg,220,450,0.4888888888888889
painting_humanart_10000000000516.jpg,300,600,0.5
painting_humanart_10000000000517.jpg,300,586,0.5119453924914675
painting_humanart_10000000000518.jpg,300,598,0.5016722408026756
painting_humanart_10000000000519.jpg,300,591,0.5076142131979695
painting_humanart_10000000000520.jpg,300,619,0.48465266558966075
painting_humanart_10000000000521.jpg,300,588,0.5102040816326531
painting_humanart_10000000000522.jpg,300,628,0.47770700636942676
painting_humanart_10000000000523.jpg,220,450,0.4888888888888889
painting_humanart_10000000000525.jpg,300,562,0.5338078291814946
painting_humanart_10000000000526.jpg,300,597,0.5025125628140703
painting_humanart_10000000000527.jpg,300,590,0.5084745762711864
painting_humanart_10000000000528.jpg,300,566,0.5300353356890459
painting_humanart_10000000000530.jpg,300,595,0.5042016806722689
painting_humanart_10000000000531.jpg,300,592,0.5067567567567568
painting_humanart_10000000000532.jpg,300,542,0.5535055350553506
painting_humanart_10000000000533.jpg,215,450,0.4777777777777778
painting_humanart_10000000000535.jpg,300,599,0.5008347245409015
painting_humanart_10000000000536.jpg,300,588,0.5102040816326531
painting_humanart_10000000000537.jpg,215,450,0.4777777777777778
painting_humanart_10000000000539.jpg,300,435,0.6896551724137931
painting_humanart_10000000000544.jpg,300,591,0.5076142131979695
painting_humanart_10000000000548.jpg,300,593,0.5059021922428331
painting_humanart_10000000000550.jpg,300,594,0.5050505050505051
painting_humanart_10000000000551.jpg,300,556,0.539568345323741
painting_humanart_10000000000554.jpg,300,414,0.7246376811594203
painting_humanart_10000000000555.jpg,648,300,2.16
painting_humanart_10000000000557.jpg,300,525,0.5714285714285714
painting_humanart_10000000000560.jpg,300,599,0.5008347245409015
painting_humanart_10000000000562.jpg,300,649,0.4622496147919877
painting_humanart_10000000000563.jpg,300,606,0.49504950495049505
painting_humanart_10000000000565.jpg,300,607,0.4942339373970346
painting_humanart_10000000000568.jpg,300,600,0.5
painting_humanart_10000000000569.jpg,300,607,0.4942339373970346
painting_humanart_10000000000572.jpg,300,567,0.5291005291005291
painting_humanart_10000000000573.jpg,300,607,0.4942339373970346
painting_humanart_10000000000574.jpg,300,581,0.5163511187607573
painting_humanart_10000000000576.jpg,300,581,0.5163511187607573
painting_humanart_10000000000577.jpg,300,553,0.5424954792043399
painting_humanart_10000000000578.jpg,221,450,0.4911111111111111
painting_humanart_10000000000582.jpg,300,601,0.49916805324459235
painting_humanart_10000000000583.jpg,300,598,0.5016722408026756
painting_humanart_10000000000584.jpg,300,628,0.47770700636942676
painting_humanart_10000000000585.jpg,300,565,0.5309734513274337
painting_humanart_10000000000586.jpg,300,536,0.5597014925373134
painting_humanart_10000000000587.jpg,300,593,0.5059021922428331
painting_humanart_10000000000588.jpg,300,545,0.5504587155963303
painting_humanart_10000000000589.jpg,300,617,0.4862236628849271
painting_humanart_10000000000590.jpg,300,477,0.6289308176100629
painting_humanart_10000000000591.jpg,300,527,0.5692599620493358
painting_humanart_10000000000592.jpg,300,617,0.4862236628849271
painting_humanart_10000000000593.jpg,300,603,0.4975124378109453
painting_humanart_10000000000594.jpg,300,612,0.49019607843137253
painting_humanart_10000000000595.jpg,300,581,0.5163511187607573
painting_humanart_10000000000597.jpg,300,615,0.4878048780487805
painting_humanart_10000000000598.jpg,300,604,0.4966887417218543
painting_humanart_10000000000599.jpg,300,508,0.5905511811023622
painting_humanart_1000000000060.jpg,591,391,1.5115089514066495
painting_humanart_10000000000600.jpg,300,568,0.528169014084507
painting_humanart_10000000000601.jpg,300,591,0.5076142131979695
painting_humanart_10000000000602.jpg,300,604,0.4966887417218543
painting_humanart_10000000000603.jpg,300,622,0.48231511254019294
painting_humanart_10000000000605.jpg,300,570,0.5263157894736842
painting_humanart_10000000000607.jpg,300,574,0.5226480836236934
painting_humanart_10000000000608.jpg,215,450,0.4777777777777778
painting_humanart_10000000000609.jpg,300,590,0.5084745762711864
painting_humanart_10000000000610.jpg,300,567,0.5291005291005291
painting_humanart_10000000000611.jpg,300,656,0.4573170731707317
painting_humanart_10000000000612.jpg,300,571,0.5253940455341506
painting_humanart_10000000000613.jpg,300,591,0.5076142131979695
painting_humanart_10000000000614.jpg,300,569,0.5272407732864675
painting_humanart_10000000000616.jpg,300,599,0.5008347245409015
painting_humanart_10000000000617.jpg,253,450,0.5622222222222222
painting_humanart_10000000000619.jpg,300,606,0.49504950495049505
painting_humanart_10000000000620.jpg,300,608,0.4934210526315789
painting_humanart_10000000000622.jpg,300,622,0.48231511254019294
painting_humanart_10000000000623.jpg,300,606,0.49504950495049505
painting_humanart_10000000000624.jpg,300,596,0.5033557046979866
painting_humanart_10000000000625.jpg,300,624,0.4807692307692308
painting_humanart_10000000000627.jpg,300,487,0.6160164271047228
painting_humanart_10000000000628.jpg,300,633,0.47393364928909953
painting_humanart_10000000000630.jpg,300,529,0.5671077504725898
painting_humanart_10000000000631.jpg,300,563,0.5328596802841918
painting_humanart_10000000000632.jpg,213,450,0.47333333333333333
painting_humanart_10000000000633.jpg,300,598,0.5016722408026756
painting_humanart_10000000000636.jpg,300,386,0.7772020725388601
painting_humanart_10000000000637.jpg,413,300,1.3766666666666667
painting_humanart_10000000000638.jpg,300,558,0.5376344086021505
painting_humanart_10000000000639.jpg,300,569,0.5272407732864675
painting_humanart_10000000000640.jpg,300,563,0.5328596802841918
painting_humanart_10000000000642.jpg,464,300,1.5466666666666666
painting_humanart_10000000000643.jpg,406,300,1.3533333333333333
painting_humanart_10000000000644.jpg,402,300,1.34
painting_humanart_10000000000647.jpg,300,549,0.546448087431694
painting_humanart_10000000000648.jpg,436,300,1.4533333333333334
painting_humanart_10000000000651.jpg,374,300,1.2466666666666666
painting_humanart_10000000000652.jpg,468,300,1.56
painting_humanart_10000000000655.jpg,413,300,1.3766666666666667
painting_humanart_10000000000656.jpg,300,475,0.631578947368421
painting_humanart_10000000000658.jpg,416,300,1.3866666666666667
painting_humanart_10000000000659.jpg,300,394,0.7614213197969543
painting_humanart_10000000000660.jpg,300,429,0.6993006993006993
painting_humanart_10000000000661.jpg,408,300,1.36
painting_humanart_10000000000662.jpg,418,300,1.3933333333333333
painting_humanart_10000000000663.jpg,300,390,0.7692307692307693
painting_humanart_10000000000665.jpg,300,459,0.6535947712418301
painting_humanart_10000000000666.jpg,300,560,0.5357142857142857
painting_humanart_10000000000667.jpg,416,300,1.3866666666666667
painting_humanart_10000000000668.jpg,475,300,1.5833333333333333
painting_humanart_10000000000669.jpg,300,361,0.8310249307479224
painting_humanart_10000000000670.jpg,455,300,1.5166666666666666
painting_humanart_10000000000672.jpg,458,300,1.5266666666666666
painting_humanart_10000000000675.jpg,431,300,1.4366666666666668
painting_humanart_10000000000677.jpg,300,562,0.5338078291814946
painting_humanart_10000000000678.jpg,462,300,1.54
painting_humanart_10000000000679.jpg,362,300,1.2066666666666668
painting_humanart_10000000000685.jpg,442,300,1.4733333333333334
painting_humanart_10000000000686.jpg,396,300,1.32
painting_humanart_10000000000687.jpg,462,300,1.54
painting_humanart_10000000000688.jpg,463,300,1.5433333333333332
painting_humanart_10000000000689.jpg,424,300,1.4133333333333333
painting_humanart_10000000000690.jpg,300,487,0.6160164271047228
painting_humanart_10000000000691.jpg,300,544,0.5514705882352942
painting_humanart_10000000000692.jpg,333,300,1.11
painting_humanart_10000000000693.jpg,300,347,0.8645533141210374
painting_humanart_10000000000695.jpg,300,472,0.635593220338983
painting_humanart_10000000000696.jpg,300,564,0.5319148936170213
painting_humanart_10000000000699.jpg,300,476,0.6302521008403361
painting_humanart_10000000000700.jpg,400,300,1.3333333333333333
painting_humanart_10000000000705.jpg,300,543,0.5524861878453039
painting_humanart_10000000000708.jpg,414,300,1.38
painting_humanart_10000000000709.jpg,300,418,0.7177033492822966
painting_humanart_10000000000712.jpg,300,537,0.5586592178770949
painting_humanart_10000000000715.jpg,446,300,1.4866666666666666
painting_humanart_10000000000716.jpg,342,300,1.14
painting_humanart_10000000000719.jpg,424,300,1.4133333333333333
painting_humanart_10000000000722.jpg,300,563,0.5328596802841918
painting_humanart_10000000000723.jpg,300,471,0.6369426751592356
painting_humanart_10000000000725.jpg,419,300,1.3966666666666667
painting_humanart_10000000000728.jpg,408,300,1.36
painting_humanart_10000000000729.jpg,407,300,1.3566666666666667
painting_humanart_10000000000730.jpg,300,571,0.5253940455341506
painting_humanart_10000000000731.jpg,418,300,1.3933333333333333
painting_humanart_10000000000732.jpg,422,300,1.4066666666666667
painting_humanart_10000000000733.jpg,441,300,1.47
painting_humanart_10000000000737.jpg,300,410,0.7317073170731707
painting_humanart_10000000000738.jpg,428,300,1.4266666666666667
painting_humanart_10000000000741.jpg,300,347,0.8645533141210374
painting_humanart_10000000000742.jpg,300,611,0.4909983633387889
painting_humanart_10000000000743.jpg,300,551,0.5444646098003629
painting_humanart_10000000000745.jpg,391,300,1.3033333333333332
painting_humanart_10000000000749.jpg,300,463,0.6479481641468683
painting_humanart_10000000000752.jpg,399,300,1.33
painting_humanart_10000000000754.jpg,300,474,0.6329113924050633
painting_humanart_10000000000755.jpg,300,593,0.5059021922428331
painting_humanart_10000000000756.jpg,442,300,1.4733333333333334
painting_humanart_10000000000757.jpg,300,409,0.7334963325183375
painting_humanart_10000000000758.jpg,418,300,1.3933333333333333
painting_humanart_10000000000760.jpg,443,300,1.4766666666666666
painting_humanart_10000000000764.jpg,415,300,1.3833333333333333
painting_humanart_10000000000765.jpg,300,373,0.8042895442359249
painting_humanart_10000000000766.jpg,386,300,1.2866666666666666
painting_humanart_10000000000769.jpg,300,555,0.5405405405405406
painting_humanart_10000000000770.jpg,300,416,0.7211538461538461
painting_humanart_10000000000773.jpg,460,300,1.5333333333333334
painting_humanart_10000000000774.jpg,452,300,1.5066666666666666
painting_humanart_10000000000775.jpg,300,590,0.5084745762711864
painting_humanart_10000000000776.jpg,300,603,0.4975124378109453
painting_humanart_10000000000777.jpg,300,575,0.5217391304347826
painting_humanart_10000000000778.jpg,213,450,0.47333333333333333
painting_humanart_10000000000779.jpg,300,598,0.5016722408026756
painting_humanart_10000000000780.jpg,300,592,0.5067567567567568
painting_humanart_10000000000782.jpg,300,625,0.48
painting_humanart_10000000000783.jpg,300,606,0.49504950495049505
painting_humanart_10000000000785.jpg,300,610,0.4918032786885246
painting_humanart_10000000000786.jpg,300,395,0.759493670886076
painting_humanart_10000000000788.jpg,300,631,0.4754358161648177
painting_humanart_10000000000789.jpg,300,570,0.5263157894736842
painting_humanart_10000000000790.jpg,300,600,0.5
painting_humanart_10000000000791.jpg,300,603,0.4975124378109453
painting_humanart_10000000000792.jpg,300,571,0.5253940455341506
painting_humanart_10000000000793.jpg,300,648,0.46296296296296297
painting_humanart_10000000000794.jpg,300,605,0.49586776859504134
painting_humanart_10000000000796.jpg,300,606,0.49504950495049505
painting_humanart_10000000000797.jpg,300,632,0.47468354430379744
painting_humanart_10000000000798.jpg,300,622,0.48231511254019294
painting_humanart_10000000000800.jpg,300,643,0.4665629860031104
painting_humanart_10000000000802.jpg,300,609,0.49261083743842365
painting_humanart_10000000000803.jpg,300,624,0.4807692307692308
painting_humanart_10000000000804.jpg,300,616,0.487012987012987
painting_humanart_10000000000806.jpg,300,408,0.7352941176470589
painting_humanart_10000000000807.jpg,300,611,0.4909983633387889
painting_humanart_10000000000809.jpg,300,586,0.5119453924914675
painting_humanart_10000000000810.jpg,226,450,0.5022222222222222
painting_humanart_10000000000811.jpg,246,450,0.5466666666666666
painting_humanart_10000000000812.jpg,300,594,0.5050505050505051
painting_humanart_10000000000814.jpg,300,641,0.46801872074882994
painting_humanart_10000000000816.jpg,300,631,0.4754358161648177
painting_humanart_10000000000817.jpg,300,603,0.4975124378109453
painting_humanart_10000000000818.jpg,222,450,0.49333333333333335
painting_humanart_10000000000819.jpg,300,560,0.5357142857142857
painting_humanart_10000000000820.jpg,215,450,0.4777777777777778
painting_humanart_10000000000821.jpg,300,582,0.5154639175257731
painting_humanart_10000000000822.jpg,300,617,0.4862236628849271
painting_humanart_10000000000823.jpg,300,607,0.4942339373970346
painting_humanart_10000000000824.jpg,300,631,0.4754358161648177
painting_humanart_10000000000825.jpg,213,450,0.47333333333333333
painting_humanart_10000000000827.jpg,300,612,0.49019607843137253
painting_humanart_10000000000828.jpg,300,598,0.5016722408026756
painting_humanart_10000000000829.jpg,300,1054,0.2846299810246679
painting_humanart_10000000000830.jpg,300,600,0.5
painting_humanart_10000000000831.jpg,300,1071,0.2801120448179272
painting_humanart_10000000000832.jpg,300,554,0.5415162454873647
painting_humanart_10000000000834.jpg,300,620,0.4838709677419355
painting_humanart_10000000000836.jpg,217,450,0.4822222222222222
painting_humanart_10000000000838.jpg,300,607,0.4942339373970346
painting_humanart_10000000000840.jpg,300,620,0.4838709677419355
painting_humanart_10000000000841.jpg,300,597,0.5025125628140703
painting_humanart_10000000000842.jpg,300,614,0.48859934853420195
painting_humanart_10000000000844.jpg,300,617,0.4862236628849271
painting_humanart_10000000000845.jpg,300,1056,0.2840909090909091
painting_humanart_10000000000846.jpg,300,592,0.5067567567567568
painting_humanart_10000000000847.jpg,244,450,0.5422222222222223
painting_humanart_10000000000848.jpg,300,584,0.5136986301369864
painting_humanart_10000000000849.jpg,300,607,0.4942339373970346
painting_humanart_10000000000850.jpg,300,610,0.4918032786885246
painting_humanart_10000000000851.jpg,300,547,0.5484460694698354
painting_humanart_10000000000852.jpg,300,588,0.5102040816326531
painting_humanart_10000000000854.jpg,300,416,0.7211538461538461
painting_humanart_10000000000855.jpg,300,594,0.5050505050505051
painting_humanart_10000000000856.jpg,300,605,0.49586776859504134
painting_humanart_10000000000857.jpg,300,566,0.5300353356890459
painting_humanart_10000000000858.jpg,300,582,0.5154639175257731
painting_humanart_10000000000859.jpg,213,450,0.47333333333333333
painting_humanart_10000000000860.jpg,300,603,0.4975124378109453
painting_humanart_10000000000861.jpg,300,1061,0.2827521206409048
painting_humanart_10000000000863.jpg,300,1037,0.2892960462873674
painting_humanart_10000000000865.jpg,300,614,0.48859934853420195
painting_humanart_10000000000866.jpg,300,608,0.4934210526315789
painting_humanart_10000000000868.jpg,300,593,0.5059021922428331
painting_humanart_10000000000869.jpg,300,551,0.5444646098003629
painting_humanart_10000000000870.jpg,443,300,1.4766666666666666
painting_humanart_10000000000871.jpg,300,610,0.4918032786885246
painting_humanart_10000000000872.jpg,300,400,0.75
painting_humanart_10000000000873.jpg,300,584,0.5136986301369864
painting_humanart_10000000000875.jpg,300,565,0.5309734513274337
painting_humanart_10000000000877.jpg,300,613,0.4893964110929853
painting_humanart_10000000000878.jpg,300,606,0.49504950495049505
painting_humanart_10000000000880.jpg,300,576,0.5208333333333334
painting_humanart_10000000000881.jpg,300,659,0.4552352048558422
painting_humanart_10000000000882.jpg,300,590,0.5084745762711864
painting_humanart_10000000000883.jpg,300,617,0.4862236628849271
painting_humanart_10000000000884.jpg,300,603,0.4975124378109453
painting_humanart_10000000000885.jpg,300,502,0.5976095617529881
painting_humanart_10000000000886.jpg,300,583,0.5145797598627787
painting_humanart_10000000000887.jpg,300,614,0.48859934853420195
painting_humanart_10000000000888.jpg,300,629,0.4769475357710652
painting_humanart_10000000000889.jpg,300,601,0.49916805324459235
painting_humanart_10000000000890.jpg,300,561,0.5347593582887701
painting_humanart_10000000000891.jpg,300,612,0.49019607843137253
painting_humanart_10000000000892.jpg,300,576,0.5208333333333334
painting_humanart_10000000000893.jpg,212,450,0.4711111111111111
painting_humanart_10000000000894.jpg,300,598,0.5016722408026756
painting_humanart_10000000000895.jpg,300,626,0.4792332268370607
painting_humanart_10000000000896.jpg,300,626,0.4792332268370607
painting_humanart_10000000000897.jpg,300,614,0.48859934853420195
painting_humanart_10000000000898.jpg,300,592,0.5067567567567568
painting_humanart_10000000000899.jpg,300,570,0.5263157894736842
painting_humanart_10000000000900.jpg,300,599,0.5008347245409015
painting_humanart_10000000000901.jpg,300,579,0.5181347150259067
painting_humanart_10000000000903.jpg,300,569,0.5272407732864675
painting_humanart_10000000000904.jpg,300,616,0.487012987012987
painting_humanart_10000000000907.jpg,300,590,0.5084745762711864
painting_humanart_10000000000908.jpg,300,607,0.4942339373970346
painting_humanart_10000000000909.jpg,326,300,1.0866666666666667
painting_humanart_10000000000911.jpg,424,300,1.4133333333333333
painting_humanart_10000000000912.jpg,300,584,0.5136986301369864
painting_humanart_10000000000913.jpg,300,579,0.5181347150259067
painting_humanart_10000000000914.jpg,442,300,1.4733333333333334
painting_humanart_10000000000915.jpg,300,536,0.5597014925373134
painting_humanart_10000000000916.jpg,300,630,0.47619047619047616
painting_humanart_10000000000917.jpg,423,300,1.41
painting_humanart_10000000000918.jpg,300,623,0.48154093097913325
painting_humanart_10000000000919.jpg,300,572,0.5244755244755245
painting_humanart_10000000000920.jpg,300,603,0.4975124378109453
painting_humanart_10000000000921.jpg,268,450,0.5955555555555555
painting_humanart_10000000000922.jpg,300,607,0.4942339373970346
painting_humanart_10000000000923.jpg,300,468,0.6410256410256411
painting_humanart_10000000000924.jpg,300,607,0.4942339373970346
painting_humanart_10000000000925.jpg,300,602,0.4983388704318937
painting_humanart_10000000000927.jpg,300,625,0.48
painting_humanart_10000000000928.jpg,300,529,0.5671077504725898
painting_humanart_10000000000929.jpg,300,611,0.4909983633387889
painting_humanart_10000000000930.jpg,300,611,0.4909983633387889
painting_humanart_10000000000933.jpg,436,300,1.4533333333333334
painting_humanart_10000000000934.jpg,383,300,1.2766666666666666
painting_humanart_10000000000935.jpg,300,637,0.47095761381475665
painting_humanart_10000000000936.jpg,300,652,0.4601226993865031
painting_humanart_10000000000937.jpg,300,617,0.4862236628849271
painting_humanart_10000000000939.jpg,300,548,0.5474452554744526
painting_humanart_10000000000941.jpg,300,562,0.5338078291814946
painting_humanart_10000000000942.jpg,300,623,0.48154093097913325
painting_humanart_10000000000943.jpg,300,606,0.49504950495049505
painting_humanart_10000000000944.jpg,300,493,0.6085192697768763
painting_humanart_10000000000947.jpg,300,656,0.4573170731707317
painting_humanart_10000000000949.jpg,250,504,0.49603174603174605
painting_humanart_10000000000950.jpg,300,504,0.5952380952380952
painting_humanart_10000000000951.jpg,300,524,0.5725190839694656
painting_humanart_10000000000952.jpg,300,600,0.5
painting_humanart_10000000000953.jpg,300,404,0.7425742574257426
painting_humanart_10000000000954.jpg,411,300,1.37
painting_humanart_10000000000956.jpg,300,587,0.5110732538330494
painting_humanart_10000000000957.jpg,300,627,0.4784688995215311
painting_humanart_10000000000958.jpg,300,320,0.9375
painting_humanart_10000000000960.jpg,300,413,0.7263922518159807
painting_humanart_10000000000961.jpg,300,604,0.4966887417218543
painting_humanart_10000000000962.jpg,300,499,0.6012024048096193
painting_humanart_10000000000964.jpg,300,490,0.6122448979591837
painting_humanart_10000000000965.jpg,300,619,0.48465266558966075
painting_humanart_10000000000966.jpg,300,640,0.46875
painting_humanart_10000000000970.jpg,300,648,0.46296296296296297
painting_humanart_10000000000971.jpg,300,606,0.49504950495049505
painting_humanart_10000000000973.jpg,300,592,0.5067567567567568
painting_humanart_10000000000975.jpg,300,532,0.5639097744360902
painting_humanart_10000000000978.jpg,300,614,0.48859934853420195
painting_humanart_10000000000980.jpg,300,510,0.5882352941176471
painting_humanart_10000000000981.jpg,300,508,0.5905511811023622
painting_humanart_10000000000982.jpg,300,647,0.46367851622874806
painting_humanart_10000000000983.jpg,300,544,0.5514705882352942
painting_humanart_10000000000984.jpg,300,623,0.48154093097913325
painting_humanart_10000000000985.jpg,300,648,0.46296296296296297
painting_humanart_10000000000987.jpg,300,588,0.5102040816326531
painting_humanart_10000000000990.jpg,300,593,0.5059021922428331
painting_humanart_10000000000991.jpg,300,629,0.4769475357710652
painting_humanart_10000000000992.jpg,300,515,0.5825242718446602
painting_humanart_10000000000993.jpg,300,606,0.49504950495049505
painting_humanart_10000000000994.jpg,300,635,0.47244094488188976
painting_humanart_10000000000996.jpg,224,450,0.49777777777777776
painting_humanart_10000000000997.jpg,300,643,0.4665629860031104
painting_humanart_10000000000998.jpg,300,468,0.6410256410256411
painting_humanart_10000000000999.jpg,300,311,0.9646302250803859
painting_humanart_10000000001007.jpg,443,300,1.4766666666666666
painting_humanart_10000000001010.jpg,300,617,0.4862236628849271
painting_humanart_10000000001014.jpg,300,661,0.45385779122541603
painting_humanart_10000000001015.jpg,300,496,0.6048387096774194
painting_humanart_10000000001017.jpg,300,659,0.4552352048558422
painting_humanart_10000000001018.jpg,300,623,0.48154093097913325
painting_humanart_10000000001023.jpg,442,300,1.4733333333333334
painting_humanart_10000000001024.jpg,300,499,0.6012024048096193
painting_humanart_10000000001033.jpg,520,300,1.7333333333333334
painting_humanart_10000000001034.jpg,221,450,0.4911111111111111
painting_humanart_10000000001049.jpg,300,513,0.5847953216374269
painting_humanart_10000000001058.jpg,300,587,0.5110732538330494
painting_humanart_10000000001069.jpg,413,300,1.3766666666666667
painting_humanart_10000000001085.jpg,300,628,0.47770700636942676
painting_humanart_10000000001089.jpg,300,633,0.47393364928909953
painting_humanart_10000000001096.jpg,300,594,0.5050505050505051
painting_humanart_10000000001099.jpg,300,623,0.48154093097913325
painting_humanart_10000000001101.jpg,300,1282,0.23400936037441497
painting_humanart_10000000001103.jpg,300,592,0.5067567567567568
painting_humanart_10000000001104.jpg,396,300,1.32
painting_humanart_10000000001132.jpg,300,601,0.49916805324459235
painting_humanart_10000000001136.jpg,300,611,0.4909983633387889
painting_humanart_10000000001137.jpg,300,614,0.48859934853420195
painting_humanart_10000000001139.jpg,300,574,0.5226480836236934
painting_humanart_1000000000115.jpg,945,572,1.652097902097902
painting_humanart_10000000001154.jpg,300,579,0.5181347150259067
painting_humanart_10000000001155.jpg,300,610,0.4918032786885246
painting_humanart_10000000001185.jpg,300,575,0.5217391304347826
painting_humanart_10000000001191.jpg,300,522,0.5747126436781609
painting_humanart_10000000001195.jpg,300,632,0.47468354430379744
painting_humanart_10000000001205.jpg,300,488,0.6147540983606558
painting_humanart_10000000001210.jpg,300,582,0.5154639175257731
painting_humanart_10000000001211.jpg,300,572,0.5244755244755245
painting_humanart_10000000001214.jpg,214,450,0.47555555555555556
painting_humanart_10000000001218.jpg,300,713,0.42075736325385693
painting_humanart_1000000000122.jpg,709,694,1.021613832853026
painting_humanart_10000000001220.jpg,300,570,0.5263157894736842
painting_humanart_10000000001226.jpg,300,521,0.5758157389635317
painting_humanart_10000000001231.jpg,300,551,0.5444646098003629
painting_humanart_1000000000124.jpg,709,834,0.8501199040767387
painting_humanart_10000000001241.jpg,398,300,1.3266666666666667
painting_humanart_10000000001243.jpg,250,450,0.5555555555555556
painting_humanart_10000000001244.jpg,400,300,1.3333333333333333
painting_humanart_10000000001245.jpg,300,575,0.5217391304347826
painting_humanart_10000000001246.jpg,300,565,0.5309734513274337
painting_humanart_10000000001253.jpg,424,300,1.4133333333333333
painting_humanart_10000000001276.jpg,300,568,0.528169014084507
painting_humanart_10000000001305.jpg,300,606,0.49504950495049505
painting_humanart_10000000001312.jpg,300,647,0.46367851622874806
painting_humanart_10000000001313.jpg,300,595,0.5042016806722689
painting_humanart_10000000001314.jpg,300,610,0.4918032786885246
painting_humanart_1000000000132.jpg,626,732,0.855191256830601
painting_humanart_10000000001325.jpg,300,581,0.5163511187607573
painting_humanart_10000000001327.jpg,300,615,0.4878048780487805
painting_humanart_10000000001334.jpg,225,450,0.5
painting_humanart_10000000001336.jpg,300,549,0.546448087431694
painting_humanart_10000000001338.jpg,300,522,0.5747126436781609
painting_humanart_10000000001342.jpg,300,636,0.4716981132075472
painting_humanart_10000000001343.jpg,228,450,0.5066666666666667
painting_humanart_10000000001344.jpg,300,591,0.5076142131979695
painting_humanart_10000000001353.jpg,300,596,0.5033557046979866
painting_humanart_10000000001355.jpg,300,601,0.49916805324459235
painting_humanart_10000000001356.jpg,300,636,0.4716981132075472
painting_humanart_10000000001357.jpg,300,631,0.4754358161648177
painting_humanart_10000000001363.jpg,300,611,0.4909983633387889
painting_humanart_10000000001364.jpg,300,594,0.5050505050505051
painting_humanart_10000000001369.jpg,300,416,0.7211538461538461
painting_humanart_10000000001370.jpg,300,534,0.5617977528089888
painting_humanart_10000000001371.jpg,300,508,0.5905511811023622
painting_humanart_10000000001373.jpg,300,518,0.5791505791505791
painting_humanart_10000000001391.jpg,300,667,0.4497751124437781
painting_humanart_10000000001393.jpg,122,256,0.4765625
painting_humanart_1000000000140.jpg,591,861,0.686411149825784
painting_humanart_10000000001407.jpg,300,649,0.4622496147919877
painting_humanart_10000000001410.jpg,300,644,0.4658385093167702
painting_humanart_10000000001419.jpg,300,614,0.48859934853420195
painting_humanart_10000000001432.jpg,300,628,0.47770700636942676
painting_humanart_10000000001433.jpg,300,591,0.5076142131979695
painting_humanart_10000000001446.jpg,300,640,0.46875
painting_humanart_10000000001448.jpg,300,631,0.4754358161648177
painting_humanart_10000000001449.jpg,200,420,0.47619047619047616
painting_humanart_10000000001464.jpg,300,595,0.5042016806722689
painting_humanart_10000000001469.jpg,300,435,0.6896551724137931
painting_humanart_10000000001471.jpg,300,391,0.7672634271099744
painting_humanart_10000000001474.jpg,300,609,0.49261083743842365
painting_humanart_10000000001475.jpg,300,561,0.5347593582887701
painting_humanart_10000000001478.jpg,300,587,0.5110732538330494
painting_humanart_10000000001493.jpg,300,655,0.4580152671755725
painting_humanart_10000000001498.jpg,300,601,0.49916805324459235
painting_humanart_1000000000150.jpg,591,661,0.8940998487140696
painting_humanart_10000000001506.jpg,300,406,0.7389162561576355
painting_humanart_10000000001510.jpg,300,618,0.4854368932038835
painting_humanart_10000000001516.jpg,300,636,0.4716981132075472
painting_humanart_10000000001519.jpg,354,300,1.18
painting_humanart_10000000001524.jpg,300,642,0.4672897196261682
painting_humanart_1000000000153.jpg,723,1024,0.7060546875
painting_humanart_10000000001534.jpg,300,621,0.4830917874396135
painting_humanart_10000000001535.jpg,300,636,0.4716981132075472
painting_humanart_10000000001537.jpg,349,300,1.1633333333333333
painting_humanart_10000000001540.jpg,300,647,0.46367851622874806
painting_humanart_10000000001548.jpg,300,626,0.4792332268370607
painting_humanart_10000000001551.jpg,376,300,1.2533333333333334
painting_humanart_10000000001552.jpg,300,422,0.7109004739336493
painting_humanart_10000000001554.jpg,300,601,0.49916805324459235
painting_humanart_10000000001557.jpg,300,652,0.4601226993865031
painting_humanart_10000000001558.jpg,300,308,0.974025974025974
painting_humanart_1000000000157.jpg,991,1400,0.7078571428571429
painting_humanart_10000000001571.jpg,300,630,0.47619047619047616
painting_humanart_1000000000158.jpg,1000,1414,0.7072135785007072
painting_humanart_10000000001581.jpg,420,300,1.4
painting_humanart_10000000001586.jpg,300,630,0.47619047619047616
painting_humanart_1000000000159.jpg,1000,1260,0.7936507936507936
painting_humanart_10000000001594.jpg,300,423,0.7092198581560284
painting_humanart_10000000001597.jpg,300,663,0.45248868778280543
painting_humanart_1000000000160.jpg,800,1132,0.7067137809187279
painting_humanart_10000000001609.jpg,300,616,0.487012987012987
painting_humanart_1000000000161.jpg,1024,1447,0.7076710435383552
painting_humanart_10000000001613.jpg,300,625,0.48
painting_humanart_10000000001618.jpg,410,268,1.5298507462686568
painting_humanart_10000000001619.jpg,300,612,0.49019607843137253
painting_humanart_10000000001626.jpg,300,639,0.4694835680751174
painting_humanart_10000000001627.jpg,300,1575,0.19047619047619047
painting_humanart_1000000000163.jpg,793,1000,0.793
painting_humanart_10000000001631.jpg,115,256,0.44921875
painting_humanart_10000000001633.jpg,300,622,0.48231511254019294
painting_humanart_10000000001648.jpg,300,598,0.5016722408026756
painting_humanart_10000000001649.jpg,121,256,0.47265625
painting_humanart_10000000001650.jpg,113,256,0.44140625
painting_humanart_10000000001652.jpg,300,551,0.5444646098003629
painting_humanart_10000000001655.jpg,300,636,0.4716981132075472
painting_humanart_10000000001665.jpg,300,656,0.4573170731707317
painting_humanart_10000000001668.jpg,300,649,0.4622496147919877
painting_humanart_10000000001669.jpg,300,419,0.7159904534606205
painting_humanart_10000000001674.jpg,300,461,0.6507592190889371
painting_humanart_10000000001677.jpg,300,640,0.46875
painting_humanart_10000000001681.jpg,300,403,0.7444168734491315
painting_humanart_10000000001683.jpg,300,616,0.487012987012987
painting_humanart_10000000001690.jpg,300,603,0.4975124378109453
painting_humanart_1000000000170.jpg,844,1200,0.7033333333333334
painting_humanart_10000000001704.jpg,300,602,0.4983388704318937
painting_humanart_10000000001712.jpg,300,635,0.47244094488188976
painting_humanart_10000000001715.jpg,300,425,0.7058823529411765
painting_humanart_10000000001716.jpg,300,595,0.5042016806722689
painting_humanart_10000000001719.jpg,300,627,0.4784688995215311
painting_humanart_10000000001721.jpg,126,256,0.4921875
painting_humanart_10000000001725.jpg,124,256,0.484375
painting_humanart_10000000001738.jpg,300,428,0.7009345794392523
painting_humanart_10000000001740.jpg,300,431,0.6960556844547564
painting_humanart_10000000001742.jpg,300,492,0.6097560975609756
painting_humanart_10000000001748.jpg,300,644,0.4658385093167702
painting_humanart_10000000001765.jpg,300,634,0.47318611987381703
painting_humanart_10000000001768.jpg,300,610,0.4918032786885246
painting_humanart_10000000001778.jpg,300,431,0.6960556844547564
painting_humanart_10000000001781.jpg,402,300,1.34
painting_humanart_10000000001801.jpg,300,436,0.6880733944954128
painting_humanart_10000000001803.jpg,300,322,0.9316770186335404
painting_humanart_10000000001805.jpg,458,300,1.5266666666666666
painting_humanart_10000000001808.jpg,300,633,0.47393364928909953
painting_humanart_10000000001811.jpg,300,651,0.4608294930875576
painting_humanart_10000000001815.jpg,300,628,0.47770700636942676
painting_humanart_10000000001816.jpg,300,649,0.4622496147919877
painting_humanart_10000000001818.jpg,300,645,0.46511627906976744
painting_humanart_1000000000182.jpg,1000,1000,1.0
painting_humanart_10000000001827.jpg,300,397,0.7556675062972292
painting_humanart_1000000000183.jpg,1000,1000,1.0
painting_humanart_10000000001830.jpg,300,633,0.47393364928909953
painting_humanart_10000000001832.jpg,300,602,0.4983388704318937
painting_humanart_10000000001858.jpg,300,333,0.9009009009009009
painting_humanart_10000000001866.jpg,300,644,0.4658385093167702
painting_humanart_10000000001879.jpg,300,632,0.47468354430379744
painting_humanart_10000000001881.jpg,300,580,0.5172413793103449
painting_humanart_10000000001885.jpg,300,631,0.4754358161648177
painting_humanart_1000000000189.jpg,1280,1280,1.0
painting_humanart_10000000001890.jpg,119,256,0.46484375
painting_humanart_10000000001893.jpg,300,620,0.4838709677419355
painting_humanart_1000000000190.jpg,1000,1000,1.0
painting_humanart_10000000001908.jpg,300,650,0.46153846153846156
painting_humanart_10000000001913.jpg,300,615,0.4878048780487805
painting_humanart_1000000000192.jpg,1280,1280,1.0
painting_humanart_10000000001920.jpg,300,618,0.4854368932038835
painting_humanart_10000000001926.jpg,300,432,0.6944444444444444
painting_humanart_10000000001929.jpg,300,610,0.4918032786885246
painting_humanart_10000000001931.jpg,300,635,0.47244094488188976
painting_humanart_10000000001932.jpg,300,608,0.4934210526315789
painting_humanart_10000000001933.jpg,300,409,0.7334963325183375
painting_humanart_10000000001939.jpg,300,661,0.45385779122541603
painting_humanart_10000000001947.jpg,300,641,0.46801872074882994
painting_humanart_10000000001949.jpg,300,640,0.46875
painting_humanart_10000000001961.jpg,300,602,0.4983388704318937
painting_humanart_10000000001970.jpg,300,657,0.45662100456621
painting_humanart_10000000001973.jpg,300,636,0.4716981132075472
painting_humanart_10000000001976.jpg,300,622,0.48231511254019294
painting_humanart_10000000001977.jpg,300,628,0.47770700636942676
painting_humanart_1000000000198.jpg,1080,2400,0.45
painting_humanart_10000000001982.jpg,300,649,0.4622496147919877
painting_humanart_10000000001985.jpg,256,255,1.003921568627451
painting_humanart_10000000001987.jpg,300,644,0.4658385093167702
painting_humanart_10000000001991.jpg,300,631,0.4754358161648177
painting_humanart_10000000001999.jpg,300,317,0.9463722397476341
painting_humanart_10000000002007.jpg,300,642,0.4672897196261682
painting_humanart_10000000002011.jpg,300,562,0.5338078291814946
painting_humanart_10000000002014.jpg,300,632,0.47468354430379744
painting_humanart_10000000002016.jpg,300,591,0.5076142131979695
painting_humanart_10000000002017.jpg,300,693,0.4329004329004329
painting_humanart_10000000002020.jpg,300,630,0.47619047619047616
painting_humanart_10000000002021.jpg,300,696,0.43103448275862066
painting_humanart_10000000002025.jpg,121,256,0.47265625
painting_humanart_10000000002026.jpg,300,330,0.9090909090909091
painting_humanart_10000000002031.jpg,126,256,0.4921875
painting_humanart_10000000002036.jpg,300,382,0.7853403141361257
painting_humanart_10000000002040.jpg,300,603,0.4975124378109453
painting_humanart_10000000002042.jpg,300,640,0.46875
painting_humanart_10000000002049.jpg,300,642,0.4672897196261682
painting_humanart_10000000002069.jpg,300,375,0.8
painting_humanart_10000000002070.jpg,300,649,0.4622496147919877
painting_humanart_10000000002078.jpg,300,633,0.47393364928909953
painting_humanart_10000000002081.jpg,300,427,0.702576112412178
painting_humanart_10000000002087.jpg,300,677,0.4431314623338257
painting_humanart_10000000002094.jpg,123,256,0.48046875
painting_humanart_10000000002106.jpg,300,440,0.6818181818181818
painting_humanart_10000000002107.jpg,300,672,0.44642857142857145
painting_humanart_1000000000211.jpg,1024,802,1.2768079800498753
painting_humanart_10000000002112.jpg,300,563,0.5328596802841918
painting_humanart_10000000002113.jpg,300,590,0.5084745762711864
painting_humanart_10000000002117.jpg,300,641,0.46801872074882994
painting_humanart_10000000002127.jpg,300,617,0.4862236628849271
painting_humanart_10000000002130.jpg,300,439,0.683371298405467
painting_humanart_10000000002134.jpg,122,256,0.4765625
painting_humanart_10000000002139.jpg,475,300,1.5833333333333333
painting_humanart_10000000002168.jpg,300,656,0.4573170731707317
painting_humanart_10000000002169.jpg,300,648,0.46296296296296297
painting_humanart_10000000002173.jpg,300,647,0.46367851622874806
painting_humanart_10000000002177.jpg,300,623,0.48154093097913325
painting_humanart_1000000000218.jpg,1024,1024,1.0
painting_humanart_10000000002184.jpg,300,447,0.6711409395973155
painting_humanart_10000000002195.jpg,300,371,0.8086253369272237
painting_humanart_10000000002199.jpg,300,649,0.4622496147919877
painting_humanart_10000000002202.jpg,268,600,0.44666666666666666
painting_humanart_10000000002225.jpg,300,326,0.9202453987730062
painting_humanart_10000000002234.jpg,300,327,0.9174311926605505
painting_humanart_10000000002239.jpg,300,618,0.4854368932038835
painting_humanart_1000000000224.jpg,1024,1024,1.0
painting_humanart_1000000000225.jpg,1024,1024,1.0
painting_humanart_10000000002257.jpg,122,256,0.4765625
painting_humanart_1000000000226.jpg,1024,1336,0.7664670658682635
painting_humanart_10000000002260.jpg,300,601,0.49916805324459235
painting_humanart_10000000002263.jpg,300,596,0.5033557046979866
painting_humanart_10000000002268.jpg,300,446,0.672645739910314
painting_humanart_10000000002269.jpg,300,595,0.5042016806722689
painting_humanart_10000000002275.jpg,300,606,0.49504950495049505
painting_humanart_10000000002279.jpg,300,450,0.6666666666666666
painting_humanart_10000000002282.jpg,300,631,0.4754358161648177
painting_humanart_10000000002283.jpg,300,599,0.5008347245409015
painting_humanart_1000000000229.jpg,1024,1024,1.0
painting_humanart_10000000002290.jpg,300,608,0.4934210526315789
painting_humanart_10000000002300.jpg,300,632,0.47468354430379744
painting_humanart_10000000002310.jpg,300,589,0.5093378607809848
painting_humanart_10000000002313.jpg,300,666,0.45045045045045046
painting_humanart_10000000002318.jpg,300,427,0.702576112412178
painting_humanart_10000000002320.jpg,300,637,0.47095761381475665
painting_humanart_10000000002326.jpg,300,647,0.46367851622874806
painting_humanart_10000000002335.jpg,300,632,0.47468354430379744
painting_humanart_10000000002345.jpg,300,652,0.4601226993865031
painting_humanart_10000000002348.jpg,426,300,1.42
painting_humanart_1000000000235.jpg,1024,1024,1.0
painting_humanart_10000000002353.jpg,300,420,0.7142857142857143
painting_humanart_10000000002354.jpg,300,312,0.9615384615384616
painting_humanart_10000000002357.jpg,300,420,0.7142857142857143
painting_humanart_10000000002366.jpg,300,602,0.4983388704318937
painting_humanart_10000000002371.jpg,300,591,0.5076142131979695
painting_humanart_10000000002373.jpg,120,256,0.46875
painting_humanart_10000000002376.jpg,300,427,0.702576112412178
painting_humanart_10000000002378.jpg,300,636,0.4716981132075472
painting_humanart_10000000002388.jpg,300,654,0.45871559633027525
painting_humanart_10000000002390.jpg,300,323,0.9287925696594427
painting_humanart_10000000002391.jpg,300,619,0.48465266558966075
painting_humanart_10000000002395.jpg,300,622,0.48231511254019294
painting_humanart_10000000002399.jpg,300,594,0.5050505050505051
painting_humanart_10000000002403.jpg,300,623,0.48154093097913325
painting_humanart_10000000002410.jpg,418,300,1.3933333333333333
painting_humanart_10000000002413.jpg,300,653,0.45941807044410415
painting_humanart_10000000002427.jpg,300,436,0.6880733944954128
painting_humanart_10000000002430.jpg,300,710,0.4225352112676056
painting_humanart_10000000002431.jpg,300,630,0.47619047619047616
painting_humanart_10000000002434.jpg,300,614,0.48859934853420195
painting_humanart_10000000002443.jpg,121,256,0.47265625
painting_humanart_10000000002444.jpg,300,527,0.5692599620493358
painting_humanart_10000000002446.jpg,300,659,0.4552352048558422
painting_humanart_10000000002449.jpg,300,582,0.5154639175257731
painting_humanart_10000000002459.jpg,300,605,0.49586776859504134
painting_humanart_10000000002460.jpg,300,604,0.4966887417218543
painting_humanart_10000000002461.jpg,300,674,0.44510385756676557
painting_humanart_10000000002478.jpg,300,420,0.7142857142857143
painting_humanart_10000000002482.jpg,300,431,0.6960556844547564
painting_humanart_10000000002485.jpg,300,400,0.75
painting_humanart_10000000002486.jpg,300,620,0.4838709677419355
painting_humanart_10000000002487.jpg,300,635,0.47244094488188976
painting_humanart_10000000002495.jpg,300,406,0.7389162561576355
painting_humanart_10000000002499.jpg,300,606,0.49504950495049505
painting_humanart_10000000002506.jpg,300,631,0.4754358161648177
painting_humanart_10000000002510.jpg,300,611,0.4909983633387889
painting_humanart_10000000002512.jpg,300,635,0.47244094488188976
painting_humanart_10000000002524.jpg,300,652,0.4601226993865031
painting_humanart_10000000002529.jpg,300,650,0.46153846153846156
painting_humanart_10000000002530.jpg,300,578,0.5190311418685121
painting_humanart_10000000002532.jpg,300,641,0.46801872074882994
painting_humanart_10000000002535.jpg,300,650,0.46153846153846156
painting_humanart_10000000002542.jpg,206,450,0.4577777777777778
painting_humanart_10000000002543.jpg,300,664,0.45180722891566266
painting_humanart_10000000002544.jpg,300,614,0.48859934853420195
painting_humanart_10000000002549.jpg,470,300,1.5666666666666667
painting_humanart_10000000002553.jpg,300,432,0.6944444444444444
painting_humanart_10000000002559.jpg,300,638,0.4702194357366771
painting_humanart_10000000002564.jpg,300,636,0.4716981132075472
painting_humanart_10000000002569.jpg,300,655,0.4580152671755725
painting_humanart_10000000002575.jpg,300,653,0.45941807044410415
painting_humanart_10000000002576.jpg,300,414,0.7246376811594203
painting_humanart_10000000002579.jpg,300,745,0.40268456375838924
painting_humanart_10000000002581.jpg,300,586,0.5119453924914675
painting_humanart_10000000002584.jpg,300,385,0.7792207792207793
painting_humanart_10000000002585.jpg,300,330,0.9090909090909091
painting_humanart_10000000002589.jpg,300,420,0.7142857142857143
painting_humanart_10000000002590.jpg,300,643,0.4665629860031104
painting_humanart_10000000002595.jpg,300,597,0.5025125628140703
painting_humanart_10000000002601.jpg,300,663,0.45248868778280543
painting_humanart_10000000002603.jpg,300,618,0.4854368932038835
painting_humanart_10000000002610.jpg,126,256,0.4921875
painting_humanart_10000000002611.jpg,300,592,0.5067567567567568
painting_humanart_10000000002621.jpg,400,300,1.3333333333333333
painting_humanart_10000000002622.jpg,300,626,0.4792332268370607
painting_humanart_10000000002629.jpg,300,418,0.7177033492822966
painting_humanart_1000000000263.jpg,1024,1098,0.9326047358834244
painting_humanart_10000000002632.jpg,300,682,0.4398826979472141
painting_humanart_10000000002633.jpg,300,621,0.4830917874396135
painting_humanart_10000000002650.jpg,300,324,0.9259259259259259
painting_humanart_10000000002653.jpg,300,609,0.49261083743842365
painting_humanart_10000000002656.jpg,300,427,0.702576112412178
painting_humanart_1000000000266.jpg,1024,1068,0.9588014981273408
painting_humanart_10000000002660.jpg,300,621,0.4830917874396135
painting_humanart_10000000002664.jpg,300,626,0.4792332268370607
painting_humanart_10000000002670.jpg,300,641,0.46801872074882994
painting_humanart_10000000002676.jpg,300,648,0.46296296296296297
painting_humanart_10000000002682.jpg,300,617,0.4862236628849271
painting_humanart_10000000002688.jpg,300,641,0.46801872074882994
painting_humanart_10000000002689.jpg,122,256,0.4765625
painting_humanart_1000000000269.jpg,1024,1024,1.0
painting_humanart_10000000002691.jpg,300,611,0.4909983633387889
painting_humanart_10000000002694.jpg,300,646,0.46439628482972134
painting_humanart_10000000002704.jpg,300,636,0.4716981132075472
painting_humanart_10000000002707.jpg,300,628,0.47770700636942676
painting_humanart_10000000002708.jpg,300,499,0.6012024048096193
painting_humanart_10000000002714.jpg,300,397,0.7556675062972292
painting_humanart_10000000002715.jpg,300,615,0.4878048780487805
painting_humanart_10000000002716.jpg,300,627,0.4784688995215311
painting_humanart_10000000002721.jpg,300,566,0.5300353356890459
painting_humanart_10000000002726.jpg,300,647,0.46367851622874806
painting_humanart_10000000002729.jpg,300,607,0.4942339373970346
painting_humanart_10000000002730.jpg,300,702,0.42735042735042733
painting_humanart_10000000002738.jpg,300,615,0.4878048780487805
painting_humanart_10000000002742.jpg,300,622,0.48231511254019294
painting_humanart_10000000002747.jpg,300,583,0.5145797598627787
painting_humanart_10000000002751.jpg,382,300,1.2733333333333334
painting_humanart_10000000002763.jpg,300,433,0.6928406466512702
painting_humanart_10000000002768.jpg,300,580,0.5172413793103449
painting_humanart_1000000000277.jpg,1024,1279,0.800625488663018
painting_humanart_10000000002777.jpg,300,615,0.4878048780487805
painting_humanart_10000000002779.jpg,300,444,0.6756756756756757
painting_humanart_10000000002782.jpg,300,433,0.6928406466512702
painting_humanart_10000000002788.jpg,300,609,0.49261083743842365
painting_humanart_10000000002794.jpg,300,595,0.5042016806722689
painting_humanart_10000000002796.jpg,300,627,0.4784688995215311
painting_humanart_10000000002799.jpg,300,406,0.7389162561576355
painting_humanart_1000000000280.jpg,1024,1024,1.0
painting_humanart_10000000002804.jpg,300,672,0.44642857142857145
painting_humanart_1000000000281.jpg,1024,1024,1.0
painting_humanart_10000000002811.jpg,300,445,0.6741573033707865
painting_humanart_10000000002818.jpg,300,619,0.48465266558966075
painting_humanart_10000000002825.jpg,300,625,0.48
painting_humanart_10000000002827.jpg,300,594,0.5050505050505051
painting_humanart_10000000002829.jpg,300,650,0.46153846153846156
painting_humanart_10000000002837.jpg,300,638,0.4702194357366771
painting_humanart_1000000000284.jpg,1024,1229,0.8331977217249796
painting_humanart_10000000002843.jpg,300,620,0.4838709677419355
painting_humanart_10000000002845.jpg,300,615,0.4878048780487805
painting_humanart_10000000002846.jpg,300,663,0.45248868778280543
painting_humanart_10000000002850.jpg,300,644,0.4658385093167702
painting_humanart_10000000002854.jpg,300,645,0.46511627906976744
painting_humanart_10000000002855.jpg,300,407,0.7371007371007371
painting_humanart_10000000002860.jpg,300,641,0.46801872074882994
painting_humanart_10000000002861.jpg,300,700,0.42857142857142855
painting_humanart_10000000002864.jpg,300,670,0.44776119402985076
painting_humanart_10000000002866.jpg,300,322,0.9316770186335404
painting_humanart_10000000002873.jpg,300,683,0.43923865300146414
painting_humanart_10000000002874.jpg,300,436,0.6880733944954128
painting_humanart_10000000002875.jpg,300,647,0.46367851622874806
painting_humanart_1000000000288.jpg,1024,767,1.3350717079530638
painting_humanart_10000000002885.jpg,300,705,0.425531914893617
painting_humanart_10000000002886.jpg,300,631,0.4754358161648177
painting_humanart_10000000002895.jpg,300,442,0.6787330316742082
painting_humanart_10000000002898.jpg,300,387,0.7751937984496124
painting_humanart_1000000000290.jpg,1024,1170,0.8752136752136752
painting_humanart_10000000002908.jpg,300,641,0.46801872074882994
painting_humanart_10000000002909.jpg,300,409,0.7334963325183375
painting_humanart_10000000002910.jpg,300,664,0.45180722891566266
painting_humanart_10000000002922.jpg,300,1331,0.22539444027047334
painting_humanart_10000000002923.jpg,300,667,0.4497751124437781
painting_humanart_10000000002929.jpg,300,659,0.4552352048558422
painting_humanart_10000000002930.jpg,521,300,1.7366666666666666
painting_humanart_10000000002938.jpg,300,611,0.4909983633387889
painting_humanart_10000000002945.jpg,300,472,0.635593220338983
painting_humanart_10000000002948.jpg,300,556,0.539568345323741
painting_humanart_1000000000295.jpg,1024,1024,1.0
painting_humanart_10000000002954.jpg,300,632,0.47468354430379744
painting_humanart_10000000002955.jpg,330,300,1.1
painting_humanart_10000000002957.jpg,300,632,0.47468354430379744
painting_humanart_10000000002964.jpg,300,630,0.47619047619047616
painting_humanart_10000000002965.jpg,300,618,0.4854368932038835
painting_humanart_1000000000297.jpg,1024,1294,0.7913446676970634
painting_humanart_10000000002973.jpg,300,601,0.49916805324459235
painting_humanart_10000000002974.jpg,300,489,0.6134969325153374
painting_humanart_1000000000298.jpg,1280,914,1.400437636761488
painting_humanart_10000000002985.jpg,300,602,0.4983388704318937
painting_humanart_10000000002987.jpg,300,662,0.45317220543806647
painting_humanart_10000000002988.jpg,300,607,0.4942339373970346
painting_humanart_1000000000299.jpg,1024,739,1.3856562922868743
painting_humanart_10000000003000.jpg,300,681,0.44052863436123346
painting_humanart_10000000003002.jpg,300,602,0.4983388704318937
painting_humanart_10000000003007.jpg,418,300,1.3933333333333333
painting_humanart_10000000003009.jpg,300,403,0.7444168734491315
painting_humanart_10000000003015.jpg,300,603,0.4975124378109453
painting_humanart_10000000003026.jpg,300,613,0.4893964110929853
painting_humanart_10000000003032.jpg,300,640,0.46875
painting_humanart_10000000003033.jpg,300,600,0.5
painting_humanart_10000000003040.jpg,300,448,0.6696428571428571
painting_humanart_10000000003053.jpg,300,594,0.5050505050505051
painting_humanart_10000000003056.jpg,300,663,0.45248868778280543
painting_humanart_10000000003057.jpg,300,636,0.4716981132075472
painting_humanart_10000000003059.jpg,116,256,0.453125
painting_humanart_10000000003064.jpg,300,331,0.9063444108761329
painting_humanart_10000000003084.jpg,300,611,0.4909983633387889
painting_humanart_10000000003098.jpg,442,300,1.4733333333333334
painting_humanart_1000000000310.jpg,1024,1394,0.7345767575322812
painting_humanart_10000000003106.jpg,261,504,0.5178571428571429
painting_humanart_10000000003107.jpg,300,683,0.43923865300146414
painting_humanart_10000000003111.jpg,300,437,0.6864988558352403
painting_humanart_10000000003112.jpg,300,619,0.48465266558966075
painting_humanart_10000000003113.jpg,300,303,0.9900990099009901
painting_humanart_10000000003116.jpg,300,639,0.4694835680751174
painting_humanart_10000000003121.jpg,300,421,0.7125890736342043
painting_humanart_10000000003130.jpg,125,256,0.48828125
painting_humanart_10000000003133.jpg,300,391,0.7672634271099744
painting_humanart_10000000003135.jpg,300,434,0.6912442396313364
painting_humanart_10000000003146.jpg,300,604,0.4966887417218543
painting_humanart_10000000003151.jpg,300,428,0.7009345794392523
painting_humanart_10000000003153.jpg,300,465,0.6451612903225806
painting_humanart_10000000003154.jpg,300,665,0.45112781954887216
painting_humanart_10000000003159.jpg,300,684,0.43859649122807015
painting_humanart_10000000003161.jpg,300,662,0.45317220543806647
painting_humanart_10000000003173.jpg,300,314,0.9554140127388535
painting_humanart_10000000003175.jpg,300,450,0.6666666666666666
painting_humanart_10000000003176.jpg,300,635,0.47244094488188976
painting_humanart_10000000003205.jpg,300,628,0.47770700636942676
painting_humanart_10000000003207.jpg,300,628,0.47770700636942676
painting_humanart_1000000000321.jpg,1024,1095,0.9351598173515981
painting_humanart_10000000003213.jpg,300,656,0.4573170731707317
painting_humanart_10000000003222.jpg,300,614,0.48859934853420195
painting_humanart_1000000000323.jpg,1024,768,1.3333333333333333
painting_humanart_10000000003237.jpg,300,599,0.5008347245409015
painting_humanart_10000000003238.jpg,300,414,0.7246376811594203
painting_humanart_1000000000325.jpg,824,590,1.3966101694915254
painting_humanart_10000000003252.jpg,300,406,0.7389162561576355
painting_humanart_10000000003255.jpg,300,608,0.4934210526315789
painting_humanart_1000000000326.jpg,1024,1624,0.6305418719211823
painting_humanart_10000000003276.jpg,300,406,0.7389162561576355
painting_humanart_1000000000328.jpg,1024,768,1.3333333333333333
painting_humanart_1000000000330.jpg,1024,1325,0.7728301886792452
painting_humanart_10000000003302.jpg,300,645,0.46511627906976744
painting_humanart_10000000003303.jpg,300,626,0.4792332268370607
painting_humanart_10000000003305.jpg,300,672,0.44642857142857145
painting_humanart_10000000003311.jpg,300,588,0.5102040816326531
painting_humanart_10000000003317.jpg,300,416,0.7211538461538461
painting_humanart_1000000000332.jpg,1024,1325,0.7728301886792452
painting_humanart_10000000003321.jpg,300,628,0.47770700636942676
painting_humanart_10000000003322.jpg,300,427,0.702576112412178
painting_humanart_10000000003326.jpg,300,632,0.47468354430379744
painting_humanart_10000000003334.jpg,300,633,0.47393364928909953
painting_humanart_10000000003344.jpg,300,645,0.46511627906976744
painting_humanart_10000000003348.jpg,300,430,0.6976744186046512
painting_humanart_1000000000335.jpg,1169,827,1.4135429262394197
painting_humanart_10000000003360.jpg,300,636,0.4716981132075472
painting_humanart_1000000000337.jpg,827,1169,0.7074422583404619
painting_humanart_10000000003382.jpg,300,645,0.46511627906976744
painting_humanart_10000000003384.jpg,300,432,0.6944444444444444
painting_humanart_10000000003399.jpg,300,643,0.4665629860031104
painting_humanart_10000000003413.jpg,300,644,0.4658385093167702
painting_humanart_10000000003422.jpg,300,601,0.49916805324459235
painting_humanart_10000000003423.jpg,300,429,0.6993006993006993
painting_humanart_10000000003429.jpg,166,1024,0.162109375
painting_humanart_1000000000343.jpg,827,1169,0.7074422583404619
painting_humanart_10000000003442.jpg,300,626,0.4792332268370607
painting_humanart_10000000003456.jpg,300,600,0.5
painting_humanart_1000000000346.jpg,827,1169,0.7074422583404619
painting_humanart_10000000003466.jpg,131,256,0.51171875
painting_humanart_10000000003468.jpg,300,333,0.9009009009009009
painting_humanart_1000000000347.jpg,827,1169,0.7074422583404619
painting_humanart_10000000003470.jpg,300,631,0.4754358161648177
painting_humanart_1000000000348.jpg,1169,827,1.4135429262394197
painting_humanart_10000000003488.jpg,300,556,0.539568345323741
painting_humanart_10000000003495.jpg,300,647,0.46367851622874806
painting_humanart_10000000003499.jpg,124,256,0.484375
painting_humanart_1000000000351.jpg,827,1169,0.7074422583404619
painting_humanart_1000000000352.jpg,827,1169,0.7074422583404619
painting_humanart_10000000003521.jpg,300,416,0.7211538461538461
painting_humanart_10000000003526.jpg,445,300,1.4833333333333334
painting_humanart_10000000003527.jpg,300,645,0.46511627906976744
painting_humanart_10000000003532.jpg,300,667,0.4497751124437781
painting_humanart_10000000003539.jpg,300,700,0.42857142857142855
painting_humanart_10000000003540.jpg,300,455,0.6593406593406593
painting_humanart_10000000003542.jpg,300,599,0.5008347245409015
painting_humanart_10000000003546.jpg,300,615,0.4878048780487805
painting_humanart_10000000003555.jpg,300,616,0.487012987012987
painting_humanart_10000000003557.jpg,300,632,0.47468354430379744
painting_humanart_10000000003558.jpg,300,640,0.46875
painting_humanart_10000000003559.jpg,401,300,1.3366666666666667
painting_humanart_10000000003562.jpg,300,677,0.4431314623338257
painting_humanart_10000000003566.jpg,300,331,0.9063444108761329
painting_humanart_10000000003570.jpg,300,613,0.4893964110929853
painting_humanart_10000000003575.jpg,300,635,0.47244094488188976
painting_humanart_10000000003576.jpg,121,256,0.47265625
painting_humanart_10000000003579.jpg,300,339,0.8849557522123894
painting_humanart_1000000000358.jpg,827,1169,0.7074422583404619
painting_humanart_1000000000359.jpg,827,1169,0.7074422583404619
painting_humanart_10000000003594.jpg,300,623,0.48154093097913325
painting_humanart_10000000003600.jpg,300,633,0.47393364928909953
painting_humanart_1000000000361.jpg,827,1169,0.7074422583404619
painting_humanart_10000000003610.jpg,300,652,0.4601226993865031
painting_humanart_10000000003616.jpg,300,1166,0.25728987993138935
painting_humanart_1000000000362.jpg,992,1403,0.707056307911618
painting_humanart_10000000003622.jpg,300,585,0.5128205128205128
painting_humanart_1000000000363.jpg,900,1273,0.7069913589945012
painting_humanart_10000000003636.jpg,300,633,0.47393364928909953
painting_humanart_10000000003639.jpg,300,617,0.4862236628849271
painting_humanart_10000000003642.jpg,300,636,0.4716981132075472
painting_humanart_10000000003643.jpg,300,645,0.46511627906976744
painting_humanart_10000000003645.jpg,300,616,0.487012987012987
painting_humanart_10000000003649.jpg,300,403,0.7444168734491315
painting_humanart_1000000000365.jpg,665,1094,0.6078610603290676
painting_humanart_10000000003650.jpg,300,640,0.46875
painting_humanart_10000000003654.jpg,300,591,0.5076142131979695
painting_humanart_10000000003658.jpg,300,647,0.46367851622874806
painting_humanart_1000000000366.jpg,1024,725,1.4124137931034482
painting_humanart_10000000003661.jpg,300,629,0.4769475357710652
painting_humanart_10000000003664.jpg,300,654,0.45871559633027525
painting_humanart_10000000003668.jpg,300,594,0.5050505050505051
painting_humanart_10000000003669.jpg,300,626,0.4792332268370607
painting_humanart_1000000000367.jpg,1280,906,1.4128035320088301
painting_humanart_10000000003676.jpg,125,256,0.48828125
painting_humanart_1000000000368.jpg,1169,827,1.4135429262394197
painting_humanart_10000000003680.jpg,300,604,0.4966887417218543
painting_humanart_10000000003681.jpg,300,570,0.5263157894736842
painting_humanart_10000000003687.jpg,300,659,0.4552352048558422
painting_humanart_1000000000369.jpg,1024,725,1.4124137931034482
painting_humanart_10000000003694.jpg,127,256,0.49609375
painting_humanart_10000000003704.jpg,300,409,0.7334963325183375
painting_humanart_1000000000372.jpg,687,987,0.6960486322188449
painting_humanart_10000000003724.jpg,300,626,0.4792332268370607
painting_humanart_1000000000373.jpg,661,935,0.706951871657754
painting_humanart_10000000003734.jpg,300,651,0.4608294930875576
painting_humanart_10000000003736.jpg,300,647,0.46367851622874806
painting_humanart_1000000000374.jpg,661,935,0.706951871657754
painting_humanart_10000000003743.jpg,300,635,0.47244094488188976
painting_humanart_10000000003754.jpg,300,621,0.4830917874396135
painting_humanart_10000000003759.jpg,300,623,0.48154093097913325
painting_humanart_10000000003762.jpg,300,651,0.4608294930875576
painting_humanart_10000000003764.jpg,300,677,0.4431314623338257
painting_humanart_10000000003765.jpg,300,670,0.44776119402985076
painting_humanart_10000000003767.jpg,300,646,0.46439628482972134
painting_humanart_10000000003784.jpg,300,470,0.6382978723404256
painting_humanart_10000000003786.jpg,118,256,0.4609375
painting_humanart_10000000003790.jpg,300,621,0.4830917874396135
painting_humanart_10000000003794.jpg,300,439,0.683371298405467
painting_humanart_10000000003799.jpg,300,686,0.43731778425655976
painting_humanart_10000000003806.jpg,300,635,0.47244094488188976
painting_humanart_10000000003817.jpg,300,422,0.7109004739336493
painting_humanart_10000000003819.jpg,300,643,0.4665629860031104
painting_humanart_10000000003823.jpg,300,646,0.46439628482972134
painting_humanart_10000000003829.jpg,300,606,0.49504950495049505
painting_humanart_10000000003831.jpg,300,429,0.6993006993006993
painting_humanart_10000000003832.jpg,300,606,0.49504950495049505
painting_humanart_10000000003835.jpg,300,651,0.4608294930875576
painting_humanart_10000000003846.jpg,300,646,0.46439628482972134
painting_humanart_10000000003855.jpg,300,432,0.6944444444444444
painting_humanart_10000000003856.jpg,300,769,0.39011703511053314
painting_humanart_10000000003857.jpg,300,429,0.6993006993006993
painting_humanart_10000000003860.jpg,207,450,0.46
painting_humanart_10000000003871.jpg,300,432,0.6944444444444444
painting_humanart_10000000003872.jpg,300,586,0.5119453924914675
painting_humanart_10000000003873.jpg,300,546,0.5494505494505495
painting_humanart_10000000003881.jpg,300,635,0.47244094488188976
painting_humanart_10000000003884.jpg,300,664,0.45180722891566266
painting_humanart_10000000003889.jpg,300,623,0.48154093097913325
painting_humanart_10000000003890.jpg,300,424,0.7075471698113207
painting_humanart_10000000003894.jpg,241,504,0.4781746031746032
painting_humanart_10000000003897.jpg,300,651,0.4608294930875576
painting_humanart_10000000003901.jpg,300,629,0.4769475357710652
painting_humanart_10000000003902.jpg,300,417,0.7194244604316546
painting_humanart_10000000003912.jpg,300,605,0.49586776859504134
painting_humanart_10000000003917.jpg,300,607,0.4942339373970346
painting_humanart_10000000003925.jpg,197,768,0.2565104166666667
painting_humanart_10000000003926.jpg,300,420,0.7142857142857143
painting_humanart_10000000003938.jpg,300,598,0.5016722408026756
painting_humanart_10000000003939.jpg,300,432,0.6944444444444444
painting_humanart_10000000003941.jpg,300,631,0.4754358161648177
painting_humanart_10000000003946.jpg,300,599,0.5008347245409015
painting_humanart_10000000003947.jpg,300,617,0.4862236628849271
painting_humanart_10000000003948.jpg,300,642,0.4672897196261682
painting_humanart_10000000003951.jpg,300,619,0.48465266558966075
painting_humanart_10000000003955.jpg,366,300,1.22
painting_humanart_10000000003975.jpg,300,1208,0.24834437086092714
painting_humanart_10000000003986.jpg,300,588,0.5102040816326531
painting_humanart_10000000003991.jpg,300,405,0.7407407407407407
painting_humanart_10000000003999.jpg,291,1500,0.194
painting_humanart_10000000004001.jpg,300,394,0.7614213197969543
painting_humanart_10000000004012.jpg,377,300,1.2566666666666666
painting_humanart_10000000004017.jpg,300,639,0.4694835680751174
painting_humanart_10000000004019.jpg,300,396,0.7575757575757576
painting_humanart_10000000004027.jpg,300,408,0.7352941176470589
painting_humanart_10000000004029.jpg,300,404,0.7425742574257426
painting_humanart_10000000004030.jpg,420,300,1.4
painting_humanart_10000000004034.jpg,300,352,0.8522727272727273
painting_humanart_10000000004047.jpg,300,416,0.7211538461538461
painting_humanart_10000000004051.jpg,300,385,0.7792207792207793
painting_humanart_10000000004054.jpg,300,396,0.7575757575757576
painting_humanart_10000000004057.jpg,300,401,0.7481296758104738
painting_humanart_10000000004061.jpg,300,408,0.7352941176470589
painting_humanart_10000000004082.jpg,300,407,0.7371007371007371
painting_humanart_10000000004088.jpg,300,409,0.7334963325183375
painting_humanart_10000000004090.jpg,300,429,0.6993006993006993
painting_humanart_10000000004091.jpg,300,388,0.7731958762886598
painting_humanart_10000000004096.jpg,300,373,0.8042895442359249
painting_humanart_10000000004100.jpg,300,400,0.75
painting_humanart_10000000004103.jpg,300,398,0.7537688442211056
painting_humanart_10000000004113.jpg,300,411,0.7299270072992701
painting_humanart_10000000004116.jpg,449,300,1.4966666666666666
painting_humanart_10000000004123.jpg,440,300,1.4666666666666666
painting_humanart_10000000004141.jpg,300,421,0.7125890736342043
painting_humanart_10000000004146.jpg,300,399,0.7518796992481203
painting_humanart_10000000004152.jpg,300,407,0.7371007371007371
painting_humanart_10000000004155.jpg,399,300,1.33
painting_humanart_10000000004157.jpg,300,649,0.4622496147919877
painting_humanart_10000000004158.jpg,300,396,0.7575757575757576
painting_humanart_10000000004166.jpg,300,376,0.7978723404255319
painting_humanart_10000000004169.jpg,300,443,0.6772009029345373
painting_humanart_10000000004172.jpg,300,404,0.7425742574257426
painting_humanart_10000000004184.jpg,300,398,0.7537688442211056
painting_humanart_10000000004189.jpg,300,393,0.7633587786259542
painting_humanart_10000000004190.jpg,300,387,0.7751937984496124
painting_humanart_10000000004196.jpg,300,415,0.7228915662650602
painting_humanart_10000000004207.jpg,300,421,0.7125890736342043
painting_humanart_10000000004214.jpg,300,409,0.7334963325183375
painting_humanart_10000000004216.jpg,300,400,0.75
painting_humanart_10000000004220.jpg,300,426,0.704225352112676
painting_humanart_10000000004222.jpg,300,636,0.4716981132075472
painting_humanart_10000000004225.jpg,300,441,0.6802721088435374
painting_humanart_10000000004238.jpg,145,800,0.18125
painting_humanart_1000000000424.jpg,925,1113,0.8310871518418689
painting_humanart_1000000000425.jpg,733,920,0.7967391304347826
painting_humanart_10000000004255.jpg,300,343,0.8746355685131195
painting_humanart_10000000004257.jpg,300,397,0.7556675062972292
painting_humanart_10000000004259.jpg,300,407,0.7371007371007371
painting_humanart_10000000004260.jpg,394,300,1.3133333333333332
painting_humanart_10000000004268.jpg,300,379,0.7915567282321899
painting_humanart_10000000004279.jpg,300,419,0.7159904534606205
painting_humanart_10000000004282.jpg,300,1535,0.19543973941368079
painting_humanart_10000000004285.jpg,300,397,0.7556675062972292
painting_humanart_10000000004293.jpg,426,300,1.42
painting_humanart_10000000004294.jpg,300,421,0.7125890736342043
painting_humanart_10000000004301.jpg,300,438,0.684931506849315
painting_humanart_10000000004302.jpg,159,800,0.19875
painting_humanart_10000000004303.jpg,300,404,0.7425742574257426
painting_humanart_10000000004310.jpg,300,371,0.8086253369272237
painting_humanart_10000000004318.jpg,300,392,0.7653061224489796
painting_humanart_10000000004319.jpg,300,417,0.7194244604316546
painting_humanart_10000000004322.jpg,300,377,0.7957559681697612
painting_humanart_10000000004329.jpg,300,393,0.7633587786259542
painting_humanart_10000000004333.jpg,300,391,0.7672634271099744
painting_humanart_10000000004337.jpg,300,392,0.7653061224489796
painting_humanart_10000000004339.jpg,300,373,0.8042895442359249
painting_humanart_10000000004350.jpg,300,440,0.6818181818181818
painting_humanart_10000000004356.jpg,300,419,0.7159904534606205
painting_humanart_10000000004379.jpg,300,349,0.8595988538681948
painting_humanart_10000000004381.jpg,300,341,0.8797653958944281
painting_humanart_10000000004384.jpg,300,401,0.7481296758104738
painting_humanart_10000000004407.jpg,300,374,0.8021390374331551
painting_humanart_10000000004410.jpg,278,640,0.434375
painting_humanart_10000000004421.jpg,300,423,0.7092198581560284
painting_humanart_10000000004428.jpg,300,335,0.8955223880597015
painting_humanart_10000000004434.jpg,300,397,0.7556675062972292
painting_humanart_10000000004436.jpg,300,367,0.8174386920980926
painting_humanart_10000000004441.jpg,300,411,0.7299270072992701
painting_humanart_10000000004443.jpg,434,300,1.4466666666666668
painting_humanart_10000000004446.jpg,300,404,0.7425742574257426
painting_humanart_10000000004460.jpg,300,403,0.7444168734491315
painting_humanart_10000000004463.jpg,300,382,0.7853403141361257
painting_humanart_10000000004472.jpg,300,399,0.7518796992481203
painting_humanart_10000000004488.jpg,300,407,0.7371007371007371
painting_humanart_10000000004496.jpg,300,377,0.7957559681697612
painting_humanart_10000000004501.jpg,300,392,0.7653061224489796
painting_humanart_10000000004508.jpg,300,412,0.7281553398058253
painting_humanart_10000000004517.jpg,300,392,0.7653061224489796
painting_humanart_10000000004518.jpg,300,421,0.7125890736342043
painting_humanart_10000000004523.jpg,300,1469,0.2042205582028591
painting_humanart_10000000004527.jpg,300,380,0.7894736842105263
painting_humanart_10000000004530.jpg,195,1000,0.195
painting_humanart_10000000004531.jpg,300,1278,0.2347417840375587
painting_humanart_10000000004536.jpg,300,1880,0.1595744680851064
painting_humanart_10000000004554.jpg,300,425,0.7058823529411765
painting_humanart_10000000004567.jpg,300,407,0.7371007371007371
painting_humanart_10000000004568.jpg,300,394,0.7614213197969543
painting_humanart_10000000004571.jpg,87,450,0.19333333333333333
painting_humanart_10000000004572.jpg,300,412,0.7281553398058253
painting_humanart_10000000004585.jpg,300,351,0.8547008547008547
painting_humanart_10000000004589.jpg,300,388,0.7731958762886598
painting_humanart_10000000004591.jpg,300,397,0.7556675062972292
painting_humanart_10000000004593.jpg,300,371,0.8086253369272237
painting_humanart_10000000004602.jpg,300,621,0.4830917874396135
painting_humanart_10000000004611.jpg,300,405,0.7407407407407407
painting_humanart_10000000004616.jpg,300,449,0.6681514476614699
painting_humanart_10000000004618.jpg,300,394,0.7614213197969543
painting_humanart_10000000004622.jpg,410,300,1.3666666666666667
painting_humanart_10000000004634.jpg,300,405,0.7407407407407407
painting_humanart_10000000004638.jpg,300,397,0.7556675062972292
painting_humanart_10000000004649.jpg,231,1024,0.2255859375
painting_humanart_10000000004651.jpg,300,404,0.7425742574257426
painting_humanart_10000000004654.jpg,300,344,0.872093023255814
painting_humanart_10000000004655.jpg,156,768,0.203125
painting_humanart_10000000004665.jpg,300,386,0.7772020725388601
painting_humanart_10000000004666.jpg,300,403,0.7444168734491315
painting_humanart_10000000004675.jpg,300,400,0.75
painting_humanart_10000000004677.jpg,300,399,0.7518796992481203
painting_humanart_10000000004678.jpg,300,621,0.4830917874396135
painting_humanart_10000000004684.jpg,300,397,0.7556675062972292
painting_humanart_10000000004697.jpg,300,403,0.7444168734491315
painting_humanart_10000000004700.jpg,300,405,0.7407407407407407
painting_humanart_10000000004710.jpg,300,1406,0.21337126600284495
painting_humanart_10000000004714.jpg,300,628,0.47770700636942676
painting_humanart_10000000004718.jpg,300,384,0.78125
painting_humanart_10000000004729.jpg,300,405,0.7407407407407407
painting_humanart_1000000000473.jpg,1000,1294,0.7727975270479135
painting_humanart_10000000004739.jpg,300,379,0.7915567282321899
painting_humanart_10000000004748.jpg,300,438,0.684931506849315
painting_humanart_1000000000475.jpg,1000,1294,0.7727975270479135
painting_humanart_10000000004750.jpg,300,409,0.7334963325183375
painting_humanart_10000000004758.jpg,300,632,0.47468354430379744
painting_humanart_1000000000476.jpg,1000,1294,0.7727975270479135
painting_humanart_10000000004766.jpg,300,412,0.7281553398058253
painting_humanart_10000000004769.jpg,393,300,1.31
painting_humanart_10000000004785.jpg,300,394,0.7614213197969543
painting_humanart_10000000004788.jpg,300,373,0.8042895442359249
painting_humanart_10000000004790.jpg,300,384,0.78125
painting_humanart_10000000004793.jpg,300,400,0.75
painting_humanart_10000000004798.jpg,300,389,0.7712082262210797
painting_humanart_10000000004800.jpg,300,408,0.7352941176470589
painting_humanart_10000000004803.jpg,300,373,0.8042895442359249
painting_humanart_1000000000481.jpg,612,792,0.7727272727272727
painting_humanart_10000000004810.jpg,300,443,0.6772009029345373
painting_humanart_10000000004813.jpg,300,410,0.7317073170731707
painting_humanart_10000000004817.jpg,300,403,0.7444168734491315
painting_humanart_1000000000482.jpg,1000,1294,0.7727975270479135
painting_humanart_10000000004823.jpg,300,388,0.7731958762886598
painting_humanart_10000000004839.jpg,300,409,0.7334963325183375
painting_humanart_10000000004846.jpg,300,429,0.6993006993006993
painting_humanart_10000000004849.jpg,300,622,0.48231511254019294
painting_humanart_1000000000485.jpg,700,990,0.7070707070707071
painting_humanart_10000000004856.jpg,300,386,0.7772020725388601
painting_humanart_1000000000486.jpg,800,1035,0.7729468599033816
painting_humanart_10000000004861.jpg,300,1480,0.20270270270270271
painting_humanart_10000000004867.jpg,378,300,1.26
painting_humanart_10000000004871.jpg,294,1500,0.196
painting_humanart_10000000004875.jpg,300,414,0.7246376811594203
painting_humanart_10000000004894.jpg,300,1460,0.2054794520547945
painting_humanart_10000000004895.jpg,300,390,0.7692307692307693
painting_humanart_10000000004897.jpg,300,394,0.7614213197969543
painting_humanart_10000000004901.jpg,300,426,0.704225352112676
painting_humanart_10000000004913.jpg,300,392,0.7653061224489796
painting_humanart_10000000004915.jpg,300,350,0.8571428571428571
painting_humanart_10000000004919.jpg,300,405,0.7407407407407407
painting_humanart_10000000004924.jpg,300,1135,0.2643171806167401
painting_humanart_10000000004926.jpg,300,376,0.7978723404255319
painting_humanart_10000000004945.jpg,300,422,0.7109004739336493
painting_humanart_1000000000495.jpg,700,906,0.7726269315673289
painting_humanart_10000000004950.jpg,256,1500,0.17066666666666666
painting_humanart_10000000004953.jpg,300,400,0.75
painting_humanart_10000000004962.jpg,662,300,2.2066666666666666
painting_humanart_10000000004967.jpg,300,391,0.7672634271099744
painting_humanart_10000000004970.jpg,300,434,0.6912442396313364
painting_humanart_10000000004971.jpg,300,369,0.8130081300813008
painting_humanart_10000000004972.jpg,300,414,0.7246376811594203
painting_humanart_10000000004974.jpg,300,1530,0.19607843137254902
painting_humanart_10000000004986.jpg,300,1589,0.18879798615481436
painting_humanart_10000000004992.jpg,381,300,1.27
painting_humanart_1000000000500.jpg,800,1102,0.7259528130671506
painting_humanart_10000000005000.jpg,300,604,0.4966887417218543
painting_humanart_10000000005007.jpg,300,394,0.7614213197969543
painting_humanart_10000000005019.jpg,300,388,0.7731958762886598
painting_humanart_10000000005023.jpg,300,384,0.78125
painting_humanart_10000000005030.jpg,300,371,0.8086253369272237
painting_humanart_10000000005046.jpg,300,387,0.7751937984496124
painting_humanart_10000000005052.jpg,300,376,0.7978723404255319
painting_humanart_10000000005059.jpg,300,402,0.746268656716418
painting_humanart_10000000005064.jpg,300,414,0.7246376811594203
painting_humanart_10000000005065.jpg,300,403,0.7444168734491315
painting_humanart_10000000005067.jpg,300,404,0.7425742574257426
painting_humanart_10000000005069.jpg,300,408,0.7352941176470589
painting_humanart_10000000005081.jpg,399,300,1.33
painting_humanart_10000000005097.jpg,300,377,0.7957559681697612
painting_humanart_10000000005102.jpg,300,396,0.7575757575757576
painting_humanart_10000000005104.jpg,300,378,0.7936507936507936
painting_humanart_10000000005107.jpg,300,404,0.7425742574257426
painting_humanart_10000000005108.jpg,300,1361,0.2204261572373255
painting_humanart_10000000005112.jpg,300,670,0.44776119402985076
painting_humanart_10000000005120.jpg,223,450,0.4955555555555556
painting_humanart_10000000005129.jpg,300,414,0.7246376811594203
painting_humanart_10000000005131.jpg,300,396,0.7575757575757576
painting_humanart_10000000005135.jpg,278,1500,0.18533333333333332
painting_humanart_10000000005143.jpg,300,396,0.7575757575757576
painting_humanart_10000000005145.jpg,300,383,0.783289817232376
painting_humanart_10000000005150.jpg,265,1500,0.17666666666666667
painting_humanart_10000000005153.jpg,300,535,0.5607476635514018
painting_humanart_10000000005160.jpg,300,382,0.7853403141361257
painting_humanart_10000000005161.jpg,272,1500,0.18133333333333335
painting_humanart_10000000005166.jpg,300,408,0.7352941176470589
painting_humanart_10000000005173.jpg,300,421,0.7125890736342043
painting_humanart_10000000005174.jpg,284,1500,0.18933333333333333
painting_humanart_10000000005175.jpg,300,394,0.7614213197969543
painting_humanart_10000000005179.jpg,300,401,0.7481296758104738
painting_humanart_10000000005181.jpg,300,538,0.5576208178438662
painting_humanart_10000000005184.jpg,300,422,0.7109004739336493
painting_humanart_10000000005189.jpg,300,400,0.75
painting_humanart_10000000005202.jpg,300,413,0.7263922518159807
painting_humanart_10000000005208.jpg,300,408,0.7352941176470589
painting_humanart_1000000000521.jpg,584,661,0.8835098335854765
painting_humanart_10000000005211.jpg,300,398,0.7537688442211056
painting_humanart_10000000005219.jpg,300,421,0.7125890736342043
painting_humanart_10000000005226.jpg,300,423,0.7092198581560284
painting_humanart_10000000005228.jpg,300,1257,0.2386634844868735
painting_humanart_1000000000523.jpg,480,777,0.6177606177606177
painting_humanart_10000000005230.jpg,300,1529,0.1962066710268149
painting_humanart_1000000000524.jpg,600,689,0.8708272859216255
painting_humanart_10000000005250.jpg,300,409,0.7334963325183375
painting_humanart_10000000005252.jpg,87,450,0.19333333333333333
painting_humanart_10000000005253.jpg,403,300,1.3433333333333333
painting_humanart_10000000005255.jpg,300,398,0.7537688442211056
painting_humanart_10000000005258.jpg,300,377,0.7957559681697612
painting_humanart_1000000000526.jpg,500,783,0.6385696040868455
painting_humanart_1000000000528.jpg,680,862,0.7888631090487239
painting_humanart_10000000005302.jpg,300,415,0.7228915662650602
painting_humanart_10000000005306.jpg,300,404,0.7425742574257426
painting_humanart_10000000005315.jpg,300,411,0.7299270072992701
painting_humanart_10000000005322.jpg,300,395,0.759493670886076
painting_humanart_10000000005328.jpg,300,397,0.7556675062972292
painting_humanart_1000000000533.jpg,770,714,1.0784313725490196
painting_humanart_1000000000534.jpg,527,765,0.6888888888888889
painting_humanart_10000000005343.jpg,417,300,1.39
painting_humanart_10000000005349.jpg,300,404,0.7425742574257426
painting_humanart_10000000005360.jpg,300,395,0.759493670886076
painting_humanart_10000000005369.jpg,300,425,0.7058823529411765
painting_humanart_10000000005378.jpg,265,1500,0.17666666666666667
painting_humanart_10000000005385.jpg,300,1559,0.19243104554201412
painting_humanart_10000000005410.jpg,300,374,0.8021390374331551
painting_humanart_10000000005412.jpg,300,656,0.4573170731707317
painting_humanart_10000000005425.jpg,300,378,0.7936507936507936
painting_humanart_10000000005427.jpg,300,407,0.7371007371007371
painting_humanart_10000000005433.jpg,88,450,0.19555555555555557
painting_humanart_10000000005435.jpg,300,406,0.7389162561576355
painting_humanart_10000000005436.jpg,463,300,1.5433333333333332
painting_humanart_10000000005440.jpg,300,397,0.7556675062972292
painting_humanart_10000000005441.jpg,300,384,0.78125
painting_humanart_10000000005443.jpg,451,300,1.5033333333333334
painting_humanart_10000000005444.jpg,402,300,1.34
painting_humanart_10000000005453.jpg,300,381,0.7874015748031497
painting_humanart_10000000005462.jpg,300,430,0.6976744186046512
painting_humanart_10000000005465.jpg,300,421,0.7125890736342043
painting_humanart_10000000005466.jpg,300,404,0.7425742574257426
painting_humanart_10000000005467.jpg,300,399,0.7518796992481203
painting_humanart_1000000000547.jpg,400,424,0.9433962264150944
painting_humanart_10000000005471.jpg,300,401,0.7481296758104738
painting_humanart_10000000005486.jpg,300,1494,0.20080321285140562
painting_humanart_10000000005494.jpg,300,1459,0.20562028786840303
painting_humanart_10000000005497.jpg,300,371,0.8086253369272237
painting_humanart_10000000005500.jpg,300,373,0.8042895442359249
painting_humanart_10000000005502.jpg,300,403,0.7444168734491315
painting_humanart_10000000005515.jpg,300,404,0.7425742574257426
painting_humanart_10000000005516.jpg,300,410,0.7317073170731707
painting_humanart_10000000005517.jpg,300,406,0.7389162561576355
painting_humanart_1000000000554.jpg,1770,2500,0.708
painting_humanart_10000000005543.jpg,300,396,0.7575757575757576
painting_humanart_10000000005550.jpg,300,402,0.746268656716418
painting_humanart_1000000000556.jpg,1280,1806,0.70874861572536
painting_humanart_10000000005569.jpg,300,375,0.8
painting_humanart_10000000005574.jpg,300,378,0.7936507936507936
painting_humanart_10000000005584.jpg,300,371,0.8086253369272237
painting_humanart_1000000000559.jpg,1813,2500,0.7252
painting_humanart_10000000005597.jpg,300,415,0.7228915662650602
painting_humanart_10000000005598.jpg,300,445,0.6741573033707865
painting_humanart_1000000000560.jpg,2500,1720,1.4534883720930232
painting_humanart_10000000005604.jpg,300,395,0.759493670886076
painting_humanart_10000000005605.jpg,300,395,0.759493670886076
painting_humanart_10000000005606.jpg,300,401,0.7481296758104738
painting_humanart_10000000005610.jpg,300,399,0.7518796992481203
painting_humanart_10000000005636.jpg,300,407,0.7371007371007371
painting_humanart_10000000005639.jpg,300,356,0.8426966292134831
painting_humanart_10000000005649.jpg,446,300,1.4866666666666666
painting_humanart_10000000005650.jpg,300,417,0.7194244604316546
painting_humanart_10000000005651.jpg,300,428,0.7009345794392523
painting_humanart_1000000000566.jpg,1667,2500,0.6668
painting_humanart_10000000005663.jpg,300,520,0.5769230769230769
painting_humanart_10000000005664.jpg,300,416,0.7211538461538461
painting_humanart_10000000005667.jpg,300,376,0.7978723404255319
painting_humanart_10000000005675.jpg,300,405,0.7407407407407407
painting_humanart_1000000000569.jpg,1875,2500,0.75
painting_humanart_10000000005698.jpg,273,1500,0.182
painting_humanart_10000000005704.jpg,300,427,0.702576112412178
painting_humanart_10000000005706.jpg,300,383,0.783289817232376
painting_humanart_10000000005707.jpg,300,427,0.702576112412178
painting_humanart_10000000005708.jpg,300,420,0.7142857142857143
painting_humanart_10000000005711.jpg,300,437,0.6864988558352403
painting_humanart_10000000005715.jpg,300,480,0.625
painting_humanart_10000000005724.jpg,300,437,0.6864988558352403
painting_humanart_10000000005728.jpg,300,399,0.7518796992481203
painting_humanart_10000000005730.jpg,300,442,0.6787330316742082
painting_humanart_10000000005736.jpg,300,420,0.7142857142857143
painting_humanart_1000000000574.jpg,1875,2500,0.75
painting_humanart_1000000000575.jpg,1722,2500,0.6888
painting_humanart_1000000000576.jpg,1752,2500,0.7008
painting_humanart_10000000005760.jpg,280,1500,0.18666666666666668
painting_humanart_10000000005786.jpg,300,396,0.7575757575757576
painting_humanart_10000000005808.jpg,297,1500,0.198
painting_humanart_10000000005821.jpg,300,405,0.7407407407407407
painting_humanart_10000000005829.jpg,300,1380,0.21739130434782608
painting_humanart_1000000000584.jpg,1280,1465,0.8737201365187713
painting_humanart_10000000005853.jpg,300,1494,0.20080321285140562
painting_humanart_1000000000586.jpg,1830,2500,0.732
painting_humanart_10000000005860.jpg,286,1500,0.19066666666666668
painting_humanart_10000000005861.jpg,300,450,0.6666666666666666
painting_humanart_10000000005867.jpg,300,396,0.7575757575757576
painting_humanart_10000000005869.jpg,300,400,0.75
painting_humanart_10000000005871.jpg,300,402,0.746268656716418
painting_humanart_10000000005875.jpg,300,415,0.7228915662650602
painting_humanart_1000000000589.jpg,2500,1850,1.3513513513513513
painting_humanart_1000000000591.jpg,2500,1861,1.3433637829124128
painting_humanart_10000000005916.jpg,300,402,0.746268656716418
painting_humanart_10000000005917.jpg,300,447,0.6711409395973155
painting_humanart_10000000005918.jpg,300,434,0.6912442396313364
painting_humanart_1000000000592.jpg,1711,2500,0.6844
painting_humanart_10000000005923.jpg,300,431,0.6960556844547564
painting_humanart_10000000005924.jpg,300,441,0.6802721088435374
painting_humanart_10000000005928.jpg,300,402,0.746268656716418
painting_humanart_10000000005934.jpg,300,428,0.7009345794392523
painting_humanart_10000000005943.jpg,146,750,0.19466666666666665
painting_humanart_10000000005945.jpg,278,1500,0.18533333333333332
painting_humanart_10000000005950.jpg,300,1515,0.19801980198019803
painting_humanart_10000000005952.jpg,300,414,0.7246376811594203
painting_humanart_10000000005955.jpg,300,446,0.672645739910314
painting_humanart_10000000005956.jpg,300,424,0.7075471698113207
painting_humanart_10000000005957.jpg,300,412,0.7281553398058253
painting_humanart_10000000005971.jpg,300,401,0.7481296758104738
painting_humanart_10000000005972.jpg,162,1024,0.158203125
painting_humanart_10000000005973.jpg,128,750,0.17066666666666666
painting_humanart_10000000005975.jpg,300,450,0.6666666666666666
painting_humanart_10000000005976.jpg,300,437,0.6864988558352403
painting_humanart_1000000000598.jpg,1280,1732,0.7390300230946882
painting_humanart_10000000005986.jpg,300,396,0.7575757575757576
painting_humanart_10000000005987.jpg,300,407,0.7371007371007371
painting_humanart_10000000005998.jpg,300,394,0.7614213197969543
painting_humanart_10000000006001.jpg,300,398,0.7537688442211056
painting_humanart_10000000006002.jpg,300,408,0.7352941176470589
painting_humanart_10000000006005.jpg,300,410,0.7317073170731707
painting_humanart_10000000006007.jpg,300,442,0.6787330316742082
painting_humanart_10000000006015.jpg,300,451,0.6651884700665188
painting_humanart_10000000006033.jpg,300,400,0.75
painting_humanart_10000000006039.jpg,300,449,0.6681514476614699
painting_humanart_10000000006046.jpg,300,1490,0.20134228187919462
painting_humanart_10000000006056.jpg,339,300,1.13
painting_humanart_10000000006059.jpg,300,412,0.7281553398058253
painting_humanart_10000000006072.jpg,280,1500,0.18666666666666668
painting_humanart_10000000006083.jpg,300,389,0.7712082262210797
painting_humanart_10000000006088.jpg,136,750,0.18133333333333335
painting_humanart_10000000006089.jpg,300,398,0.7537688442211056
painting_humanart_10000000006090.jpg,300,397,0.7556675062972292
painting_humanart_10000000006095.jpg,300,446,0.672645739910314
painting_humanart_1000000000610.jpg,584,900,0.6488888888888888
painting_humanart_10000000006102.jpg,300,399,0.7518796992481203
painting_humanart_10000000006111.jpg,300,434,0.6912442396313364
painting_humanart_10000000006117.jpg,276,1500,0.184
painting_humanart_10000000006119.jpg,300,404,0.7425742574257426
painting_humanart_10000000006120.jpg,300,300,1.0
painting_humanart_10000000006133.jpg,278,1500,0.18533333333333332
painting_humanart_10000000006138.jpg,300,407,0.7371007371007371
painting_humanart_10000000006141.jpg,300,425,0.7058823529411765
painting_humanart_10000000006144.jpg,419,300,1.3966666666666667
painting_humanart_10000000006152.jpg,300,415,0.7228915662650602
painting_humanart_10000000006157.jpg,300,445,0.6741573033707865
painting_humanart_10000000006169.jpg,300,433,0.6928406466512702
painting_humanart_10000000006171.jpg,433,300,1.4433333333333334
painting_humanart_1000000000618.jpg,1024,1366,0.7496339677891655
painting_humanart_10000000006183.jpg,300,394,0.7614213197969543
painting_humanart_10000000006184.jpg,300,407,0.7371007371007371
painting_humanart_10000000006189.jpg,300,395,0.759493670886076
painting_humanart_10000000006194.jpg,300,410,0.7317073170731707
painting_humanart_10000000006203.jpg,300,405,0.7407407407407407
painting_humanart_1000000000621.jpg,600,933,0.6430868167202572
painting_humanart_10000000006210.jpg,300,404,0.7425742574257426
painting_humanart_10000000006212.jpg,300,436,0.6880733944954128
painting_humanart_10000000006216.jpg,300,1447,0.2073255010366275
painting_humanart_10000000006217.jpg,300,400,0.75
painting_humanart_10000000006220.jpg,300,1442,0.20804438280166435
painting_humanart_10000000006227.jpg,300,401,0.7481296758104738
painting_humanart_1000000000623.jpg,629,800,0.78625
painting_humanart_10000000006247.jpg,300,391,0.7672634271099744
painting_humanart_10000000006251.jpg,179,1000,0.179
painting_humanart_10000000006259.jpg,300,440,0.6818181818181818
painting_humanart_10000000006260.jpg,325,300,1.0833333333333333
painting_humanart_10000000006261.jpg,275,1500,0.18333333333333332
painting_humanart_10000000006263.jpg,300,1634,0.1835985312117503
painting_humanart_10000000006267.jpg,300,417,0.7194244604316546
painting_humanart_10000000006276.jpg,300,425,0.7058823529411765
painting_humanart_10000000006281.jpg,300,402,0.746268656716418
painting_humanart_1000000000630.jpg,532,700,0.76
painting_humanart_10000000006314.jpg,300,418,0.7177033492822966
painting_humanart_10000000006324.jpg,82,450,0.18222222222222223
painting_humanart_10000000006327.jpg,300,406,0.7389162561576355
painting_humanart_1000000000633.jpg,550,862,0.6380510440835266
painting_humanart_10000000006331.jpg,300,392,0.7653061224489796
painting_humanart_10000000006334.jpg,407,300,1.3566666666666667
painting_humanart_10000000006339.jpg,300,416,0.7211538461538461
painting_humanart_10000000006340.jpg,300,425,0.7058823529411765
painting_humanart_10000000006344.jpg,300,403,0.7444168734491315
painting_humanart_10000000006345.jpg,300,423,0.7092198581560284
painting_humanart_1000000000635.jpg,481,752,0.6396276595744681
painting_humanart_10000000006351.jpg,278,1500,0.18533333333333332
painting_humanart_10000000006354.jpg,300,404,0.7425742574257426
painting_humanart_1000000000638.jpg,478,749,0.6381842456608812
painting_humanart_10000000006383.jpg,300,472,0.635593220338983
painting_humanart_10000000006387.jpg,300,430,0.6976744186046512
painting_humanart_1000000000639.jpg,515,900,0.5722222222222222
painting_humanart_10000000006392.jpg,300,453,0.6622516556291391
painting_humanart_10000000006405.jpg,300,413,0.7263922518159807
painting_humanart_1000000000641.jpg,533,700,0.7614285714285715
painting_humanart_10000000006418.jpg,300,394,0.7614213197969543
painting_humanart_10000000006426.jpg,300,417,0.7194244604316546
painting_humanart_1000000000643.jpg,654,900,0.7266666666666667
painting_humanart_10000000006439.jpg,143,800,0.17875
painting_humanart_10000000006441.jpg,300,404,0.7425742574257426
painting_humanart_10000000006448.jpg,300,1541,0.1946787800129786
painting_humanart_10000000006450.jpg,300,397,0.7556675062972292
painting_humanart_10000000006453.jpg,278,1500,0.18533333333333332
painting_humanart_10000000006456.jpg,300,1347,0.22271714922049
painting_humanart_10000000006458.jpg,300,388,0.7731958762886598
painting_humanart_10000000006478.jpg,300,963,0.3115264797507788
painting_humanart_10000000006485.jpg,445,300,1.4833333333333334
painting_humanart_1000000000649.jpg,649,950,0.6831578947368421
painting_humanart_10000000006497.jpg,83,450,0.18444444444444444
painting_humanart_1000000000650.jpg,700,700,1.0
painting_humanart_10000000006500.jpg,300,417,0.7194244604316546
painting_humanart_10000000006505.jpg,300,414,0.7246376811594203
painting_humanart_10000000006517.jpg,300,435,0.6896551724137931
painting_humanart_10000000006519.jpg,300,432,0.6944444444444444
painting_humanart_10000000006522.jpg,178,1000,0.178
painting_humanart_10000000006525.jpg,341,300,1.1366666666666667
painting_humanart_10000000006526.jpg,300,1524,0.1968503937007874
painting_humanart_1000000000653.jpg,518,1000,0.518
painting_humanart_1000000000654.jpg,566,1000,0.566
painting_humanart_10000000006542.jpg,400,300,1.3333333333333333
painting_humanart_10000000006545.jpg,300,395,0.759493670886076
painting_humanart_1000000000655.jpg,644,900,0.7155555555555555
painting_humanart_10000000006555.jpg,300,409,0.7334963325183375
painting_humanart_10000000006556.jpg,81,450,0.18
painting_humanart_10000000006562.jpg,300,644,0.4658385093167702
painting_humanart_10000000006566.jpg,300,672,0.44642857142857145
painting_humanart_10000000006568.jpg,300,645,0.46511627906976744
painting_humanart_1000000000657.jpg,578,800,0.7225
painting_humanart_1000000000658.jpg,500,677,0.7385524372230429
painting_humanart_1000000000659.jpg,571,800,0.71375
painting_humanart_10000000006594.jpg,300,649,0.4622496147919877
painting_humanart_10000000006597.jpg,300,450,0.6666666666666666
painting_humanart_10000000006599.jpg,300,635,0.47244094488188976
painting_humanart_10000000006609.jpg,300,326,0.9202453987730062
painting_humanart_10000000006610.jpg,300,611,0.4909983633387889
painting_humanart_1000000000662.jpg,517,800,0.64625
painting_humanart_10000000006625.jpg,300,659,0.4552352048558422
painting_humanart_10000000006626.jpg,300,639,0.4694835680751174
painting_humanart_1000000000663.jpg,517,800,0.64625
painting_humanart_1000000000665.jpg,484,800,0.605
painting_humanart_1000000000667.jpg,352,694,0.5072046109510087
painting_humanart_1000000000669.jpg,377,900,0.41888888888888887
painting_humanart_1000000000671.jpg,550,795,0.6918238993710691
painting_humanart_1000000000676.jpg,373,612,0.6094771241830066
painting_humanart_1000000000677.jpg,400,570,0.7017543859649122
painting_humanart_1000000000681.jpg,559,750,0.7453333333333333
painting_humanart_1000000000682.jpg,380,615,0.6178861788617886
painting_humanart_1000000000688.jpg,286,400,0.715
painting_humanart_1000000000694.jpg,650,457,1.4223194748358863
painting_humanart_1000000000698.jpg,577,800,0.72125
painting_humanart_1000000000700.jpg,340,550,0.6181818181818182
painting_humanart_1000000000702.jpg,470,700,0.6714285714285714
painting_humanart_1000000000708.jpg,575,800,0.71875
painting_humanart_1000000000711.jpg,523,700,0.7471428571428571
painting_humanart_1000000000717.jpg,586,800,0.7325
painting_humanart_1000000000725.jpg,800,479,1.6701461377870563
painting_humanart_1000000000726.jpg,500,700,0.7142857142857143
painting_humanart_1000000000729.jpg,611,800,0.76375
painting_humanart_1000000000730.jpg,650,422,1.5402843601895735
painting_humanart_1000000000731.jpg,554,600,0.9233333333333333
painting_humanart_1000000000734.jpg,554,800,0.6925
painting_humanart_1000000000751.jpg,600,1127,0.5323868677905945
painting_humanart_1000000000754.jpg,1024,1449,0.7066942719116632
painting_humanart_1000000000755.jpg,1024,1449,0.7066942719116632
painting_humanart_1000000000758.jpg,1200,1695,0.7079646017699115
painting_humanart_1000000000763.jpg,1036,1235,0.8388663967611336
painting_humanart_1000000000766.jpg,1200,1153,1.0407632263660018
painting_humanart_1000000000770.jpg,945,1386,0.6818181818181818
painting_humanart_1000000000771.jpg,990,707,1.4002828854314002
painting_humanart_1000000000778.jpg,1118,824,1.3567961165048543
painting_humanart_1000000000782.jpg,651,705,0.9234042553191489
painting_humanart_1000000000787.jpg,1590,1001,1.5884115884115884
painting_humanart_1000000000788.jpg,800,1128,0.7092198581560284
painting_humanart_1000000000792.jpg,1127,813,1.3862238622386225
painting_humanart_1000000000796.jpg,836,1096,0.7627737226277372
painting_humanart_1000000000797.jpg,1103,900,1.2255555555555555
painting_humanart_1000000000800.jpg,1253,935,1.3401069518716577
painting_humanart_1000000000804.jpg,753,1211,0.6218001651527663
painting_humanart_1000000000805.jpg,451,842,0.5356294536817102
painting_humanart_1000000000806.jpg,1232,836,1.4736842105263157
painting_humanart_1000000000810.jpg,585,811,0.7213316892725031
painting_humanart_1000000000816.jpg,413,760,0.5434210526315789
painting_humanart_1000000000818.jpg,949,739,1.284167794316644
painting_humanart_1000000000824.jpg,988,741,1.3333333333333333
painting_humanart_1000000000845.jpg,1753,933,1.8788853161843515
painting_humanart_1000000000848.jpg,371,731,0.5075239398084815
painting_humanart_1000000000850.jpg,580,684,0.847953216374269
painting_humanart_1000000000851.jpg,711,896,0.7935267857142857
painting_humanart_1000000000852.jpg,600,665,0.9022556390977443
painting_humanart_1000000000854.jpg,355,703,0.5049786628733998
painting_humanart_1000000000856.jpg,809,603,1.341625207296849
painting_humanart_1000000000857.jpg,720,579,1.2435233160621761
painting_humanart_1000000000860.jpg,824,578,1.42560553633218
painting_humanart_1000000000861.jpg,730,780,0.9358974358974359
painting_humanart_1000000000865.jpg,395,722,0.5470914127423823
painting_humanart_1000000000867.jpg,900,632,1.4240506329113924
painting_humanart_1000000000872.jpg,591,740,0.7986486486486486
painting_humanart_1000000000877.jpg,1169,1654,0.7067714631197098
painting_humanart_1000000000879.jpg,1169,1654,0.7067714631197098
painting_humanart_1000000000897.jpg,1003,1522,0.6590013140604468
painting_humanart_1000000000900.jpg,1024,1454,0.7042640990371389
painting_humanart_1000000000914.jpg,830,1170,0.7094017094017094
painting_humanart_1000000000915.jpg,825,1164,0.7087628865979382
painting_humanart_1000000000916.jpg,824,1170,0.7042735042735043
painting_humanart_1000000000925.jpg,828,1150,0.72
painting_humanart_1000000000949.jpg,900,883,1.0192525481313703
painting_humanart_1000000000950.jpg,900,643,1.3996889580093312
painting_humanart_1000000000955.jpg,824,1169,0.7048759623609923
painting_humanart_1000000000958.jpg,750,1104,0.6793478260869565
painting_humanart_1000000000970.jpg,604,900,0.6711111111111111
painting_humanart_1000000000972.jpg,604,900,0.6711111111111111
painting_humanart_1000000000977.jpg,604,900,0.6711111111111111
painting_humanart_1000000000988.jpg,700,959,0.7299270072992701
painting_humanart_1000000000993.jpg,547,800,0.68375
painting_humanart_1000000001014.jpg,600,849,0.7067137809187279
painting_humanart_1000000001030.jpg,600,849,0.7067137809187279
painting_humanart_1000000001040.jpg,600,791,0.7585335018963337
painting_humanart_1000000001045.jpg,1200,825,1.4545454545454546
painting_humanart_1000000001051.jpg,1200,825,1.4545454545454546
painting_humanart_1000000001057.jpg,400,275,1.4545454545454546
painting_humanart_1000000001067.jpg,400,275,1.4545454545454546
painting_humanart_1000000001075.jpg,400,275,1.4545454545454546
painting_humanart_1000000001076.jpg,400,276,1.4492753623188406
painting_humanart_1000000001081.jpg,400,276,1.4492753623188406
painting_humanart_1000000001091.jpg,1000,764,1.3089005235602094
painting_humanart_1000000001099.jpg,900,693,1.2987012987012987
painting_humanart_1000000001102.jpg,1024,792,1.292929292929293
painting_humanart_1000000001103.jpg,700,700,1.0
painting_humanart_1000000001105.jpg,1024,1326,0.7722473604826546
painting_humanart_1000000001106.jpg,1024,1400,0.7314285714285714
painting_humanart_1000000001108.jpg,1024,1326,0.7722473604826546
painting_humanart_1000000001132.jpg,400,300,1.3333333333333333
painting_humanart_1000000001134.jpg,170,210,0.8095238095238095
painting_humanart_1000000001138.jpg,250,170,1.4705882352941178
painting_humanart_1000000001140.jpg,270,108,2.5
painting_humanart_1000000001141.jpg,250,123,2.032520325203252
painting_humanart_1000000001142.jpg,250,142,1.7605633802816902
painting_humanart_1000000001144.jpg,617,647,0.9536321483771252
painting_humanart_1000000001167.jpg,800,915,0.8743169398907104
painting_humanart_1000000001186.jpg,1200,1074,1.1173184357541899
painting_humanart_1000000001188.jpg,1104,2000,0.552
painting_humanart_1000000001192.jpg,1063,864,1.2303240740740742
painting_humanart_1000000001203.jpg,1096,726,1.5096418732782368
painting_humanart_1000000001206.jpg,567,800,0.70875
painting_humanart_1000000001207.jpg,1064,900,1.1822222222222223
painting_humanart_1000000001211.jpg,504,900,0.56
painting_humanart_1000000001220.jpg,1271,1119,1.1358355674709562
painting_humanart_1000000001221.jpg,609,1453,0.41913282863041984
painting_humanart_1000000001222.jpg,1920,2082,0.9221902017291066
painting_humanart_1000000001223.jpg,1254,2109,0.5945945945945946
painting_humanart_1000000001225.jpg,1052,1262,0.8335974643423137
painting_humanart_1000000001226.jpg,1024,1118,0.9159212880143113
painting_humanart_1000000001233.jpg,1160,1560,0.7435897435897436
painting_humanart_1000000001242.jpg,1024,1084,0.9446494464944649
painting_humanart_1000000001243.jpg,1024,1346,0.7607726597325408
painting_humanart_1000000001245.jpg,1461,1920,0.7609375
painting_humanart_1000000001248.jpg,2413,2813,0.8578030572342694
painting_humanart_1000000001250.jpg,2583,2286,1.1299212598425197
painting_humanart_1000000001261.jpg,1280,1694,0.755608028335301
painting_humanart_1000000001266.jpg,1280,707,1.8104667609618104
painting_humanart_1000000001267.jpg,965,1800,0.5361111111111111
painting_humanart_1000000001269.jpg,1030,1630,0.6319018404907976
painting_humanart_1000000001273.jpg,1600,2405,0.6652806652806653
painting_humanart_1000000001279.jpg,1600,1218,1.3136288998357963
painting_humanart_1000000001286.jpg,1000,1600,0.625
painting_humanart_1000000001288.jpg,900,856,1.0514018691588785
painting_humanart_1000000001289.jpg,800,800,1.0
painting_humanart_1000000001291.jpg,812,800,1.015
painting_humanart_1000000001296.jpg,1280,1836,0.6971677559912854
painting_humanart_1000000001297.jpg,1280,1697,0.7542722451384797
painting_humanart_1000000001302.jpg,1280,1168,1.095890410958904
painting_humanart_1000000001375.jpg,329,573,0.5741710296684118
painting_humanart_1000000001377.jpg,840,1221,0.687960687960688
painting_humanart_1000000001378.jpg,1066,1200,0.8883333333333333
painting_humanart_1000000001379.jpg,776,1110,0.6990990990990991
painting_humanart_1000000001383.jpg,1040,1040,1.0
painting_humanart_1000000001385.jpg,1040,1148,0.9059233449477352
painting_humanart_1000000001389.jpg,883,634,1.3927444794952681
painting_humanart_1000000001391.jpg,1040,1170,0.8888888888888888
painting_humanart_1000000001393.jpg,956,1169,0.8177929854576561
painting_humanart_1000000001396.jpg,853,804,1.0609452736318408
painting_humanart_1000000001403.jpg,780,1040,0.75
painting_humanart_1000000001407.jpg,780,1040,0.75
painting_humanart_1000000001421.jpg,902,964,0.9356846473029046
painting_humanart_1000000001438.jpg,1092,1303,0.8380660015349194
painting_humanart_1000000001444.jpg,900,1256,0.7165605095541401
painting_humanart_1000000001447.jpg,1040,780,1.3333333333333333
painting_humanart_1000000001452.jpg,780,1040,0.75
painting_humanart_1000000001453.jpg,780,1040,0.75
painting_humanart_1000000001459.jpg,1046,811,1.2897657213316893
painting_humanart_1000000001464.jpg,966,657,1.4703196347031964
painting_humanart_1000000001466.jpg,600,800,0.75
painting_humanart_1000000001473.jpg,723,1006,0.7186878727634195
painting_humanart_1000000001474.jpg,1116,1258,0.8871224165341812
painting_humanart_1000000001475.jpg,720,1052,0.6844106463878327
painting_humanart_1000000001480.jpg,702,1002,0.7005988023952096
painting_humanart_1000000001482.jpg,914,1040,0.8788461538461538
painting_humanart_1000000001483.jpg,780,1040,0.75
painting_humanart_1000000001492.jpg,1024,1500,0.6826666666666666
painting_humanart_1000000001497.jpg,1024,1298,0.7889060092449923
painting_humanart_1000000001509.jpg,1024,1298,0.7889060092449923
painting_humanart_1000000001527.jpg,1024,1368,0.7485380116959064
painting_humanart_1000000001528.jpg,1024,1169,0.8759623609923011
painting_humanart_1000000001529.jpg,600,777,0.7722007722007722
painting_humanart_1000000001532.jpg,600,822,0.7299270072992701
painting_humanart_1000000001535.jpg,600,760,0.7894736842105263
painting_humanart_1000000001536.jpg,600,822,0.7299270072992701
painting_humanart_1000000001539.jpg,600,774,0.7751937984496124
painting_humanart_1000000001542.jpg,650,752,0.8643617021276596
painting_humanart_1000000001547.jpg,639,1000,0.639
painting_humanart_1000000001548.jpg,800,1178,0.6791171477079796
painting_humanart_1000000001560.jpg,800,1036,0.7722007722007722
painting_humanart_1000000001563.jpg,1536,1536,1.0
painting_humanart_1000000001567.jpg,1600,1004,1.593625498007968
painting_humanart_1000000001569.jpg,1280,2419,0.5291442744935924
painting_humanart_1000000001577.jpg,1600,1424,1.1235955056179776
painting_humanart_1000000001584.jpg,1280,1824,0.7017543859649122
painting_humanart_1000000001588.jpg,1600,2078,0.7699711260827719
painting_humanart_1000000001594.jpg,1600,2726,0.586940572267058
painting_humanart_1000000001596.jpg,1600,3136,0.5102040816326531
painting_humanart_1000000001600.jpg,718,1503,0.47771124417831007
painting_humanart_1000000001608.jpg,675,1024,0.6591796875
painting_humanart_1000000001614.jpg,675,1024,0.6591796875
painting_humanart_1000000001619.jpg,675,1024,0.6591796875
painting_humanart_1000000001620.jpg,1280,1897,0.6747496046389035
painting_humanart_1000000001621.jpg,643,1024,0.6279296875
painting_humanart_1000000001622.jpg,663,1024,0.6474609375
painting_humanart_1000000001635.jpg,1032,1566,0.6590038314176245
painting_humanart_1000000001639.jpg,675,1024,0.6591796875
painting_humanart_1000000001641.jpg,675,1024,0.6591796875
painting_humanart_1000000001644.jpg,1280,1969,0.6500761808024378
painting_humanart_1000000001646.jpg,675,1024,0.6591796875
painting_humanart_1000000001650.jpg,663,1024,0.6474609375
painting_humanart_1000000001654.jpg,675,1024,0.6591796875
painting_humanart_1000000001658.jpg,664,1024,0.6484375
painting_humanart_1000000001660.jpg,671,1024,0.6552734375
painting_humanart_1000000001664.jpg,675,1024,0.6591796875
painting_humanart_1000000001665.jpg,675,1024,0.6591796875
painting_humanart_1000000001667.jpg,673,1024,0.6572265625
painting_humanart_1000000001669.jpg,675,1024,0.6591796875
painting_humanart_1000000001673.jpg,663,1024,0.6474609375
painting_humanart_1000000001676.jpg,675,1024,0.6591796875
painting_humanart_1000000001679.jpg,675,1024,0.6591796875
painting_humanart_1000000001684.jpg,670,1024,0.654296875
painting_humanart_1000000001686.jpg,675,1024,0.6591796875
painting_humanart_1000000001689.jpg,1024,768,1.3333333333333333
painting_humanart_1000000001690.jpg,675,1024,0.6591796875
painting_humanart_1000000001692.jpg,674,1024,0.658203125
painting_humanart_1000000001694.jpg,675,1024,0.6591796875
painting_humanart_1000000001696.jpg,666,1024,0.650390625
painting_humanart_1000000001699.jpg,1280,1969,0.6500761808024378
painting_humanart_1000000001700.jpg,1280,1969,0.6500761808024378
painting_humanart_1000000001701.jpg,1280,1969,0.6500761808024378
painting_humanart_1000000001705.jpg,1280,1969,0.6500761808024378
painting_humanart_1000000001720.jpg,740,1138,0.6502636203866432
painting_humanart_1000000001733.jpg,740,1122,0.6595365418894831
painting_humanart_1000000001743.jpg,1280,1969,0.6500761808024378
painting_humanart_1000000001751.jpg,1280,1968,0.6504065040650406
painting_humanart_1000000001762.jpg,740,1110,0.6666666666666666
painting_humanart_1000000001785.jpg,1711,1100,1.5554545454545454
painting_humanart_1000000001799.jpg,1280,1392,0.9195402298850575
painting_humanart_1000000001804.jpg,2284,2744,0.8323615160349854
painting_humanart_1000000001806.jpg,1280,1600,0.8
painting_humanart_1000000001807.jpg,1280,1433,0.8932309839497558
painting_humanart_1000000001808.jpg,1252,890,1.4067415730337078
painting_humanart_1000000001811.jpg,600,670,0.8955223880597015
painting_humanart_1000000001813.jpg,1280,1280,1.0
painting_humanart_1000000001814.jpg,1280,1642,0.7795371498172959
painting_humanart_1000000001815.jpg,2000,2000,1.0
painting_humanart_1000000001817.jpg,568,814,0.6977886977886978
painting_humanart_1000000001823.jpg,1000,1000,1.0
painting_humanart_1000000001831.jpg,1200,1200,1.0
painting_humanart_1000000001837.jpg,1096,952,1.1512605042016806
painting_humanart_1000000001839.jpg,1121,830,1.3506024096385543
painting_humanart_1000000001843.jpg,742,654,1.1345565749235473
painting_humanart_1000000001844.jpg,720,648,1.1111111111111112
painting_humanart_1000000001847.jpg,720,785,0.9171974522292994
painting_humanart_1000000001855.jpg,1024,642,1.5950155763239875
painting_humanart_1000000001857.jpg,900,1238,0.7269789983844911
painting_humanart_1000000001859.jpg,767,744,1.0309139784946237
painting_humanart_1000000001862.jpg,681,755,0.9019867549668874
painting_humanart_1000000001863.jpg,900,1080,0.8333333333333334
painting_humanart_1000000001867.jpg,680,796,0.8542713567839196
painting_humanart_1000000001872.jpg,800,1000,0.8
painting_humanart_1000000001873.jpg,1024,1106,0.9258589511754068
painting_humanart_1000000001875.jpg,800,1000,0.8
painting_humanart_1000000001877.jpg,800,1000,0.8
painting_humanart_1000000001881.jpg,677,635,1.0661417322834645
painting_humanart_1000000001884.jpg,984,394,2.49746192893401
painting_humanart_1000000001887.jpg,800,748,1.0695187165775402
painting_humanart_1000000001893.jpg,678,430,1.5767441860465117
painting_humanart_1000000001896.jpg,658,714,0.9215686274509803
painting_humanart_1000000001899.jpg,921,852,1.0809859154929577
painting_humanart_1000000001903.jpg,540,726,0.743801652892562
painting_humanart_1000000001907.jpg,589,616,0.9561688311688312
painting_humanart_1000000001911.jpg,800,720,1.1111111111111112
painting_humanart_1000000001912.jpg,600,600,1.0
painting_humanart_1000000001920.jpg,540,550,0.9818181818181818
painting_humanart_1000000001922.jpg,338,600,0.5633333333333334
painting_humanart_1000000001941.jpg,898,965,0.9305699481865285
painting_humanart_1000000001945.jpg,798,1313,0.6077684691546078
painting_humanart_1000000001948.jpg,700,871,0.8036739380022963
painting_humanart_1000000001949.jpg,798,744,1.0725806451612903
painting_humanart_1000000001962.jpg,798,1010,0.7900990099009901
painting_humanart_1000000001965.jpg,1000,863,1.1587485515643106
painting_humanart_1000000002009.jpg,1600,2216,0.7220216606498195
painting_humanart_1000000002026.jpg,2431,2769,0.8779342723004695
painting_humanart_1000000002030.jpg,3800,4600,0.8260869565217391
painting_humanart_1000000002043.jpg,900,1000,0.9
painting_humanart_1000000002045.jpg,1280,1427,0.8969866853538893
painting_humanart_1000000002050.jpg,1280,1662,0.7701564380264742
painting_humanart_1000000002054.jpg,1280,1711,0.7481005260081823
painting_humanart_1000000002065.jpg,1280,2010,0.6368159203980099
painting_humanart_1000000002073.jpg,1280,2049,0.6246949731576379
painting_humanart_1000000002109.jpg,655,1000,0.655
painting_humanart_1000000002113.jpg,600,874,0.6864988558352403
painting_humanart_1000000002116.jpg,978,1053,0.9287749287749287
painting_humanart_1000000002150.jpg,592,568,1.0422535211267605
painting_humanart_1000000002154.jpg,483,623,0.7752808988764045
painting_humanart_1000000002155.jpg,356,804,0.4427860696517413
painting_humanart_1000000002156.jpg,425,489,0.869120654396728
painting_humanart_1000000002163.jpg,680,680,1.0
painting_humanart_1000000002175.jpg,594,680,0.8735294117647059
painting_humanart_1000000002178.jpg,581,685,0.8481751824817518
painting_humanart_1000000002181.jpg,596,665,0.8962406015037594
painting_humanart_1000000002190.jpg,746,525,1.420952380952381
painting_humanart_1000000002191.jpg,700,530,1.320754716981132
painting_humanart_1000000002202.jpg,1280,1707,0.7498535442296427
painting_humanart_1000000002203.jpg,1280,1494,0.856760374832664
painting_humanart_1000000002205.jpg,900,1200,0.75
painting_humanart_1000000002206.jpg,1280,1707,0.7498535442296427
painting_humanart_1000000002228.jpg,602,772,0.7797927461139896
painting_humanart_1000000002233.jpg,894,894,1.0
painting_humanart_1000000002244.jpg,850,1189,0.7148864592094197
painting_humanart_1000000002261.jpg,800,960,0.8333333333333334
painting_humanart_1000000002267.jpg,1280,1717,0.745486313337216
painting_humanart_1000000002273.jpg,1280,890,1.4382022471910112
painting_humanart_1000000002277.jpg,1250,2500,0.5
painting_humanart_1000000002278.jpg,1280,904,1.415929203539823
painting_humanart_1000000002294.jpg,1280,1340,0.9552238805970149
painting_humanart_1000000002296.jpg,1280,1280,1.0
painting_humanart_1000000002302.jpg,1280,2378,0.5382674516400336
painting_humanart_1000000002303.jpg,1280,1387,0.9228550829127613
painting_humanart_1000000002304.jpg,1280,1920,0.6666666666666666
painting_humanart_1000000002332.jpg,1280,854,1.4988290398126465
painting_humanart_1000000002348.jpg,1280,1241,1.031426269137792
painting_humanart_1000000002350.jpg,1280,721,1.7753120665742026
painting_humanart_1000000002351.jpg,1280,832,1.5384615384615385
painting_humanart_1000000002352.jpg,1042,2458,0.4239218877135883
painting_humanart_1000000002356.jpg,1250,3958,0.3158160687215765
painting_humanart_1000000002366.jpg,1208,2708,0.4460856720827179
painting_humanart_1000000002371.jpg,1104,3333,0.33123312331233123
painting_humanart_1000000002373.jpg,833,2292,0.3634380453752182
painting_humanart_1000000002376.jpg,1250,3542,0.35290796160361376
painting_humanart_1000000002383.jpg,1280,904,1.415929203539823
painting_humanart_1000000002385.jpg,1042,1458,0.7146776406035665
painting_humanart_1000000002387.jpg,1280,2560,0.5
painting_humanart_1000000002388.jpg,1042,2500,0.4168
painting_humanart_1000000002413.jpg,1280,1421,0.9007741027445461
painting_humanart_1000000002419.jpg,1280,1707,0.7498535442296427
painting_humanart_1000000002428.jpg,1280,1319,0.9704321455648218
painting_humanart_1000000002447.jpg,1280,1333,0.9602400600150037
painting_humanart_1000000002455.jpg,990,2000,0.495
painting_humanart_1000000002460.jpg,868,2000,0.434
painting_humanart_1000000002481.jpg,1280,1579,0.8106396453451552
painting_humanart_1000000002482.jpg,1280,1736,0.7373271889400922
painting_humanart_1000000002513.jpg,1280,1562,0.8194622279129321
painting_humanart_1000000002540.jpg,1280,1471,0.8701563562202583
painting_humanart_1000000002541.jpg,1280,2277,0.562143170838823
painting_humanart_1000000002542.jpg,1280,2016,0.6349206349206349
painting_humanart_1000000002543.jpg,1280,1550,0.8258064516129032
painting_humanart_1000000002558.jpg,1171,1417,0.826393789696542
painting_humanart_1000000002560.jpg,970,1417,0.68454481298518
painting_humanart_1000000002562.jpg,970,1417,0.68454481298518
painting_humanart_1000000002564.jpg,940,1417,0.6633733239237827
painting_humanart_1000000002565.jpg,900,1315,0.6844106463878327
painting_humanart_1000000002574.jpg,727,1094,0.6645338208409507
painting_humanart_1000000002577.jpg,1024,1568,0.6530612244897959
painting_humanart_1000000002586.jpg,732,1132,0.6466431095406361
painting_humanart_1000000002591.jpg,697,1053,0.6619183285849952
painting_humanart_1000000002594.jpg,563,851,0.6615746180963572
painting_humanart_1000000002596.jpg,1024,1459,0.7018505825908157
painting_humanart_1000000002604.jpg,800,1160,0.6896551724137931
painting_humanart_1000000002615.jpg,600,861,0.6968641114982579
painting_humanart_1000000002621.jpg,600,689,0.8708272859216255
painting_humanart_1000000002632.jpg,600,632,0.9493670886075949
painting_humanart_1000000002653.jpg,1600,1168,1.36986301369863
painting_humanart_1000000002666.jpg,1500,1477,1.015572105619499
painting_humanart_1000000002667.jpg,1280,1707,0.7498535442296427
painting_humanart_1000000002669.jpg,1200,1107,1.084010840108401
painting_humanart_1000000002670.jpg,2000,1214,1.6474464579901154
painting_humanart_1000000002678.jpg,1024,1024,1.0
painting_humanart_1000000002680.jpg,900,1200,0.75
painting_humanart_1000000002682.jpg,800,1237,0.6467259498787389
painting_humanart_1000000002692.jpg,900,1289,0.6982156710628394
painting_humanart_1000000002694.jpg,1024,1229,0.8331977217249796
painting_humanart_1000000002695.jpg,1024,972,1.0534979423868314
painting_humanart_1000000002701.jpg,1024,1358,0.7540500736377025
painting_humanart_1000000002703.jpg,1024,1988,0.5150905432595574
painting_humanart_1000000002704.jpg,1024,824,1.2427184466019416
painting_humanart_1000000002708.jpg,1024,1152,0.8888888888888888
painting_humanart_1000000002722.jpg,719,1025,0.7014634146341463
painting_humanart_1000000002724.jpg,1280,688,1.8604651162790697
painting_humanart_1000000002733.jpg,844,904,0.9336283185840708
painting_humanart_1000000002781.jpg,1000,732,1.366120218579235
painting_humanart_1000000002794.jpg,1280,1707,0.7498535442296427
painting_humanart_1000000002800.jpg,1280,1707,0.7498535442296427
painting_humanart_1000000002812.jpg,1280,960,1.3333333333333333
painting_humanart_1000000002816.jpg,1280,1707,0.7498535442296427
painting_humanart_1000000002820.jpg,1280,960,1.3333333333333333
painting_humanart_1000000002823.jpg,1280,960,1.3333333333333333
painting_humanart_1000000002826.jpg,1280,1707,0.7498535442296427
painting_humanart_1000000002828.jpg,1536,2048,0.75
painting_humanart_1000000002830.jpg,1280,1707,0.7498535442296427
painting_humanart_1000000002836.jpg,752,1063,0.7074317968015051
painting_humanart_1000000002837.jpg,1280,1707,0.7498535442296427
painting_humanart_1000000002851.jpg,1032,774,1.3333333333333333
painting_humanart_1000000002852.jpg,1032,774,1.3333333333333333
painting_humanart_1000000002856.jpg,1280,990,1.292929292929293
painting_humanart_1000000002866.jpg,864,1296,0.6666666666666666
painting_humanart_1000000002868.jpg,1379,1944,0.7093621399176955
painting_humanart_1000000002869.jpg,1280,1961,0.6527281998980112
painting_humanart_1000000002871.jpg,1280,1280,1.0
painting_humanart_1000000002887.jpg,1024,1585,0.6460567823343849
painting_humanart_1000000002888.jpg,1280,1280,1.0
painting_humanart_1000000002893.jpg,1280,1981,0.6461383139828369
painting_humanart_1000000002900.jpg,622,1083,0.5743305632502308
painting_humanart_1000000002946.jpg,1080,607,1.7792421746293245
painting_humanart_1000000002950.jpg,1080,607,1.7792421746293245
painting_humanart_1000000002970.jpg,1080,448,2.4107142857142856
painting_humanart_1000000002981.jpg,1080,675,1.6
painting_humanart_1000000003015.jpg,1080,607,1.7792421746293245
painting_humanart_1000000003028.jpg,1080,607,1.7792421746293245
painting_humanart_1000000003050.jpg,1080,607,1.7792421746293245
painting_humanart_1000000003064.jpg,1080,607,1.7792421746293245
painting_humanart_1000000003076.jpg,1024,576,1.7777777777777777
painting_humanart_1000000003079.jpg,1080,607,1.7792421746293245
painting_humanart_1000000003089.jpg,1080,607,1.7792421746293245
painting_humanart_1000000003102.jpg,1080,607,1.7792421746293245
painting_humanart_1000000003110.jpg,1080,607,1.7792421746293245
painting_humanart_1000000003112.jpg,1080,607,1.7792421746293245
painting_humanart_1000000003113.jpg,1080,630,1.7142857142857142
painting_humanart_1000000003115.jpg,1080,637,1.695447409733124
painting_humanart_1000000003116.jpg,1080,647,1.669242658423493
painting_humanart_1000000003118.jpg,1080,675,1.6
painting_humanart_1000000003124.jpg,1080,586,1.8430034129692834
painting_humanart_1000000003128.jpg,1080,607,1.7792421746293245
painting_humanart_1000000003133.jpg,550,400,1.375
painting_humanart_1000000003150.jpg,1080,607,1.7792421746293245
painting_humanart_1000000003165.jpg,1080,607,1.7792421746293245
painting_humanart_1000000003169.jpg,1024,576,1.7777777777777777
painting_humanart_1000000003186.jpg,1080,609,1.7733990147783252
painting_humanart_1000000003188.jpg,1080,675,1.6
painting_humanart_1000000003190.jpg,1024,576,1.7777777777777777
painting_humanart_1000000003196.jpg,1080,607,1.7792421746293245
painting_humanart_1000000003202.jpg,1024,576,1.7777777777777777
painting_humanart_1000000003208.jpg,1080,569,1.898066783831283
painting_humanart_1000000003209.jpg,1080,607,1.7792421746293245
painting_humanart_1000000003211.jpg,1023,552,1.8532608695652173
painting_humanart_1000000003215.jpg,1080,607,1.7792421746293245
painting_humanart_1000000003224.jpg,1080,607,1.7792421746293245
painting_humanart_1000000003235.jpg,1080,607,1.7792421746293245
painting_humanart_1000000003246.jpg,1024,576,1.7777777777777777
painting_humanart_1000000003248.jpg,1080,607,1.7792421746293245
painting_humanart_1000000003249.jpg,607,449,1.3518930957683741
painting_humanart_1000000003262.jpg,1080,1182,0.9137055837563451
painting_humanart_1000000003266.jpg,800,598,1.3377926421404682
painting_humanart_1000000003267.jpg,551,768,0.7174479166666666
painting_humanart_1000000003275.jpg,700,700,1.0
painting_humanart_1000000003290.jpg,1080,580,1.8620689655172413
painting_humanart_1000000003295.jpg,1080,580,1.8620689655172413
painting_humanart_1000000003303.jpg,1080,580,1.8620689655172413
painting_humanart_1000000003305.jpg,800,432,1.8518518518518519
painting_humanart_1000000003316.jpg,1080,580,1.8620689655172413
painting_humanart_1000000003318.jpg,1080,580,1.8620689655172413
painting_humanart_1000000003319.jpg,1024,560,1.8285714285714285
painting_humanart_1000000003337.jpg,1080,607,1.7792421746293245
painting_humanart_1000000003340.jpg,1080,607,1.7792421746293245
painting_humanart_1000000003350.jpg,1080,580,1.8620689655172413
painting_humanart_1000000003366.jpg,1080,582,1.8556701030927836
painting_humanart_1000000003379.jpg,1024,593,1.72681281618887
painting_humanart_1000000003381.jpg,1080,583,1.8524871355060035
painting_humanart_1000000003383.jpg,800,803,0.9962640099626401
painting_humanart_1000000003391.jpg,1080,583,1.8524871355060035
painting_humanart_1000000003395.jpg,750,400,1.875
painting_humanart_1000000003396.jpg,1080,584,1.8493150684931507
painting_humanart_1000000003404.jpg,1024,554,1.848375451263538
painting_humanart_1000000003410.jpg,1080,675,1.6
painting_humanart_1000000003412.jpg,1080,607,1.7792421746293245
painting_humanart_1000000003417.jpg,1080,584,1.8493150684931507
painting_humanart_1000000003476.jpg,1024,554,1.848375451263538
painting_humanart_1000000003484.jpg,1024,552,1.855072463768116
painting_humanart_1000000003487.jpg,1080,675,1.6
painting_humanart_1000000003501.jpg,1024,560,1.8285714285714285
painting_humanart_1000000003514.jpg,713,436,1.635321100917431
painting_humanart_1000000003533.jpg,1080,583,1.8524871355060035
painting_humanart_1000000003535.jpg,1080,583,1.8524871355060035
painting_humanart_1000000003536.jpg,1080,583,1.8524871355060035
painting_humanart_1000000003541.jpg,1024,560,1.8285714285714285
painting_humanart_1000000003583.jpg,1080,583,1.8524871355060035
painting_humanart_1000000003589.jpg,1080,498,2.1686746987951806
painting_humanart_1000000003615.jpg,1024,560,1.8285714285714285
painting_humanart_1000000003623.jpg,1024,560,1.8285714285714285
painting_humanart_1000000003625.jpg,1024,560,1.8285714285714285
painting_humanart_1000000003646.jpg,1080,581,1.8588640275387263
painting_humanart_1000000003652.jpg,1080,581,1.8588640275387263
painting_humanart_1000000003653.jpg,1080,581,1.8588640275387263
painting_humanart_1000000003684.jpg,1080,498,2.1686746987951806
painting_humanart_1000000003686.jpg,1080,498,2.1686746987951806
painting_humanart_1000000003700.jpg,1080,583,1.8524871355060035
painting_humanart_1000000003706.jpg,1080,583,1.8524871355060035
painting_humanart_1000000003712.jpg,1080,583,1.8524871355060035
painting_humanart_1000000003714.jpg,1080,583,1.8524871355060035
painting_humanart_1000000003726.jpg,1024,560,1.8285714285714285
painting_humanart_1000000003731.jpg,691,463,1.4924406047516199
painting_humanart_1000000003743.jpg,1024,560,1.8285714285714285
painting_humanart_1000000003769.jpg,1080,583,1.8524871355060035
painting_humanart_1000000003784.jpg,1080,371,2.9110512129380055
painting_humanart_1000000003810.jpg,709,400,1.7725
painting_humanart_1000000003870.jpg,1080,607,1.7792421746293245
painting_humanart_1000000003899.jpg,1080,503,2.147117296222664
painting_humanart_1000000003906.jpg,752,400,1.88
painting_humanart_1000000003912.jpg,1080,583,1.8524871355060035
painting_humanart_1000000003917.jpg,1080,614,1.758957654723127
painting_humanart_1000000003948.jpg,1080,607,1.7792421746293245
painting_humanart_1000000003955.jpg,1080,607,1.7792421746293245
painting_humanart_1000000003962.jpg,1080,582,1.8556701030927836
painting_humanart_1000000003972.jpg,1080,583,1.8524871355060035
painting_humanart_1000000003974.jpg,1080,585,1.8461538461538463
painting_humanart_1000000003986.jpg,1080,582,1.8556701030927836
painting_humanart_1000000004026.jpg,1080,621,1.7391304347826086
painting_humanart_1000000004030.jpg,1080,582,1.8556701030927836
painting_humanart_1000000004036.jpg,1080,582,1.8556701030927836
painting_humanart_1000000004064.jpg,1080,582,1.8556701030927836
painting_humanart_1000000004078.jpg,1024,576,1.7777777777777777
painting_humanart_1000000004109.jpg,1080,607,1.7792421746293245
painting_humanart_1000000004110.jpg,1080,607,1.7792421746293245
painting_humanart_1000000004125.jpg,1080,810,1.3333333333333333
painting_humanart_1000000004126.jpg,1080,810,1.3333333333333333
painting_humanart_1000000004169.jpg,1080,607,1.7792421746293245
painting_humanart_1000000004187.jpg,1080,582,1.8556701030927836
painting_humanart_1000000004229.jpg,1080,582,1.8556701030927836
painting_humanart_1000000004232.jpg,1080,582,1.8556701030927836
painting_humanart_1000000004240.jpg,1080,582,1.8556701030927836
painting_humanart_1000000004254.jpg,1080,582,1.8556701030927836
painting_humanart_1000000004260.jpg,1080,582,1.8556701030927836
painting_humanart_1000000004261.jpg,1080,582,1.8556701030927836
painting_humanart_1000000004263.jpg,1080,582,1.8556701030927836
painting_humanart_1000000004264.jpg,1080,582,1.8556701030927836
painting_humanart_1000000004265.jpg,1080,582,1.8556701030927836
painting_humanart_1000000004290.jpg,1080,582,1.8556701030927836
painting_humanart_1000000004301.jpg,1080,582,1.8556701030927836
painting_humanart_1000000004318.jpg,1080,582,1.8556701030927836
painting_humanart_1000000004325.jpg,1080,582,1.8556701030927836
painting_humanart_1000000004334.jpg,1080,582,1.8556701030927836
painting_humanart_1000000004338.jpg,1080,607,1.7792421746293245
painting_humanart_1000000004353.jpg,1080,607,1.7792421746293245
painting_humanart_1000000004362.jpg,1080,607,1.7792421746293245
painting_humanart_1000000004383.jpg,1080,583,1.8524871355060035
painting_humanart_1000000004391.jpg,1080,452,2.3893805309734515
painting_humanart_1000000004416.jpg,1080,675,1.6
painting_humanart_1000000004430.jpg,1080,607,1.7792421746293245
painting_humanart_1000000004431.jpg,1080,607,1.7792421746293245
painting_humanart_1000000004434.jpg,1080,607,1.7792421746293245
painting_humanart_1000000004442.jpg,1080,607,1.7792421746293245
painting_humanart_1000000004461.jpg,1080,607,1.7792421746293245
painting_humanart_1000000004530.jpg,1080,607,1.7792421746293245
painting_humanart_1000000004558.jpg,1080,607,1.7792421746293245
painting_humanart_1000000004592.jpg,1022,575,1.777391304347826
painting_humanart_1000000004597.jpg,1022,575,1.777391304347826
painting_humanart_1000000004600.jpg,1022,575,1.777391304347826
painting_humanart_1000000004622.jpg,1080,450,2.4
painting_humanart_1000000004624.jpg,1080,450,2.4
painting_humanart_1000000004651.jpg,1080,447,2.4161073825503356
painting_humanart_1000000004658.jpg,1080,1637,0.6597434331093464
painting_humanart_1000000004666.jpg,1080,584,1.8493150684931507
painting_humanart_1000000004675.jpg,1080,607,1.7792421746293245
painting_humanart_1000000004685.jpg,1080,1637,0.6597434331093464
painting_humanart_1000000004704.jpg,1080,583,1.8524871355060035
painting_humanart_1000000004735.jpg,1080,583,1.8524871355060035
painting_humanart_1000000004745.jpg,1080,594,1.8181818181818181
painting_humanart_1000000004750.jpg,819,882,0.9285714285714286
painting_humanart_1000000004752.jpg,1080,582,1.8556701030927836
painting_humanart_1000000004761.jpg,1080,583,1.8524871355060035
painting_humanart_1000000004772.jpg,1080,583,1.8524871355060035
painting_humanart_1000000004774.jpg,1080,594,1.8181818181818181
painting_humanart_1000000004777.jpg,864,480,1.8
painting_humanart_1000000004782.jpg,1080,556,1.9424460431654675
painting_humanart_1000000004785.jpg,864,480,1.8
painting_humanart_1000000004796.jpg,864,480,1.8
painting_humanart_1000000004804.jpg,1080,583,1.8524871355060035
painting_humanart_1000000004820.jpg,883,498,1.7730923694779117
painting_humanart_1000000004834.jpg,1080,594,1.8181818181818181
painting_humanart_1000000004849.jpg,1080,583,1.8524871355060035
painting_humanart_1000000004869.jpg,1080,608,1.7763157894736843
painting_humanart_1000000004878.jpg,864,480,1.8
painting_humanart_1000000004883.jpg,864,480,1.8
painting_humanart_1000000004899.jpg,864,480,1.8
painting_humanart_1000000004904.jpg,1080,582,1.8556701030927836
painting_humanart_1000000004912.jpg,1080,487,2.217659137577002
painting_humanart_1000000004918.jpg,1080,581,1.8588640275387263
painting_humanart_1000000004927.jpg,1080,585,1.8461538461538463
painting_humanart_1000000004932.jpg,624,460,1.3565217391304347
painting_humanart_1000000004935.jpg,864,480,1.8
painting_humanart_1000000004948.jpg,1080,582,1.8556701030927836
painting_humanart_1000000004956.jpg,1080,582,1.8556701030927836
painting_humanart_1000000004958.jpg,1080,582,1.8556701030927836
painting_humanart_1000000004970.jpg,1080,608,1.7763157894736843
painting_humanart_1000000004978.jpg,1080,583,1.8524871355060035
painting_humanart_1000000004996.jpg,1080,583,1.8524871355060035
painting_humanart_1000000005009.jpg,1080,607,1.7792421746293245
painting_humanart_1000000005010.jpg,1080,607,1.7792421746293245
painting_humanart_1000000005011.jpg,1080,607,1.7792421746293245
painting_humanart_1000000005032.jpg,1080,607,1.7792421746293245
painting_humanart_1000000005048.jpg,720,480,1.5
painting_humanart_1000000005059.jpg,831,785,1.0585987261146497
painting_humanart_1000000005078.jpg,1024,560,1.8285714285714285
painting_humanart_1000000005081.jpg,1080,327,3.302752293577982
painting_humanart_1000000005088.jpg,850,890,0.9550561797752809
painting_humanart_1000000005092.jpg,873,988,0.8836032388663968
painting_humanart_1000000005114.jpg,848,480,1.7666666666666666
painting_humanart_1000000005124.jpg,1080,566,1.9081272084805654
painting_humanart_1000000005125.jpg,1080,607,1.7792421746293245
painting_humanart_1000000005159.jpg,1080,607,1.7792421746293245
painting_humanart_1000000005216.jpg,1080,607,1.7792421746293245
painting_humanart_1000000005250.jpg,1080,440,2.4545454545454546
painting_humanart_1000000005265.jpg,853,480,1.7770833333333333
painting_humanart_1000000005304.jpg,1080,607,1.7792421746293245
painting_humanart_1000000005306.jpg,1080,607,1.7792421746293245
painting_humanart_1000000005327.jpg,1080,607,1.7792421746293245
painting_humanart_1000000005336.jpg,1080,607,1.7792421746293245
painting_humanart_1000000005354.jpg,1080,607,1.7792421746293245
painting_humanart_1000000005355.jpg,1080,607,1.7792421746293245
painting_humanart_1000000005417.jpg,1080,607,1.7792421746293245
painting_humanart_1000000005504.jpg,1080,459,2.3529411764705883
painting_humanart_1000000005564.jpg,1024,601,1.7038269550748752
painting_humanart_1000000005566.jpg,1080,607,1.7792421746293245
painting_humanart_1000000005574.jpg,865,755,1.1456953642384107
painting_humanart_1000000005581.jpg,1024,576,1.7777777777777777
painting_humanart_1000000005643.jpg,1080,607,1.7792421746293245
painting_humanart_1000000005644.jpg,1080,451,2.3946784922394677
painting_humanart_1000000005646.jpg,868,738,1.1761517615176151
painting_humanart_1000000005652.jpg,1080,452,2.3893805309734515
painting_humanart_1000000005659.jpg,844,612,1.3790849673202614
painting_humanart_1000000005661.jpg,576,432,1.3333333333333333
painting_humanart_1000000005662.jpg,1044,522,2.0
painting_humanart_1000000005663.jpg,1044,522,2.0
painting_humanart_1000000005668.jpg,1044,522,2.0
painting_humanart_1000000005674.jpg,1080,440,2.4545454545454546
painting_humanart_1000000005680.jpg,1080,607,1.7792421746293245
painting_humanart_1000000005692.jpg,800,452,1.7699115044247788
painting_humanart_1000000005697.jpg,1044,522,2.0
painting_humanart_1000000005698.jpg,1044,522,2.0
painting_humanart_1000000005708.jpg,1044,522,2.0
painting_humanart_1000000005711.jpg,1044,522,2.0
painting_humanart_1000000005716.jpg,1080,607,1.7792421746293245
painting_humanart_1000000005718.jpg,1080,605,1.7851239669421488
painting_humanart_1000000005723.jpg,1080,605,1.7851239669421488
painting_humanart_1000000005726.jpg,1080,607,1.7792421746293245
painting_humanart_1000000005740.jpg,1080,607,1.7792421746293245
painting_humanart_1000000005758.jpg,1080,607,1.7792421746293245
painting_humanart_1000000005777.jpg,1080,607,1.7792421746293245
painting_humanart_1000000005780.jpg,1080,607,1.7792421746293245
painting_humanart_1000000005790.jpg,1080,607,1.7792421746293245
painting_humanart_1000000005793.jpg,1080,607,1.7792421746293245
painting_humanart_1000000005802.jpg,1080,607,1.7792421746293245
painting_humanart_1000000005827.jpg,1080,534,2.0224719101123596
painting_humanart_1000000005837.jpg,800,452,1.7699115044247788
painting_humanart_1000000005840.jpg,800,452,1.7699115044247788
painting_humanart_1000000005843.jpg,800,452,1.7699115044247788
painting_humanart_1000000005848.jpg,800,452,1.7699115044247788
painting_humanart_1000000005862.jpg,800,452,1.7699115044247788
painting_humanart_1000000005871.jpg,1044,522,2.0
painting_humanart_1000000005882.jpg,1044,522,2.0
painting_humanart_1000000005893.jpg,950,486,1.954732510288066
painting_humanart_1000000005902.jpg,1080,552,1.9565217391304348
painting_humanart_1000000005931.jpg,848,480,1.7666666666666666
painting_humanart_1000000005946.jpg,848,480,1.7666666666666666
painting_humanart_1000000005994.jpg,1080,583,1.8524871355060035
painting_humanart_1000000006024.jpg,1022,553,1.8481012658227849
painting_humanart_1000000006058.jpg,1080,607,1.7792421746293245
painting_humanart_1000000006115.jpg,1080,607,1.7792421746293245
painting_humanart_1000000006136.jpg,459,521,0.8809980806142035
painting_humanart_1000000006194.jpg,1080,585,1.8461538461538463
painting_humanart_1000000006211.jpg,848,480,1.7666666666666666
painting_humanart_1000000006218.jpg,1080,606,1.7821782178217822
painting_humanart_1000000006243.jpg,1024,560,1.8285714285714285
painting_humanart_1000000006263.jpg,743,400,1.8575
painting_humanart_1000000006310.jpg,1080,607,1.7792421746293245
painting_humanart_1000000006327.jpg,1080,607,1.7792421746293245
painting_humanart_1000000006362.jpg,946,534,1.7715355805243447
painting_humanart_1000000006385.jpg,995,699,1.4234620886981402
painting_humanart_1000000006399.jpg,608,448,1.3571428571428572
painting_humanart_1000000006411.jpg,1080,607,1.7792421746293245
painting_humanart_1000000006415.jpg,608,448,1.3571428571428572
painting_humanart_1000000006416.jpg,1080,675,1.6
painting_humanart_1000000006427.jpg,1080,607,1.7792421746293245
painting_humanart_1000000006442.jpg,1080,607,1.7792421746293245
painting_humanart_1000000006447.jpg,1080,607,1.7792421746293245
painting_humanart_1000000006450.jpg,1080,607,1.7792421746293245
painting_humanart_1000000006453.jpg,1080,607,1.7792421746293245
painting_humanart_1000000006459.jpg,831,634,1.3107255520504733
painting_humanart_1000000006463.jpg,608,448,1.3571428571428572
painting_humanart_1000000006467.jpg,608,448,1.3571428571428572
painting_humanart_1000000006485.jpg,1080,468,2.3076923076923075
painting_humanart_1000000006487.jpg,1080,468,2.3076923076923075
painting_humanart_1000000006493.jpg,1080,607,1.7792421746293245
painting_humanart_1000000006494.jpg,1080,607,1.7792421746293245
painting_humanart_1000000006511.jpg,1080,607,1.7792421746293245
painting_humanart_1000000006517.jpg,972,735,1.3224489795918368
painting_humanart_1000000006542.jpg,1080,607,1.7792421746293245
painting_humanart_1000000006570.jpg,1080,675,1.6
painting_humanart_1000000006571.jpg,1080,675,1.6
painting_humanart_1000000006576.jpg,1080,675,1.6
painting_humanart_1000000006580.jpg,1080,675,1.6
painting_humanart_1000000006582.jpg,1080,675,1.6
painting_humanart_1000000006585.jpg,720,576,1.25
painting_humanart_1000000006586.jpg,720,576,1.25
painting_humanart_1000000006591.jpg,1080,493,2.1906693711967544
painting_humanart_1000000006603.jpg,1080,569,1.898066783831283
painting_humanart_1000000006638.jpg,1080,584,1.8493150684931507
painting_humanart_1000000006659.jpg,1024,560,1.8285714285714285
painting_humanart_1000000006660.jpg,1080,607,1.7792421746293245
painting_humanart_1000000006676.jpg,722,624,1.1570512820512822
painting_humanart_1000000006681.jpg,1080,607,1.7792421746293245
painting_humanart_1000000006688.jpg,1080,594,1.8181818181818181
painting_humanart_1000000006703.jpg,1024,576,1.7777777777777777
painting_humanart_1000000006740.jpg,1080,607,1.7792421746293245
painting_humanart_1000000006769.jpg,1080,447,2.4161073825503356
painting_humanart_1000000006796.jpg,960,520,1.8461538461538463
painting_humanart_1000000006805.jpg,940,406,2.315270935960591
painting_humanart_1000000006856.jpg,1080,608,1.7763157894736843
painting_humanart_1000000006858.jpg,1080,608,1.7763157894736843
painting_humanart_1000000006907.jpg,1080,607,1.7792421746293245
painting_humanart_1000000006914.jpg,1080,607,1.7792421746293245
painting_humanart_1000000006960.jpg,1080,607,1.7792421746293245
painting_humanart_1000000006980.jpg,1080,560,1.9285714285714286
painting_humanart_1000000007020.jpg,1080,719,1.502086230876217
painting_humanart_1000000007053.jpg,1080,607,1.7792421746293245
painting_humanart_1000000007063.jpg,1080,607,1.7792421746293245
painting_humanart_1000000007069.jpg,1080,607,1.7792421746293245
painting_humanart_1000000007135.jpg,1080,607,1.7792421746293245
painting_humanart_1000000007144.jpg,1080,607,1.7792421746293245
painting_humanart_1000000007179.jpg,1080,607,1.7792421746293245
painting_humanart_1000000007192.jpg,720,480,1.5
painting_humanart_1000000007196.jpg,1080,607,1.7792421746293245
painting_humanart_1000000007198.jpg,1080,607,1.7792421746293245
painting_humanart_1000000007208.jpg,1080,607,1.7792421746293245
painting_humanart_1000000007237.jpg,1080,607,1.7792421746293245
painting_humanart_1000000007261.jpg,1080,1508,0.7161803713527851
painting_humanart_1000000007267.jpg,1080,675,1.6
painting_humanart_1000000007291.jpg,752,416,1.8076923076923077
painting_humanart_1000000007294.jpg,1080,582,1.8556701030927836
painting_humanart_1000000007305.jpg,1000,550,1.8181818181818181
painting_humanart_1000000007308.jpg,1080,610,1.7704918032786885
painting_humanart_1000000007309.jpg,1080,582,1.8556701030927836
painting_humanart_1000000007312.jpg,1080,583,1.8524871355060035
painting_humanart_1000000007313.jpg,1080,583,1.8524871355060035
painting_humanart_1000000007338.jpg,1080,607,1.7792421746293245
painting_humanart_1000000007365.jpg,1080,582,1.8556701030927836
painting_humanart_1000000007385.jpg,1080,582,1.8556701030927836
painting_humanart_1000000007422.jpg,1080,582,1.8556701030927836
painting_humanart_1000000007425.jpg,1080,582,1.8556701030927836
painting_humanart_1000000007426.jpg,1080,582,1.8556701030927836
painting_humanart_1000000007451.jpg,1080,582,1.8556701030927836
painting_humanart_1000000007453.jpg,1080,582,1.8556701030927836
painting_humanart_1000000007464.jpg,1080,583,1.8524871355060035
painting_humanart_1000000007522.jpg,800,452,1.7699115044247788
painting_humanart_1000000007561.jpg,1080,607,1.7792421746293245
painting_humanart_1000000007578.jpg,1080,607,1.7792421746293245
painting_humanart_1000000007583.jpg,1080,607,1.7792421746293245
painting_humanart_1000000007586.jpg,1080,607,1.7792421746293245
painting_humanart_1000000007682.jpg,1080,450,2.4
painting_humanart_1000000007791.jpg,1080,607,1.7792421746293245
painting_humanart_1000000007816.jpg,1080,607,1.7792421746293245
painting_humanart_1000000007821.jpg,1080,607,1.7792421746293245
painting_humanart_1000000007830.jpg,1080,607,1.7792421746293245
painting_humanart_1000000007836.jpg,1080,607,1.7792421746293245
painting_humanart_1000000007844.jpg,1080,607,1.7792421746293245
painting_humanart_1000000007863.jpg,1080,607,1.7792421746293245
painting_humanart_1000000007864.jpg,1080,607,1.7792421746293245
painting_humanart_1000000007876.jpg,1080,607,1.7792421746293245
painting_humanart_1000000007892.jpg,1080,607,1.7792421746293245
painting_humanart_1000000007893.jpg,1080,607,1.7792421746293245
painting_humanart_1000000007902.jpg,1080,607,1.7792421746293245
painting_humanart_1000000007914.jpg,720,480,1.5
painting_humanart_1000000007922.jpg,720,400,1.8
painting_humanart_1000000007976.jpg,1080,596,1.8120805369127517
painting_humanart_1000000007982.jpg,1080,596,1.8120805369127517
painting_humanart_1000000008109.jpg,1080,583,1.8524871355060035
painting_humanart_1000000008111.jpg,1080,583,1.8524871355060035
painting_humanart_1000000008115.jpg,1080,606,1.7821782178217822
painting_humanart_1000000008123.jpg,1080,583,1.8524871355060035
painting_humanart_1000000008127.jpg,1080,583,1.8524871355060035
painting_humanart_1000000008156.jpg,1080,583,1.8524871355060035
painting_humanart_1000000008213.jpg,1024,550,1.8618181818181818
painting_humanart_1000000008214.jpg,1080,579,1.8652849740932642
painting_humanart_1000000008222.jpg,1080,582,1.8556701030927836
painting_humanart_1000000008237.jpg,1080,582,1.8556701030927836
painting_humanart_1000000008241.jpg,1080,720,1.5
painting_humanart_1000000008249.jpg,1080,607,1.7792421746293245
painting_humanart_1000000008253.jpg,1080,583,1.8524871355060035
painting_humanart_1000000008256.jpg,1024,550,1.8618181818181818
painting_humanart_1000000008267.jpg,912,512,1.78125
painting_humanart_1000000008281.jpg,1080,583,1.8524871355060035
painting_humanart_1000000008288.jpg,850,478,1.7782426778242677
painting_humanart_1000000008302.jpg,1080,583,1.8524871355060035
painting_humanart_1000000008315.jpg,1080,607,1.7792421746293245
painting_humanart_1000000008316.jpg,1080,607,1.7792421746293245
painting_humanart_1000000008320.jpg,1080,607,1.7792421746293245
painting_humanart_1000000008323.jpg,1080,582,1.8556701030927836
painting_humanart_1000000008324.jpg,1080,586,1.8430034129692834
painting_humanart_1000000008326.jpg,1024,560,1.8285714285714285
painting_humanart_1000000008341.jpg,1024,550,1.8618181818181818
painting_humanart_1000000008342.jpg,1024,550,1.8618181818181818
painting_humanart_1000000008350.jpg,1080,607,1.7792421746293245
painting_humanart_1000000008351.jpg,1080,607,1.7792421746293245
painting_humanart_1000000008352.jpg,1080,607,1.7792421746293245
painting_humanart_1000000008385.jpg,1080,607,1.7792421746293245
painting_humanart_1000000008389.jpg,1080,607,1.7792421746293245
painting_humanart_1000000008396.jpg,1080,452,2.3893805309734515
painting_humanart_1000000008397.jpg,1080,459,2.3529411764705883
painting_humanart_1000000008408.jpg,1080,607,1.7792421746293245
painting_humanart_1000000008416.jpg,1080,459,2.3529411764705883
painting_humanart_1000000008417.jpg,1080,452,2.3893805309734515
painting_humanart_1000000008421.jpg,1080,607,1.7792421746293245
painting_humanart_1000000008427.jpg,1080,607,1.7792421746293245
painting_humanart_1000000008434.jpg,1080,607,1.7792421746293245
painting_humanart_1000000008498.jpg,1080,459,2.3529411764705883
painting_humanart_1000000008536.jpg,1080,607,1.7792421746293245
painting_humanart_1000000008539.jpg,1080,607,1.7792421746293245
painting_humanart_1000000008562.jpg,1080,607,1.7792421746293245
painting_humanart_1000000008563.jpg,1080,607,1.7792421746293245
painting_humanart_2000000000000.jpg,3690,4950,0.7454545454545455
painting_humanart_2000000000002.jpg,857,1280,0.66953125
painting_humanart_2000000000007.jpg,1703,1186,1.4359190556492412
painting_humanart_2000000000013.jpg,2000,1467,1.3633265167007498
painting_humanart_2000000000032.jpg,649,1200,0.5408333333333334
painting_humanart_2000000000033.jpg,1024,904,1.1327433628318584
painting_humanart_2000000000034.jpg,844,1551,0.5441650548033526
painting_humanart_2000000000035.jpg,639,888,0.7195945945945946
painting_humanart_2000000000039.jpg,1024,533,1.9212007504690432
painting_humanart_2000000000044.jpg,1024,598,1.7123745819397993
painting_humanart_2000000000047.jpg,666,866,0.76905311778291
painting_humanart_2000000000048.jpg,665,900,0.7388888888888889
painting_humanart_2000000000049.jpg,665,901,0.7380688124306326
painting_humanart_2000000000051.jpg,1000,1657,0.6035003017501509
painting_humanart_2000000000054.jpg,900,641,1.4040561622464898
painting_humanart_2000000000058.jpg,1024,1463,0.6999316473000684
painting_humanart_2000000000059.jpg,643,1000,0.643
painting_humanart_2000000000061.jpg,661,1000,0.661
painting_humanart_2000000000063.jpg,630,900,0.7
painting_humanart_2000000000068.jpg,1000,644,1.5527950310559007
painting_humanart_2000000000077.jpg,900,1616,0.556930693069307
painting_humanart_2000000000079.jpg,900,557,1.6157989228007181
painting_humanart_2000000000080.jpg,900,633,1.4218009478672986
painting_humanart_2000000000083.jpg,1000,533,1.876172607879925
painting_humanart_2000000000086.jpg,1080,1080,1.0
painting_humanart_2000000000087.jpg,1080,1080,1.0
painting_humanart_2000000000091.jpg,900,1600,0.5625
painting_humanart_2000000000095.jpg,800,450,1.7777777777777777
painting_humanart_2000000000100.jpg,800,450,1.7777777777777777
painting_humanart_2000000000101.jpg,800,1052,0.7604562737642585
painting_humanart_2000000000102.jpg,800,450,1.7777777777777777
painting_humanart_2000000000104.jpg,800,525,1.5238095238095237
painting_humanart_2000000000105.jpg,800,450,1.7777777777777777
painting_humanart_2000000000106.jpg,800,450,1.7777777777777777
painting_humanart_2000000000108.jpg,800,989,0.8088978766430738
painting_humanart_2000000000111.jpg,800,1115,0.7174887892376681
painting_humanart_2000000000112.jpg,800,1000,0.8
painting_humanart_2000000000113.jpg,800,960,0.8333333333333334
painting_humanart_2000000000114.jpg,800,454,1.7621145374449338
painting_humanart_2000000000116.jpg,800,1080,0.7407407407407407
painting_humanart_2000000000117.jpg,800,1067,0.7497656982193065
painting_humanart_2000000000118.jpg,3000,1500,2.0
painting_humanart_2000000000119.jpg,2370,3000,0.79
painting_humanart_2000000000121.jpg,3000,1454,2.063273727647868
painting_humanart_2000000000123.jpg,825,1125,0.7333333333333333
painting_humanart_2000000000126.jpg,1099,1500,0.7326666666666667
painting_humanart_2000000000128.jpg,1200,1636,0.7334963325183375
painting_humanart_2000000000130.jpg,3000,1500,2.0
painting_humanart_2000000000131.jpg,2800,1575,1.7777777777777777
painting_humanart_2000000000134.jpg,3000,1500,2.0
painting_humanart_2000000000135.jpg,1000,1363,0.7336757153338225
painting_humanart_2000000000140.jpg,1000,1000,1.0
painting_humanart_2000000000141.jpg,1000,1000,1.0
painting_humanart_2000000000145.jpg,1600,1600,1.0
painting_humanart_2000000000146.jpg,2835,1654,1.7140266021765418
painting_humanart_2000000000158.jpg,1280,1680,0.7619047619047619
painting_humanart_2000000000161.jpg,1280,1665,0.7687687687687688
painting_humanart_2000000000162.jpg,1280,1708,0.7494145199063232
painting_humanart_2000000000163.jpg,1024,1366,0.7496339677891655
painting_humanart_2000000000164.jpg,1276,1701,0.7501469723691946
painting_humanart_2000000000169.jpg,1280,1592,0.8040201005025126
painting_humanart_2000000000178.jpg,1280,846,1.5130023640661938
painting_humanart_2000000000179.jpg,1280,718,1.7827298050139275
painting_humanart_2000000000186.jpg,1024,1366,0.7496339677891655
painting_humanart_2000000000188.jpg,1280,1792,0.7142857142857143
painting_humanart_2000000000197.jpg,1280,1707,0.7498535442296427
painting_humanart_2000000000201.jpg,1600,991,1.6145307769929365
painting_humanart_2000000000204.jpg,1024,1448,0.7071823204419889
painting_humanart_2000000000208.jpg,1800,927,1.941747572815534
painting_humanart_2000000000209.jpg,885,1200,0.7375
painting_humanart_2000000000212.jpg,1024,1448,0.7071823204419889
painting_humanart_2000000000215.jpg,1280,764,1.675392670157068
painting_humanart_2000000000216.jpg,1600,1132,1.4134275618374559
painting_humanart_2000000000220.jpg,1024,1366,0.7496339677891655
painting_humanart_2000000000222.jpg,1191,1701,0.7001763668430335
painting_humanart_2000000000230.jpg,900,1291,0.69713400464756
painting_humanart_2000000000234.jpg,900,1279,0.7036747458952306
painting_humanart_2000000000235.jpg,900,1286,0.6998444790046656
painting_humanart_2000000000236.jpg,900,1286,0.6998444790046656
painting_humanart_2000000000237.jpg,900,1279,0.7036747458952306
painting_humanart_2000000000240.jpg,1024,1455,0.7037800687285224
painting_humanart_2000000000241.jpg,1024,1605,0.638006230529595
painting_humanart_2000000000244.jpg,922,1304,0.7070552147239264
painting_humanart_2000000000245.jpg,1024,1449,0.7066942719116632
painting_humanart_2000000000248.jpg,800,1143,0.6999125109361329
painting_humanart_2000000000250.jpg,1024,1448,0.7071823204419889
painting_humanart_2000000000257.jpg,900,636,1.4150943396226414
painting_humanart_2000000000260.jpg,1024,708,1.4463276836158192
painting_humanart_2000000000261.jpg,560,800,0.7
painting_humanart_2000000000264.jpg,1366,768,1.7786458333333333
painting_humanart_2000000000266.jpg,1800,1080,1.6666666666666667
painting_humanart_2000000000267.jpg,1800,1080,1.6666666666666667
painting_humanart_2000000000268.jpg,1890,1080,1.75
painting_humanart_2000000000270.jpg,1800,1080,1.6666666666666667
painting_humanart_2000000000271.jpg,1800,1080,1.6666666666666667
painting_humanart_2000000000272.jpg,1890,1080,1.75
painting_humanart_2000000000274.jpg,1800,1080,1.6666666666666667
painting_humanart_2000000000276.jpg,1800,1080,1.6666666666666667
painting_humanart_2000000000277.jpg,1980,1188,1.6666666666666667
painting_humanart_2000000000278.jpg,3600,2160,1.6666666666666667
painting_humanart_2000000000280.jpg,1980,1188,1.6666666666666667
painting_humanart_2000000000283.jpg,1800,1080,1.6666666666666667
painting_humanart_2000000000286.jpg,1800,1080,1.6666666666666667
painting_humanart_2000000000287.jpg,1800,1080,1.6666666666666667
painting_humanart_2000000000288.jpg,1800,1080,1.6666666666666667
painting_humanart_2000000000289.jpg,1800,1080,1.6666666666666667
painting_humanart_2000000000293.jpg,1800,1080,1.6666666666666667
painting_humanart_2000000000294.jpg,1800,1080,1.6666666666666667
painting_humanart_2000000000296.jpg,1800,1080,1.6666666666666667
painting_humanart_2000000000297.jpg,1800,1080,1.6666666666666667
painting_humanart_2000000000299.jpg,1800,1080,1.6666666666666667
painting_humanart_2000000000300.jpg,1477,886,1.6670428893905191
painting_humanart_2000000000308.jpg,1791,2925,0.6123076923076923
painting_humanart_2000000000309.jpg,960,1568,0.6122448979591837
painting_humanart_2000000000311.jpg,960,1568,0.6122448979591837
painting_humanart_2000000000313.jpg,960,1568,0.6122448979591837
painting_humanart_2000000000314.jpg,1280,720,1.7777777777777777
painting_humanart_2000000000315.jpg,1280,823,1.5552855407047388
painting_humanart_2000000000317.jpg,1280,1473,0.8689748811948405
painting_humanart_2000000000318.jpg,1280,1695,0.7551622418879056
painting_humanart_2000000000320.jpg,1280,1182,1.0829103214890017
painting_humanart_2000000000322.jpg,1280,1280,1.0
painting_humanart_2000000000324.jpg,1280,1600,0.8
painting_humanart_2000000000327.jpg,1280,1600,0.8
painting_humanart_2000000000333.jpg,1280,1732,0.7390300230946882
painting_humanart_2000000000340.jpg,1024,1571,0.6518141311266709
painting_humanart_2000000000342.jpg,1024,1399,0.731951393852752
painting_humanart_2000000000344.jpg,1024,1448,0.7071823204419889
painting_humanart_2000000000345.jpg,1024,1211,0.8455821635012386
painting_humanart_2000000000346.jpg,1024,1429,0.7165850244926522
painting_humanart_2000000000348.jpg,1024,911,1.12403951701427
painting_humanart_2000000000349.jpg,1024,1622,0.6313193588162762
painting_humanart_2000000000350.jpg,1024,1314,0.7792998477929984
painting_humanart_2000000000351.jpg,1024,1314,0.7792998477929984
painting_humanart_2000000000353.jpg,1024,1307,0.7834736036725325
painting_humanart_2000000000354.jpg,1024,1024,1.0
painting_humanart_2000000000355.jpg,1024,1024,1.0
painting_humanart_2000000000358.jpg,1024,1365,0.7501831501831502
painting_humanart_2000000000359.jpg,1024,1182,0.8663282571912013
painting_humanart_2000000000361.jpg,1024,1450,0.7062068965517241
painting_humanart_2000000000365.jpg,1156,768,1.5052083333333333
painting_humanart_2000000000372.jpg,960,512,1.875
painting_humanart_2000000000373.jpg,960,512,1.875
painting_humanart_2000000000374.jpg,960,512,1.875
painting_humanart_2000000000375.jpg,1024,615,1.665040650406504
painting_humanart_2000000000377.jpg,1024,547,1.8720292504570384
painting_humanart_2000000000378.jpg,1024,547,1.8720292504570384
painting_humanart_2000000000386.jpg,960,512,1.875
painting_humanart_2000000000387.jpg,960,512,1.875
painting_humanart_2000000000388.jpg,960,512,1.875
painting_humanart_2000000000390.jpg,512,768,0.6666666666666666
painting_humanart_2000000000391.jpg,960,512,1.875
painting_humanart_2000000000394.jpg,960,512,1.875
painting_humanart_2000000000395.jpg,960,512,1.875
painting_humanart_2000000000397.jpg,960,512,1.875
painting_humanart_2000000000398.jpg,960,512,1.875
painting_humanart_2000000000404.jpg,960,512,1.875
painting_humanart_2000000000407.jpg,960,512,1.875
painting_humanart_2000000000408.jpg,960,512,1.875
painting_humanart_2000000000409.jpg,1024,1384,0.7398843930635838
painting_humanart_2000000000413.jpg,575,800,0.71875
painting_humanart_2000000000414.jpg,800,532,1.5037593984962405
painting_humanart_2000000000416.jpg,800,600,1.3333333333333333
painting_humanart_2000000000417.jpg,800,629,1.2718600953895072
painting_humanart_2000000000418.jpg,700,867,0.8073817762399077
painting_humanart_2000000000419.jpg,800,635,1.2598425196850394
painting_humanart_2000000000421.jpg,600,1076,0.5576208178438662
painting_humanart_2000000000422.jpg,600,819,0.7326007326007326
painting_humanart_2000000000423.jpg,1280,1999,0.64032016008004
painting_humanart_2000000000424.jpg,1280,1934,0.6618407445708376
painting_humanart_2000000000429.jpg,1280,1873,0.6833956219967966
painting_humanart_2000000000430.jpg,1024,1592,0.6432160804020101
painting_humanart_2000000000433.jpg,1280,1948,0.6570841889117043
painting_humanart_2000000000436.jpg,1280,1948,0.6570841889117043
painting_humanart_2000000000438.jpg,1600,915,1.7486338797814207
painting_humanart_2000000000445.jpg,1600,800,2.0
painting_humanart_2000000000446.jpg,1280,1810,0.7071823204419889
painting_humanart_2000000000447.jpg,1920,1029,1.8658892128279883
painting_humanart_2000000000450.jpg,1600,878,1.8223234624145785
painting_humanart_2000000000454.jpg,1600,2240,0.7142857142857143
painting_humanart_2000000000455.jpg,1920,1081,1.7761332099907492
painting_humanart_2000000000456.jpg,1600,2293,0.6977758395115569
painting_humanart_2000000000461.jpg,1920,960,2.0
painting_humanart_2000000000462.jpg,1600,848,1.8867924528301887
painting_humanart_2000000000471.jpg,1920,1040,1.8461538461538463
painting_humanart_2000000000473.jpg,1920,1082,1.7744916820702403
painting_humanart_2000000000474.jpg,1920,957,2.006269592476489
painting_humanart_2000000000475.jpg,1600,2106,0.7597340930674265
painting_humanart_2000000000478.jpg,1920,994,1.93158953722334
painting_humanart_2000000000479.jpg,1600,2302,0.6950477845351868
painting_humanart_2000000000480.jpg,1920,960,2.0
painting_humanart_2000000000481.jpg,1920,1198,1.6026711185308848
painting_humanart_2000000000482.jpg,1600,790,2.0253164556962027
painting_humanart_2000000000485.jpg,1920,960,2.0
painting_humanart_2000000000486.jpg,1600,1048,1.5267175572519085
painting_humanart_2000000000487.jpg,1920,1086,1.7679558011049723
painting_humanart_2000000000490.jpg,1920,969,1.9814241486068112
painting_humanart_2000000000491.jpg,1920,1107,1.7344173441734418
painting_humanart_2000000000492.jpg,1920,1017,1.887905604719764
painting_humanart_2000000000496.jpg,1920,1080,1.7777777777777777
painting_humanart_2000000000497.jpg,1600,2132,0.7504690431519699
painting_humanart_2000000000503.jpg,1920,1086,1.7679558011049723
painting_humanart_2000000000505.jpg,1906,2500,0.7624
painting_humanart_2000000000506.jpg,1920,1112,1.7266187050359711
painting_humanart_2000000000507.jpg,1920,1098,1.7486338797814207
painting_humanart_2000000000510.jpg,1600,2264,0.7067137809187279
painting_humanart_2000000000516.jpg,1920,1358,1.4138438880706923
painting_humanart_2000000000518.jpg,1920,1172,1.6382252559726962
painting_humanart_2000000000522.jpg,1626,2300,0.7069565217391305
painting_humanart_2000000000523.jpg,1600,956,1.6736401673640167
painting_humanart_2000000000525.jpg,1600,1163,1.3757523645743766
painting_humanart_2000000000531.jpg,1600,1067,1.499531396438613
painting_humanart_2000000000532.jpg,1600,937,1.7075773745997866
painting_humanart_2000000000533.jpg,1600,1014,1.5779092702169626
painting_humanart_2000000000534.jpg,1600,960,1.6666666666666667
painting_humanart_2000000000535.jpg,1600,1033,1.5488867376573088
painting_humanart_2000000000536.jpg,1600,895,1.7877094972067038
painting_humanart_2000000000537.jpg,1414,2000,0.707
painting_humanart_2000000000539.jpg,1600,939,1.703940362087327
painting_humanart_2000000000543.jpg,1600,1130,1.415929203539823
painting_humanart_2000000000545.jpg,1024,1563,0.655150351887396
painting_humanart_2000000000548.jpg,1024,639,1.6025039123630673
painting_humanart_2000000000549.jpg,1024,645,1.5875968992248062
painting_humanart_2000000000550.jpg,1600,1280,1.25
painting_humanart_2000000000552.jpg,1600,1421,1.1259676284306825
painting_humanart_2000000000555.jpg,1280,1313,0.9748667174409749
painting_humanart_2000000000563.jpg,1600,1088,1.4705882352941178
painting_humanart_2000000000564.jpg,1600,2425,0.6597938144329897
painting_humanart_2000000000567.jpg,1920,1102,1.7422867513611615
painting_humanart_2000000000569.jpg,1024,1472,0.6956521739130435
painting_humanart_2000000000573.jpg,1600,2293,0.6977758395115569
painting_humanart_2000000000574.jpg,1600,960,1.6666666666666667
painting_humanart_2000000000575.jpg,1600,974,1.6427104722792607
painting_humanart_2000000000577.jpg,1024,1443,0.7096327096327096
painting_humanart_2000000000579.jpg,1024,1449,0.7066942719116632
painting_humanart_2000000000580.jpg,1280,1402,0.912981455064194
painting_humanart_2000000000582.jpg,1280,1811,0.706791827719492
painting_humanart_2000000000586.jpg,1280,1883,0.6797663303239512
painting_humanart_2000000000587.jpg,1600,2160,0.7407407407407407
painting_humanart_2000000000589.jpg,1280,788,1.6243654822335025
painting_humanart_2000000000592.jpg,1600,2447,0.6538618716796076
painting_humanart_2000000000596.jpg,1600,1188,1.3468013468013469
painting_humanart_2000000000598.jpg,1280,672,1.9047619047619047
painting_humanart_2000000000600.jpg,1600,966,1.6563146997929608
painting_humanart_2000000000602.jpg,1280,1472,0.8695652173913043
painting_humanart_2000000000603.jpg,1280,1615,0.7925696594427245
painting_humanart_2000000000605.jpg,1024,1280,0.8
painting_humanart_2000000000607.jpg,1280,1744,0.7339449541284404
painting_humanart_2000000000610.jpg,1024,1576,0.649746192893401
painting_humanart_2000000000613.jpg,1024,1699,0.6027074749852854
painting_humanart_2000000000616.jpg,1024,1627,0.629379225568531
painting_humanart_2000000000622.jpg,1024,1449,0.7066942719116632
painting_humanart_2000000000624.jpg,1280,640,2.0
painting_humanart_2000000000628.jpg,1280,648,1.9753086419753085
painting_humanart_2000000000632.jpg,1024,601,1.7038269550748752
painting_humanart_2000000000633.jpg,1280,640,2.0
painting_humanart_2000000000638.jpg,1280,783,1.6347381864623245
painting_humanart_2000000000642.jpg,1600,840,1.9047619047619047
painting_humanart_2000000000644.jpg,1280,583,2.195540308747856
painting_humanart_2000000000646.jpg,1280,613,2.088091353996737
painting_humanart_2000000000647.jpg,1024,552,1.855072463768116
painting_humanart_2000000000648.jpg,1280,605,2.115702479338843
painting_humanart_2000000000650.jpg,1280,703,1.8207681365576103
painting_humanart_2000000000651.jpg,1280,697,1.836441893830703
painting_humanart_2000000000652.jpg,1024,1669,0.6135410425404434
painting_humanart_2000000000654.jpg,1280,712,1.797752808988764
painting_humanart_2000000000655.jpg,1280,681,1.8795888399412628
painting_humanart_2000000000658.jpg,1280,669,1.913303437967115
painting_humanart_2000000000659.jpg,1024,1509,0.6785950960901259
painting_humanart_2000000000660.jpg,1024,599,1.7095158597662772
painting_humanart_2000000000661.jpg,1280,678,1.887905604719764
painting_humanart_2000000000662.jpg,1600,850,1.8823529411764706
painting_humanart_2000000000664.jpg,1024,603,1.6981757877280266
painting_humanart_2000000000666.jpg,1280,1736,0.7373271889400922
painting_humanart_2000000000673.jpg,1280,720,1.7777777777777777
painting_humanart_2000000000679.jpg,1600,934,1.7130620985010707
painting_humanart_2000000000680.jpg,1023,651,1.5714285714285714
painting_humanart_2000000000682.jpg,1280,1811,0.706791827719492
painting_humanart_2000000000683.jpg,1600,960,1.6666666666666667
painting_humanart_2000000000685.jpg,1024,1227,0.8345558272208639
painting_humanart_2000000000687.jpg,1024,1314,0.7792998477929984
painting_humanart_2000000000688.jpg,1600,832,1.9230769230769231
painting_humanart_2000000000690.jpg,1600,1911,0.837257980115123
painting_humanart_2000000000691.jpg,1600,850,1.8823529411764706
painting_humanart_2000000000692.jpg,1600,901,1.7758046614872365
painting_humanart_2000000000693.jpg,1600,901,1.7758046614872365
painting_humanart_2000000000695.jpg,1600,952,1.680672268907563
painting_humanart_2000000000698.jpg,1600,2248,0.7117437722419929
painting_humanart_2000000000699.jpg,1600,910,1.7582417582417582
painting_humanart_2000000000701.jpg,1600,802,1.9950124688279303
painting_humanart_2000000000703.jpg,1600,646,2.476780185758514
painting_humanart_2000000000707.jpg,1600,832,1.9230769230769231
painting_humanart_2000000000710.jpg,1600,2286,0.6999125109361329
painting_humanart_2000000000711.jpg,1024,537,1.9068901303538175
painting_humanart_2000000000712.jpg,1600,832,1.9230769230769231
painting_humanart_2000000000716.jpg,1600,810,1.9753086419753085
painting_humanart_2000000000717.jpg,1600,844,1.8957345971563981
painting_humanart_2000000000718.jpg,1600,786,2.035623409669211
painting_humanart_2000000000724.jpg,1024,1656,0.6183574879227053
painting_humanart_2000000000725.jpg,1600,898,1.78173719376392
painting_humanart_2000000000727.jpg,1600,781,2.0486555697823303
painting_humanart_2000000000729.jpg,1600,898,1.78173719376392
painting_humanart_2000000000733.jpg,1600,744,2.150537634408602
painting_humanart_2000000000735.jpg,1280,1811,0.706791827719492
painting_humanart_2000000000738.jpg,1024,1687,0.6069946650859513
painting_humanart_2000000000739.jpg,1600,832,1.9230769230769231
painting_humanart_2000000000753.jpg,1024,1558,0.6572528883183568
painting_humanart_2000000000754.jpg,1024,1449,0.7066942719116632
painting_humanart_2000000000756.jpg,1024,474,2.160337552742616
painting_humanart_2000000000757.jpg,1600,755,2.119205298013245
painting_humanart_2000000000762.jpg,1600,2266,0.706090026478376
painting_humanart_2000000000770.jpg,1169,1654,0.7067714631197098
painting_humanart_2000000000775.jpg,842,1191,0.7069689336691856
painting_humanart_2000000000776.jpg,877,1240,0.707258064516129
painting_humanart_2000000000777.jpg,1169,1654,0.7067714631197098
painting_humanart_2000000000778.jpg,877,1240,0.707258064516129
painting_humanart_2000000000783.jpg,842,1191,0.7069689336691856
painting_humanart_2000000000786.jpg,842,1190,0.7075630252100841
painting_humanart_2000000000787.jpg,1024,1250,0.8192
painting_humanart_2000000000789.jpg,1024,1406,0.7283072546230441
painting_humanart_2000000000793.jpg,1024,1760,0.5818181818181818
painting_humanart_2000000000798.jpg,1024,1449,0.7066942719116632
painting_humanart_2000000000800.jpg,1024,1172,0.8737201365187713
painting_humanart_2000000000801.jpg,1024,679,1.508100147275405
painting_humanart_2000000000802.jpg,1024,1366,0.7496339677891655
painting_humanart_2000000000804.jpg,1024,589,1.7385398981324278
painting_humanart_2000000000806.jpg,1024,452,2.265486725663717
painting_humanart_2000000000808.jpg,1024,823,1.244228432563791
painting_humanart_2000000000811.jpg,1024,442,2.316742081447964
painting_humanart_2000000000814.jpg,1024,573,1.787085514834206
painting_humanart_2000000000816.jpg,1000,472,2.1186440677966103
painting_humanart_2000000000818.jpg,1024,489,2.094069529652352
painting_humanart_2000000000821.jpg,1024,576,1.7777777777777777
painting_humanart_2000000000822.jpg,1024,576,1.7777777777777777
painting_humanart_2000000000823.jpg,1024,576,1.7777777777777777
painting_humanart_2000000000824.jpg,1024,576,1.7777777777777777
painting_humanart_2000000000828.jpg,1024,576,1.7777777777777777
painting_humanart_2000000000830.jpg,1024,1821,0.5623283909939594
painting_humanart_2000000000833.jpg,900,1600,0.5625
painting_humanart_2000000000835.jpg,1024,1821,0.5623283909939594
painting_humanart_2000000000837.jpg,1280,2276,0.562390158172232
painting_humanart_2000000000839.jpg,1280,1600,0.8
painting_humanart_2000000000840.jpg,1920,1080,1.7777777777777777
painting_humanart_2000000000841.jpg,1920,1080,1.7777777777777777
painting_humanart_2000000000844.jpg,800,806,0.9925558312655087
painting_humanart_2000000000845.jpg,800,1423,0.5621925509486999
painting_humanart_2000000000849.jpg,800,1423,0.5621925509486999
painting_humanart_2000000000851.jpg,800,450,1.7777777777777777
painting_humanart_2000000000856.jpg,800,512,1.5625
painting_humanart_2000000000858.jpg,900,507,1.7751479289940828
painting_humanart_2000000000860.jpg,800,1268,0.6309148264984227
painting_humanart_2000000000861.jpg,800,451,1.7738359201773837
painting_humanart_2000000000867.jpg,800,921,0.8686210640608035
painting_humanart_2000000000869.jpg,800,1090,0.7339449541284404
painting_humanart_2000000000872.jpg,1024,1389,0.7372210223182145
painting_humanart_2000000000875.jpg,566,800,0.7075
painting_humanart_2000000000877.jpg,566,800,0.7075
painting_humanart_2000000000885.jpg,566,800,0.7075
painting_humanart_2000000000886.jpg,566,800,0.7075
painting_humanart_2000000000887.jpg,566,800,0.7075
painting_humanart_2000000000888.jpg,566,800,0.7075
painting_humanart_2000000000889.jpg,566,800,0.7075
painting_humanart_2000000000890.jpg,566,800,0.7075
painting_humanart_2000000000893.jpg,566,800,0.7075
painting_humanart_2000000000894.jpg,566,800,0.7075
painting_humanart_2000000000896.jpg,566,800,0.7075
painting_humanart_2000000000898.jpg,566,800,0.7075
painting_humanart_2000000000899.jpg,566,800,0.7075
painting_humanart_2000000000902.jpg,566,800,0.7075
painting_humanart_2000000000903.jpg,566,800,0.7075
painting_humanart_2000000000909.jpg,566,800,0.7075
painting_humanart_2000000000910.jpg,566,800,0.7075
painting_humanart_2000000000915.jpg,495,700,0.7071428571428572
painting_humanart_2000000000916.jpg,566,800,0.7075
painting_humanart_2000000000918.jpg,566,800,0.7075
painting_humanart_2000000000919.jpg,566,800,0.7075
painting_humanart_2000000000920.jpg,495,700,0.7071428571428572
painting_humanart_2000000000921.jpg,495,700,0.7071428571428572
painting_humanart_2000000000922.jpg,566,800,0.7075
painting_humanart_2000000000923.jpg,400,566,0.7067137809187279
painting_humanart_2000000000924.jpg,495,700,0.7071428571428572
painting_humanart_2000000000925.jpg,467,700,0.6671428571428571
painting_humanart_2000000000926.jpg,495,700,0.7071428571428572
painting_humanart_2000000000929.jpg,566,800,0.7075
painting_humanart_2000000000937.jpg,495,700,0.7071428571428572
painting_humanart_2000000000938.jpg,566,800,0.7075
painting_humanart_2000000000939.jpg,494,700,0.7057142857142857
painting_humanart_2000000000944.jpg,495,700,0.7071428571428572
painting_humanart_2000000000945.jpg,708,1000,0.708
painting_humanart_2000000000946.jpg,566,800,0.7075
painting_humanart_2000000000947.jpg,566,800,0.7075
painting_humanart_2000000000948.jpg,566,800,0.7075
painting_humanart_2000000000949.jpg,708,1000,0.708
painting_humanart_2000000000952.jpg,578,800,0.7225
painting_humanart_2000000000954.jpg,708,1000,0.708
painting_humanart_2000000000955.jpg,566,800,0.7075
painting_humanart_2000000000960.jpg,566,800,0.7075
painting_humanart_2000000000961.jpg,566,800,0.7075
painting_humanart_2000000000962.jpg,566,800,0.7075
painting_humanart_2000000000963.jpg,566,800,0.7075
painting_humanart_2000000000965.jpg,566,800,0.7075
painting_humanart_2000000000967.jpg,800,1200,0.6666666666666666
painting_humanart_2000000000974.jpg,566,800,0.7075
painting_humanart_2000000000978.jpg,566,800,0.7075
painting_humanart_2000000000980.jpg,566,800,0.7075
painting_humanart_2000000000984.jpg,1000,1500,0.6666666666666666
painting_humanart_2000000000986.jpg,524,800,0.655
painting_humanart_2000000000988.jpg,800,1221,0.6552006552006552
painting_humanart_2000000000989.jpg,800,1085,0.7373271889400922
painting_humanart_2000000000991.jpg,800,1228,0.6514657980456026
painting_humanart_2000000000992.jpg,1000,1000,1.0
painting_humanart_2000000000997.jpg,1000,1230,0.8130081300813008
painting_humanart_2000000000999.jpg,800,1067,0.7497656982193065
painting_humanart_2000000001002.jpg,1244,700,1.7771428571428571
painting_humanart_2000000001004.jpg,1244,700,1.7771428571428571
painting_humanart_2000000001005.jpg,800,1067,0.7497656982193065
painting_humanart_2000000001008.jpg,800,1067,0.7497656982193065
painting_humanart_2000000001010.jpg,1000,1333,0.7501875468867217
painting_humanart_2000000001011.jpg,800,1067,0.7497656982193065
painting_humanart_2000000001012.jpg,800,1067,0.7497656982193065
painting_humanart_2000000001013.jpg,800,1067,0.7497656982193065
painting_humanart_2000000001014.jpg,1244,700,1.7771428571428571
painting_humanart_2000000001016.jpg,800,1067,0.7497656982193065
painting_humanart_2000000001017.jpg,1244,700,1.7771428571428571
painting_humanart_2000000001018.jpg,1280,721,1.7753120665742026
painting_humanart_2000000001019.jpg,1000,1333,0.7501875468867217
painting_humanart_2000000001020.jpg,1280,721,1.7753120665742026
painting_humanart_2000000001021.jpg,1280,720,1.7777777777777777
painting_humanart_2000000001026.jpg,1024,1024,1.0
painting_humanart_2000000001027.jpg,4096,4096,1.0
painting_humanart_2000000001028.jpg,4096,4096,1.0
painting_humanart_2000000001029.jpg,4096,4096,1.0
painting_humanart_2000000001032.jpg,4096,4096,1.0
painting_humanart_2000000001033.jpg,1536,1536,1.0
painting_humanart_2000000001034.jpg,1664,1664,1.0
painting_humanart_2000000001046.jpg,1536,1536,1.0
painting_humanart_2000000001049.jpg,1536,1536,1.0
painting_humanart_2000000001050.jpg,1536,1536,1.0
painting_humanart_2000000001052.jpg,1536,1536,1.0
painting_humanart_2000000001056.jpg,1280,905,1.4143646408839778
painting_humanart_2000000001057.jpg,1280,1811,0.706791827719492
painting_humanart_2000000001058.jpg,1280,1811,0.706791827719492
painting_humanart_2000000001059.jpg,3508,2480,1.414516129032258
painting_humanart_2000000001061.jpg,1280,720,1.7777777777777777
painting_humanart_2000000001062.jpg,1280,720,1.7777777777777777
painting_humanart_2000000001063.jpg,1280,720,1.7777777777777777
painting_humanart_2000000001065.jpg,2160,3840,0.5625
painting_humanart_2000000001066.jpg,1600,2845,0.562390158172232
painting_humanart_2000000001067.jpg,1600,900,1.7777777777777777
painting_humanart_2000000001071.jpg,1280,906,1.4128035320088301
painting_humanart_2000000001073.jpg,1140,1480,0.7702702702702703
painting_humanart_2000000001074.jpg,1280,854,1.4988290398126465
painting_humanart_2000000001077.jpg,1600,1136,1.408450704225352
painting_humanart_2000000001079.jpg,1200,1553,0.77269800386349
painting_humanart_2000000001081.jpg,1600,1067,1.499531396438613
painting_humanart_2000000001087.jpg,1600,1139,1.404741000877963
painting_humanart_2000000001088.jpg,905,1280,0.70703125
painting_humanart_2000000001089.jpg,901,1280,0.70390625
painting_humanart_2000000001090.jpg,908,1280,0.709375
painting_humanart_2000000001091.jpg,1600,1000,1.6
painting_humanart_2000000001092.jpg,911,1640,0.5554878048780488
painting_humanart_2000000001094.jpg,948,1341,0.7069351230425056
painting_humanart_2000000001097.jpg,872,1280,0.68125
painting_humanart_2000000001104.jpg,1021,1280,0.79765625
painting_humanart_2000000001110.jpg,1280,993,1.2890231621349446
painting_humanart_2000000001112.jpg,1280,993,1.2890231621349446
painting_humanart_2000000001116.jpg,1280,800,1.6
painting_humanart_2000000001118.jpg,1024,720,1.4222222222222223
painting_humanart_2000000001119.jpg,505,800,0.63125
painting_humanart_2000000001120.jpg,800,548,1.4598540145985401
painting_humanart_2000000001122.jpg,825,1100,0.75
painting_humanart_2000000001124.jpg,1920,1200,1.6
painting_humanart_2000000001125.jpg,646,1000,0.646
painting_humanart_2000000001126.jpg,600,817,0.7343941248470012
painting_humanart_2000000001127.jpg,1024,640,1.6
painting_humanart_2000000001138.jpg,1600,1381,1.158580738595221
painting_humanart_2000000001139.jpg,600,830,0.7228915662650602
painting_humanart_2000000001140.jpg,599,900,0.6655555555555556
painting_humanart_2000000001142.jpg,720,1143,0.6299212598425197
painting_humanart_2000000001143.jpg,600,600,1.0
painting_humanart_2000000001144.jpg,1280,699,1.8311874105865522
painting_humanart_2000000001145.jpg,1280,923,1.3867822318526544
painting_humanart_2000000001147.jpg,2006,1097,1.828623518687329
painting_humanart_2000000001149.jpg,1280,1721,0.7437536316095293
painting_humanart_2000000001150.jpg,1920,1241,1.5471394037066881
painting_humanart_2000000001153.jpg,1024,802,1.2768079800498753
painting_humanart_2000000001156.jpg,1024,801,1.2784019975031211
painting_humanart_2000000001160.jpg,1024,801,1.2784019975031211
painting_humanart_2000000001161.jpg,1024,753,1.3598937583001327
painting_humanart_2000000001169.jpg,864,1080,0.8
painting_humanart_2000000001170.jpg,810,1080,0.75
painting_humanart_2000000001171.jpg,819,1080,0.7583333333333333
painting_humanart_2000000001172.jpg,1024,753,1.3598937583001327
painting_humanart_2000000001175.jpg,1024,753,1.3598937583001327
painting_humanart_2000000001176.jpg,794,1080,0.7351851851851852
painting_humanart_2000000001178.jpg,1024,752,1.3617021276595744
painting_humanart_2000000001179.jpg,800,588,1.3605442176870748
painting_humanart_2000000001181.jpg,814,1080,0.7537037037037037
painting_humanart_2000000001183.jpg,1024,752,1.3617021276595744
painting_humanart_2000000001186.jpg,813,1080,0.7527777777777778
painting_humanart_2000000001187.jpg,800,1063,0.7525870178739417
painting_humanart_2000000001188.jpg,900,661,1.361573373676248
painting_humanart_2000000001193.jpg,1024,752,1.3617021276595744
painting_humanart_2000000001194.jpg,745,1080,0.6898148148148148
painting_humanart_2000000001195.jpg,800,1067,0.7497656982193065
painting_humanart_2000000001198.jpg,800,1067,0.7497656982193065
painting_humanart_2000000001200.jpg,800,1023,0.7820136852394917
painting_humanart_2000000001202.jpg,800,1023,0.7820136852394917
painting_humanart_2000000001204.jpg,810,1080,0.75
painting_humanart_2000000001206.jpg,800,1067,0.7497656982193065
painting_humanart_2000000001211.jpg,900,900,1.0
painting_humanart_2000000001212.jpg,800,1062,0.7532956685499058
painting_humanart_2000000001213.jpg,1024,752,1.3617021276595744
painting_humanart_2000000001215.jpg,761,1080,0.7046296296296296
painting_humanart_2000000001218.jpg,847,1080,0.7842592592592592
painting_humanart_2000000001223.jpg,810,1080,0.75
painting_humanart_2000000001224.jpg,810,1080,0.75
painting_humanart_2000000001225.jpg,810,1080,0.75
painting_humanart_2000000001227.jpg,810,1080,0.75
painting_humanart_2000000001228.jpg,810,1080,0.75
painting_humanart_2000000001229.jpg,600,766,0.783289817232376
painting_humanart_2000000001231.jpg,810,1080,0.75
painting_humanart_2000000001237.jpg,800,1000,0.8
painting_humanart_2000000001239.jpg,800,1000,0.8
painting_humanart_2000000001244.jpg,810,1080,0.75
painting_humanart_2000000001245.jpg,600,849,0.7067137809187279
painting_humanart_2000000001250.jpg,600,849,0.7067137809187279
painting_humanart_2000000001253.jpg,1024,1024,1.0
painting_humanart_2000000001254.jpg,600,642,0.9345794392523364
painting_humanart_2000000001255.jpg,800,750,1.0666666666666667
painting_humanart_2000000001257.jpg,1024,600,1.7066666666666668
painting_humanart_2000000001258.jpg,600,849,0.7067137809187279
painting_humanart_2000000001261.jpg,1000,1730,0.5780346820809249
painting_humanart_2000000001265.jpg,1134,681,1.6651982378854626
painting_humanart_2000000001267.jpg,800,620,1.2903225806451613
painting_humanart_2000000001268.jpg,900,496,1.814516129032258
painting_humanart_2000000001274.jpg,1024,1441,0.710617626648161
painting_humanart_2000000001275.jpg,1280,811,1.5782983970406905
painting_humanart_2000000001277.jpg,1024,1597,0.641202254226675
painting_humanart_2000000001278.jpg,1920,960,2.0
painting_humanart_2000000001280.jpg,1920,960,2.0
painting_humanart_2000000001281.jpg,1920,960,2.0
painting_humanart_2000000001282.jpg,1920,960,2.0
painting_humanart_2000000001289.jpg,1920,2880,0.6666666666666666
painting_humanart_2000000001290.jpg,1920,1280,1.5
painting_humanart_2000000001295.jpg,1280,854,1.4988290398126465
painting_humanart_2000000001296.jpg,1280,854,1.4988290398126465
painting_humanart_2000000001298.jpg,1280,854,1.4988290398126465
painting_humanart_2000000001299.jpg,1280,1921,0.6663196251952108
painting_humanart_2000000001300.jpg,1024,1536,0.6666666666666666
painting_humanart_2000000001301.jpg,1280,1280,1.0
painting_humanart_2000000001302.jpg,1024,1024,1.0
painting_humanart_2000000001304.jpg,1280,1921,0.6663196251952108
painting_humanart_2000000001308.jpg,1280,1921,0.6663196251952108
painting_humanart_2000000001310.jpg,1280,1921,0.6663196251952108
painting_humanart_2000000001311.jpg,1024,683,1.499267935578331
painting_humanart_2000000001312.jpg,1280,854,1.4988290398126465
painting_humanart_2000000001313.jpg,1280,854,1.4988290398126465
painting_humanart_2000000001314.jpg,1000,667,1.4992503748125936
painting_humanart_2000000001317.jpg,1000,1500,0.6666666666666666
painting_humanart_2000000001318.jpg,864,1296,0.6666666666666666
painting_humanart_2000000001320.jpg,1024,717,1.4281729428172942
painting_humanart_2000000001322.jpg,1000,1500,0.6666666666666666
painting_humanart_2000000001324.jpg,1600,900,1.7777777777777777
painting_humanart_2000000001325.jpg,1600,900,1.7777777777777777
painting_humanart_2000000001326.jpg,864,1296,0.6666666666666666
painting_humanart_2000000001329.jpg,1600,900,1.7777777777777777
painting_humanart_2000000001332.jpg,900,333,2.7027027027027026
painting_humanart_2000000001334.jpg,600,900,0.6666666666666666
painting_humanart_2000000001335.jpg,600,900,0.6666666666666666
painting_humanart_2000000001336.jpg,600,900,0.6666666666666666
painting_humanart_2000000001337.jpg,704,900,0.7822222222222223
painting_humanart_2000000001338.jpg,900,613,1.468189233278956
painting_humanart_2000000001341.jpg,600,900,0.6666666666666666
painting_humanart_2000000001342.jpg,600,900,0.6666666666666666
painting_humanart_2000000001348.jpg,1280,1604,0.7980049875311721
painting_humanart_2000000001349.jpg,1280,1434,0.8926080892608089
painting_humanart_2000000001350.jpg,1280,985,1.299492385786802
painting_humanart_2000000001352.jpg,1280,1489,0.8596373404969778
painting_humanart_2000000001355.jpg,1280,1280,1.0
painting_humanart_2000000001356.jpg,1280,1600,0.8
painting_humanart_2000000001367.jpg,3000,3000,1.0
painting_humanart_2000000001368.jpg,7677,5906,1.2998645445309855
painting_humanart_2000000001370.jpg,1080,1080,1.0
painting_humanart_2000000001371.jpg,1920,1080,1.7777777777777777
painting_humanart_2000000001374.jpg,1920,1080,1.7777777777777777
painting_humanart_2000000001375.jpg,5760,3440,1.6744186046511629
painting_humanart_2000000001378.jpg,1920,1920,1.0
painting_humanart_2000000001379.jpg,1280,720,1.7777777777777777
painting_humanart_2000000001382.jpg,1280,1777,0.7203151378728193
painting_humanart_2000000001384.jpg,1280,720,1.7777777777777777
painting_humanart_2000000001386.jpg,1280,1280,1.0
painting_humanart_2000000001387.jpg,512,512,1.0
painting_humanart_2000000001392.jpg,891,1346,0.6619613670133729
painting_humanart_2000000001396.jpg,1280,859,1.490104772991851
painting_humanart_2000000001397.jpg,894,1342,0.6661698956780924
painting_humanart_2000000001400.jpg,894,1342,0.6661698956780924
painting_humanart_2000000001401.jpg,980,1225,0.8
painting_humanart_2000000001406.jpg,1342,894,1.5011185682326622
painting_humanart_2000000001408.jpg,1664,1664,1.0
painting_humanart_2000000001409.jpg,1024,1024,1.0
painting_humanart_2000000001411.jpg,1280,720,1.7777777777777777
painting_humanart_2000000001412.jpg,1024,1792,0.5714285714285714
painting_humanart_2000000001420.jpg,1024,1024,1.0
painting_humanart_2000000001421.jpg,1024,1024,1.0
painting_humanart_2000000001424.jpg,1024,1024,1.0
painting_humanart_2000000001426.jpg,1024,1024,1.0
painting_humanart_2000000001429.jpg,1024,1024,1.0
painting_humanart_2000000001432.jpg,1280,720,1.7777777777777777
painting_humanart_2000000001434.jpg,1280,720,1.7777777777777777
painting_humanart_2000000001435.jpg,1280,720,1.7777777777777777
painting_humanart_2000000001436.jpg,1280,787,1.6264294790343075
painting_humanart_2000000001437.jpg,1280,720,1.7777777777777777
painting_humanart_2000000001439.jpg,1280,720,1.7777777777777777
painting_humanart_2000000001441.jpg,1280,720,1.7777777777777777
painting_humanart_2000000001442.jpg,1280,720,1.7777777777777777
painting_humanart_2000000001444.jpg,1280,787,1.6264294790343075
painting_humanart_2000000001445.jpg,1280,720,1.7777777777777777
painting_humanart_2000000001447.jpg,1000,563,1.7761989342806395
painting_humanart_2000000001450.jpg,1280,787,1.6264294790343075
painting_humanart_2000000001451.jpg,1280,720,1.7777777777777777
painting_humanart_2000000001453.jpg,1080,608,1.7763157894736843
painting_humanart_2000000001458.jpg,1280,720,1.7777777777777777
painting_humanart_2000000001460.jpg,1080,601,1.7970049916805324
painting_humanart_2000000001464.jpg,1280,787,1.6264294790343075
painting_humanart_2000000001466.jpg,1280,792,1.6161616161616161
painting_humanart_2000000001469.jpg,1280,720,1.7777777777777777
painting_humanart_2000000001471.jpg,1280,720,1.7777777777777777
painting_humanart_2000000001472.jpg,1280,720,1.7777777777777777
painting_humanart_2000000001473.jpg,1280,787,1.6264294790343075
painting_humanart_2000000001474.jpg,1280,720,1.7777777777777777
painting_humanart_2000000001476.jpg,1280,720,1.7777777777777777
painting_humanart_2000000001477.jpg,1280,720,1.7777777777777777
painting_humanart_2000000001479.jpg,1280,720,1.7777777777777777
painting_humanart_2000000001480.jpg,1280,720,1.7777777777777777
painting_humanart_2000000001481.jpg,1280,787,1.6264294790343075
painting_humanart_2000000001482.jpg,1280,720,1.7777777777777777
painting_humanart_2000000001484.jpg,1280,720,1.7777777777777777
painting_humanart_2000000001489.jpg,1280,720,1.7777777777777777
painting_humanart_2000000001490.jpg,1280,787,1.6264294790343075
painting_humanart_2000000001491.jpg,1000,563,1.7761989342806395
painting_humanart_2000000001498.jpg,1280,787,1.6264294790343075
painting_humanart_2000000001500.jpg,1280,720,1.7777777777777777
painting_humanart_2000000001503.jpg,1280,720,1.7777777777777777
painting_humanart_2000000001504.jpg,1280,720,1.7777777777777777
painting_humanart_2000000001507.jpg,1280,753,1.699867197875166
painting_humanart_2000000001509.jpg,1280,755,1.695364238410596
painting_humanart_2000000001510.jpg,1280,800,1.6
painting_humanart_2000000001516.jpg,1280,1707,0.7498535442296427
painting_humanart_2000000001520.jpg,1334,1800,0.7411111111111112
painting_humanart_2000000001521.jpg,1455,2000,0.7275
painting_humanart_2000000001522.jpg,1920,1282,1.497659906396256
painting_humanart_2000000001523.jpg,1800,1276,1.4106583072100314
painting_humanart_2000000001525.jpg,1800,1337,1.3462976813762153
painting_humanart_2000000001526.jpg,1066,1600,0.66625
painting_humanart_2000000001527.jpg,1283,1700,0.7547058823529412
painting_humanart_2000000001529.jpg,1700,1271,1.3375295043273014
painting_humanart_2000000001534.jpg,1600,1200,1.3333333333333333
painting_humanart_2000000001535.jpg,1067,1600,0.666875
painting_humanart_2000000001536.jpg,892,1200,0.7433333333333333
painting_humanart_2000000001544.jpg,1400,1014,1.3806706114398422
painting_humanart_2000000001545.jpg,1400,1028,1.3618677042801557
painting_humanart_2000000001548.jpg,1400,940,1.4893617021276595
painting_humanart_2000000001549.jpg,1500,857,1.750291715285881
painting_humanart_2000000001550.jpg,897,1200,0.7475
painting_humanart_2000000001552.jpg,1024,641,1.5975039001560063
painting_humanart_2000000001553.jpg,727,1000,0.727
painting_humanart_2000000001555.jpg,1400,845,1.6568047337278107
painting_humanart_2000000001556.jpg,1280,896,1.4285714285714286
painting_humanart_2000000001557.jpg,1280,960,1.3333333333333333
painting_humanart_2000000001558.jpg,1280,700,1.8285714285714285
painting_humanart_2000000001559.jpg,1400,787,1.7789072426937738
painting_humanart_2000000001563.jpg,682,1000,0.682
painting_humanart_2000000001564.jpg,750,1000,0.75
painting_humanart_2000000001566.jpg,764,1000,0.764
painting_humanart_2000000001568.jpg,1280,853,1.5005861664712778
painting_humanart_2000000001570.jpg,1280,720,1.7777777777777777
painting_humanart_2000000001573.jpg,600,900,0.6666666666666666
painting_humanart_2000000001575.jpg,1100,618,1.779935275080906
painting_humanart_2000000001582.jpg,1280,931,1.3748657357679914
painting_humanart_2000000001585.jpg,1200,625,1.92
painting_humanart_2000000001587.jpg,1200,661,1.8154311649016641
painting_humanart_2000000001588.jpg,1400,833,1.680672268907563
painting_humanart_2000000001590.jpg,1350,770,1.7532467532467533
painting_humanart_2000000001594.jpg,1400,780,1.794871794871795
painting_humanart_2000000001596.jpg,1400,857,1.633605600933489
painting_humanart_2000000001597.jpg,636,1000,0.636
painting_humanart_2000000001598.jpg,1280,749,1.7089452603471296
painting_humanart_2000000001600.jpg,1403,720,1.948611111111111
painting_humanart_2000000001601.jpg,712,1080,0.6592592592592592
painting_humanart_2000000001605.jpg,1000,562,1.7793594306049823
painting_humanart_2000000001609.jpg,715,920,0.7771739130434783
painting_humanart_2000000001610.jpg,1500,927,1.6181229773462784
painting_humanart_2000000001611.jpg,1400,788,1.7766497461928934
painting_humanart_2000000001613.jpg,1350,887,1.5219842164599775
painting_humanart_2000000001614.jpg,1450,871,1.6647531572904708
painting_humanart_2000000001615.jpg,1500,783,1.9157088122605364
painting_humanart_2000000001616.jpg,673,900,0.7477777777777778
painting_humanart_2000000001617.jpg,746,1050,0.7104761904761905
painting_humanart_2000000001618.jpg,1280,752,1.702127659574468
painting_humanart_2000000001621.jpg,2012,1313,1.5323686214775323
painting_humanart_2000000001622.jpg,2047,1030,1.9873786407766991
painting_humanart_2000000001623.jpg,1869,1066,1.75328330206379
painting_humanart_2000000001624.jpg,1650,929,1.776103336921421
painting_humanart_2000000001625.jpg,2000,1148,1.7421602787456445
painting_humanart_2000000001628.jpg,1540,2400,0.6416666666666667
painting_humanart_2000000001629.jpg,2462,1146,2.148342059336824
painting_humanart_2000000001632.jpg,2379,1422,1.6729957805907174
painting_humanart_2000000001633.jpg,1360,688,1.9767441860465116
painting_humanart_2000000001634.jpg,1020,1286,0.7931570762052877
painting_humanart_2000000001636.jpg,2000,1300,1.5384615384615385
painting_humanart_2000000001639.jpg,2600,1400,1.8571428571428572
painting_humanart_2000000001642.jpg,3419,2225,1.536629213483146
painting_humanart_2000000001647.jpg,970,2040,0.47549019607843135
painting_humanart_2000000001649.jpg,1280,1639,0.7809640024405126
painting_humanart_2000000001650.jpg,1280,1648,0.7766990291262136
painting_humanart_2000000001653.jpg,1024,1300,0.7876923076923077
painting_humanart_2000000001656.jpg,969,1300,0.7453846153846154
painting_humanart_2000000001658.jpg,929,1300,0.7146153846153847
painting_humanart_2000000001659.jpg,1024,620,1.6516129032258065
painting_humanart_2000000001660.jpg,1024,1276,0.8025078369905956
painting_humanart_2000000001661.jpg,1024,1312,0.7804878048780488
painting_humanart_2000000001662.jpg,1024,732,1.3989071038251366
painting_humanart_2000000001663.jpg,1024,1434,0.7140864714086471
painting_humanart_2000000001664.jpg,1024,1316,0.7781155015197568
painting_humanart_2000000001666.jpg,1024,764,1.3403141361256545
painting_humanart_2000000001670.jpg,1024,1465,0.6989761092150171
painting_humanart_2000000001673.jpg,1024,682,1.501466275659824
painting_humanart_2000000001674.jpg,1024,1435,0.713588850174216
painting_humanart_2000000001677.jpg,1024,1384,0.7398843930635838
painting_humanart_2000000001679.jpg,929,1300,0.7146153846153847
painting_humanart_2000000001684.jpg,1024,698,1.4670487106017192
painting_humanart_2000000001687.jpg,1024,1153,0.8881179531656548
painting_humanart_2000000001688.jpg,950,1300,0.7307692307692307
painting_humanart_2000000001689.jpg,918,1300,0.7061538461538461
painting_humanart_2000000001690.jpg,867,1300,0.666923076923077
painting_humanart_2000000001695.jpg,1024,1294,0.7913446676970634
painting_humanart_2000000001697.jpg,961,1300,0.7392307692307692
painting_humanart_2000000001699.jpg,900,1300,0.6923076923076923
painting_humanart_2000000001702.jpg,900,1300,0.6923076923076923
painting_humanart_2000000001704.jpg,931,1300,0.7161538461538461
painting_humanart_2000000001710.jpg,900,1300,0.6923076923076923
painting_humanart_2000000001711.jpg,954,1300,0.7338461538461538
painting_humanart_2000000001716.jpg,952,1300,0.7323076923076923
painting_humanart_2000000001732.jpg,1024,1480,0.6918918918918919
painting_humanart_2000000001733.jpg,1024,1286,0.7962674961119751
painting_humanart_2000000001734.jpg,1024,1396,0.7335243553008596
painting_humanart_2000000001737.jpg,892,1300,0.6861538461538461
painting_humanart_2000000001741.jpg,937,1300,0.7207692307692307
painting_humanart_2000000001750.jpg,919,1300,0.7069230769230769
painting_humanart_2000000001754.jpg,1000,857,1.1668611435239207
painting_humanart_2000000001756.jpg,883,1300,0.6792307692307692
painting_humanart_2000000001757.jpg,1024,1274,0.8037676609105181
painting_humanart_2000000001759.jpg,1024,1258,0.8139904610492846
painting_humanart_2000000001764.jpg,1024,1438,0.7121001390820584
painting_humanart_2000000001771.jpg,1024,985,1.0395939086294417
painting_humanart_2000000001774.jpg,1024,1332,0.7687687687687688
painting_humanart_2000000001776.jpg,1024,1332,0.7687687687687688
painting_humanart_2000000001780.jpg,1024,1332,0.7687687687687688
painting_humanart_2000000001781.jpg,3000,2143,1.3999066728884741
painting_humanart_2000000001783.jpg,1024,1732,0.5912240184757506
painting_humanart_2000000001784.jpg,1024,833,1.2292917166866746
painting_humanart_2000000001787.jpg,1024,665,1.5398496240601505
painting_humanart_2000000001788.jpg,1024,1117,0.9167412712623098
painting_humanart_2000000001790.jpg,1024,1009,1.0148662041625371
painting_humanart_2000000001793.jpg,1024,1082,0.9463955637707948
painting_humanart_2000000001801.jpg,1024,1114,0.9192100538599641
painting_humanart_2000000001803.jpg,1024,1169,0.8759623609923011
painting_humanart_2000000001809.jpg,1024,1406,0.7283072546230441
painting_humanart_2000000001811.jpg,1024,1194,0.8576214405360134
painting_humanart_2000000001820.jpg,1024,1031,0.9932104752667313
painting_humanart_2000000001823.jpg,1024,1401,0.7309064953604568
painting_humanart_2000000001824.jpg,1024,830,1.2337349397590363
painting_humanart_2000000001833.jpg,1024,986,1.0385395537525355
painting_humanart_2000000001836.jpg,1024,703,1.4566145092460883
painting_humanart_2000000001837.jpg,1024,732,1.3989071038251366
painting_humanart_2000000001838.jpg,1024,940,1.0893617021276596
painting_humanart_2000000001847.jpg,1024,663,1.5444947209653093
painting_humanart_2000000001857.jpg,1024,617,1.659643435980551
painting_humanart_2000000001862.jpg,1024,1351,0.7579570688378978
painting_humanart_2000000001867.jpg,576,864,0.6666666666666666
painting_humanart_2000000001868.jpg,1280,915,1.3989071038251366
painting_humanart_2000000001869.jpg,768,1152,0.6666666666666666
painting_humanart_2000000001870.jpg,768,1152,0.6666666666666666
painting_humanart_2000000001871.jpg,768,1152,0.6666666666666666
painting_humanart_2000000001872.jpg,576,864,0.6666666666666666
painting_humanart_2000000001875.jpg,576,864,0.6666666666666666
painting_humanart_2000000001876.jpg,576,864,0.6666666666666666
painting_humanart_2000000001877.jpg,600,600,1.0
painting_humanart_2000000001878.jpg,600,697,0.860832137733142
painting_humanart_2000000001879.jpg,800,450,1.7777777777777777
painting_humanart_2000000001880.jpg,600,600,1.0
painting_humanart_2000000001881.jpg,800,450,1.7777777777777777
painting_humanart_2000000001882.jpg,600,844,0.7109004739336493
painting_humanart_2000000001884.jpg,800,450,1.7777777777777777
painting_humanart_2000000001885.jpg,800,450,1.7777777777777777
painting_humanart_2000000001888.jpg,800,450,1.7777777777777777
painting_humanart_2000000001889.jpg,800,450,1.7777777777777777
painting_humanart_2000000001891.jpg,800,450,1.7777777777777777
painting_humanart_2000000001892.jpg,800,450,1.7777777777777777
painting_humanart_2000000001893.jpg,800,450,1.7777777777777777
painting_humanart_2000000001897.jpg,800,450,1.7777777777777777
painting_humanart_2000000001898.jpg,800,450,1.7777777777777777
painting_humanart_2000000001899.jpg,800,450,1.7777777777777777
painting_humanart_2000000001901.jpg,800,450,1.7777777777777777
painting_humanart_2000000001902.jpg,800,450,1.7777777777777777
painting_humanart_2000000001905.jpg,600,338,1.7751479289940828
painting_humanart_2000000001907.jpg,600,899,0.6674082313681868
painting_humanart_2000000001908.jpg,600,900,0.6666666666666666
painting_humanart_2000000001911.jpg,600,900,0.6666666666666666
painting_humanart_2000000001913.jpg,800,450,1.7777777777777777
painting_humanart_2000000001914.jpg,800,450,1.7777777777777777
painting_humanart_2000000001917.jpg,900,507,1.7751479289940828
painting_humanart_2000000001919.jpg,800,450,1.7777777777777777
painting_humanart_2000000001920.jpg,600,818,0.7334963325183375
painting_humanart_2000000001921.jpg,600,900,0.6666666666666666
painting_humanart_2000000001923.jpg,600,729,0.823045267489712
painting_humanart_2000000001924.jpg,600,900,0.6666666666666666
painting_humanart_2000000001925.jpg,600,900,0.6666666666666666
painting_humanart_2000000001926.jpg,600,905,0.6629834254143646
painting_humanart_2000000001928.jpg,600,600,1.0
painting_humanart_2000000001931.jpg,4000,2430,1.646090534979424
painting_humanart_2000000001932.jpg,3699,4500,0.822
painting_humanart_2000000001934.jpg,1600,1899,0.842548709847288
painting_humanart_2000000001936.jpg,1600,943,1.696712619300106
painting_humanart_2000000001937.jpg,2869,4000,0.71725
painting_humanart_2000000001938.jpg,1600,2343,0.6828851899274434
painting_humanart_2000000001940.jpg,1600,1243,1.2872083668543846
painting_humanart_2000000001941.jpg,1024,1024,1.0
painting_humanart_2000000001944.jpg,1024,1024,1.0
painting_humanart_2000000001945.jpg,1024,1024,1.0
painting_humanart_2000000001948.jpg,1024,1024,1.0
painting_humanart_2000000001950.jpg,513,512,1.001953125
painting_humanart_2000000001957.jpg,1280,905,1.4143646408839778
painting_humanart_2000000001958.jpg,1280,905,1.4143646408839778
painting_humanart_2000000001960.jpg,1280,905,1.4143646408839778
painting_humanart_2000000001961.jpg,1280,1811,0.706791827719492
painting_humanart_2000000001963.jpg,1280,1811,0.706791827719492
painting_humanart_2000000001967.jpg,1024,1366,0.7496339677891655
painting_humanart_2000000001979.jpg,1024,1299,0.7882986913010007
painting_humanart_2000000001982.jpg,1024,1393,0.7351040918880115
painting_humanart_2000000001983.jpg,1024,1277,0.8018794048551292
painting_humanart_2000000001984.jpg,900,1195,0.7531380753138075
painting_humanart_2000000001990.jpg,1024,1024,1.0
painting_humanart_2000000001991.jpg,784,620,1.264516129032258
painting_humanart_2000000001992.jpg,2226,2160,1.0305555555555554
painting_humanart_2000000001994.jpg,1280,768,1.6666666666666667
painting_humanart_2000000001996.jpg,1280,589,2.173174872665535
painting_humanart_2000000001998.jpg,1280,768,1.6666666666666667
painting_humanart_2000000001999.jpg,768,1280,0.6
painting_humanart_2000000002009.jpg,1280,768,1.6666666666666667
painting_humanart_2000000002012.jpg,1600,900,1.7777777777777777
painting_humanart_2000000002017.jpg,1280,1811,0.706791827719492
painting_humanart_2000000002018.jpg,1920,1080,1.7777777777777777
painting_humanart_2000000002022.jpg,1600,2263,0.7070260715863897
painting_humanart_2000000002030.jpg,1600,900,1.7777777777777777
painting_humanart_2000000002032.jpg,1600,900,1.7777777777777777
painting_humanart_2000000002034.jpg,1600,900,1.7777777777777777
painting_humanart_2000000002038.jpg,1600,900,1.7777777777777777
painting_humanart_2000000002045.jpg,1280,1280,1.0
painting_humanart_2000000002046.jpg,1280,1280,1.0
painting_humanart_2000000002047.jpg,1024,1112,0.920863309352518
painting_humanart_2000000002051.jpg,1024,1432,0.7150837988826816
painting_humanart_2000000002056.jpg,1024,577,1.7746967071057191
painting_humanart_2000000002060.jpg,984,1391,0.7074047447879224
painting_humanart_2000000002063.jpg,1024,1546,0.6623544631306598
painting_humanart_2000000002067.jpg,1200,1697,0.7071302298173247
painting_humanart_2000000002068.jpg,1100,1555,0.707395498392283
painting_humanart_2000000002069.jpg,1736,1227,1.414832925835371
painting_humanart_2000000002071.jpg,1754,1241,1.4133763094278808
painting_humanart_2000000002072.jpg,1650,2333,0.7072438919845693
painting_humanart_2000000002075.jpg,1200,1934,0.6204756980351603
painting_humanart_2000000002076.jpg,1238,1750,0.7074285714285714
painting_humanart_2000000002079.jpg,1000,1250,0.8
painting_humanart_2000000002080.jpg,1800,1350,1.3333333333333333
painting_humanart_2000000002081.jpg,1403,1984,0.7071572580645161
painting_humanart_2000000002082.jpg,900,637,1.41287284144427
painting_humanart_2000000002084.jpg,1500,1900,0.7894736842105263
painting_humanart_2000000002086.jpg,1150,1436,0.8008356545961003
painting_humanart_2000000002088.jpg,1280,1720,0.7441860465116279
painting_humanart_2000000002090.jpg,900,680,1.3235294117647058
painting_humanart_2000000002091.jpg,1900,1357,1.400147383935151
painting_humanart_2000000002092.jpg,1280,1600,0.8
painting_humanart_2000000002094.jpg,1700,1500,1.1333333333333333
painting_humanart_2000000002099.jpg,2250,1515,1.4851485148514851
painting_humanart_2000000002101.jpg,1920,1150,1.6695652173913043
painting_humanart_2000000002103.jpg,1600,1233,1.29764801297648
painting_humanart_2000000002112.jpg,1200,1565,0.7667731629392971
painting_humanart_2000000002116.jpg,1400,1106,1.2658227848101267
painting_humanart_2000000002118.jpg,900,1406,0.6401137980085349
painting_humanart_2000000002119.jpg,900,1170,0.7692307692307693
painting_humanart_2000000002120.jpg,900,1080,0.8333333333333334
painting_humanart_2000000002122.jpg,900,600,1.5
painting_humanart_2000000002123.jpg,900,475,1.894736842105263
painting_humanart_2000000002124.jpg,2000,2997,0.667334000667334
painting_humanart_2000000002126.jpg,2800,2500,1.12
painting_humanart_2000000002130.jpg,700,772,0.9067357512953368
painting_humanart_2000000002131.jpg,1200,880,1.3636363636363635
painting_humanart_2000000002132.jpg,800,996,0.8032128514056225
painting_humanart_2000000002133.jpg,800,900,0.8888888888888888
painting_humanart_2000000002134.jpg,900,964,0.9336099585062241
painting_humanart_2000000002136.jpg,900,614,1.4657980456026058
painting_humanart_2000000002139.jpg,800,703,1.1379800853485065
painting_humanart_2000000002141.jpg,1280,1884,0.6794055201698513
painting_humanart_2000000002143.jpg,900,675,1.3333333333333333
painting_humanart_2000000002144.jpg,900,675,1.3333333333333333
painting_humanart_2000000002146.jpg,900,1200,0.75
painting_humanart_2000000002147.jpg,900,1200,0.75
painting_humanart_2000000002148.jpg,900,1200,0.75
painting_humanart_2000000002149.jpg,900,1200,0.75
painting_humanart_2000000002151.jpg,900,1200,0.75
painting_humanart_2000000002154.jpg,1024,1024,1.0
painting_humanart_2000000002163.jpg,940,627,1.4992025518341308
painting_humanart_2000000002172.jpg,760,950,0.8
painting_humanart_2000000002174.jpg,1280,1869,0.6848582129481006
painting_humanart_2000000002176.jpg,1280,843,1.5183867141162515
painting_humanart_2000000002178.jpg,1117,1553,0.7192530585962653
painting_humanart_2000000002179.jpg,1280,700,1.8285714285714285
painting_humanart_2000000002180.jpg,1280,833,1.5366146458583434
painting_humanart_2000000002184.jpg,900,667,1.3493253373313343
painting_humanart_2000000002185.jpg,1024,576,1.7777777777777777
painting_humanart_2000000002186.jpg,2047,1293,1.583139984532096
painting_humanart_2000000002187.jpg,1024,1821,0.5623283909939594
painting_humanart_2000000002189.jpg,1024,576,1.7777777777777777
painting_humanart_2000000002190.jpg,1024,1005,1.0189054726368159
painting_humanart_2000000002191.jpg,1024,577,1.7746967071057191
painting_humanart_2000000002197.jpg,1024,576,1.7777777777777777
painting_humanart_2000000002200.jpg,1024,576,1.7777777777777777
painting_humanart_2000000002201.jpg,1024,576,1.7777777777777777
painting_humanart_2000000002202.jpg,800,450,1.7777777777777777
painting_humanart_2000000002204.jpg,1024,576,1.7777777777777777
painting_humanart_2000000002206.jpg,1024,576,1.7777777777777777
painting_humanart_2000000002209.jpg,1024,576,1.7777777777777777
painting_humanart_2000000002210.jpg,800,451,1.7738359201773837
painting_humanart_2000000002212.jpg,1024,576,1.7777777777777777
painting_humanart_2000000002213.jpg,900,507,1.7751479289940828
painting_humanart_2000000002238.jpg,1024,683,1.499267935578331
painting_humanart_2000000002239.jpg,1024,576,1.7777777777777777
painting_humanart_2000000002241.jpg,1546,870,1.7770114942528736
painting_humanart_2000000002242.jpg,945,2047,0.4616511968734734
painting_humanart_2000000002244.jpg,900,618,1.4563106796116505
painting_humanart_2000000002259.jpg,1600,1171,1.3663535439795047
painting_humanart_2000000002261.jpg,1600,1162,1.3769363166953528
painting_humanart_2000000002262.jpg,900,1456,0.6181318681318682
painting_humanart_2000000002263.jpg,900,1442,0.624133148404993
painting_humanart_2000000002265.jpg,900,1273,0.7069913589945012
painting_humanart_2000000002267.jpg,1500,1102,1.3611615245009074
painting_humanart_2000000002269.jpg,1500,1102,1.3611615245009074
painting_humanart_2000000002271.jpg,900,1260,0.7142857142857143
painting_humanart_2000000002273.jpg,900,1324,0.6797583081570997
painting_humanart_2000000002284.jpg,1920,1231,1.5597075548334687
painting_humanart_2000000002286.jpg,900,1375,0.6545454545454545
painting_humanart_2000000002288.jpg,900,900,1.0
painting_humanart_2000000002291.jpg,900,1382,0.6512301013024602
painting_humanart_2000000002292.jpg,1024,587,1.7444633730834753
painting_humanart_2000000002294.jpg,800,1328,0.6024096385542169
painting_humanart_2000000002298.jpg,900,531,1.694915254237288
painting_humanart_2000000002299.jpg,1600,1058,1.5122873345935728
painting_humanart_2000000002301.jpg,800,1148,0.6968641114982579
painting_humanart_2000000002303.jpg,1600,828,1.932367149758454
painting_humanart_2000000002316.jpg,900,1368,0.6578947368421053
painting_humanart_2000000002318.jpg,1280,919,1.3928182807399347
painting_humanart_2000000002322.jpg,600,868,0.6912442396313364
painting_humanart_2000000002326.jpg,900,1448,0.6215469613259669
painting_humanart_2000000002331.jpg,1920,1138,1.687170474516696
painting_humanart_2000000002332.jpg,900,1658,0.5428226779252111
painting_humanart_2000000002335.jpg,1280,1765,0.7252124645892352
painting_humanart_2000000002336.jpg,900,1390,0.6474820143884892
painting_humanart_2000000002338.jpg,900,1312,0.6859756097560976
painting_humanart_2000000002340.jpg,900,1128,0.7978723404255319
painting_humanart_2000000002341.jpg,600,923,0.6500541711809318
painting_humanart_2000000002346.jpg,1280,1750,0.7314285714285714
painting_humanart_2000000002348.jpg,900,900,1.0
painting_humanart_2000000002349.jpg,1600,873,1.8327605956471935
painting_humanart_2000000002350.jpg,900,1035,0.8695652173913043
painting_humanart_2000000002351.jpg,800,1243,0.6436041834271923
painting_humanart_2000000002354.jpg,900,1354,0.6646971935007385
painting_humanart_2000000002360.jpg,600,900,0.6666666666666666
painting_humanart_2000000002361.jpg,600,896,0.6696428571428571
painting_humanart_2000000002365.jpg,1024,752,1.3617021276595744
painting_humanart_2000000002369.jpg,2300,1380,1.6666666666666667
painting_humanart_2000000002370.jpg,1024,1024,1.0
painting_humanart_2000000002375.jpg,476,476,1.0
painting_humanart_2000000002377.jpg,768,448,1.7142857142857142
painting_humanart_2000000002380.jpg,3000,1613,1.8598884066955983
painting_humanart_2000000002382.jpg,1920,1111,1.7281728172817281
painting_humanart_2000000002383.jpg,1920,1178,1.6298811544991512
painting_humanart_2000000002385.jpg,3000,1688,1.7772511848341233
painting_humanart_2000000002386.jpg,3000,1688,1.7772511848341233
painting_humanart_2000000002387.jpg,3000,1688,1.7772511848341233
painting_humanart_2000000002396.jpg,1600,900,1.7777777777777777
painting_humanart_2000000002397.jpg,1024,1612,0.6352357320099256
painting_humanart_2000000002399.jpg,1600,900,1.7777777777777777
painting_humanart_2000000002400.jpg,1600,900,1.7777777777777777
painting_humanart_2000000002401.jpg,1277,1920,0.6651041666666667
painting_humanart_2000000002402.jpg,1277,1920,0.6651041666666667
painting_humanart_2000000002403.jpg,1000,1500,0.6666666666666666
painting_humanart_2000000002404.jpg,1024,1540,0.6649350649350649
painting_humanart_2000000002416.jpg,700,1080,0.6481481481481481
painting_humanart_2000000002418.jpg,1280,720,1.7777777777777777
painting_humanart_2000000002419.jpg,1920,1080,1.7777777777777777
painting_humanart_2000000002420.jpg,1000,1552,0.6443298969072165
painting_humanart_2000000002422.jpg,1186,1186,1.0
painting_humanart_2000000002423.jpg,1024,785,1.3044585987261146
painting_humanart_2000000002427.jpg,1024,708,1.4463276836158192
painting_humanart_2000000002428.jpg,1024,1535,0.6671009771986971
painting_humanart_2000000002431.jpg,1024,623,1.6436597110754414
painting_humanart_2000000002433.jpg,1080,1350,0.8
painting_humanart_2000000002436.jpg,1080,1350,0.8
painting_humanart_2000000002437.jpg,1080,1350,0.8
painting_humanart_2000000002440.jpg,1080,1350,0.8
painting_humanart_2000000002441.jpg,1080,1350,0.8
painting_humanart_2000000002442.jpg,800,1000,0.8
painting_humanart_2000000002443.jpg,1080,1350,0.8
painting_humanart_2000000002444.jpg,1280,1600,0.8
painting_humanart_2000000002445.jpg,1080,1350,0.8
painting_humanart_2000000002446.jpg,1080,1350,0.8
painting_humanart_2000000002450.jpg,1080,1350,0.8
painting_humanart_2000000002451.jpg,1080,1350,0.8
painting_humanart_2000000002454.jpg,1080,1350,0.8
painting_humanart_2000000002455.jpg,874,1350,0.6474074074074074
painting_humanart_2000000002456.jpg,1080,1350,0.8
painting_humanart_2000000002457.jpg,1080,1350,0.8
painting_humanart_2000000002459.jpg,1080,1350,0.8
painting_humanart_2000000002463.jpg,1024,1280,0.8
painting_humanart_2000000002464.jpg,1024,1280,0.8
painting_humanart_2000000002469.jpg,800,1000,0.8
painting_humanart_2000000002472.jpg,800,1001,0.7992007992007992
painting_humanart_2000000002473.jpg,1080,1350,0.8
painting_humanart_2000000002475.jpg,800,1000,0.8
painting_humanart_2000000002476.jpg,800,1000,0.8
painting_humanart_2000000002479.jpg,1280,1553,0.824211204121056
painting_humanart_2000000002489.jpg,1024,512,2.0
painting_humanart_2000000002490.jpg,1024,1035,0.9893719806763285
painting_humanart_2000000002492.jpg,1000,1610,0.6211180124223602
painting_humanart_2000000002493.jpg,1000,1000,1.0
painting_humanart_2000000002494.jpg,1000,1000,1.0
painting_humanart_2000000002495.jpg,1024,1449,0.7066942719116632
painting_humanart_2000000002496.jpg,1000,715,1.3986013986013985
painting_humanart_2000000002497.jpg,1024,1449,0.7066942719116632
painting_humanart_2000000002498.jpg,1024,512,2.0
painting_humanart_2000000002499.jpg,1024,1407,0.7277896233120114
painting_humanart_2000000002500.jpg,1024,512,2.0
painting_humanart_2000000002501.jpg,1600,837,1.911589008363202
painting_humanart_2000000002505.jpg,1024,1434,0.7140864714086471
painting_humanart_2000000002506.jpg,1280,1600,0.8
painting_humanart_2000000002509.jpg,3267,1350,2.42
painting_humanart_2000000002510.jpg,2000,890,2.247191011235955
painting_humanart_2000000002514.jpg,1920,747,2.570281124497992
painting_humanart_2000000002515.jpg,1920,747,2.570281124497992
painting_humanart_2000000002516.jpg,1600,623,2.568218298555377
painting_humanart_2000000002518.jpg,1920,1024,1.875
painting_humanart_2000000002521.jpg,1600,854,1.873536299765808
painting_humanart_2000000002524.jpg,1024,547,1.8720292504570384
painting_humanart_2000000002526.jpg,1024,683,1.499267935578331
painting_humanart_2000000002527.jpg,1280,1600,0.8
painting_humanart_2000000002533.jpg,1280,1600,0.8
painting_humanart_2000000002536.jpg,1280,1600,0.8
painting_humanart_2000000002538.jpg,1280,1600,0.8
painting_humanart_2000000002545.jpg,1280,1024,1.25
painting_humanart_2000000002547.jpg,1280,1280,1.0
painting_humanart_2000000002548.jpg,1280,1600,0.8
painting_humanart_2000000002550.jpg,1280,1600,0.8
painting_humanart_2000000002551.jpg,1280,1600,0.8
painting_humanart_2000000002553.jpg,1280,1600,0.8
painting_humanart_2000000002557.jpg,1280,1280,1.0
painting_humanart_2000000002560.jpg,1280,1600,0.8
painting_humanart_2000000002561.jpg,1280,1600,0.8
painting_humanart_2000000002562.jpg,1600,1600,1.0
painting_humanart_2000000002565.jpg,1280,1689,0.7578448786264061
painting_humanart_2000000002566.jpg,1280,746,1.7158176943699732
painting_humanart_2000000002567.jpg,1280,1495,0.8561872909698997
painting_humanart_2000000002568.jpg,1280,1495,0.8561872909698997
painting_humanart_2000000002569.jpg,1000,471,2.1231422505307855
painting_humanart_2000000002570.jpg,1280,720,1.7777777777777777
painting_humanart_2000000002571.jpg,1300,704,1.8465909090909092
painting_humanart_2000000002573.jpg,671,671,1.0
painting_humanart_2000000002575.jpg,1280,1280,1.0
painting_humanart_2000000002577.jpg,1280,1280,1.0
painting_humanart_2000000002578.jpg,1280,1280,1.0
painting_humanart_2000000002586.jpg,1280,1280,1.0
painting_humanart_2000000002589.jpg,1280,1280,1.0
painting_humanart_2000000002592.jpg,1280,1280,1.0
painting_humanart_2000000002594.jpg,1280,1280,1.0
painting_humanart_2000000002597.jpg,1280,1280,1.0
painting_humanart_2000000002598.jpg,1280,1280,1.0
painting_humanart_2000000002599.jpg,1280,1280,1.0
painting_humanart_2000000002600.jpg,1280,1280,1.0
painting_humanart_2000000002601.jpg,1280,1280,1.0
painting_humanart_2000000002602.jpg,1280,1280,1.0
painting_humanart_2000000002603.jpg,1280,1280,1.0
painting_humanart_2000000002604.jpg,1280,1280,1.0
painting_humanart_2000000002605.jpg,1280,1280,1.0
painting_humanart_2000000002612.jpg,900,720,1.25
painting_humanart_2000000002617.jpg,1600,2264,0.7067137809187279
painting_humanart_2000000002619.jpg,1600,900,1.7777777777777777
painting_humanart_2000000002620.jpg,900,1350,0.6666666666666666
painting_humanart_2000000002621.jpg,900,900,1.0
painting_humanart_2000000002623.jpg,2582,3153,0.8189026324135744
painting_humanart_2000000002629.jpg,2635,3461,0.7613406529904652
painting_humanart_2000000002630.jpg,621,776,0.8002577319587629
painting_humanart_2000000002631.jpg,600,800,0.75
painting_humanart_2000000002632.jpg,1051,1324,0.7938066465256798
painting_humanart_2000000002637.jpg,1920,1920,1.0
painting_humanart_2000000002641.jpg,1920,1501,1.279147235176549
painting_humanart_2000000002642.jpg,1920,1501,1.279147235176549
painting_humanart_2000000002644.jpg,1920,1501,1.279147235176549
painting_humanart_2000000002646.jpg,1080,595,1.815126050420168
painting_humanart_2000000002648.jpg,1137,1080,1.0527777777777778
painting_humanart_2000000002650.jpg,1280,653,1.9601837672281777
painting_humanart_2000000002654.jpg,1240,1748,0.7093821510297483
painting_humanart_2000000002657.jpg,800,1067,0.7497656982193065
painting_humanart_2000000002658.jpg,800,1000,0.8
painting_humanart_2000000002659.jpg,800,1000,0.8
painting_humanart_2000000002660.jpg,800,1000,0.8
painting_humanart_2000000002667.jpg,257,253,1.0158102766798418
painting_humanart_2000000002671.jpg,1024,1024,1.0
painting_humanart_2000000002672.jpg,1024,1024,1.0
painting_humanart_2000000002673.jpg,1024,1024,1.0
painting_humanart_2000000002674.jpg,1024,1024,1.0
painting_humanart_2000000002681.jpg,1024,1024,1.0
painting_humanart_2000000002682.jpg,1024,1024,1.0
painting_humanart_2000000002686.jpg,1024,1024,1.0
painting_humanart_2000000002688.jpg,1024,1024,1.0
painting_humanart_2000000002689.jpg,1024,1024,1.0
painting_humanart_2000000002691.jpg,1024,1024,1.0
painting_humanart_2000000002703.jpg,1280,1280,1.0
painting_humanart_2000000002708.jpg,1664,1664,1.0
painting_humanart_2000000002709.jpg,1024,1024,1.0
painting_humanart_2000000002710.jpg,1024,1024,1.0
painting_humanart_2000000002711.jpg,800,1000,0.8
painting_humanart_2000000002713.jpg,1024,1450,0.7062068965517241
painting_humanart_2000000002715.jpg,1024,1449,0.7066942719116632
painting_humanart_2000000002716.jpg,1024,1280,0.8
painting_humanart_2000000002717.jpg,1024,1229,0.8331977217249796
painting_humanart_2000000002719.jpg,1024,1288,0.7950310559006211
painting_humanart_2000000002720.jpg,1024,1366,0.7496339677891655
painting_humanart_2000000002721.jpg,1024,1536,0.6666666666666666
painting_humanart_2000000002722.jpg,1024,1536,0.6666666666666666
painting_humanart_2000000002723.jpg,1600,2597,0.6160954948016942
painting_humanart_2000000002725.jpg,1600,2264,0.7067137809187279
painting_humanart_2000000002726.jpg,1600,2263,0.7070260715863897
painting_humanart_2000000002727.jpg,1600,2264,0.7067137809187279
painting_humanart_2000000002731.jpg,1600,2288,0.6993006993006993
painting_humanart_2000000002734.jpg,1280,720,1.7777777777777777
painting_humanart_2000000002735.jpg,1280,1811,0.706791827719492
painting_humanart_2000000002736.jpg,1280,914,1.400437636761488
painting_humanart_2000000002737.jpg,1280,2322,0.5512489233419466
painting_humanart_2000000002738.jpg,1280,882,1.4512471655328798
painting_humanart_2000000002740.jpg,1280,951,1.3459516298633019
painting_humanart_2000000002741.jpg,1280,983,1.3021363173957274
painting_humanart_2000000002742.jpg,1280,1910,0.6701570680628273
painting_humanart_2000000002744.jpg,1280,1766,0.72480181200453
painting_humanart_2000000002746.jpg,1280,1946,0.65775950668037
painting_humanart_2000000002749.jpg,1280,1916,0.6680584551148225
painting_humanart_2000000002755.jpg,1280,1983,0.6454866364094806
painting_humanart_2000000002759.jpg,1280,1826,0.7009857612267251
painting_humanart_2000000002760.jpg,1280,1811,0.706791827719492
painting_humanart_2000000002761.jpg,1280,1811,0.706791827719492
painting_humanart_2000000002762.jpg,1280,2264,0.5653710247349824
painting_humanart_2000000002763.jpg,1280,1811,0.706791827719492
painting_humanart_2000000002765.jpg,1280,1816,0.7048458149779736
painting_humanart_2000000002766.jpg,1280,1659,0.7715491259795058
painting_humanart_2000000002767.jpg,1280,988,1.2955465587044535
painting_humanart_2000000002769.jpg,1280,968,1.322314049586777
painting_humanart_2000000002771.jpg,1280,760,1.6842105263157894
painting_humanart_2000000002772.jpg,1280,1842,0.6948968512486428
painting_humanart_2000000002776.jpg,1280,798,1.6040100250626566
painting_humanart_2000000002778.jpg,1280,762,1.6797900262467191
painting_humanart_2000000002779.jpg,1280,762,1.6797900262467191
painting_humanart_2000000002781.jpg,1024,1449,0.7066942719116632
painting_humanart_2000000002782.jpg,1024,800,1.28
painting_humanart_2000000002783.jpg,1024,534,1.9176029962546817
painting_humanart_2000000002786.jpg,1024,1771,0.5782044042913608
painting_humanart_2000000002789.jpg,1280,1714,0.7467911318553092
painting_humanart_2000000002791.jpg,1280,1526,0.8387942332896461
painting_humanart_2000000002792.jpg,800,1163,0.6878761822871883
painting_humanart_2000000002793.jpg,1280,1838,0.6964091403699674
painting_humanart_2000000002797.jpg,1280,1577,0.8116677235256817
painting_humanart_2000000002798.jpg,1280,2782,0.46010064701653486
painting_humanart_2000000002799.jpg,1280,1668,0.7673860911270983
painting_humanart_2000000002800.jpg,1280,1847,0.6930157011369789
painting_humanart_2000000002802.jpg,1280,686,1.8658892128279883
painting_humanart_2000000002804.jpg,1280,1810,0.7071823204419889
painting_humanart_2000000002806.jpg,1280,1689,0.7578448786264061
painting_humanart_2000000002807.jpg,1280,906,1.4128035320088301
painting_humanart_2000000002808.jpg,1280,843,1.5183867141162515
painting_humanart_2000000002810.jpg,1280,1857,0.6892837910608508
painting_humanart_2000000002812.jpg,1280,645,1.9844961240310077
painting_humanart_2000000002814.jpg,1280,772,1.6580310880829014
painting_humanart_2000000002816.jpg,1280,727,1.7606602475928472
painting_humanart_2000000002817.jpg,1280,789,1.6223067173637515
painting_humanart_2000000002820.jpg,1280,813,1.5744157441574416
painting_humanart_2000000002822.jpg,1280,1888,0.6779661016949152
painting_humanart_2000000002823.jpg,1280,760,1.6842105263157894
painting_humanart_2000000002824.jpg,1280,763,1.6775884665792922
painting_humanart_2000000002825.jpg,1280,737,1.7367706919945727
painting_humanart_2000000002829.jpg,1280,1799,0.7115063924402446
painting_humanart_2000000002831.jpg,1280,828,1.5458937198067633
painting_humanart_2000000002833.jpg,1280,2324,0.5507745266781411
painting_humanart_2000000002834.jpg,1280,1938,0.6604747162022704
painting_humanart_2000000002835.jpg,1280,1920,0.6666666666666666
painting_humanart_2000000002836.jpg,1024,1490,0.687248322147651
painting_humanart_2000000002837.jpg,800,1134,0.7054673721340388
painting_humanart_2000000002838.jpg,1024,547,1.8720292504570384
painting_humanart_2000000002843.jpg,852,1084,0.7859778597785978
painting_humanart_2000000002844.jpg,1023,1084,0.9437269372693727
painting_humanart_2000000002845.jpg,913,1084,0.8422509225092251
painting_humanart_2000000002847.jpg,949,1084,0.8754612546125461
painting_humanart_2000000002850.jpg,1920,2716,0.7069219440353461
painting_humanart_2000000002851.jpg,1600,2222,0.7200720072007201
painting_humanart_2000000002854.jpg,1600,832,1.9230769230769231
painting_humanart_2000000002855.jpg,1600,2263,0.7070260715863897
painting_humanart_2000000002856.jpg,1600,2557,0.6257332811888933
painting_humanart_2000000002858.jpg,1600,2327,0.6875805758487322
painting_humanart_2000000002859.jpg,1600,1068,1.4981273408239701
painting_humanart_2000000002861.jpg,1600,975,1.641025641025641
painting_humanart_2000000002862.jpg,1600,2264,0.7067137809187279
painting_humanart_2000000002863.jpg,1280,1811,0.706791827719492
painting_humanart_2000000002868.jpg,1280,755,1.695364238410596
painting_humanart_2000000002871.jpg,1280,1811,0.706791827719492
painting_humanart_2000000002875.jpg,1024,1751,0.584808680753855
painting_humanart_2000000002876.jpg,1280,630,2.0317460317460316
painting_humanart_2000000002877.jpg,1280,760,1.6842105263157894
painting_humanart_2000000002878.jpg,1280,1811,0.706791827719492
painting_humanart_2000000002879.jpg,1280,1970,0.649746192893401
painting_humanart_2000000002880.jpg,1280,1802,0.7103218645948945
painting_humanart_2000000002884.jpg,1280,720,1.7777777777777777
painting_humanart_2000000002885.jpg,1280,2351,0.5444491705657167
painting_humanart_2000000002886.jpg,1280,845,1.514792899408284
painting_humanart_2000000002889.jpg,1280,836,1.5311004784688995
painting_humanart_2000000002890.jpg,1024,2043,0.5012236906510035
painting_humanart_2000000002897.jpg,1280,1881,0.6804891015417331
painting_humanart_2000000002898.jpg,1280,1748,0.7322654462242563
painting_humanart_2000000002899.jpg,1280,1600,0.8
painting_humanart_2000000002902.jpg,1280,1735,0.7377521613832853
painting_humanart_2000000002903.jpg,1024,1376,0.7441860465116279
painting_humanart_2000000002907.jpg,1024,576,1.7777777777777777
painting_humanart_2000000002908.jpg,1280,1810,0.7071823204419889
painting_humanart_2000000002909.jpg,1280,905,1.4143646408839778
painting_humanart_2000000002912.jpg,1024,1210,0.8462809917355372
painting_humanart_2000000002915.jpg,1024,442,2.316742081447964
painting_humanart_2000000002916.jpg,1600,902,1.7738359201773837
painting_humanart_2000000002917.jpg,800,1281,0.624512099921936
painting_humanart_2000000002918.jpg,1280,1941,0.6594538897475528
painting_humanart_2000000002921.jpg,1536,1536,1.0
painting_humanart_2000000002922.jpg,1664,1664,1.0
painting_humanart_2000000002923.jpg,1280,720,1.7777777777777777
painting_humanart_2000000002925.jpg,924,1275,0.7247058823529412
painting_humanart_2000000002929.jpg,634,903,0.7021040974529347
painting_humanart_2000000002930.jpg,991,898,1.1035634743875278
painting_humanart_2000000002931.jpg,635,897,0.7079152731326644
painting_humanart_2000000002932.jpg,635,895,0.7094972067039106
painting_humanart_2000000002933.jpg,825,896,0.9207589285714286
painting_humanart_2000000002936.jpg,1024,714,1.4341736694677871
painting_humanart_2000000002938.jpg,629,893,0.7043673012318029
painting_humanart_2000000002944.jpg,900,1350,0.6666666666666666
painting_humanart_2000000002947.jpg,1280,732,1.7486338797814207
painting_humanart_2000000002954.jpg,1280,2032,0.6299212598425197
painting_humanart_2000000002957.jpg,1200,862,1.3921113689095128
painting_humanart_2000000002959.jpg,900,1200,0.75
painting_humanart_2000000002960.jpg,881,1200,0.7341666666666666
painting_humanart_2000000002962.jpg,854,1200,0.7116666666666667
painting_humanart_2000000002964.jpg,827,1200,0.6891666666666667
painting_humanart_2000000002968.jpg,600,875,0.6857142857142857
painting_humanart_2000000002969.jpg,900,556,1.618705035971223
painting_humanart_2000000002970.jpg,800,488,1.639344262295082
painting_humanart_2000000002972.jpg,900,507,1.7751479289940828
painting_humanart_2000000002974.jpg,900,507,1.7751479289940828
painting_humanart_2000000002977.jpg,800,1152,0.6944444444444444
painting_humanart_2000000002978.jpg,800,450,1.7777777777777777
painting_humanart_2000000002981.jpg,1280,1811,0.706791827719492
painting_humanart_2000000002986.jpg,1280,906,1.4128035320088301
painting_humanart_2000000002988.jpg,1280,1811,0.706791827719492
painting_humanart_2000000002992.jpg,1280,905,1.4143646408839778
painting_humanart_2000000002995.jpg,1024,1449,0.7066942719116632
painting_humanart_2000000002997.jpg,1024,1449,0.7066942719116632
painting_humanart_2000000002999.jpg,1024,1138,0.8998242530755711
painting_humanart_2000000003003.jpg,1024,1434,0.7140864714086471
painting_humanart_2000000003005.jpg,2000,1750,1.1428571428571428
painting_humanart_2000000003008.jpg,600,879,0.6825938566552902
painting_humanart_2000000003009.jpg,800,1234,0.6482982171799028
painting_humanart_2000000003012.jpg,900,1100,0.8181818181818182
painting_humanart_2000000003017.jpg,1600,1953,0.819252432155658
painting_humanart_2000000003019.jpg,1024,1950,0.5251282051282051
painting_humanart_2000000003021.jpg,900,1200,0.75
painting_humanart_2000000003022.jpg,900,1200,0.75
painting_humanart_2000000003024.jpg,900,1200,0.75
painting_humanart_2000000003030.jpg,1024,683,1.499267935578331
painting_humanart_2000000003031.jpg,1024,600,1.7066666666666668
painting_humanart_2000000003033.jpg,1024,1536,0.6666666666666666
painting_humanart_2000000003035.jpg,800,451,1.7738359201773837
painting_humanart_2000000003036.jpg,1024,576,1.7777777777777777
painting_humanart_2000000003037.jpg,1024,576,1.7777777777777777
painting_humanart_2000000003038.jpg,1024,576,1.7777777777777777
painting_humanart_2000000003039.jpg,1150,862,1.334106728538283
painting_humanart_2000000003040.jpg,400,800,0.5
painting_humanart_2000000003041.jpg,3000,1573,1.9071837253655435
painting_humanart_2000000003043.jpg,3000,1573,1.9071837253655435
painting_humanart_2000000003044.jpg,1920,1080,1.7777777777777777
painting_humanart_2000000003046.jpg,1920,1074,1.7877094972067038
painting_humanart_2000000003047.jpg,1920,1080,1.7777777777777777
painting_humanart_2000000003050.jpg,1920,1080,1.7777777777777777
painting_humanart_2000000003051.jpg,1920,1080,1.7777777777777777
painting_humanart_2000000003055.jpg,1280,720,1.7777777777777777
painting_humanart_2000000003056.jpg,1280,617,2.0745542949756888
painting_humanart_2000000003064.jpg,889,1350,0.6585185185185185
painting_humanart_2000000003065.jpg,1080,1350,0.8
painting_humanart_2000000003066.jpg,1080,1350,0.8
painting_humanart_2000000003068.jpg,1080,1350,0.8
painting_humanart_2000000003071.jpg,1080,1350,0.8
painting_humanart_2000000003075.jpg,1080,1350,0.8
painting_humanart_2000000003078.jpg,1280,840,1.5238095238095237
painting_humanart_2000000003081.jpg,1280,1342,0.9538002980625931
painting_humanart_2000000003082.jpg,1280,1575,0.8126984126984127
painting_humanart_2000000003083.jpg,1280,1455,0.8797250859106529
painting_humanart_2000000003089.jpg,1920,2400,0.8
painting_humanart_2000000003090.jpg,1920,2400,0.8
painting_humanart_2000000003091.jpg,1280,1600,0.8
painting_humanart_2000000003094.jpg,1280,1600,0.8
painting_humanart_2000000003095.jpg,1600,1600,1.0
painting_humanart_2000000003096.jpg,1080,1080,1.0
painting_humanart_2000000003100.jpg,1024,1062,0.9642184557438794
painting_humanart_2000000003101.jpg,900,1376,0.6540697674418605
painting_humanart_2000000003103.jpg,1280,960,1.3333333333333333
painting_humanart_2000000003105.jpg,900,676,1.331360946745562
painting_humanart_2000000003111.jpg,1850,2160,0.8564814814814815
painting_humanart_2000000003112.jpg,1850,2160,0.8564814814814815
painting_humanart_2000000003113.jpg,3700,4320,0.8564814814814815
painting_humanart_2000000003114.jpg,1850,2160,0.8564814814814815
painting_humanart_2000000003118.jpg,1280,1280,1.0
painting_humanart_2000000003120.jpg,1280,1280,1.0
painting_humanart_2000000003123.jpg,1280,1280,1.0
painting_humanart_2000000003124.jpg,1280,1280,1.0
painting_humanart_2000000003125.jpg,900,900,1.0
painting_humanart_2000000003130.jpg,850,850,1.0
painting_humanart_2000000003133.jpg,1024,1024,1.0
painting_humanart_2000000003138.jpg,500,619,0.8077544426494345
painting_humanart_2000000003139.jpg,512,768,0.6666666666666666
painting_humanart_2000000003141.jpg,2524,3149,0.8015242934264846
painting_humanart_2000000003148.jpg,1024,1022,1.0019569471624266
painting_humanart_2000000003150.jpg,1024,1224,0.8366013071895425
painting_humanart_2000000003151.jpg,1024,1283,0.7981293842556508
painting_humanart_2000000003154.jpg,1280,614,2.0846905537459284
painting_humanart_2000000003156.jpg,627,1000,0.627
painting_humanart_2000000003157.jpg,1280,635,2.015748031496063
painting_humanart_2000000003159.jpg,800,1000,0.8
painting_humanart_2000000003160.jpg,800,1067,0.7497656982193065
painting_humanart_2000000003163.jpg,554,1000,0.554
painting_humanart_2000000003164.jpg,800,596,1.342281879194631
painting_humanart_2000000003168.jpg,1280,1781,0.7186973610331274
painting_humanart_2000000003169.jpg,1920,2710,0.7084870848708487
painting_humanart_2000000003170.jpg,400,397,1.0075566750629723
painting_humanart_2000000003171.jpg,1280,1829,0.6998359759431383
painting_humanart_2000000003174.jpg,900,1600,0.5625
painting_humanart_2000000003180.jpg,1280,720,1.7777777777777777
painting_humanart_2000000003181.jpg,1000,1231,0.8123476848090982
painting_humanart_2000000003182.jpg,1200,660,1.8181818181818181
painting_humanart_2000000003184.jpg,1000,500,2.0
painting_humanart_2000000003186.jpg,1000,500,2.0
painting_humanart_2000000003189.jpg,1000,636,1.5723270440251573
painting_humanart_2000000003190.jpg,1000,455,2.197802197802198
painting_humanart_2000000003195.jpg,1024,1024,1.0
painting_humanart_2000000003197.jpg,1024,1024,1.0
painting_humanart_2000000003200.jpg,1024,1024,1.0
painting_humanart_2000000003201.jpg,1024,1024,1.0
painting_humanart_2000000003206.jpg,1024,1024,1.0
painting_humanart_2000000003209.jpg,1024,1024,1.0
painting_humanart_2000000003211.jpg,1024,1024,1.0
painting_humanart_2000000003213.jpg,640,976,0.6557377049180327
painting_humanart_2000000003214.jpg,640,1061,0.6032045240339302
painting_humanart_2000000003215.jpg,640,1061,0.6032045240339302
painting_humanart_2000000003217.jpg,640,376,1.702127659574468
painting_humanart_2000000003219.jpg,640,309,2.071197411003236
painting_humanart_2000000003220.jpg,640,850,0.7529411764705882
painting_humanart_2000000003222.jpg,640,427,1.4988290398126465
painting_humanart_2000000003223.jpg,640,427,1.4988290398126465
painting_humanart_2000000003224.jpg,640,360,1.7777777777777777
painting_humanart_2000000003227.jpg,640,426,1.5023474178403755
painting_humanart_2000000003228.jpg,640,425,1.5058823529411764
painting_humanart_2000000003230.jpg,640,968,0.6611570247933884
painting_humanart_2000000003232.jpg,1500,2000,0.75
painting_humanart_2000000003235.jpg,1024,970,1.0556701030927835
painting_humanart_2000000003238.jpg,1920,2497,0.7689227072486985
painting_humanart_2000000003239.jpg,658,350,1.88
painting_humanart_2000000003240.jpg,1555,2200,0.7068181818181818
painting_humanart_2000000003242.jpg,491,647,0.758887171561051
painting_humanart_2000000003244.jpg,640,360,1.7777777777777777
painting_humanart_2000000003246.jpg,1080,1569,0.6883365200764818
painting_humanart_2000000003251.jpg,600,600,1.0
painting_humanart_2000000003252.jpg,640,640,1.0
painting_humanart_2000000003253.jpg,640,800,0.8
painting_humanart_2000000003255.jpg,1100,726,1.5151515151515151
painting_humanart_2000000003256.jpg,800,640,1.25
painting_humanart_2000000003261.jpg,1370,583,2.3499142367066894
painting_humanart_2000000003264.jpg,690,1089,0.6336088154269972
painting_humanart_2000000003265.jpg,690,722,0.9556786703601108
painting_humanart_2000000003271.jpg,640,1035,0.6183574879227053
painting_humanart_2000000003273.jpg,640,1165,0.5493562231759657
painting_humanart_2000000003274.jpg,1280,1635,0.7828746177370031
painting_humanart_2000000003276.jpg,1280,1978,0.647118301314459
painting_humanart_2000000003277.jpg,1280,1978,0.647118301314459
painting_humanart_2000000003278.jpg,1298,1912,0.6788702928870293
painting_humanart_2000000003279.jpg,914,1728,0.5289351851851852
painting_humanart_2000000003280.jpg,313,360,0.8694444444444445
painting_humanart_2000000003282.jpg,500,600,0.8333333333333334
painting_humanart_2000000003283.jpg,500,702,0.7122507122507122
painting_humanart_2000000003287.jpg,600,383,1.566579634464752
painting_humanart_2000000003288.jpg,542,600,0.9033333333333333
painting_humanart_2000000003289.jpg,1032,774,1.3333333333333333
painting_humanart_2000000003290.jpg,1000,1500,0.6666666666666666
painting_humanart_2000000003292.jpg,1350,1800,0.75
painting_humanart_2000000003293.jpg,1260,1800,0.7
painting_humanart_2000000003298.jpg,1095,730,1.5
painting_humanart_2000000003301.jpg,1000,1500,0.6666666666666666
painting_humanart_2000000003302.jpg,1440,1920,0.75
painting_humanart_2000000003304.jpg,1036,771,1.3437094682230868
painting_humanart_2000000003309.jpg,720,932,0.7725321888412017
painting_humanart_2000000003311.jpg,800,1067,0.7497656982193065
painting_humanart_2000000003314.jpg,976,818,1.1931540342298288
painting_humanart_2000000003316.jpg,989,1280,0.77265625
painting_humanart_2000000003317.jpg,900,1350,0.6666666666666666
painting_humanart_2000000003320.jpg,703,1000,0.703
painting_humanart_2000000003321.jpg,1024,689,1.486211901306241
painting_humanart_2000000003322.jpg,1192,670,1.7791044776119402
painting_humanart_2000000003327.jpg,1024,1062,0.9642184557438794
painting_humanart_2000000003329.jpg,1024,1062,0.9642184557438794
painting_humanart_2000000003330.jpg,1024,1041,0.983669548511047
painting_humanart_2000000003331.jpg,1024,1026,0.9980506822612085
painting_humanart_2000000003332.jpg,600,800,0.75
painting_humanart_2000000003333.jpg,1168,684,1.7076023391812865
painting_humanart_6000000000002.jpg,828,1093,0.757548032936871
painting_humanart_6000000000004.jpg,828,1084,0.7638376383763837
painting_humanart_6000000000005.jpg,827,819,1.0097680097680097
painting_humanart_6000000000007.jpg,640,897,0.7134894091415831
painting_humanart_6000000000008.jpg,580,950,0.6105263157894737
painting_humanart_6000000000011.jpg,600,699,0.8583690987124464
painting_humanart_6000000000012.jpg,479,950,0.5042105263157894
painting_humanart_6000000000015.jpg,750,557,1.3464991023339319
painting_humanart_6000000000016.jpg,457,750,0.6093333333333333
painting_humanart_6000000000020.jpg,700,552,1.2681159420289856
painting_humanart_6000000000021.jpg,479,633,0.7567140600315956
painting_humanart_6000000000024.jpg,700,539,1.2987012987012987
painting_humanart_6000000000025.jpg,1280,893,1.4333706606942889
painting_humanart_6000000000026.jpg,700,885,0.7909604519774012
painting_humanart_6000000000027.jpg,550,691,0.7959479015918958
painting_humanart_6000000000028.jpg,650,502,1.294820717131474
painting_humanart_6000000000029.jpg,700,537,1.303538175046555
painting_humanart_6000000000030.jpg,550,703,0.7823613086770982
painting_humanart_6000000000031.jpg,650,399,1.6290726817042607
painting_humanart_6000000000034.jpg,600,764,0.7853403141361257
painting_humanart_6000000000036.jpg,700,867,0.8073817762399077
painting_humanart_6000000000047.jpg,537,640,0.8390625
painting_humanart_6000000000048.jpg,640,316,2.0253164556962027
painting_humanart_6000000000050.jpg,541,567,0.9541446208112875
painting_humanart_6000000000052.jpg,400,577,0.6932409012131716
painting_humanart_6000000000053.jpg,610,933,0.6538049303322615
painting_humanart_6000000000054.jpg,500,500,1.0
painting_humanart_6000000000055.jpg,344,540,0.6370370370370371
painting_humanart_6000000000068.jpg,640,570,1.1228070175438596
painting_humanart_6000000000069.jpg,640,1283,0.49883086515978176
painting_humanart_6000000000074.jpg,1280,871,1.4695752009184846
painting_humanart_6000000000075.jpg,910,1357,0.6705969049373618
painting_humanart_6000000000076.jpg,1280,1021,1.2536728697355535
painting_humanart_6000000000083.jpg,907,1024,0.8857421875
painting_humanart_6000000000084.jpg,1280,1755,0.7293447293447294
painting_humanart_6000000000085.jpg,910,1156,0.78719723183391
painting_humanart_6000000000086.jpg,234,600,0.39
painting_humanart_6000000000087.jpg,407,600,0.6783333333333333
painting_humanart_6000000000094.jpg,380,600,0.6333333333333333
painting_humanart_6000000000095.jpg,255,600,0.425
painting_humanart_6000000000096.jpg,442,600,0.7366666666666667
painting_humanart_6000000000099.jpg,240,600,0.4
painting_humanart_6000000000100.jpg,473,600,0.7883333333333333
painting_humanart_6000000000102.jpg,477,600,0.795
painting_humanart_6000000000104.jpg,248,600,0.41333333333333333
painting_humanart_6000000000111.jpg,296,600,0.49333333333333335
painting_humanart_6000000000115.jpg,360,600,0.6
painting_humanart_6000000000116.jpg,221,600,0.36833333333333335
painting_humanart_6000000000117.jpg,491,600,0.8183333333333334
painting_humanart_6000000000119.jpg,195,600,0.325
painting_humanart_6000000000120.jpg,196,600,0.32666666666666666
painting_humanart_6000000000121.jpg,413,600,0.6883333333333334
painting_humanart_6000000000124.jpg,383,600,0.6383333333333333
painting_humanart_6000000000125.jpg,440,600,0.7333333333333333
painting_humanart_6000000000126.jpg,369,600,0.615
painting_humanart_6000000000127.jpg,339,600,0.565
painting_humanart_6000000000128.jpg,480,600,0.8
painting_humanart_6000000000129.jpg,440,600,0.7333333333333333
painting_humanart_6000000000133.jpg,269,600,0.4483333333333333
painting_humanart_6000000000134.jpg,472,600,0.7866666666666666
painting_humanart_6000000000137.jpg,490,600,0.8166666666666667
painting_humanart_6000000000139.jpg,601,600,1.0016666666666667
painting_humanart_6000000000140.jpg,441,600,0.735
painting_humanart_6000000000141.jpg,195,600,0.325
painting_humanart_6000000000143.jpg,389,600,0.6483333333333333
painting_humanart_6000000000147.jpg,424,600,0.7066666666666667
painting_humanart_6000000000150.jpg,427,600,0.7116666666666667
painting_humanart_6000000000151.jpg,389,600,0.6483333333333333
painting_humanart_6000000000171.jpg,671,832,0.8064903846153846
painting_humanart_6000000000172.jpg,1536,1224,1.2549019607843137
painting_humanart_6000000000174.jpg,3345,4256,0.7859492481203008
painting_humanart_6000000000175.jpg,2132,2848,0.7485955056179775
painting_humanart_6000000000183.jpg,3335,2898,1.1507936507936507
painting_humanart_6000000000185.jpg,591,448,1.3191964285714286
painting_humanart_6000000000186.jpg,1023,1026,0.9970760233918129
painting_humanart_6000000000188.jpg,1564,1249,1.2522017614091272
painting_humanart_6000000000200.jpg,1200,918,1.3071895424836601
painting_humanart_6000000000201.jpg,3954,5319,0.7433728144388043
painting_humanart_6000000000206.jpg,4958,3473,1.4275842211344658
painting_humanart_6000000000211.jpg,2475,3351,0.738585496866607
painting_humanart_6000000000212.jpg,1320,960,1.375
painting_humanart_6000000000216.jpg,4352,3315,1.3128205128205128
painting_humanart_6000000000218.jpg,1419,1697,0.8361814967589865
painting_humanart_6000000000225.jpg,4566,3314,1.3777911888955945
painting_humanart_6000000000227.jpg,1165,1978,0.5889787664307381
painting_humanart_6000000000229.jpg,389,295,1.3186440677966103
painting_humanart_6000000000231.jpg,4475,3101,1.4430828764914543
painting_humanart_6000000000232.jpg,800,1126,0.7104795737122558
painting_humanart_6000000000236.jpg,559,422,1.3246445497630333
painting_humanart_6000000000243.jpg,562,800,0.7025
painting_humanart_6000000000245.jpg,641,900,0.7122222222222222
painting_humanart_6000000000253.jpg,3275,3973,0.8243141203121067
painting_humanart_6000000000255.jpg,3508,5126,0.684354272337105
painting_humanart_6000000000258.jpg,762,1003,0.7597208374875374
painting_humanart_6000000000260.jpg,2048,1374,1.490538573508006
painting_humanart_6000000000267.jpg,539,1024,0.5263671875
painting_humanart_6000000000268.jpg,703,942,0.7462845010615711
painting_humanart_6000000000271.jpg,300,367,0.8174386920980926
painting_humanart_6000000000274.jpg,585,800,0.73125
painting_humanart_6000000000277.jpg,509,799,0.6370463078848561
painting_humanart_6000000000278.jpg,3500,2449,1.4291547570436913
painting_humanart_6000000000279.jpg,1200,1564,0.7672634271099744
painting_humanart_6000000000280.jpg,1703,771,2.2088197146562907
painting_humanart_6000000000281.jpg,469,600,0.7816666666666666
painting_humanart_6000000000285.jpg,549,449,1.22271714922049
painting_humanart_6000000000288.jpg,3083,3794,0.812598840274117
painting_humanart_6000000000290.jpg,2802,1971,1.421613394216134
painting_humanart_6000000000298.jpg,935,1080,0.8657407407407407
painting_humanart_6000000000299.jpg,850,1203,0.7065669160432253
painting_humanart_6000000000301.jpg,2479,3109,0.7973624959794146
painting_humanart_6000000000303.jpg,600,852,0.704225352112676
painting_humanart_6000000000310.jpg,663,937,0.7075773745997865
painting_humanart_6000000000312.jpg,2500,3171,0.7883948281299274
painting_humanart_6000000000313.jpg,1532,2048,0.748046875
painting_humanart_6000000000314.jpg,1546,2089,0.7400670177118238
painting_humanart_6000000000315.jpg,1500,834,1.7985611510791366
painting_humanart_6000000000319.jpg,1200,543,2.2099447513812156
painting_humanart_6000000000323.jpg,456,351,1.2991452991452992
painting_humanart_6000000000325.jpg,2418,1982,1.2199798183652877
painting_humanart_6000000000326.jpg,370,900,0.4111111111111111
painting_humanart_6000000000327.jpg,2024,1868,1.0835117773019272
painting_humanart_6000000000328.jpg,1709,1070,1.597196261682243
painting_humanart_6000000000332.jpg,1600,1094,1.4625228519195612
painting_humanart_6000000000335.jpg,758,588,1.2891156462585034
painting_humanart_6000000000338.jpg,1584,2233,0.7093596059113301
painting_humanart_6000000000339.jpg,705,920,0.7663043478260869
painting_humanart_6000000000344.jpg,383,569,0.6731107205623902
painting_humanart_6000000000345.jpg,1653,1134,1.4576719576719577
painting_humanart_6000000000347.jpg,1739,2000,0.8695
painting_humanart_6000000000351.jpg,700,853,0.82063305978898
painting_humanart_6000000000363.jpg,1172,736,1.5923913043478262
painting_humanart_6000000000365.jpg,593,1000,0.593
painting_humanart_6000000000366.jpg,2022,1399,1.4453180843459614
painting_humanart_6000000000371.jpg,1653,1134,1.4576719576719577
painting_humanart_6000000000378.jpg,800,1022,0.7827788649706457
painting_humanart_6000000000382.jpg,1458,3508,0.41562143671607754
painting_humanart_6000000000385.jpg,2170,1530,1.4183006535947713
painting_humanart_6000000000386.jpg,1500,1291,1.1618900077459333
painting_humanart_6000000000389.jpg,585,872,0.6708715596330275
painting_humanart_6000000000395.jpg,364,491,0.7413441955193483
painting_humanart_6000000000397.jpg,758,520,1.4576923076923076
painting_humanart_6000000000399.jpg,1912,1592,1.2010050251256281
painting_humanart_6000000000406.jpg,1125,766,1.468668407310705
painting_humanart_6000000000411.jpg,1367,3206,0.4263880224578915
painting_humanart_6000000000415.jpg,600,765,0.7843137254901961
painting_humanart_6000000000417.jpg,2196,1635,1.343119266055046
painting_humanart_6000000000418.jpg,1280,1586,0.807061790668348
painting_humanart_6000000000422.jpg,1648,2032,0.8110236220472441
painting_humanart_6000000000423.jpg,5428,3528,1.538548752834467
painting_humanart_6000000000426.jpg,3501,4770,0.7339622641509433
painting_humanart_6000000000427.jpg,1017,1200,0.8475
painting_humanart_6000000000430.jpg,1068,1442,0.7406380027739251
painting_humanart_6000000000431.jpg,1000,1400,0.7142857142857143
painting_humanart_6000000000433.jpg,1215,1600,0.759375
painting_humanart_6000000000434.jpg,1936,2592,0.7469135802469136
painting_humanart_6000000000440.jpg,2740,3051,0.8980662078007211
painting_humanart_6000000000441.jpg,3882,4686,0.8284250960307298
painting_humanart_6000000000443.jpg,2534,3200,0.791875
painting_humanart_6000000000454.jpg,366,488,0.75
painting_humanart_6000000000457.jpg,608,936,0.6495726495726496
painting_humanart_6000000000458.jpg,821,1001,0.8201798201798202
painting_humanart_6000000000461.jpg,280,396,0.7070707070707071
painting_humanart_6000000000463.jpg,2681,3314,0.8089921544960772
painting_humanart_6000000000472.jpg,3562,5016,0.710127591706539
painting_humanart_6000000000490.jpg,4075,3449,1.181501884604233
painting_humanart_6000000000501.jpg,1631,2446,0.6668029435813573
painting_humanart_6000000000502.jpg,1284,1860,0.6903225806451613
painting_humanart_6000000000503.jpg,4487,3591,1.2495126705653021
painting_humanart_6000000000508.jpg,600,825,0.7272727272727273
painting_humanart_6000000000511.jpg,1100,1301,0.8455034588777863
painting_humanart_6000000000514.jpg,1914,1765,1.0844192634560907
painting_humanart_6000000000515.jpg,3148,4000,0.787
painting_humanart_6000000000518.jpg,853,1200,0.7108333333333333
painting_humanart_6000000000519.jpg,5266,3620,1.4546961325966852
painting_humanart_6000000000521.jpg,717,972,0.7376543209876543
painting_humanart_6000000000526.jpg,848,1108,0.7653429602888087
painting_humanart_6000000000527.jpg,305,400,0.7625
painting_humanart_6000000000528.jpg,1241,1000,1.241
painting_humanart_6000000000533.jpg,1562,1987,0.7861097131353799
painting_humanart_6000000000535.jpg,3512,2668,1.3163418290854574
painting_humanart_6000000000538.jpg,900,1192,0.7550335570469798
painting_humanart_6000000000543.jpg,3010,4000,0.7525
painting_humanart_6000000000548.jpg,902,1200,0.7516666666666667
painting_humanart_6000000000550.jpg,800,493,1.6227180527383367
painting_humanart_6000000000558.jpg,1000,750,1.3333333333333333
painting_humanart_6000000000569.jpg,4888,2228,2.1938958707360863
painting_humanart_6000000000575.jpg,1162,1112,1.0449640287769784
painting_humanart_6000000000576.jpg,636,927,0.686084142394822
painting_humanart_6000000000578.jpg,800,1039,0.7699711260827719
painting_humanart_6000000000580.jpg,2266,1448,1.5649171270718232
painting_humanart_6000000000581.jpg,883,1200,0.7358333333333333
painting_humanart_6000000000585.jpg,999,1920,0.5203125
painting_humanart_6000000000587.jpg,498,650,0.7661538461538462
painting_humanart_6000000000597.jpg,703,848,0.8290094339622641
painting_humanart_6000000000602.jpg,831,1080,0.7694444444444445
painting_humanart_6000000000603.jpg,694,800,0.8675
painting_humanart_6000000000606.jpg,2296,2936,0.782016348773842
painting_humanart_6000000000607.jpg,642,735,0.8734693877551021
painting_humanart_6000000000608.jpg,924,1200,0.77
painting_humanart_6000000000609.jpg,841,660,1.2742424242424242
painting_humanart_6000000000610.jpg,1000,650,1.5384615384615385
painting_humanart_6000000000611.jpg,3080,2447,1.2586841029832447
painting_humanart_6000000000613.jpg,1895,1437,1.3187195546276966
painting_humanart_6000000000615.jpg,3739,2434,1.5361544782251437
painting_humanart_6000000000623.jpg,2344,2112,1.1098484848484849
painting_humanart_6000000000624.jpg,2000,1394,1.4347202295552368
painting_humanart_6000000000632.jpg,1011,1200,0.8425
painting_humanart_6000000000633.jpg,368,500,0.736
painting_humanart_6000000000635.jpg,722,1000,0.722
painting_humanart_6000000000639.jpg,679,1041,0.6522574447646494
painting_humanart_6000000000641.jpg,929,1600,0.580625
painting_humanart_6000000000642.jpg,2356,3302,0.7135069654754694
painting_humanart_6000000000645.jpg,431,768,0.5611979166666666
painting_humanart_6000000000647.jpg,311,416,0.7475961538461539
painting_humanart_6000000000649.jpg,840,1040,0.8076923076923077
painting_humanart_6000000000656.jpg,501,600,0.835
painting_humanart_6000000000657.jpg,1532,1600,0.9575
painting_humanart_6000000000660.jpg,817,1060,0.7707547169811321
painting_humanart_6000000000675.jpg,1600,1026,1.5594541910331383
painting_humanart_6000000000676.jpg,669,950,0.7042105263157895
painting_humanart_6000000000680.jpg,586,684,0.8567251461988304
painting_humanart_6000000000686.jpg,984,881,1.1169125993189557
painting_humanart_6000000000689.jpg,1316,1600,0.8225
painting_humanart_6000000000694.jpg,2405,1981,1.2140333165068147
painting_humanart_6000000000697.jpg,934,1171,0.7976088812980359
painting_humanart_6000000000699.jpg,585,800,0.73125
painting_humanart_6000000000705.jpg,2095,2388,0.8773031825795645
painting_humanart_6000000000709.jpg,600,791,0.7585335018963337
painting_humanart_6000000000710.jpg,700,926,0.755939524838013
painting_humanart_6000000000711.jpg,700,471,1.4861995753715498
painting_humanart_6000000000717.jpg,511,800,0.63875
painting_humanart_6000000000720.jpg,800,1226,0.6525285481239804
painting_humanart_6000000000723.jpg,1785,1999,0.8929464732366184
painting_humanart_6000000000724.jpg,1000,1487,0.6724949562878278
painting_humanart_6000000000730.jpg,502,610,0.8229508196721311
painting_humanart_6000000000736.jpg,457,600,0.7616666666666667
painting_humanart_6000000000738.jpg,2024,1751,1.1559109080525414
painting_humanart_6000000000741.jpg,1544,1653,0.9340592861464004
painting_humanart_6000000000744.jpg,1000,583,1.7152658662092624
painting_humanart_6000000000745.jpg,1448,3287,0.44052327350167325
painting_humanart_6000000000746.jpg,3097,4057,0.7633719497165393
painting_humanart_6000000000748.jpg,1600,1192,1.342281879194631
painting_humanart_6000000000749.jpg,807,972,0.8302469135802469
painting_humanart_6000000000757.jpg,1251,1107,1.1300813008130082
painting_humanart_6000000000758.jpg,1569,3000,0.523
painting_humanart_6000000000759.jpg,2024,2614,0.774292272379495
painting_humanart_6000000000762.jpg,2258,3001,0.7524158613795402
painting_humanart_6000000000765.jpg,757,1338,0.5657698056801196
painting_humanart_6000000000768.jpg,1772,2878,0.6157053509381515
painting_humanart_6000000000770.jpg,3150,4332,0.7271468144044322
painting_humanart_6000000000777.jpg,633,768,0.82421875
painting_humanart_6000000000781.jpg,1768,1920,0.9208333333333333
painting_humanart_6000000000782.jpg,3200,2673,1.1971567527123084
painting_humanart_6000000000787.jpg,2868,1803,1.5906821963394342
painting_humanart_6000000000788.jpg,1100,1449,0.759144237405107
painting_humanart_6000000000789.jpg,2750,2622,1.0488176964149505
painting_humanart_6000000000798.jpg,5708,7065,0.8079263977353149
painting_humanart_6000000000799.jpg,3051,1590,1.9188679245283018
painting_humanart_6000000000800.jpg,2133,2626,0.8122619954303123
painting_humanart_6000000000802.jpg,325,480,0.6770833333333334
painting_humanart_6000000000814.jpg,541,768,0.7044270833333334
painting_humanart_6000000000815.jpg,942,710,1.3267605633802817
painting_humanart_6000000000817.jpg,955,1200,0.7958333333333333
painting_humanart_6000000000820.jpg,950,1269,0.7486209613869188
painting_humanart_6000000000821.jpg,564,844,0.6682464454976303
painting_humanart_6000000000823.jpg,2560,2914,0.8785175017158545
painting_humanart_6000000000825.jpg,2005,2952,0.67920054200542
painting_humanart_6000000000842.jpg,880,1300,0.676923076923077
painting_humanart_6000000000844.jpg,685,839,0.8164481525625745
painting_humanart_6000000000845.jpg,3572,4429,0.8065025965229171
painting_humanart_6000000000846.jpg,772,1238,0.6235864297253635
painting_humanart_6000000000850.jpg,545,580,0.9396551724137931
painting_humanart_6000000000852.jpg,768,1000,0.768
painting_humanart_6000000000854.jpg,2223,1656,1.3423913043478262
painting_humanart_6000000000859.jpg,534,706,0.7563739376770539
painting_humanart_6000000000869.jpg,1200,1036,1.1583011583011582
painting_humanart_6000000000870.jpg,1420,1836,0.7734204793028322
painting_humanart_6000000000883.jpg,1293,812,1.5923645320197044
painting_humanart_6000000000889.jpg,506,600,0.8433333333333334
painting_humanart_6000000000893.jpg,920,678,1.3569321533923304
painting_humanart_6000000000898.jpg,700,684,1.023391812865497
painting_humanart_6000000000901.jpg,772,1024,0.75390625
painting_humanart_6000000000905.jpg,2984,2537,1.176192353173039
painting_humanart_6000000000906.jpg,900,1328,0.677710843373494
painting_humanart_6000000000907.jpg,1532,1003,1.5274177467597208
painting_humanart_6000000000912.jpg,800,1114,0.718132854578097
painting_humanart_6000000000913.jpg,703,1000,0.703
painting_humanart_6000000000915.jpg,1432,1920,0.7458333333333333
painting_humanart_6000000000917.jpg,1030,807,1.2763320941759604
painting_humanart_6000000000918.jpg,822,628,1.3089171974522293
painting_humanart_6000000000923.jpg,1280,892,1.4349775784753362
painting_humanart_6000000000924.jpg,1501,1144,1.312062937062937
painting_humanart_6000000000928.jpg,341,460,0.741304347826087
painting_humanart_6000000000931.jpg,557,861,0.6469221835075494
painting_humanart_6000000000934.jpg,1048,1200,0.8733333333333333
painting_humanart_6000000000943.jpg,480,600,0.8
painting_humanart_6000000000945.jpg,1133,1300,0.8715384615384615
painting_humanart_6000000000946.jpg,1100,1513,0.7270323859881032
painting_humanart_6000000000949.jpg,658,814,0.8083538083538083
painting_humanart_6000000000952.jpg,3622,4399,0.8233689474880654
painting_humanart_6000000000954.jpg,801,1040,0.7701923076923077
painting_humanart_6000000000957.jpg,1562,2000,0.781
painting_humanart_6000000000959.jpg,391,564,0.6932624113475178
painting_humanart_6000000000964.jpg,296,450,0.6577777777777778
painting_humanart_6000000000965.jpg,815,1010,0.806930693069307
painting_humanart_6000000000970.jpg,419,550,0.7618181818181818
painting_humanart_6000000000974.jpg,2048,1515,1.3518151815181518
painting_humanart_6000000000978.jpg,2170,3000,0.7233333333333334
painting_humanart_6000000000980.jpg,855,1024,0.8349609375
painting_humanart_6000000000987.jpg,1500,956,1.5690376569037656
painting_humanart_6000000000988.jpg,1095,770,1.422077922077922
painting_humanart_6000000000993.jpg,341,800,0.42625
painting_humanart_6000000000995.jpg,800,1040,0.7692307692307693
painting_humanart_6000000000996.jpg,3000,2567,1.168679392286716
painting_humanart_6000000000998.jpg,4400,3701,1.1888678735476899
painting_humanart_6000000001000.jpg,839,1255,0.6685258964143427
painting_humanart_6000000001002.jpg,735,1150,0.6391304347826087
painting_humanart_6000000001009.jpg,1625,2350,0.6914893617021277
painting_humanart_6000000001010.jpg,1030,782,1.3171355498721227
painting_humanart_6000000001011.jpg,1846,2640,0.6992424242424242
painting_humanart_6000000001014.jpg,1030,803,1.2826899128268991
painting_humanart_6000000001016.jpg,1255,932,1.3465665236051503
painting_humanart_6000000001022.jpg,989,1249,0.7918334667734187
painting_humanart_6000000001028.jpg,530,1000,0.53
painting_humanart_6000000001034.jpg,3200,2183,1.4658726523133303
painting_humanart_6000000001035.jpg,519,635,0.8173228346456692
painting_humanart_6000000001040.jpg,4462,4032,1.1066468253968254
painting_humanart_6000000001043.jpg,844,1250,0.6752
painting_humanart_6000000001044.jpg,853,1051,0.8116079923882017
painting_humanart_6000000001048.jpg,1892,1570,1.2050955414012738
painting_humanart_6000000001059.jpg,720,578,1.245674740484429
painting_humanart_6000000001060.jpg,525,699,0.7510729613733905
painting_humanart_6000000001061.jpg,3542,4211,0.8411303728330563
painting_humanart_6000000001063.jpg,850,1113,0.7637017070979335
painting_humanart_6000000001064.jpg,735,960,0.765625
painting_humanart_6000000001068.jpg,600,891,0.6734006734006734
painting_humanart_6000000001070.jpg,352,480,0.7333333333333333
painting_humanart_6000000001073.jpg,1030,690,1.4927536231884058
painting_humanart_6000000001078.jpg,2552,4000,0.638
painting_humanart_6000000001081.jpg,750,1084,0.6918819188191881
painting_humanart_6000000001088.jpg,918,1500,0.612
painting_humanart_6000000001091.jpg,1016,1335,0.7610486891385768
painting_humanart_6000000001096.jpg,3445,4271,0.8066026691641301
painting_humanart_6000000001097.jpg,900,1246,0.7223113964686998
painting_humanart_6000000001102.jpg,2024,2584,0.7832817337461301
painting_humanart_6000000001103.jpg,2702,3669,0.7364404469882802
painting_humanart_6000000001105.jpg,478,383,1.248041775456919
painting_humanart_6000000001109.jpg,2157,2864,0.7531424581005587
painting_humanart_6000000001111.jpg,1408,1729,0.8143435511856565
painting_humanart_6000000001115.jpg,782,1130,0.6920353982300885
painting_humanart_6000000001118.jpg,2100,2263,0.9279717189571366
painting_humanart_6000000001123.jpg,270,350,0.7714285714285715
painting_humanart_6000000001126.jpg,3507,4985,0.7035105315947844
painting_humanart_6000000001128.jpg,849,412,2.0606796116504853
painting_humanart_6000000001129.jpg,5170,5119,1.0099628833756593
painting_humanart_6000000001131.jpg,900,1297,0.6939090208172706
painting_humanart_6000000001133.jpg,900,682,1.3196480938416422
painting_humanart_6000000001144.jpg,3468,5202,0.6666666666666666
painting_humanart_6000000001145.jpg,970,1006,0.9642147117296223
painting_humanart_6000000001154.jpg,1329,2048,0.64892578125
painting_humanart_6000000001157.jpg,512,622,0.8231511254019293
painting_humanart_6000000001159.jpg,1621,1997,0.8117175763645468
painting_humanart_6000000001164.jpg,1879,2482,0.7570507655116842
painting_humanart_6000000001166.jpg,1207,2000,0.6035
painting_humanart_6000000001170.jpg,2536,3497,0.7251930225907921
painting_humanart_6000000001172.jpg,3087,2538,1.2163120567375887
painting_humanart_6000000001175.jpg,3168,4199,0.7544653488925934
painting_humanart_6000000001181.jpg,1724,2127,0.8105312646920545
painting_humanart_6000000001182.jpg,1010,1300,0.7769230769230769
painting_humanart_6000000001188.jpg,1229,2278,0.5395083406496927
painting_humanart_6000000001192.jpg,550,474,1.160337552742616
painting_humanart_6000000001195.jpg,739,564,1.3102836879432624
painting_humanart_6000000001197.jpg,2285,2800,0.8160714285714286
painting_humanart_6000000001198.jpg,712,857,0.8308051341890315
painting_humanart_6000000001200.jpg,1000,1525,0.6557377049180327
painting_humanart_6000000001202.jpg,800,553,1.4466546112115732
painting_humanart_6000000001203.jpg,1360,944,1.4406779661016949
painting_humanart_6000000001204.jpg,3202,3555,0.9007032348804501
painting_humanart_6000000001205.jpg,2607,2054,1.2692307692307692
painting_humanart_6000000001206.jpg,523,685,0.7635036496350365
painting_humanart_6000000001208.jpg,1259,1500,0.8393333333333334
painting_humanart_6000000001211.jpg,1536,2048,0.75
painting_humanart_6000000001212.jpg,696,901,0.7724750277469479
painting_humanart_6000000001214.jpg,1350,1940,0.6958762886597938
painting_humanart_6000000001215.jpg,1791,2280,0.7855263157894737
painting_humanart_6000000001217.jpg,1200,871,1.3777267508610793
painting_humanart_6000000001229.jpg,804,1036,0.7760617760617761
painting_humanart_6000000001240.jpg,1746,2000,0.873
painting_humanart_6000000001241.jpg,1792,2438,0.7350287120590648
painting_humanart_6000000001243.jpg,2480,3310,0.7492447129909365
painting_humanart_6000000001246.jpg,907,1134,0.7998236331569665
painting_humanart_6000000001248.jpg,457,800,0.57125
painting_humanart_6000000001253.jpg,800,743,1.0767160161507403
painting_humanart_6000000001255.jpg,1255,1627,0.7713583282114321
painting_humanart_6000000001259.jpg,2024,2464,0.8214285714285714
painting_humanart_6000000001260.jpg,3087,3924,0.786697247706422
painting_humanart_6000000001262.jpg,373,500,0.746
painting_humanart_6000000001264.jpg,800,949,0.8429926238145417
painting_humanart_6000000001266.jpg,522,695,0.7510791366906475
painting_humanart_6000000001270.jpg,2048,1444,1.4182825484764543
painting_humanart_6000000001271.jpg,1000,1039,0.9624639076034649
painting_humanart_6000000001272.jpg,2276,2972,0.765814266487214
painting_humanart_6000000001273.jpg,5287,4057,1.303179689425684
painting_humanart_6000000001276.jpg,714,800,0.8925
painting_humanart_6000000001277.jpg,768,577,1.3310225303292895
painting_humanart_6000000001279.jpg,900,694,1.2968299711815563
painting_humanart_6000000001286.jpg,480,387,1.2403100775193798
painting_humanart_6000000001290.jpg,1298,1773,0.7320924985899605
painting_humanart_6000000001292.jpg,657,900,0.73
painting_humanart_6000000001296.jpg,1021,1269,0.8045705279747833
painting_humanart_6000000001298.jpg,679,933,0.7277599142550911
painting_humanart_6000000001302.jpg,2287,2608,0.8769171779141104
painting_humanart_6000000001307.jpg,479,719,0.6662030598052852
painting_humanart_6000000001314.jpg,1000,1425,0.7017543859649122
painting_humanart_6000000001315.jpg,2036,2510,0.8111553784860558
painting_humanart_6000000001316.jpg,579,948,0.6107594936708861
painting_humanart_6000000001317.jpg,1228,1555,0.7897106109324759
painting_humanart_6000000001320.jpg,341,787,0.4332909783989835
painting_humanart_6000000001326.jpg,779,933,0.834941050375134
painting_humanart_6000000001327.jpg,1475,2500,0.59
painting_humanart_6000000001339.jpg,750,974,0.7700205338809035
painting_humanart_6000000001345.jpg,800,785,1.019108280254777
painting_humanart_6000000001346.jpg,463,640,0.7234375
painting_humanart_6000000001348.jpg,2936,2633,1.1150778579567033
painting_humanart_6000000001356.jpg,1024,853,1.2004689331770222
painting_humanart_6000000001361.jpg,4949,3959,1.250063147259409
painting_humanart_6000000001363.jpg,1615,1978,0.8164812942366027
painting_humanart_6000000001366.jpg,540,658,0.8206686930091185
painting_humanart_6000000001371.jpg,538,800,0.6725
painting_humanart_6000000001372.jpg,546,800,0.6825
painting_humanart_6000000001379.jpg,3585,4645,0.7717976318622174
painting_humanart_6000000001382.jpg,800,544,1.4705882352941178
painting_humanart_6000000001385.jpg,600,450,1.3333333333333333
painting_humanart_6000000001388.jpg,900,1014,0.8875739644970414
painting_humanart_6000000001393.jpg,838,1050,0.7980952380952381
painting_humanart_6000000001396.jpg,1200,707,1.6973125884016973
painting_humanart_6000000001397.jpg,1171,1593,0.7350910232266165
painting_humanart_6000000001400.jpg,692,1203,0.5752285951787198
painting_humanart_6000000001402.jpg,800,508,1.5748031496062993
painting_humanart_6000000001403.jpg,3283,4034,0.8138324243926623
painting_humanart_6000000001409.jpg,786,1080,0.7277777777777777
painting_humanart_6000000001410.jpg,1495,2000,0.7475
painting_humanart_6000000001412.jpg,536,799,0.6708385481852316
painting_humanart_6000000001413.jpg,1493,1980,0.7540404040404041
painting_humanart_6000000001414.jpg,646,759,0.8511198945981555
painting_humanart_6000000001417.jpg,4899,3879,1.262954369682908
painting_humanart_6000000001422.jpg,800,518,1.5444015444015444
painting_humanart_6000000001427.jpg,440,569,0.773286467486819
painting_humanart_6000000001428.jpg,1342,1799,0.7459699833240689
painting_humanart_6000000001435.jpg,4000,3416,1.17096018735363
painting_humanart_6000000001436.jpg,1668,1972,0.845841784989858
painting_humanart_6000000001437.jpg,379,500,0.758
painting_humanart_6000000001442.jpg,640,573,1.1169284467713787
painting_humanart_6000000001445.jpg,800,653,1.225114854517611
painting_humanart_6000000001460.jpg,512,631,0.8114104595879557
painting_humanart_6000000001462.jpg,802,1050,0.7638095238095238
painting_humanart_6000000001466.jpg,1827,3500,0.522
painting_humanart_6000000001471.jpg,3000,2307,1.3003901170351104
painting_humanart_6000000001478.jpg,750,981,0.764525993883792
painting_humanart_6000000001481.jpg,1683,1726,0.9750869061413673
painting_humanart_6000000001486.jpg,778,1000,0.778
painting_humanart_6000000001488.jpg,2781,3547,0.7840428531153087
painting_humanart_6000000001490.jpg,3168,4752,0.6666666666666666
painting_humanart_6000000001492.jpg,2048,1431,1.4311670160726764
painting_humanart_6000000001495.jpg,6083,4226,1.4394226218646473
painting_humanart_6000000001500.jpg,3185,3953,0.8057171768277258
painting_humanart_6000000001504.jpg,512,334,1.532934131736527
painting_humanart_6000000001509.jpg,2000,2577,0.7760962359332557
painting_humanart_6000000001525.jpg,704,1092,0.6446886446886447
painting_humanart_6000000001526.jpg,2849,4289,0.6642574026579622
painting_humanart_6000000001527.jpg,2206,3000,0.7353333333333333
painting_humanart_6000000001536.jpg,2337,2943,0.7940876656472987
painting_humanart_6000000001542.jpg,693,960,0.721875
painting_humanart_6000000001543.jpg,1072,1711,0.6265341905318527
painting_humanart_6000000001548.jpg,2279,3200,0.7121875
painting_humanart_6000000001554.jpg,2227,3139,0.709461611978337
painting_humanart_6000000001555.jpg,4320,3240,1.3333333333333333
painting_humanart_6000000001559.jpg,719,1049,0.6854146806482364
painting_humanart_6000000001561.jpg,832,1001,0.8311688311688312
painting_humanart_6000000001563.jpg,755,935,0.8074866310160428
painting_humanart_6000000001574.jpg,2000,1654,1.2091898428053205
painting_humanart_6000000001578.jpg,817,1120,0.7294642857142857
painting_humanart_6000000001585.jpg,2000,2747,0.728066982162359
painting_humanart_6000000001588.jpg,2953,3391,0.8708345620760838
painting_humanart_6000000001594.jpg,1469,1856,0.7914870689655172
painting_humanart_6000000001595.jpg,6448,5100,1.2643137254901962
painting_humanart_6000000001596.jpg,1942,2400,0.8091666666666667
painting_humanart_6000000001599.jpg,770,1000,0.77
painting_humanart_6000000001602.jpg,1920,1438,1.3351877607788596
painting_humanart_6000000001603.jpg,801,1028,0.7791828793774319
painting_humanart_6000000001608.jpg,1216,768,1.5833333333333333
painting_humanart_6000000001619.jpg,3307,2409,1.3727687837276878
painting_humanart_6000000001623.jpg,5152,3864,1.3333333333333333
painting_humanart_6000000001624.jpg,2316,3051,0.7590953785644051
painting_humanart_6000000001632.jpg,1800,1338,1.345291479820628
painting_humanart_6000000001634.jpg,2244,2379,0.9432534678436317
painting_humanart_6000000001639.jpg,5001,3066,1.6311154598825832
painting_humanart_6000000001641.jpg,2161,2952,0.7320460704607046
painting_humanart_6000000001652.jpg,1800,1520,1.1842105263157894
painting_humanart_6000000001664.jpg,1897,2500,0.7588
painting_humanart_6000000001665.jpg,3486,4226,0.8248935163274964
painting_humanart_6000000001672.jpg,1360,2048,0.6640625
painting_humanart_6000000001674.jpg,3840,2752,1.3953488372093024
painting_humanart_6000000001692.jpg,1799,2309,0.7791251624079688
painting_humanart_6000000001700.jpg,500,768,0.6510416666666666
painting_humanart_6000000001702.jpg,1826,2304,0.7925347222222222
painting_humanart_6000000001703.jpg,2719,5190,0.5238921001926782
painting_humanart_6000000001708.jpg,749,1019,0.7350343473994112
painting_humanart_6000000001714.jpg,1194,2019,0.5913818722139673
painting_humanart_6000000001720.jpg,641,512,1.251953125
painting_humanart_6000000001729.jpg,1256,1185,1.059915611814346
painting_humanart_6000000001731.jpg,900,1185,0.759493670886076
painting_humanart_6000000001732.jpg,886,1072,0.8264925373134329
painting_humanart_6000000001736.jpg,1760,2401,0.7330279050395668
painting_humanart_6000000001741.jpg,2024,2021,1.0014844136566057
painting_humanart_6000000001742.jpg,736,928,0.7931034482758621
painting_humanart_6000000001745.jpg,1200,1600,0.75
painting_humanart_6000000001746.jpg,1305,1800,0.725
painting_humanart_6000000001747.jpg,1160,1474,0.7869742198100407
painting_humanart_6000000001749.jpg,3751,3666,1.0231860338243317
painting_humanart_6000000001751.jpg,1119,919,1.2176278563656149
painting_humanart_6000000001754.jpg,1200,1583,0.7580543272267846
painting_humanart_6000000001757.jpg,3378,4441,0.760639495609097
painting_humanart_6000000001758.jpg,478,600,0.7966666666666666
painting_humanart_6000000001767.jpg,1000,905,1.1049723756906078
painting_humanart_6000000001768.jpg,1827,2655,0.688135593220339
painting_humanart_6000000001770.jpg,316,400,0.79
painting_humanart_6000000001772.jpg,3362,4000,0.8405
painting_humanart_6000000001774.jpg,2470,3130,0.7891373801916933
painting_humanart_6000000001777.jpg,2009,2401,0.8367346938775511
painting_humanart_6000000001781.jpg,510,480,1.0625
painting_humanart_6000000001787.jpg,1821,2401,0.7584339858392336
painting_humanart_6000000001795.jpg,2380,4000,0.595
painting_humanart_6000000001799.jpg,800,1181,0.6773920406435224
painting_humanart_6000000001806.jpg,377,600,0.6283333333333333
painting_humanart_6000000001819.jpg,450,513,0.8771929824561403
painting_humanart_6000000001821.jpg,2024,1610,1.2571428571428571
painting_humanart_6000000001822.jpg,693,915,0.7573770491803279
painting_humanart_6000000001825.jpg,3355,4921,0.6817719975614712
painting_humanart_6000000001830.jpg,2063,2584,0.798374613003096
painting_humanart_6000000001833.jpg,1000,1607,0.6222775357809583
painting_humanart_6000000001834.jpg,600,1365,0.43956043956043955
painting_humanart_6000000001837.jpg,1382,1966,0.7029501525940997
painting_humanart_6000000001838.jpg,1047,1241,0.8436744560838034
painting_humanart_6000000001842.jpg,635,1032,0.6153100775193798
painting_humanart_6000000001846.jpg,1685,2100,0.8023809523809524
painting_humanart_6000000001847.jpg,3856,3031,1.2721873968987132
painting_humanart_6000000001853.jpg,3249,4000,0.81225
painting_humanart_6000000001863.jpg,2451,3000,0.817
painting_humanart_6000000001866.jpg,3543,2495,1.4200400801603206
painting_humanart_6000000001869.jpg,569,750,0.7586666666666667
painting_humanart_6000000001870.jpg,491,601,0.8169717138103162
painting_humanart_6000000001871.jpg,3200,2602,1.2298232129131437
painting_humanart_6000000001873.jpg,1261,4000,0.31525
painting_humanart_6000000001874.jpg,1267,4000,0.31675
painting_humanart_6000000001881.jpg,3035,4000,0.75875
painting_humanart_6000000001882.jpg,3076,4000,0.769
painting_humanart_6000000001885.jpg,4000,3204,1.2484394506866416
painting_humanart_6000000001886.jpg,1316,1600,0.8225
painting_humanart_6000000001892.jpg,4226,4226,1.0
painting_humanart_6000000001895.jpg,768,1773,0.43316412859560066
painting_humanart_6000000001896.jpg,1947,2401,0.8109121199500208
painting_humanart_6000000001906.jpg,886,1133,0.7819947043248014
painting_humanart_6000000001912.jpg,3668,3251,1.1282682251614888
painting_humanart_6000000001915.jpg,1400,881,1.5891032917139614
painting_humanart_6000000001916.jpg,4656,5868,0.7934560327198364
painting_humanart_6000000001919.jpg,816,1096,0.7445255474452555
painting_humanart_6000000001924.jpg,4108,2860,1.4363636363636363
painting_humanart_6000000001925.jpg,1887,2455,0.7686354378818737
painting_humanart_6000000001926.jpg,1042,1500,0.6946666666666667
painting_humanart_6000000001930.jpg,564,450,1.2533333333333334
painting_humanart_6000000001934.jpg,2734,3437,0.7954611579866162
painting_humanart_6000000001938.jpg,5001,3066,1.6311154598825832
painting_humanart_6000000001942.jpg,2083,4013,0.519063045103414
painting_humanart_6000000001946.jpg,805,667,1.206896551724138
painting_humanart_6000000001947.jpg,3732,4639,0.80448372494072
painting_humanart_6000000001950.jpg,815,1024,0.7958984375
painting_humanart_6000000001951.jpg,1644,2800,0.5871428571428572
painting_humanart_6000000001952.jpg,1763,1070,1.6476635514018692
painting_humanart_6000000001953.jpg,2039,2532,0.8052922590837283
painting_humanart_6000000001961.jpg,2159,3238,0.6667696108709079
painting_humanart_6000000001965.jpg,2527,3846,0.657046281851274
painting_humanart_6000000001967.jpg,2118,1376,1.5392441860465116
painting_humanart_6000000001970.jpg,3159,3715,0.8503364737550471
painting_humanart_6000000001980.jpg,1502,1799,0.8349082823790995
painting_humanart_6000000001984.jpg,1330,1799,0.7392996108949417
painting_humanart_6000000001986.jpg,3687,5078,0.7260732571878692
painting_humanart_6000000001987.jpg,3110,3681,0.8448791089377886
painting_humanart_6000000001989.jpg,3272,3872,0.8450413223140496
painting_humanart_6000000001990.jpg,383,768,0.4986979166666667
painting_humanart_6000000001991.jpg,1356,1799,0.7537520844913841
painting_humanart_6000000002000.jpg,2563,3200,0.8009375
painting_humanart_6000000002003.jpg,474,356,1.3314606741573034
painting_humanart_6000000002006.jpg,722,1900,0.38
painting_humanart_6000000002007.jpg,2699,3500,0.7711428571428571
painting_humanart_6000000002010.jpg,340,187,1.8181818181818181
painting_humanart_6000000002011.jpg,1000,1408,0.7102272727272727
painting_humanart_6000000002013.jpg,793,1001,0.7922077922077922
painting_humanart_6000000002019.jpg,2356,3543,0.6649731865650579
painting_humanart_6000000002021.jpg,871,1190,0.7319327731092437
painting_humanart_6000000002022.jpg,4454,5340,0.8340823970037453
painting_humanart_6000000002024.jpg,381,687,0.5545851528384279
painting_humanart_6000000002030.jpg,1768,2192,0.8065693430656934
painting_humanart_6000000002036.jpg,727,847,0.8583234946871311
painting_humanart_6000000002038.jpg,2000,1448,1.3812154696132597
painting_humanart_6000000002042.jpg,906,709,1.2778561354019746
painting_humanart_6000000002045.jpg,1177,1544,0.7623056994818653
painting_humanart_6000000002046.jpg,2232,2838,0.7864693446088795
painting_humanart_6000000002053.jpg,600,788,0.7614213197969543
painting_humanart_6000000002058.jpg,475,386,1.2305699481865284
painting_humanart_6000000002059.jpg,2239,3543,0.6319503245836862
painting_humanart_6000000002064.jpg,413,500,0.826
painting_humanart_6000000002068.jpg,1050,1332,0.7882882882882883
painting_humanart_6000000002071.jpg,2535,1710,1.4824561403508771
painting_humanart_6000000002072.jpg,1176,1479,0.795131845841785
painting_humanart_6000000002076.jpg,394,500,0.788
painting_humanart_6000000002078.jpg,1470,1758,0.8361774744027304
painting_humanart_6000000002083.jpg,1050,684,1.5350877192982457
painting_humanart_6000000002084.jpg,640,437,1.4645308924485125
painting_humanart_6000000002088.jpg,355,480,0.7395833333333334
painting_humanart_6000000002092.jpg,2484,3078,0.8070175438596491
painting_humanart_6000000002095.jpg,319,534,0.5973782771535581
painting_humanart_6000000002098.jpg,935,1268,0.7373817034700315
painting_humanart_6000000002099.jpg,1717,2568,0.668613707165109
painting_humanart_6000000002100.jpg,1272,627,2.028708133971292
painting_humanart_6000000002110.jpg,503,605,0.8314049586776859
painting_humanart_6000000002113.jpg,600,263,2.2813688212927756
painting_humanart_6000000002122.jpg,369,600,0.615
painting_humanart_6000000002124.jpg,884,692,1.277456647398844
painting_humanart_6000000002130.jpg,2565,1875,1.368
painting_humanart_6000000002131.jpg,600,462,1.2987012987012987
painting_humanart_6000000002133.jpg,1257,999,1.2582582582582582
painting_humanart_6000000002134.jpg,884,687,1.2867540029112081
painting_humanart_6000000002137.jpg,2475,3219,0.7688723205964585
painting_humanart_6000000002140.jpg,1672,1222,1.3682487725040917
painting_humanart_6000000002144.jpg,294,360,0.8166666666666667
painting_humanart_6000000002145.jpg,1848,2382,0.7758186397984886
painting_humanart_6000000002146.jpg,533,800,0.66625
painting_humanart_6000000002148.jpg,2168,1530,1.4169934640522877
painting_humanart_6000000002149.jpg,607,750,0.8093333333333333
painting_humanart_6000000002150.jpg,4012,5000,0.8024
painting_humanart_6000000002156.jpg,600,956,0.6276150627615062
painting_humanart_6000000002158.jpg,4001,2339,1.7105600684053015
painting_humanart_6000000002163.jpg,1600,1543,1.0369410239792611
painting_humanart_6000000002166.jpg,973,1536,0.6334635416666666
painting_humanart_6000000002168.jpg,965,1200,0.8041666666666667
painting_humanart_6000000002169.jpg,725,872,0.8314220183486238
painting_humanart_6000000002171.jpg,1363,1800,0.7572222222222222
painting_humanart_6000000002178.jpg,2756,3944,0.6987829614604463
painting_humanart_6000000002179.jpg,3060,4112,0.7441634241245136
painting_humanart_6000000002180.jpg,356,652,0.5460122699386503
painting_humanart_6000000002182.jpg,2943,4821,0.6104542626011201
painting_humanart_6000000002183.jpg,4465,3147,1.418811566571338
painting_humanart_6000000002186.jpg,2315,3891,0.5949627345155487
painting_humanart_6000000002191.jpg,1217,1506,0.8081009296148738
painting_humanart_6000000002192.jpg,1096,1388,0.7896253602305475
painting_humanart_6000000002193.jpg,1200,963,1.2461059190031152
painting_humanart_6000000002202.jpg,582,430,1.3534883720930233
painting_humanart_6000000002206.jpg,1111,2100,0.5290476190476191
painting_humanart_6000000002207.jpg,884,1321,0.6691900075700227
painting_humanart_6000000002209.jpg,1510,1400,1.0785714285714285
painting_humanart_6000000002210.jpg,2564,2983,0.8595373784780422
painting_humanart_6000000002213.jpg,2204,2957,0.7453500169090295
painting_humanart_6000000002218.jpg,4194,3340,1.255688622754491
painting_humanart_6000000002219.jpg,2953,2784,1.0607040229885059
painting_humanart_6000000002220.jpg,800,753,1.0624169986719787
painting_humanart_6000000002231.jpg,5000,3748,1.3340448239060831
painting_humanart_6000000002234.jpg,2357,2357,1.0
painting_humanart_6000000002237.jpg,1496,2090,0.7157894736842105
painting_humanart_6000000002238.jpg,1038,1200,0.865
painting_humanart_6000000002241.jpg,2456,3712,0.6616379310344828
painting_humanart_6000000002243.jpg,637,1046,0.6089866156787763
painting_humanart_6000000002244.jpg,826,1300,0.6353846153846154
painting_humanart_6000000002245.jpg,3759,2991,1.2567703109327983
painting_humanart_6000000002247.jpg,1965,2835,0.6931216931216931
painting_humanart_6000000002248.jpg,3352,4288,0.7817164179104478
painting_humanart_6000000002250.jpg,848,622,1.3633440514469453
painting_humanart_6000000002251.jpg,2858,2821,1.0131159163417227
painting_humanart_6000000002254.jpg,2512,2867,0.8761771886989885
painting_humanart_6000000002257.jpg,3334,4336,0.7689114391143912
painting_humanart_6000000002263.jpg,2388,2951,0.8092172145035581
painting_humanart_6000000002267.jpg,2114,3298,0.6409945421467557
painting_humanart_6000000002268.jpg,577,754,0.7652519893899205
painting_humanart_6000000002273.jpg,480,640,0.75
painting_humanart_6000000002277.jpg,535,675,0.7925925925925926
painting_humanart_6000000002279.jpg,2939,3933,0.7472667175184338
painting_humanart_6000000002282.jpg,600,981,0.6116207951070336
painting_humanart_6000000002286.jpg,467,640,0.7296875
painting_humanart_6000000002287.jpg,2234,4072,0.5486247544204322
painting_humanart_6000000002290.jpg,2060,2861,0.7200279622509612
painting_humanart_6000000002291.jpg,2557,3287,0.7779129905689078
painting_humanart_6000000002293.jpg,2487,3668,0.6780261723009815
painting_humanart_6000000002294.jpg,2936,3702,0.7930848190167477
painting_humanart_6000000002296.jpg,2042,3900,0.5235897435897436
painting_humanart_6000000002297.jpg,2311,2968,0.7786388140161725
painting_humanart_6000000002298.jpg,3822,3285,1.1634703196347032
painting_humanart_6000000002300.jpg,4112,3088,1.3316062176165804
painting_humanart_6000000002308.jpg,467,640,0.7296875
painting_humanart_6000000002313.jpg,600,800,0.75
painting_humanart_6000000002317.jpg,604,740,0.8162162162162162
painting_humanart_6000000002321.jpg,757,1298,0.5832049306625577
painting_humanart_6000000002330.jpg,1008,820,1.2292682926829268
painting_humanart_6000000002333.jpg,758,640,1.184375
painting_humanart_6000000002334.jpg,600,568,1.056338028169014
painting_humanart_6000000002340.jpg,1280,942,1.3588110403397027
painting_humanart_6000000002346.jpg,1566,2362,0.6629974597798476
painting_humanart_6000000002348.jpg,3012,4002,0.7526236881559221
painting_humanart_6000000002354.jpg,558,1366,0.4084919472913616
painting_humanart_6000000002355.jpg,2116,2616,0.808868501529052
painting_humanart_6000000002357.jpg,1642,2348,0.6993185689948893
painting_humanart_6000000002371.jpg,1722,2129,0.8088304368248004
painting_humanart_6000000002373.jpg,774,979,0.7906026557711952
painting_humanart_6000000002380.jpg,1383,1890,0.7317460317460317
painting_humanart_6000000002382.jpg,2575,3370,0.7640949554896143
painting_humanart_6000000002385.jpg,597,768,0.77734375
painting_humanart_6000000002388.jpg,526,800,0.6575
painting_humanart_6000000002392.jpg,348,430,0.8093023255813954
painting_humanart_6000000002396.jpg,484,600,0.8066666666666666
painting_humanart_6000000002397.jpg,2058,2859,0.7198321091290661
painting_humanart_6000000002399.jpg,391,471,0.8301486199575372
painting_humanart_6000000002403.jpg,3000,2232,1.3440860215053763
painting_humanart_6000000002409.jpg,295,384,0.7682291666666666
painting_humanart_6000000002413.jpg,1161,1400,0.8292857142857143
painting_humanart_6000000002415.jpg,4343,3111,1.396014143362263
painting_humanart_6000000002416.jpg,1224,2724,0.44933920704845814
painting_humanart_6000000002419.jpg,842,692,1.216763005780347
painting_humanart_6000000002421.jpg,3238,4096,0.79052734375
painting_humanart_6000000002422.jpg,970,1200,0.8083333333333333
painting_humanart_6000000002423.jpg,3403,4612,0.7378577623590633
painting_humanart_6000000002424.jpg,654,789,0.8288973384030418
painting_humanart_6000000002425.jpg,2842,3761,0.7556500930603562
painting_humanart_6000000002427.jpg,623,800,0.77875
painting_humanart_6000000002428.jpg,4938,3683,1.3407548194406733
painting_humanart_6000000002429.jpg,685,830,0.8253012048192772
painting_humanart_6000000002430.jpg,3004,3648,0.8234649122807017
painting_humanart_6000000002431.jpg,2118,2442,0.8673218673218673
painting_humanart_6000000002434.jpg,500,406,1.2315270935960592
painting_humanart_6000000002437.jpg,1010,794,1.2720403022670026
painting_humanart_6000000002438.jpg,2977,3200,0.9303125
painting_humanart_6000000002440.jpg,2789,2204,1.265426497277677
painting_humanart_6000000002442.jpg,1186,1500,0.7906666666666666
painting_humanart_6000000002444.jpg,1880,1943,0.9675759135357694
painting_humanart_6000000002446.jpg,545,640,0.8515625
painting_humanart_6000000002447.jpg,268,350,0.7657142857142857
painting_humanart_6000000002450.jpg,378,500,0.756
painting_humanart_6000000002454.jpg,843,672,1.2544642857142858
painting_humanart_6000000002458.jpg,1500,1881,0.7974481658692185
painting_humanart_6000000002461.jpg,2419,1694,1.4279811097992916
painting_humanart_6000000002465.jpg,424,640,0.6625
painting_humanart_6000000002466.jpg,821,1024,0.8017578125
painting_humanart_6000000002470.jpg,3288,3972,0.8277945619335347
painting_humanart_6000000002471.jpg,3315,4826,0.6869042685453792
painting_humanart_6000000002473.jpg,4034,3000,1.3446666666666667
painting_humanart_6000000002477.jpg,1061,1300,0.8161538461538461
painting_humanart_6000000002480.jpg,956,531,1.8003766478342749
painting_humanart_6000000002481.jpg,3392,4219,0.8039819862526665
painting_humanart_6000000002485.jpg,2452,1400,1.7514285714285713
painting_humanart_6000000002486.jpg,3039,3661,0.8301010652827097
painting_humanart_6000000002488.jpg,947,1214,0.7800658978583196
painting_humanart_6000000002491.jpg,301,570,0.5280701754385965
painting_humanart_6000000002492.jpg,1944,2592,0.75
painting_humanart_6000000002501.jpg,364,582,0.6254295532646048
painting_humanart_6000000002506.jpg,3482,4525,0.7695027624309392
painting_humanart_6000000002509.jpg,860,1000,0.86
painting_humanart_6000000002511.jpg,751,939,0.7997870074547391
painting_humanart_6000000002512.jpg,3155,4023,0.7842406164553816
painting_humanart_6000000002513.jpg,295,384,0.7682291666666666
painting_humanart_6000000002517.jpg,4286,3226,1.328580285182889
painting_humanart_6000000002518.jpg,935,1280,0.73046875
painting_humanart_6000000002519.jpg,2378,1610,1.4770186335403728
painting_humanart_6000000002521.jpg,4080,3316,1.2303980699638117
painting_humanart_6000000002530.jpg,1024,903,1.1339977851605758
painting_humanart_6000000002532.jpg,2822,3541,0.796950014120305
painting_humanart_6000000002536.jpg,471,635,0.7417322834645669
painting_humanart_6000000002541.jpg,4022,3351,1.200238734706058
painting_humanart_6000000002543.jpg,671,832,0.8064903846153846
painting_humanart_6000000002546.jpg,2345,2856,0.821078431372549
painting_humanart_6000000002547.jpg,5179,3111,1.6647380263580842
painting_humanart_6000000002549.jpg,883,1469,0.6010891763104153
painting_humanart_6000000002552.jpg,3361,4901,0.6857784125688635
painting_humanart_6000000002555.jpg,3986,2906,1.3716448726772195
painting_humanart_6000000002556.jpg,3607,3124,1.1546094750320102
painting_humanart_6000000002563.jpg,5276,2893,1.82371240926374
painting_humanart_6000000002564.jpg,3780,5276,0.7164518574677786
painting_humanart_6000000002565.jpg,3121,4214,0.7406264831514001
painting_humanart_6000000002566.jpg,563,700,0.8042857142857143
painting_humanart_6000000002572.jpg,1000,835,1.1976047904191616
painting_humanart_6000000002573.jpg,1844,3000,0.6146666666666667
painting_humanart_6000000002585.jpg,2770,2525,1.0970297029702971
painting_humanart_6000000002587.jpg,3391,4764,0.7117968094038623
painting_humanart_6000000002590.jpg,4226,3154,1.3398858592263792
painting_humanart_6000000002591.jpg,3391,5082,0.6672569854388036
painting_humanart_6000000002594.jpg,2474,4201,0.5889074029992859
painting_humanart_6000000002599.jpg,4096,3306,1.2389594676346039
painting_humanart_6000000002601.jpg,4255,3323,1.2804694553114655
painting_humanart_6000000002604.jpg,3019,3563,0.8473196744316587
painting_humanart_6000000002605.jpg,3069,5232,0.5865825688073395
painting_humanart_6000000002606.jpg,4136,3462,1.194685153090699
painting_humanart_6000000002609.jpg,1295,2000,0.6475
painting_humanart_6000000002620.jpg,3219,3691,0.8721213763207802
painting_humanart_6000000002622.jpg,5129,2711,1.8919218000737734
painting_humanart_6000000002624.jpg,2550,2929,0.8706043018094913
painting_humanart_6000000002628.jpg,2470,5032,0.4908585055643879
painting_humanart_6000000002632.jpg,2961,4007,0.7389568255552783
painting_humanart_6000000002649.jpg,500,488,1.0245901639344261
painting_humanart_6000000002651.jpg,800,1057,0.7568590350047304
painting_humanart_6000000002656.jpg,772,1122,0.6880570409982175
painting_humanart_6000000002658.jpg,1757,5052,0.34778305621536026
painting_humanart_6000000002659.jpg,3994,2987,1.33712755272849
painting_humanart_6000000002660.jpg,2048,1536,1.3333333333333333
painting_humanart_6000000002672.jpg,295,384,0.7682291666666666
painting_humanart_6000000002674.jpg,527,800,0.65875
painting_humanart_6000000002679.jpg,4917,3454,1.4235668789808917
painting_humanart_6000000002684.jpg,3638,2991,1.2163156135071882
painting_humanart_6000000002689.jpg,3376,4225,0.7990532544378698
painting_humanart_6000000002692.jpg,1083,1248,0.8677884615384616
painting_humanart_6000000002693.jpg,4097,3178,1.289175582127124
painting_humanart_6000000002694.jpg,4160,3324,1.2515042117930204
painting_humanart_6000000002698.jpg,3321,4266,0.7784810126582279
painting_humanart_6000000002699.jpg,4341,3273,1.3263061411549038
painting_humanart_6000000002700.jpg,2955,3360,0.8794642857142857
painting_humanart_6000000002703.jpg,4215,3217,1.3102269194902083
painting_humanart_6000000002704.jpg,187,446,0.4192825112107623
painting_humanart_6000000002705.jpg,3302,4119,0.801650886137412
painting_humanart_6000000002708.jpg,3278,4101,0.7993172396976347
painting_humanart_6000000002709.jpg,3966,3133,1.2658793488669007
painting_humanart_6000000002711.jpg,886,796,1.1130653266331658
painting_humanart_6000000002713.jpg,3316,4164,0.7963496637848223
painting_humanart_6000000002717.jpg,3003,4166,0.7208353336533846
painting_humanart_6000000002718.jpg,1289,1800,0.7161111111111111
painting_humanart_6000000002722.jpg,3610,3360,1.0744047619047619
painting_humanart_6000000002726.jpg,3259,4362,0.7471343420449336
painting_humanart_6000000002727.jpg,1459,1861,0.783987103707684
painting_humanart_6000000002741.jpg,2500,3177,0.7869058860560277
painting_humanart_6000000002742.jpg,3800,3257,1.1667178385016888
painting_humanart_6000000002744.jpg,283,282,1.00354609929078
painting_humanart_6000000002745.jpg,370,470,0.7872340425531915
painting_humanart_6000000002746.jpg,4779,3111,1.5361620057859209
painting_humanart_6000000002749.jpg,3622,3406,1.0634174985320024
painting_humanart_6000000002750.jpg,1905,1441,1.3219986120749478
painting_humanart_6000000002756.jpg,2670,2837,0.9411350017624251
painting_humanart_6000000002757.jpg,3316,4442,0.7465105808194507
painting_humanart_6000000002760.jpg,1185,1481,0.800135043889264
painting_humanart_6000000002762.jpg,3811,2928,1.301571038251366
painting_humanart_6000000002763.jpg,3288,3926,0.8374936321956189
painting_humanart_6000000002765.jpg,3062,3054,1.0026195153896529
painting_humanart_6000000002767.jpg,3464,4181,0.8285099258550586
painting_humanart_6000000002768.jpg,3055,5404,0.5653219837157661
painting_humanart_6000000002770.jpg,3344,4671,0.7159066581031899
painting_humanart_6000000002774.jpg,556,600,0.9266666666666666
painting_humanart_6000000002776.jpg,448,570,0.7859649122807018
painting_humanart_6000000002777.jpg,543,784,0.6926020408163265
painting_humanart_6000000002779.jpg,3469,4405,0.7875141884222474
painting_humanart_6000000002782.jpg,3256,4905,0.6638124362895005
painting_humanart_6000000002783.jpg,1804,2546,0.7085624509033779
painting_humanart_6000000002785.jpg,2580,3000,0.86
painting_humanart_6000000002787.jpg,3289,4192,0.7845896946564885
painting_humanart_6000000002791.jpg,1725,2100,0.8214285714285714
painting_humanart_6000000002793.jpg,3496,4398,0.794906775807185
painting_humanart_6000000002795.jpg,3209,4046,0.7931290163124073
painting_humanart_6000000002796.jpg,572,692,0.8265895953757225
painting_humanart_6000000002802.jpg,3339,4674,0.714377406931964
painting_humanart_6000000002804.jpg,2190,3166,0.691724573594441
painting_humanart_6000000002805.jpg,3302,4193,0.7875029811590747
painting_humanart_6000000002806.jpg,4505,3196,1.4095744680851063
painting_humanart_6000000002809.jpg,3590,4000,0.8975
painting_humanart_6000000002813.jpg,1310,1050,1.2476190476190476
painting_humanart_6000000002814.jpg,4088,3299,1.2391633828432858
painting_humanart_6000000002816.jpg,3966,3160,1.2550632911392405
painting_humanart_6000000002822.jpg,4096,3021,1.3558424362793777
painting_humanart_6000000002829.jpg,3136,4265,0.7352872215709262
painting_humanart_6000000002831.jpg,4077,3252,1.253690036900369
painting_humanart_6000000002832.jpg,803,640,1.2546875
painting_humanart_6000000002834.jpg,476,365,1.3041095890410959
painting_humanart_6000000002835.jpg,506,689,0.7343976777939042
painting_humanart_6000000002837.jpg,1498,2000,0.749
painting_humanart_6000000002839.jpg,258,283,0.911660777385159
painting_humanart_6000000002840.jpg,956,640,1.49375
painting_humanart_6000000002843.jpg,3116,5178,0.6017767477790653
painting_humanart_6000000002844.jpg,512,728,0.7032967032967034
painting_humanart_6000000002846.jpg,1498,2000,0.749
painting_humanart_6000000002853.jpg,3348,4239,0.7898089171974523
painting_humanart_6000000002854.jpg,1142,1400,0.8157142857142857
painting_humanart_6000000002855.jpg,3015,4000,0.75375
painting_humanart_6000000002862.jpg,2557,4705,0.5434643995749203
painting_humanart_6000000002863.jpg,3628,4899,0.7405592978158808
painting_humanart_6000000002867.jpg,3526,4409,0.7997278294397823
painting_humanart_6000000002869.jpg,4566,3314,1.3777911888955945
painting_humanart_6000000002871.jpg,3302,4225,0.7815384615384615
painting_humanart_6000000002880.jpg,2684,3353,0.8004771846107963
painting_humanart_6000000002881.jpg,1240,1964,0.6313645621181263
painting_humanart_6000000002886.jpg,3556,2961,1.2009456264775413
painting_humanart_6000000002888.jpg,3648,5472,0.6666666666666666
painting_humanart_6000000002890.jpg,752,987,0.7619047619047619
painting_humanart_6000000002891.jpg,3272,5333,0.6135383461466342
painting_humanart_6000000002908.jpg,637,1200,0.5308333333333334
painting_humanart_6000000002911.jpg,1014,858,1.1818181818181819
painting_humanart_6000000002912.jpg,887,1118,0.7933810375670841
painting_humanart_6000000002914.jpg,3103,4164,0.7451969260326609
painting_humanart_6000000002915.jpg,956,425,2.2494117647058824
painting_humanart_6000000002918.jpg,3648,5472,0.6666666666666666
painting_humanart_6000000002922.jpg,786,640,1.228125
painting_humanart_6000000002938.jpg,3954,5319,0.7433728144388043
painting_humanart_6000000002940.jpg,294,430,0.6837209302325581
painting_humanart_6000000002942.jpg,3235,4398,0.7355616189176899
painting_humanart_6000000002943.jpg,405,587,0.6899488926746167
painting_humanart_6000000002945.jpg,3064,3507,0.8736812090105504
painting_humanart_6000000002948.jpg,2000,1656,1.2077294685990339
painting_humanart_6000000002949.jpg,3471,3472,0.9997119815668203
painting_humanart_6000000002950.jpg,1178,1580,0.7455696202531645
painting_humanart_6000000002953.jpg,3128,4457,0.701817365941216
painting_humanart_6000000002954.jpg,4320,3240,1.3333333333333333
painting_humanart_6000000002955.jpg,3315,4526,0.7324348210340257
painting_humanart_6000000002965.jpg,3329,4158,0.8006253006253006
painting_humanart_6000000002966.jpg,786,960,0.81875
painting_humanart_6000000002967.jpg,756,1285,0.5883268482490273
painting_humanart_6000000002971.jpg,3348,4365,0.7670103092783506
painting_humanart_6000000002979.jpg,3475,4552,0.7634007029876977
painting_humanart_6000000002980.jpg,3122,4659,0.670100880017171
painting_humanart_6000000002982.jpg,3279,4092,0.8013196480938416
painting_humanart_6000000002987.jpg,3438,4440,0.7743243243243243
painting_humanart_6000000002988.jpg,316,400,0.79
painting_humanart_6000000002989.jpg,5472,3648,1.5
painting_humanart_6000000002993.jpg,877,1105,0.7936651583710407
painting_humanart_6000000002995.jpg,2149,2067,1.0396710208030964
painting_humanart_6000000003002.jpg,730,876,0.8333333333333334
painting_humanart_6000000003003.jpg,3690,6036,0.6113320079522863
painting_humanart_6000000003007.jpg,5312,3356,1.5828367103694876
painting_humanart_6000000003008.jpg,3493,4424,0.7895569620253164
painting_humanart_6000000003009.jpg,534,740,0.7216216216216216
painting_humanart_6000000003010.jpg,5472,3648,1.5
painting_humanart_6000000003013.jpg,3483,4598,0.7575032622879513
painting_humanart_6000000003014.jpg,1024,873,1.172966781214204
painting_humanart_6000000003019.jpg,497,657,0.756468797564688
painting_humanart_6000000003022.jpg,1800,1494,1.2048192771084338
painting_humanart_6000000003024.jpg,4092,3765,1.0868525896414343
painting_humanart_6000000003029.jpg,1130,1431,0.7896575821104123
painting_humanart_6000000003031.jpg,1997,1116,1.789426523297491
painting_humanart_6000000003036.jpg,2100,2715,0.7734806629834254
painting_humanart_6000000003043.jpg,2444,3000,0.8146666666666667
painting_humanart_6000000003044.jpg,703,576,1.2204861111111112
painting_humanart_6000000003049.jpg,3089,3733,0.8274845968390034
painting_humanart_6000000003051.jpg,640,416,1.5384615384615385
painting_humanart_6000000003052.jpg,1133,800,1.41625
painting_humanart_6000000003053.jpg,1280,936,1.3675213675213675
painting_humanart_6000000003055.jpg,798,1134,0.7037037037037037
painting_humanart_6000000003060.jpg,3840,2474,1.5521422797089732
painting_humanart_6000000003064.jpg,2616,2745,0.9530054644808743
painting_humanart_6000000003065.jpg,1542,2038,0.7566241413150148
painting_humanart_6000000003066.jpg,5562,6652,0.8361395069152134
painting_humanart_6000000003067.jpg,3455,4739,0.7290567630301752
painting_humanart_6000000003069.jpg,1200,1576,0.7614213197969543
painting_humanart_6000000003078.jpg,1034,1200,0.8616666666666667
painting_humanart_6000000003079.jpg,1013,761,1.3311432325886992
painting_humanart_6000000003080.jpg,3109,3839,0.8098463141443084
painting_humanart_6000000003086.jpg,683,1000,0.683
painting_humanart_6000000003087.jpg,636,520,1.2230769230769232
painting_humanart_6000000003089.jpg,1536,1265,1.2142292490118578
painting_humanart_6000000003090.jpg,4000,3234,1.2368583797155226
painting_humanart_6000000003094.jpg,919,1077,0.8532961931290622
painting_humanart_6000000003099.jpg,3380,4077,0.8290409614912926
painting_humanart_6000000003102.jpg,4530,6850,0.6613138686131387
painting_humanart_6000000003103.jpg,420,600,0.7
painting_humanart_6000000003104.jpg,2500,1827,1.3683634373289546
painting_humanart_6000000003108.jpg,2362,2893,0.8164535084687176
painting_humanart_6000000003112.jpg,745,1024,0.7275390625
painting_humanart_6000000003114.jpg,2954,3722,0.7936593229446535
painting_humanart_6000000003116.jpg,828,1038,0.7976878612716763
painting_humanart_6000000003121.jpg,3273,3251,1.006767148569671
painting_humanart_6000000003124.jpg,2065,2729,0.7566874312935141
painting_humanart_6000000003126.jpg,750,858,0.8741258741258742
painting_humanart_6000000003129.jpg,590,768,0.7682291666666666
painting_humanart_6000000003131.jpg,326,400,0.815
painting_humanart_6000000003136.jpg,400,283,1.4134275618374559
painting_humanart_6000000003140.jpg,3785,3440,1.1002906976744187
painting_humanart_6000000003143.jpg,2514,3000,0.838
painting_humanart_6000000003147.jpg,1147,1410,0.8134751773049645
painting_humanart_6000000003150.jpg,818,1500,0.5453333333333333
painting_humanart_6000000003162.jpg,910,1861,0.48898441698011824
painting_humanart_6000000003164.jpg,1029,858,1.1993006993006994
painting_humanart_6000000003166.jpg,2858,3567,0.801233529576675
painting_humanart_6000000003169.jpg,1289,1600,0.805625
painting_humanart_6000000003171.jpg,7246,4964,1.459709911361805
painting_humanart_6000000003173.jpg,1036,1200,0.8633333333333333
painting_humanart_6000000003174.jpg,2024,2365,0.8558139534883721
painting_humanart_6000000003175.jpg,708,1080,0.6555555555555556
painting_humanart_6000000003176.jpg,760,543,1.3996316758747698
painting_humanart_6000000003178.jpg,768,583,1.3173241852487136
painting_humanart_6000000003180.jpg,2106,3722,0.5658248253627082
painting_humanart_6000000003181.jpg,3000,2038,1.4720314033366044
painting_humanart_6000000003182.jpg,1367,2048,0.66748046875
painting_humanart_6000000003184.jpg,552,700,0.7885714285714286
painting_humanart_6000000003188.jpg,792,1200,0.66
painting_humanart_6000000003189.jpg,954,1282,0.7441497659906396
painting_humanart_6000000003190.jpg,669,417,1.60431654676259
painting_humanart_6000000003195.jpg,600,998,0.6012024048096193
painting_humanart_6000000003196.jpg,1491,930,1.603225806451613
painting_humanart_6000000003199.jpg,1245,1773,0.7021996615905245
painting_humanart_6000000003200.jpg,307,480,0.6395833333333333
painting_humanart_6000000003201.jpg,2794,3677,0.7598585803644275
painting_humanart_6000000003203.jpg,2887,3871,0.7458021183156807
painting_humanart_6000000003204.jpg,1134,668,1.6976047904191616
painting_humanart_6000000003206.jpg,3176,3787,0.8386585687879589
painting_humanart_6000000003212.jpg,3152,3864,0.8157349896480331
painting_humanart_6000000003213.jpg,6100,5372,1.135517498138496
painting_humanart_6000000003214.jpg,2927,4231,0.6917986291656819
painting_humanart_6000000003215.jpg,2594,3722,0.6969371305749597
painting_humanart_6000000003220.jpg,948,1192,0.7953020134228188
painting_humanart_6000000003226.jpg,3114,5202,0.5986159169550173
painting_humanart_6000000003230.jpg,1030,1687,0.6105512744516894
painting_humanart_6000000003233.jpg,2020,3000,0.6733333333333333
painting_humanart_6000000003235.jpg,954,736,1.296195652173913
painting_humanart_6000000003236.jpg,1276,859,1.4854481955762515
painting_humanart_6000000003238.jpg,1000,705,1.4184397163120568
painting_humanart_6000000003240.jpg,3054,3870,0.7891472868217054
painting_humanart_6000000003248.jpg,6209,7377,0.8416700555781483
painting_humanart_6000000003249.jpg,235,293,0.8020477815699659
painting_humanart_6000000003250.jpg,492,806,0.6104218362282878
painting_humanart_6000000003251.jpg,1300,920,1.4130434782608696
painting_humanart_6000000003253.jpg,1200,909,1.3201320132013201
painting_humanart_6000000003254.jpg,1063,619,1.7172859450726978
painting_humanart_6000000003258.jpg,3402,4323,0.7869535045107564
painting_humanart_6000000003263.jpg,2355,3022,0.7792852415618795
painting_humanart_6000000003264.jpg,3109,4000,0.77725
painting_humanart_6000000003269.jpg,2168,1710,1.2678362573099415
painting_humanart_6000000003271.jpg,2181,2750,0.7930909090909091
painting_humanart_6000000003293.jpg,682,615,1.1089430894308943
painting_humanart_6000000003298.jpg,1006,636,1.5817610062893082
painting_humanart_6000000003302.jpg,3616,1710,2.1146198830409357
painting_humanart_6000000003304.jpg,1600,1058,1.5122873345935728
painting_humanart_6000000003305.jpg,1030,1374,0.7496360989810772
painting_humanart_6000000003306.jpg,1554,960,1.61875
painting_humanart_6000000003312.jpg,3541,3213,1.1020852785558668
painting_humanart_6000000003315.jpg,1980,3550,0.5577464788732395
painting_humanart_6000000003316.jpg,1158,1600,0.72375
painting_humanart_6000000003319.jpg,850,1117,0.7609668755595345
painting_humanart_6000000003324.jpg,2860,3755,0.7616511318242344
painting_humanart_6000000003327.jpg,759,843,0.900355871886121
painting_humanart_6000000003332.jpg,1287,1778,0.7238470191226096
painting_humanart_6000000003340.jpg,1167,933,1.2508038585209003
painting_humanart_6000000003343.jpg,905,1200,0.7541666666666667
painting_humanart_6000000003346.jpg,893,1200,0.7441666666666666
painting_humanart_6000000003347.jpg,1195,2381,0.501889962200756
painting_humanart_6000000003348.jpg,1024,721,1.420249653259362
painting_humanart_6000000003351.jpg,1914,2661,0.7192784667418264
painting_humanart_6000000003352.jpg,3240,2154,1.5041782729805013
painting_humanart_6000000003355.jpg,2846,2337,1.2178005990586223
painting_humanart_6000000003358.jpg,419,640,0.6546875
painting_humanart_6000000003359.jpg,280,339,0.8259587020648967
painting_humanart_6000000003360.jpg,4293,3204,1.3398876404494382
painting_humanart_6000000003376.jpg,721,1080,0.6675925925925926
painting_humanart_6000000003379.jpg,3384,2430,1.3925925925925926
painting_humanart_6000000003381.jpg,2100,1725,1.2173913043478262
painting_humanart_6000000003393.jpg,1635,2000,0.8175
painting_humanart_6000000003399.jpg,3970,6769,0.5864972669522824
painting_humanart_6000000003402.jpg,2482,3154,0.7869372225745086
painting_humanart_6000000003403.jpg,279,339,0.8230088495575221
painting_humanart_6000000003409.jpg,1346,1014,1.3274161735700196
painting_humanart_6000000003410.jpg,745,1008,0.7390873015873016
painting_humanart_6000000003414.jpg,2768,3305,0.837518910741301
painting_humanart_6000000003417.jpg,2211,2699,0.8191922934420156
painting_humanart_6000000003419.jpg,273,600,0.455
painting_humanart_6000000003420.jpg,1600,1323,1.2093726379440666
painting_humanart_6000000003421.jpg,231,285,0.8105263157894737
painting_humanart_6000000003424.jpg,3402,2708,1.256277695716396
painting_humanart_6000000003425.jpg,261,599,0.4357262103505843
painting_humanart_6000000003428.jpg,480,621,0.7729468599033816
painting_humanart_6000000003433.jpg,1022,705,1.449645390070922
painting_humanart_6000000003438.jpg,900,464,1.9396551724137931
painting_humanart_6000000003440.jpg,578,600,0.9633333333333334
painting_humanart_6000000003441.jpg,508,344,1.4767441860465116
painting_humanart_6000000003446.jpg,1200,1008,1.1904761904761905
painting_humanart_6000000003447.jpg,2824,3488,0.8096330275229358
painting_humanart_6000000003455.jpg,1601,1999,0.8009004502251126
painting_humanart_6000000003457.jpg,682,1006,0.6779324055666004
painting_humanart_6000000003460.jpg,914,1100,0.8309090909090909
painting_humanart_6000000003462.jpg,1480,2000,0.74
painting_humanart_6000000003464.jpg,2960,1144,2.5874125874125875
painting_humanart_6000000003465.jpg,1000,1300,0.7692307692307693
painting_humanart_6000000003466.jpg,1000,835,1.1976047904191616
painting_humanart_6000000003467.jpg,758,555,1.3657657657657658
painting_humanart_6000000003471.jpg,900,730,1.2328767123287672
painting_humanart_6000000003478.jpg,365,500,0.73
painting_humanart_6000000003479.jpg,525,600,0.875
painting_humanart_6000000003481.jpg,2054,3012,0.6819389110225763
painting_humanart_6000000003483.jpg,5152,3864,1.3333333333333333
painting_humanart_6000000003485.jpg,4092,2466,1.659367396593674
painting_humanart_6000000003489.jpg,2014,2560,0.78671875
painting_humanart_6000000003491.jpg,295,384,0.7682291666666666
painting_humanart_6000000003495.jpg,1792,4000,0.448
painting_humanart_6000000003496.jpg,2393,3062,0.7815153494448073
painting_humanart_6000000003501.jpg,280,415,0.6746987951807228
painting_humanart_6000000003506.jpg,3369,2709,1.2436323366555924
painting_humanart_6000000003509.jpg,639,825,0.7745454545454545
painting_humanart_6000000003510.jpg,719,575,1.2504347826086957
painting_humanart_6000000003511.jpg,1002,1200,0.835
painting_humanart_6000000003513.jpg,716,491,1.4582484725050917
painting_humanart_6000000003515.jpg,3704,3076,1.2041612483745123
painting_humanart_6000000003516.jpg,629,768,0.8190104166666666
painting_humanart_6000000003518.jpg,450,763,0.5897771952817824
painting_humanart_6000000003519.jpg,655,800,0.81875
painting_humanart_6000000003528.jpg,1676,1464,1.144808743169399
painting_humanart_6000000003531.jpg,900,632,1.4240506329113924
painting_humanart_6000000003532.jpg,3648,2736,1.3333333333333333
painting_humanart_6000000003533.jpg,3289,2477,1.3278159063383124
painting_humanart_6000000003534.jpg,3476,2700,1.2874074074074073
painting_humanart_6000000003535.jpg,1158,1010,1.1465346534653464
painting_humanart_6000000003536.jpg,1080,608,1.7763157894736843
painting_humanart_6000000003541.jpg,251,371,0.6765498652291105
painting_humanart_6000000003542.jpg,800,1280,0.625
painting_humanart_6000000003544.jpg,768,914,0.8402625820568927
painting_humanart_6000000003546.jpg,420,601,0.6988352745424293
painting_humanart_6000000003547.jpg,562,480,1.1708333333333334
painting_humanart_6000000003548.jpg,2403,2403,1.0
painting_humanart_6000000003549.jpg,2024,2363,0.8565382987727465
painting_humanart_6000000003551.jpg,283,234,1.2094017094017093
painting_humanart_6000000003552.jpg,4000,4643,0.8615119534783545
painting_humanart_6000000003554.jpg,2253,2830,0.796113074204947
painting_humanart_6000000003555.jpg,1360,1998,0.6806806806806807
painting_humanart_6000000003562.jpg,4230,3096,1.3662790697674418
painting_humanart_6000000003563.jpg,1600,1251,1.2789768185451638
painting_humanart_6000000003564.jpg,261,397,0.6574307304785895
painting_humanart_6000000003565.jpg,577,1024,0.5634765625
painting_humanart_6000000003567.jpg,628,673,0.9331352154531947
painting_humanart_6000000003570.jpg,560,775,0.7225806451612903
painting_humanart_6000000003573.jpg,1221,826,1.4782082324455206
painting_humanart_6000000003574.jpg,267,599,0.44574290484140233
painting_humanart_6000000003577.jpg,2243,2953,0.7595665424991535
painting_humanart_6000000003578.jpg,2152,2990,0.7197324414715719
painting_humanart_6000000003579.jpg,325,536,0.6063432835820896
painting_humanart_6000000003583.jpg,512,605,0.8462809917355372
painting_humanart_6000000003588.jpg,1197,1920,0.6234375
painting_humanart_6000000003589.jpg,1200,1494,0.8032128514056225
painting_humanart_6000000003590.jpg,4258,3335,1.2767616191904048
painting_humanart_6000000003594.jpg,2500,3904,0.6403688524590164
painting_humanart_6000000003595.jpg,971,1500,0.6473333333333333
painting_humanart_6000000003596.jpg,2439,1888,1.2918432203389831
painting_humanart_6000000003597.jpg,1997,2500,0.7988
painting_humanart_6000000003598.jpg,3031,3801,0.7974217311233885
painting_humanart_6000000003599.jpg,2608,4224,0.6174242424242424
painting_humanart_6000000003600.jpg,512,640,0.8
painting_humanart_6000000003608.jpg,1867,2731,0.6836323690955693
painting_humanart_6000000003611.jpg,400,400,1.0
painting_humanart_6000000003622.jpg,3427,4400,0.7788636363636363
painting_humanart_6000000003627.jpg,800,616,1.2987012987012987
painting_humanart_6000000003631.jpg,4000,2556,1.5649452269170578
painting_humanart_6000000003649.jpg,1699,2000,0.8495
painting_humanart_6000000003654.jpg,546,800,0.6825
painting_humanart_6000000003658.jpg,879,1439,0.6108408617095205
painting_humanart_6000000003670.jpg,1489,1180,1.261864406779661
painting_humanart_6000000003672.jpg,940,619,1.518578352180937
painting_humanart_9000000000001.jpg,422,500,0.844
painting_humanart_9000000000002.jpg,376,500,0.752
painting_humanart_9000000000003.jpg,405,500,0.81
painting_humanart_9000000000010.jpg,435,500,0.87
painting_humanart_9000000000012.jpg,335,500,0.67
painting_humanart_9000000000015.jpg,391,500,0.782
painting_humanart_9000000000017.jpg,461,500,0.922
painting_humanart_9000000000018.jpg,388,500,0.776
painting_humanart_9000000000019.jpg,267,500,0.534
painting_humanart_9000000000020.jpg,280,500,0.56
painting_humanart_9000000000021.jpg,282,500,0.564
painting_humanart_9000000000022.jpg,345,500,0.69
painting_humanart_9000000000027.jpg,268,500,0.536
painting_humanart_9000000000029.jpg,500,372,1.3440860215053763
painting_humanart_9000000000032.jpg,425,500,0.85
painting_humanart_9000000000035.jpg,344,500,0.688
painting_humanart_9000000000038.jpg,370,500,0.74
painting_humanart_9000000000039.jpg,500,412,1.2135922330097086
painting_humanart_9000000000040.jpg,378,500,0.756
painting_humanart_9000000000041.jpg,161,500,0.322
painting_humanart_9000000000042.jpg,500,448,1.1160714285714286
painting_humanart_9000000000043.jpg,500,438,1.1415525114155252
painting_humanart_9000000000044.jpg,500,439,1.1389521640091116
painting_humanart_9000000000045.jpg,397,500,0.794
painting_humanart_9000000000047.jpg,500,390,1.2820512820512822
painting_humanart_9000000000048.jpg,500,390,1.2820512820512822
painting_humanart_9000000000049.jpg,389,500,0.778
painting_humanart_9000000000053.jpg,500,408,1.2254901960784315
painting_humanart_9000000000054.jpg,390,500,0.78
painting_humanart_9000000000056.jpg,382,500,0.764
painting_humanart_9000000000058.jpg,500,393,1.272264631043257
painting_humanart_9000000000059.jpg,500,397,1.2594458438287153
painting_humanart_9000000000061.jpg,500,425,1.1764705882352942
painting_humanart_9000000000062.jpg,398,500,0.796
painting_humanart_9000000000064.jpg,408,500,0.816
painting_humanart_9000000000066.jpg,500,349,1.4326647564469914
painting_humanart_9000000000070.jpg,270,500,0.54
painting_humanart_9000000000071.jpg,320,500,0.64
painting_humanart_9000000000072.jpg,211,500,0.422
painting_humanart_9000000000075.jpg,500,389,1.2853470437017995
painting_humanart_9000000000077.jpg,314,500,0.628
painting_humanart_9000000000079.jpg,499,489,1.0204498977505112
painting_humanart_9000000000082.jpg,334,500,0.668
painting_humanart_9000000000085.jpg,277,500,0.554
painting_humanart_9000000000087.jpg,307,500,0.614
painting_humanart_9000000000088.jpg,330,500,0.66
painting_humanart_9000000000089.jpg,180,500,0.36
painting_humanart_9000000000092.jpg,239,500,0.478
painting_humanart_9000000000094.jpg,249,500,0.498
painting_humanart_9000000000097.jpg,191,500,0.382
painting_humanart_9000000000098.jpg,270,500,0.54
painting_humanart_9000000000101.jpg,265,500,0.53
painting_humanart_9000000000102.jpg,500,380,1.3157894736842106
painting_humanart_9000000000103.jpg,291,500,0.582
painting_humanart_9000000000105.jpg,231,500,0.462
painting_humanart_9000000000106.jpg,281,500,0.562
painting_humanart_9000000000109.jpg,252,500,0.504
painting_humanart_9000000000110.jpg,258,500,0.516
painting_humanart_9000000000111.jpg,500,412,1.2135922330097086
painting_humanart_9000000000113.jpg,500,414,1.2077294685990339
painting_humanart_9000000000114.jpg,500,411,1.2165450121654502
painting_humanart_9000000000116.jpg,258,500,0.516
painting_humanart_9000000000119.jpg,253,500,0.506
painting_humanart_9000000000122.jpg,500,380,1.3157894736842106
painting_humanart_9000000000124.jpg,255,500,0.51
painting_humanart_9000000000130.jpg,236,499,0.4729458917835671
painting_humanart_9000000000131.jpg,356,500,0.712
painting_humanart_9000000000134.jpg,500,398,1.256281407035176
painting_humanart_9000000000136.jpg,500,394,1.2690355329949239
painting_humanart_9000000000137.jpg,360,500,0.72
painting_humanart_9000000000139.jpg,414,500,0.828
painting_humanart_9000000000140.jpg,387,500,0.774
painting_humanart_9000000000141.jpg,402,500,0.804
painting_humanart_9000000000143.jpg,392,500,0.784
painting_humanart_9000000000144.jpg,500,472,1.0593220338983051
painting_humanart_9000000000145.jpg,267,500,0.534
painting_humanart_9000000000146.jpg,500,433,1.1547344110854503
painting_humanart_9000000000147.jpg,400,500,0.8
painting_humanart_9000000000150.jpg,426,500,0.852
painting_humanart_9000000000151.jpg,400,500,0.8
painting_humanart_9000000000153.jpg,381,500,0.762
painting_humanart_9000000000155.jpg,423,500,0.846
painting_humanart_9000000000156.jpg,400,500,0.8
painting_humanart_9000000000157.jpg,337,500,0.674
painting_humanart_9000000000158.jpg,320,500,0.64
painting_humanart_9000000000163.jpg,413,500,0.826
painting_humanart_9000000000166.jpg,500,472,1.0593220338983051
painting_humanart_9000000000167.jpg,377,500,0.754
painting_humanart_9000000000168.jpg,500,381,1.3123359580052494
painting_humanart_9000000000169.jpg,430,500,0.86
painting_humanart_9000000000170.jpg,357,500,0.714
painting_humanart_9000000000171.jpg,472,500,0.944
painting_humanart_9000000000173.jpg,485,500,0.97
painting_humanart_9000000000175.jpg,490,500,0.98
painting_humanart_9000000000176.jpg,394,500,0.788
painting_humanart_9000000000179.jpg,500,447,1.1185682326621924
painting_humanart_9000000000183.jpg,487,500,0.974
painting_humanart_9000000000185.jpg,403,500,0.806
painting_humanart_9000000000186.jpg,247,500,0.494
painting_humanart_9000000000187.jpg,335,500,0.67
painting_humanart_9000000000188.jpg,500,373,1.3404825737265416
painting_humanart_9000000000190.jpg,254,500,0.508
painting_humanart_9000000000191.jpg,274,500,0.548
painting_humanart_9000000000197.jpg,340,500,0.68
painting_humanart_9000000000198.jpg,260,500,0.52
painting_humanart_9000000000199.jpg,349,500,0.698
painting_humanart_9000000000200.jpg,175,500,0.35
painting_humanart_9000000000202.jpg,272,500,0.544
painting_humanart_9000000000203.jpg,257,500,0.514
painting_humanart_9000000000205.jpg,335,500,0.67
painting_humanart_9000000000206.jpg,353,500,0.706
painting_humanart_9000000000209.jpg,500,392,1.2755102040816326
painting_humanart_9000000000210.jpg,492,500,0.984
painting_humanart_9000000000213.jpg,395,500,0.79
painting_humanart_9000000000216.jpg,382,500,0.764
painting_humanart_9000000000219.jpg,240,500,0.48
painting_humanart_9000000000221.jpg,329,500,0.658
painting_humanart_9000000000223.jpg,384,500,0.768
painting_humanart_9000000000224.jpg,500,387,1.2919896640826873
painting_humanart_9000000000226.jpg,251,500,0.502
painting_humanart_9000000000227.jpg,257,500,0.514
painting_humanart_9000000000231.jpg,500,401,1.2468827930174564
painting_humanart_9000000000232.jpg,500,391,1.278772378516624
painting_humanart_9000000000234.jpg,390,500,0.78
painting_humanart_9000000000236.jpg,368,500,0.736
painting_humanart_9000000000240.jpg,500,493,1.0141987829614605
painting_humanart_9000000000242.jpg,487,500,0.974
painting_humanart_9000000000244.jpg,500,456,1.0964912280701755
painting_humanart_9000000000247.jpg,330,500,0.66
painting_humanart_9000000000248.jpg,323,500,0.646
painting_humanart_9000000000249.jpg,255,500,0.51
painting_humanart_9000000000251.jpg,399,500,0.798
painting_humanart_9000000000253.jpg,493,500,0.986
painting_humanart_9000000000254.jpg,399,500,0.798
painting_humanart_9000000000255.jpg,500,488,1.0245901639344261
painting_humanart_9000000000256.jpg,500,488,1.0245901639344261
painting_humanart_9000000000261.jpg,500,486,1.02880658436214
painting_humanart_9000000000262.jpg,500,488,1.0245901639344261
painting_humanart_9000000000263.jpg,500,400,1.25
painting_humanart_9000000000267.jpg,500,497,1.0060362173038229
painting_humanart_9000000000269.jpg,500,385,1.2987012987012987
painting_humanart_9000000000274.jpg,371,500,0.742
painting_humanart_9000000000275.jpg,500,490,1.0204081632653061
painting_humanart_9000000000276.jpg,403,500,0.806
painting_humanart_9000000000280.jpg,409,500,0.818
painting_humanart_9000000000281.jpg,493,500,0.986
painting_humanart_9000000000287.jpg,394,500,0.788
painting_humanart_9000000000288.jpg,500,498,1.0040160642570282
painting_humanart_9000000000289.jpg,500,399,1.2531328320802004
painting_humanart_9000000000290.jpg,377,500,0.754
painting_humanart_9000000000292.jpg,500,488,1.0245901639344261
painting_humanart_9000000000293.jpg,500,392,1.2755102040816326
painting_humanart_9000000000294.jpg,500,386,1.2953367875647668
painting_humanart_9000000000299.jpg,385,500,0.77
painting_humanart_9000000000303.jpg,394,500,0.788
painting_humanart_9000000000304.jpg,374,500,0.748
painting_humanart_9000000000305.jpg,391,500,0.782
painting_humanart_9000000000306.jpg,500,385,1.2987012987012987
painting_humanart_9000000000307.jpg,500,366,1.366120218579235
painting_humanart_9000000000309.jpg,323,500,0.646
painting_humanart_9000000000311.jpg,297,500,0.594
painting_humanart_9000000000312.jpg,384,500,0.768
painting_humanart_9000000000313.jpg,319,500,0.638
painting_humanart_9000000000317.jpg,412,500,0.824
painting_humanart_9000000000318.jpg,407,500,0.814
painting_humanart_9000000000320.jpg,379,500,0.758
painting_humanart_9000000000321.jpg,385,500,0.77
painting_humanart_9000000000324.jpg,440,500,0.88
painting_humanart_9000000000330.jpg,444,500,0.888
painting_humanart_9000000000334.jpg,337,500,0.674
painting_humanart_9000000000335.jpg,464,500,0.928
painting_humanart_9000000000336.jpg,444,500,0.888
painting_humanart_9000000000339.jpg,500,397,1.2594458438287153
painting_humanart_9000000000340.jpg,500,433,1.1547344110854503
painting_humanart_9000000000344.jpg,500,458,1.091703056768559
painting_humanart_9000000000349.jpg,472,500,0.944
painting_humanart_9000000000352.jpg,498,500,0.996
painting_humanart_9000000000358.jpg,466,500,0.932
painting_humanart_9000000000359.jpg,500,472,1.0593220338983051
painting_humanart_9000000000364.jpg,399,500,0.798
painting_humanart_9000000000366.jpg,500,400,1.25
painting_humanart_9000000000367.jpg,500,498,1.0040160642570282
painting_humanart_9000000000369.jpg,500,388,1.288659793814433
painting_humanart_9000000000372.jpg,500,397,1.2594458438287153
painting_humanart_9000000000373.jpg,500,397,1.2594458438287153
painting_humanart_9000000000375.jpg,467,500,0.934
painting_humanart_9000000000376.jpg,394,500,0.788
painting_humanart_9000000000378.jpg,500,496,1.0080645161290323
painting_humanart_9000000000379.jpg,479,500,0.958
painting_humanart_9000000000380.jpg,490,500,0.98
painting_humanart_9000000000383.jpg,500,494,1.0121457489878543
painting_humanart_9000000000384.jpg,500,401,1.2468827930174564
painting_humanart_9000000000386.jpg,500,475,1.0526315789473684
painting_humanart_9000000000387.jpg,480,500,0.96
painting_humanart_9000000000389.jpg,398,500,0.796
painting_humanart_9000000000391.jpg,500,397,1.2594458438287153
painting_humanart_9000000000394.jpg,339,500,0.678
painting_humanart_9000000000395.jpg,500,392,1.2755102040816326
painting_humanart_9000000000398.jpg,331,500,0.662
painting_humanart_9000000000399.jpg,343,500,0.686
painting_humanart_9000000000402.jpg,500,407,1.2285012285012284
painting_humanart_9000000000404.jpg,397,500,0.794
painting_humanart_9000000000407.jpg,395,500,0.79
painting_humanart_9000000000408.jpg,403,500,0.806
painting_humanart_9000000000412.jpg,449,500,0.898
painting_humanart_9000000000413.jpg,499,481,1.0374220374220373
painting_humanart_9000000000414.jpg,500,420,1.1904761904761905
painting_humanart_9000000000423.jpg,500,391,1.278772378516624
painting_humanart_9000000000426.jpg,500,339,1.4749262536873156
painting_humanart_9000000000427.jpg,500,384,1.3020833333333333
painting_humanart_9000000000428.jpg,385,500,0.77
painting_humanart_9000000000430.jpg,454,500,0.908
painting_humanart_9000000000432.jpg,482,500,0.964
painting_humanart_9000000000433.jpg,500,400,1.25
painting_humanart_9000000000435.jpg,350,500,0.7
painting_humanart_9000000000438.jpg,334,500,0.668
painting_humanart_9000000000439.jpg,347,500,0.694
painting_humanart_9000000000440.jpg,379,500,0.758
painting_humanart_9000000000444.jpg,312,500,0.624
painting_humanart_9000000000445.jpg,266,500,0.532
painting_humanart_9000000000449.jpg,500,490,1.0204081632653061
painting_humanart_9000000000450.jpg,500,437,1.1441647597254005
painting_humanart_9000000000452.jpg,498,500,0.996
painting_humanart_9000000000454.jpg,500,462,1.0822510822510822
painting_humanart_9000000000455.jpg,323,500,0.646
painting_humanart_9000000000456.jpg,500,383,1.3054830287206267
painting_humanart_9000000000457.jpg,500,388,1.288659793814433
painting_humanart_9000000000459.jpg,500,487,1.0266940451745379
painting_humanart_9000000000462.jpg,500,433,1.1547344110854503
painting_humanart_9000000000463.jpg,500,427,1.17096018735363
painting_humanart_9000000000465.jpg,500,413,1.2106537530266344
painting_humanart_9000000000472.jpg,399,500,0.798
painting_humanart_9000000000473.jpg,500,392,1.2755102040816326
painting_humanart_9000000000474.jpg,298,500,0.596
painting_humanart_9000000000477.jpg,500,429,1.1655011655011656
painting_humanart_9000000000479.jpg,396,500,0.792
painting_humanart_9000000000480.jpg,313,500,0.626
painting_humanart_9000000000485.jpg,500,374,1.3368983957219251
painting_humanart_9000000000486.jpg,338,500,0.676
painting_humanart_9000000000487.jpg,236,500,0.472
painting_humanart_9000000000492.jpg,422,500,0.844
painting_humanart_9000000000494.jpg,240,500,0.48
painting_humanart_9000000000500.jpg,395,500,0.79
painting_humanart_9000000000503.jpg,227,500,0.454
painting_humanart_9000000000506.jpg,389,500,0.778
painting_humanart_9000000000509.jpg,500,375,1.3333333333333333
painting_humanart_9000000000510.jpg,348,500,0.696
painting_humanart_9000000000516.jpg,381,500,0.762
painting_humanart_9000000000517.jpg,500,383,1.3054830287206267
painting_humanart_9000000000519.jpg,234,500,0.468
painting_humanart_9000000000522.jpg,317,500,0.634
painting_humanart_9000000000525.jpg,398,500,0.796
painting_humanart_9000000000526.jpg,500,388,1.288659793814433
painting_humanart_9000000000527.jpg,235,500,0.47
painting_humanart_9000000000528.jpg,301,500,0.602
painting_humanart_9000000000532.jpg,386,500,0.772
painting_humanart_9000000000534.jpg,272,500,0.544
painting_humanart_9000000000536.jpg,341,500,0.682
painting_humanart_9000000000537.jpg,323,500,0.646
painting_humanart_9000000000538.jpg,358,500,0.716
painting_humanart_9000000000540.jpg,340,500,0.68
painting_humanart_9000000000541.jpg,388,500,0.776
painting_humanart_9000000000543.jpg,338,500,0.676
painting_humanart_9000000000544.jpg,212,500,0.424
painting_humanart_9000000000545.jpg,338,500,0.676
painting_humanart_9000000000549.jpg,242,500,0.484
painting_humanart_9000000000551.jpg,253,500,0.506
painting_humanart_9000000000552.jpg,329,500,0.658
painting_humanart_9000000000555.jpg,340,500,0.68
painting_humanart_9000000000556.jpg,265,500,0.53
painting_humanart_9000000000557.jpg,264,500,0.528
painting_humanart_9000000000558.jpg,395,500,0.79
painting_humanart_9000000000559.jpg,396,500,0.792
painting_humanart_9000000000562.jpg,384,500,0.768
painting_humanart_9000000000563.jpg,394,500,0.788
painting_humanart_9000000000565.jpg,320,500,0.64
painting_humanart_9000000000567.jpg,340,500,0.68
painting_humanart_9000000000568.jpg,321,500,0.642
painting_humanart_9000000000571.jpg,417,500,0.834
painting_humanart_9000000000572.jpg,340,500,0.68
painting_humanart_9000000000573.jpg,330,500,0.66
painting_humanart_9000000000575.jpg,325,500,0.65
painting_humanart_9000000000576.jpg,392,500,0.784
painting_humanart_9000000000577.jpg,256,500,0.512
painting_humanart_9000000000578.jpg,155,500,0.31
painting_humanart_9000000000581.jpg,500,487,1.0266940451745379
painting_humanart_9000000000583.jpg,500,482,1.037344398340249
painting_humanart_9000000000584.jpg,345,500,0.69
painting_humanart_9000000000585.jpg,173,500,0.346
painting_humanart_9000000000586.jpg,376,500,0.752
painting_humanart_9000000000587.jpg,500,486,1.02880658436214
painting_humanart_9000000000588.jpg,500,493,1.0141987829614605
painting_humanart_9000000000589.jpg,500,497,1.0060362173038229
painting_humanart_9000000000592.jpg,373,500,0.746
painting_humanart_9000000000596.jpg,500,469,1.0660980810234542
painting_humanart_9000000000599.jpg,500,404,1.2376237623762376
painting_humanart_9000000000603.jpg,389,500,0.778
painting_humanart_9000000000607.jpg,500,354,1.4124293785310735
painting_humanart_9000000000608.jpg,208,500,0.416
painting_humanart_9000000000612.jpg,500,399,1.2531328320802004
painting_humanart_9000000000613.jpg,393,500,0.786
painting_humanart_9000000000614.jpg,500,492,1.016260162601626
painting_humanart_9000000000615.jpg,405,500,0.81
painting_humanart_9000000000617.jpg,500,380,1.3157894736842106
painting_humanart_9000000000620.jpg,500,378,1.3227513227513228
painting_humanart_9000000000621.jpg,403,499,0.8076152304609219
painting_humanart_9000000000623.jpg,368,500,0.736
painting_humanart_9000000000624.jpg,371,500,0.742
painting_humanart_9000000000626.jpg,332,500,0.664
painting_humanart_9000000000627.jpg,296,500,0.592
painting_humanart_9000000000630.jpg,328,500,0.656
painting_humanart_9000000000633.jpg,336,500,0.672
painting_humanart_9000000000636.jpg,386,500,0.772
painting_humanart_9000000000638.jpg,382,500,0.764
painting_humanart_9000000000639.jpg,387,500,0.774
painting_humanart_9000000000641.jpg,368,500,0.736
painting_humanart_9000000000643.jpg,343,500,0.686
painting_humanart_9000000000646.jpg,329,500,0.658
painting_humanart_9000000000651.jpg,302,500,0.604
painting_humanart_9000000000655.jpg,338,500,0.676
painting_humanart_9000000000659.jpg,307,500,0.614
painting_humanart_9000000000661.jpg,271,500,0.542
painting_humanart_9000000000669.jpg,281,500,0.562
painting_humanart_9000000000670.jpg,500,494,1.0121457489878543
painting_humanart_9000000000671.jpg,364,500,0.728
painting_humanart_9000000000673.jpg,340,500,0.68
painting_humanart_9000000000674.jpg,294,500,0.588
painting_humanart_9000000000675.jpg,285,500,0.57
painting_humanart_9000000000676.jpg,231,500,0.462
painting_humanart_9000000000677.jpg,334,500,0.668
painting_humanart_9000000000680.jpg,293,500,0.586
painting_humanart_9000000000681.jpg,348,500,0.696
painting_humanart_9000000000683.jpg,500,368,1.358695652173913
painting_humanart_9000000000685.jpg,500,403,1.2406947890818858
painting_humanart_9000000000686.jpg,373,500,0.746
painting_humanart_9000000000687.jpg,327,500,0.654
painting_humanart_9000000000691.jpg,288,500,0.576
painting_humanart_9000000000692.jpg,190,500,0.38
painting_humanart_9000000000694.jpg,500,356,1.404494382022472
painting_humanart_9000000000695.jpg,500,324,1.5432098765432098
painting_humanart_9000000000696.jpg,286,500,0.572
painting_humanart_9000000000697.jpg,295,500,0.59
painting_humanart_9000000000699.jpg,308,500,0.616
painting_humanart_9000000000700.jpg,415,500,0.83
painting_humanart_9000000000702.jpg,351,500,0.702
painting_humanart_9000000000704.jpg,500,390,1.2820512820512822
painting_humanart_9000000000706.jpg,500,368,1.358695652173913
painting_humanart_9000000000711.jpg,264,500,0.528
painting_humanart_9000000000716.jpg,399,500,0.798
painting_humanart_9000000000719.jpg,368,500,0.736
painting_humanart_9000000000724.jpg,282,499,0.5651302605210421
painting_humanart_9000000000726.jpg,500,375,1.3333333333333333
painting_humanart_9000000000727.jpg,336,500,0.672
painting_humanart_9000000000728.jpg,336,500,0.672
painting_humanart_9000000000730.jpg,380,500,0.76
painting_humanart_9000000000731.jpg,500,327,1.529051987767584
painting_humanart_9000000000733.jpg,500,324,1.5432098765432098
painting_humanart_9000000000734.jpg,500,337,1.4836795252225519
painting_humanart_9000000000736.jpg,345,500,0.69
painting_humanart_9000000000737.jpg,334,500,0.668
painting_humanart_9000000000742.jpg,341,500,0.682
painting_humanart_9000000000744.jpg,356,500,0.712
painting_humanart_9000000000745.jpg,500,334,1.4970059880239521
painting_humanart_9000000000747.jpg,500,332,1.5060240963855422
painting_humanart_9000000000749.jpg,384,500,0.768
painting_humanart_9000000000750.jpg,382,500,0.764
painting_humanart_9000000000754.jpg,459,500,0.918
painting_humanart_9000000000755.jpg,391,500,0.782
painting_humanart_9000000000760.jpg,416,500,0.832
painting_humanart_9000000000761.jpg,423,500,0.846
painting_humanart_9000000000764.jpg,414,500,0.828
painting_humanart_9000000000772.jpg,333,500,0.666
painting_humanart_9000000000773.jpg,336,500,0.672
painting_humanart_9000000000774.jpg,342,500,0.684
painting_humanart_9000000000777.jpg,330,500,0.66
painting_humanart_9000000000778.jpg,336,500,0.672
painting_humanart_9000000000780.jpg,393,500,0.786
painting_humanart_9000000000781.jpg,394,500,0.788
painting_humanart_9000000000783.jpg,410,500,0.82
painting_humanart_9000000000784.jpg,500,457,1.0940919037199124
painting_humanart_9000000000785.jpg,500,352,1.4204545454545454
painting_humanart_9000000000787.jpg,443,500,0.886
painting_humanart_9000000000788.jpg,198,500,0.396
painting_humanart_9000000000789.jpg,327,500,0.654
painting_humanart_9000000000791.jpg,412,500,0.824
painting_humanart_9000000000794.jpg,349,500,0.698
painting_humanart_9000000000795.jpg,362,500,0.724
painting_humanart_9000000000801.jpg,407,500,0.814
painting_humanart_9000000000802.jpg,370,500,0.74
painting_humanart_9000000000803.jpg,378,500,0.756
painting_humanart_9000000000806.jpg,369,500,0.738
painting_humanart_9000000000807.jpg,376,500,0.752
painting_humanart_9000000000808.jpg,345,500,0.69
painting_humanart_9000000000809.jpg,342,500,0.684
painting_humanart_9000000000810.jpg,299,500,0.598
painting_humanart_9000000000816.jpg,338,500,0.676
painting_humanart_9000000000818.jpg,361,500,0.722
painting_humanart_9000000000819.jpg,500,464,1.0775862068965518
painting_humanart_9000000000822.jpg,328,500,0.656
painting_humanart_9000000000823.jpg,358,500,0.716
painting_humanart_9000000000826.jpg,333,500,0.666
painting_humanart_9000000000827.jpg,397,500,0.794
painting_humanart_9000000000828.jpg,500,433,1.1547344110854503
painting_humanart_9000000000829.jpg,500,430,1.1627906976744187
painting_humanart_9000000000831.jpg,500,395,1.2658227848101267
painting_humanart_9000000000834.jpg,388,500,0.776
painting_humanart_9000000000837.jpg,372,500,0.744
painting_humanart_9000000000838.jpg,379,500,0.758
painting_humanart_9000000000839.jpg,383,500,0.766
painting_humanart_9000000000840.jpg,371,500,0.742
painting_humanart_9000000000842.jpg,348,500,0.696
painting_humanart_9000000000843.jpg,354,499,0.7094188376753507
painting_humanart_9000000000844.jpg,403,500,0.806
painting_humanart_9000000000845.jpg,387,500,0.774
painting_humanart_9000000000846.jpg,400,500,0.8
painting_humanart_9000000000848.jpg,370,500,0.74
painting_humanart_9000000000851.jpg,461,500,0.922
painting_humanart_9000000000852.jpg,500,378,1.3227513227513228
painting_humanart_9000000000853.jpg,500,476,1.050420168067227
painting_humanart_9000000000854.jpg,470,500,0.94
painting_humanart_9000000000856.jpg,418,500,0.836
painting_humanart_9000000000859.jpg,500,399,1.2531328320802004
painting_humanart_9000000000864.jpg,490,500,0.98
painting_humanart_9000000000867.jpg,418,500,0.836
painting_humanart_9000000000868.jpg,460,500,0.92
painting_humanart_9000000000870.jpg,362,500,0.724
painting_humanart_9000000000872.jpg,391,500,0.782
painting_humanart_9000000000878.jpg,410,500,0.82
painting_humanart_9000000000882.jpg,389,500,0.778
painting_humanart_9000000000888.jpg,419,500,0.838
painting_humanart_9000000000889.jpg,454,500,0.908
painting_humanart_9000000000890.jpg,403,500,0.806
painting_humanart_9000000000891.jpg,400,500,0.8
painting_humanart_9000000000893.jpg,391,500,0.782
painting_humanart_9000000000895.jpg,396,500,0.792
painting_humanart_9000000000896.jpg,419,500,0.838
painting_humanart_9000000000899.jpg,430,500,0.86
painting_humanart_9000000000903.jpg,415,499,0.8316633266533067
painting_humanart_9000000000904.jpg,438,500,0.876
painting_humanart_9000000000906.jpg,416,500,0.832
painting_humanart_9000000000907.jpg,384,500,0.768
painting_humanart_9000000000908.jpg,396,500,0.792
painting_humanart_9000000000909.jpg,298,500,0.596
painting_humanart_9000000000910.jpg,500,345,1.4492753623188406
painting_humanart_9000000000911.jpg,399,500,0.798
painting_humanart_9000000000912.jpg,391,500,0.782
painting_humanart_9000000000913.jpg,405,500,0.81
painting_humanart_9000000000915.jpg,346,500,0.692
painting_humanart_9000000000916.jpg,353,500,0.706
painting_humanart_9000000000923.jpg,399,500,0.798
painting_humanart_9000000000924.jpg,390,500,0.78
painting_humanart_9000000000925.jpg,283,500,0.566
painting_humanart_9000000000927.jpg,360,500,0.72
painting_humanart_9000000000929.jpg,367,500,0.734
painting_humanart_9000000000931.jpg,400,500,0.8
painting_humanart_9000000000933.jpg,494,500,0.988
painting_humanart_9000000000934.jpg,500,496,1.0080645161290323
painting_humanart_9000000000936.jpg,489,500,0.978
painting_humanart_9000000000937.jpg,500,500,1.0
painting_humanart_9000000000938.jpg,489,500,0.978
painting_humanart_9000000000939.jpg,496,500,0.992
painting_humanart_9000000000940.jpg,480,500,0.96
painting_humanart_9000000000941.jpg,279,500,0.558
painting_humanart_9000000000949.jpg,331,500,0.662
painting_humanart_9000000000953.jpg,423,500,0.846
painting_humanart_9000000000958.jpg,278,500,0.556
painting_humanart_9000000000960.jpg,273,500,0.546
painting_humanart_9000000000963.jpg,335,500,0.67
painting_humanart_9000000000969.jpg,246,500,0.492
painting_humanart_9000000000970.jpg,380,500,0.76
painting_humanart_9000000000971.jpg,400,500,0.8
painting_humanart_9000000000972.jpg,399,500,0.798
painting_humanart_9000000000973.jpg,328,500,0.656
painting_humanart_9000000000975.jpg,500,375,1.3333333333333333
painting_humanart_9000000000976.jpg,500,364,1.3736263736263736
painting_humanart_9000000000977.jpg,500,485,1.0309278350515463
painting_humanart_9000000000978.jpg,500,372,1.3440860215053763
painting_humanart_9000000000979.jpg,344,500,0.688
painting_humanart_9000000000981.jpg,423,500,0.846
painting_humanart_9000000000982.jpg,500,404,1.2376237623762376
painting_humanart_9000000000985.jpg,337,500,0.674
painting_humanart_9000000000986.jpg,500,459,1.0893246187363834
painting_humanart_9000000000988.jpg,393,500,0.786
painting_humanart_9000000000989.jpg,397,500,0.794
painting_humanart_9000000000990.jpg,278,500,0.556
painting_humanart_9000000000991.jpg,232,500,0.464
painting_humanart_9000000000992.jpg,248,500,0.496
painting_humanart_9000000000993.jpg,250,500,0.5
painting_humanart_9000000000994.jpg,370,500,0.74
painting_humanart_9000000000995.jpg,500,371,1.3477088948787062
painting_humanart_9000000000998.jpg,235,500,0.47
painting_humanart_9000000000999.jpg,243,500,0.486
painting_humanart_9000000001001.jpg,273,500,0.546
painting_humanart_9000000001002.jpg,197,500,0.394
painting_humanart_9000000001003.jpg,215,500,0.43
painting_humanart_9000000001004.jpg,198,500,0.396
painting_humanart_9000000001005.jpg,283,500,0.566
painting_humanart_9000000001007.jpg,283,500,0.566
painting_humanart_9000000001008.jpg,193,500,0.386
painting_humanart_9000000001009.jpg,261,500,0.522
painting_humanart_9000000001010.jpg,364,500,0.728
painting_humanart_9000000001011.jpg,193,500,0.386
painting_humanart_9000000001012.jpg,232,500,0.464
painting_humanart_9000000001013.jpg,341,500,0.682
painting_humanart_9000000001014.jpg,356,500,0.712
painting_humanart_9000000001016.jpg,284,500,0.568
painting_humanart_9000000001018.jpg,395,500,0.79
painting_humanart_9000000001019.jpg,202,500,0.404
painting_humanart_9000000001021.jpg,268,500,0.536
painting_humanart_9000000001023.jpg,378,500,0.756
painting_humanart_9000000001024.jpg,377,500,0.754
painting_humanart_9000000001025.jpg,338,500,0.676
painting_humanart_9000000001026.jpg,318,499,0.6372745490981964
painting_humanart_9000000001027.jpg,310,500,0.62
painting_humanart_9000000001029.jpg,289,500,0.578
painting_humanart_9000000001030.jpg,273,500,0.546
painting_humanart_9000000001031.jpg,262,500,0.524
painting_humanart_9000000001035.jpg,359,500,0.718
painting_humanart_9000000001036.jpg,293,500,0.586
painting_humanart_9000000001037.jpg,486,500,0.972
painting_humanart_9000000001038.jpg,500,435,1.1494252873563218
painting_humanart_9000000001039.jpg,500,392,1.2755102040816326
painting_humanart_9000000001040.jpg,391,500,0.782
painting_humanart_9000000001043.jpg,500,418,1.1961722488038278
painting_humanart_9000000001046.jpg,500,417,1.1990407673860912
painting_humanart_9000000001049.jpg,500,468,1.0683760683760684
painting_humanart_9000000001051.jpg,405,500,0.81
painting_humanart_9000000001052.jpg,202,500,0.404
painting_humanart_9000000001054.jpg,397,500,0.794
painting_humanart_9000000001055.jpg,237,500,0.474
painting_humanart_9000000001057.jpg,297,500,0.594
painting_humanart_9000000001062.jpg,364,500,0.728
painting_humanart_9000000001065.jpg,328,500,0.656
painting_humanart_9000000001066.jpg,330,500,0.66
painting_humanart_9000000001067.jpg,324,500,0.648
painting_humanart_9000000001069.jpg,401,500,0.802
painting_humanart_9000000001072.jpg,500,394,1.2690355329949239
painting_humanart_9000000001073.jpg,500,391,1.278772378516624
painting_humanart_9000000001075.jpg,500,393,1.272264631043257
painting_humanart_9000000001076.jpg,384,500,0.768
painting_humanart_9000000001079.jpg,500,388,1.288659793814433
painting_humanart_9000000001082.jpg,381,500,0.762
painting_humanart_9000000001084.jpg,392,500,0.784
painting_humanart_9000000001086.jpg,392,500,0.784
painting_humanart_9000000001092.jpg,500,372,1.3440860215053763
painting_humanart_9000000001094.jpg,500,392,1.2755102040816326
painting_humanart_9000000001095.jpg,185,500,0.37
painting_humanart_9000000001096.jpg,436,500,0.872
painting_humanart_9000000001099.jpg,500,201,2.487562189054726
painting_humanart_9000000001100.jpg,500,374,1.3368983957219251
painting_humanart_9000000001102.jpg,335,500,0.67
painting_humanart_9000000001104.jpg,281,500,0.562
painting_humanart_9000000001107.jpg,388,500,0.776
painting_humanart_9000000001108.jpg,335,500,0.67
painting_humanart_9000000001111.jpg,456,500,0.912
painting_humanart_9000000001112.jpg,320,500,0.64
painting_humanart_9000000001114.jpg,283,500,0.566
painting_humanart_9000000001116.jpg,412,500,0.824
painting_humanart_9000000001117.jpg,419,500,0.838
painting_humanart_9000000001118.jpg,357,500,0.714
painting_humanart_9000000001119.jpg,315,500,0.63
painting_humanart_9000000001121.jpg,399,500,0.798
painting_humanart_9000000001122.jpg,385,500,0.77
painting_humanart_9000000001124.jpg,386,500,0.772
painting_humanart_9000000001131.jpg,500,410,1.2195121951219512
painting_humanart_9000000001133.jpg,408,500,0.816
painting_humanart_9000000001134.jpg,192,500,0.384
painting_humanart_9000000001135.jpg,258,500,0.516
painting_humanart_9000000001136.jpg,254,500,0.508
painting_humanart_9000000001139.jpg,329,500,0.658
painting_humanart_9000000001140.jpg,332,500,0.664
painting_humanart_9000000001141.jpg,332,500,0.664
painting_humanart_9000000001145.jpg,323,500,0.646
painting_humanart_9000000001148.jpg,349,500,0.698
painting_humanart_9000000001150.jpg,332,500,0.664
painting_humanart_9000000001151.jpg,354,500,0.708
painting_humanart_9000000001154.jpg,368,500,0.736
painting_humanart_9000000001158.jpg,332,500,0.664
painting_humanart_9000000001159.jpg,356,500,0.712
painting_humanart_9000000001165.jpg,500,413,1.2106537530266344
painting_humanart_9000000001173.jpg,390,500,0.78
painting_humanart_9000000001174.jpg,375,500,0.75
painting_humanart_9000000001175.jpg,378,500,0.756
painting_humanart_9000000001177.jpg,336,500,0.672
painting_humanart_9000000001179.jpg,328,500,0.656
painting_humanart_9000000001181.jpg,327,500,0.654
painting_humanart_9000000001182.jpg,338,500,0.676
painting_humanart_9000000001185.jpg,330,500,0.66
painting_humanart_9000000001192.jpg,343,500,0.686
painting_humanart_9000000001194.jpg,374,500,0.748
painting_humanart_9000000001195.jpg,341,500,0.682
painting_humanart_9000000001198.jpg,294,500,0.588
painting_humanart_9000000001199.jpg,291,500,0.582
painting_humanart_9000000001200.jpg,285,500,0.57
painting_humanart_9000000001202.jpg,295,500,0.59
painting_humanart_9000000001203.jpg,218,500,0.436
painting_humanart_9000000001205.jpg,325,500,0.65
painting_humanart_9000000001206.jpg,340,500,0.68
painting_humanart_9000000001207.jpg,324,500,0.648
painting_humanart_9000000001209.jpg,333,500,0.666
painting_humanart_9000000001211.jpg,361,500,0.722
painting_humanart_9000000001212.jpg,364,500,0.728
painting_humanart_9000000001213.jpg,389,500,0.778
painting_humanart_9000000001214.jpg,384,500,0.768
painting_humanart_9000000001215.jpg,320,500,0.64
painting_humanart_9000000001220.jpg,240,500,0.48
painting_humanart_9000000001221.jpg,500,407,1.2285012285012284
painting_humanart_9000000001223.jpg,408,500,0.816
painting_humanart_9000000001226.jpg,392,500,0.784
painting_humanart_9000000001228.jpg,303,500,0.606
painting_humanart_9000000001230.jpg,395,500,0.79
painting_humanart_9000000001231.jpg,379,500,0.758
painting_humanart_9000000001232.jpg,271,500,0.542
painting_humanart_9000000001234.jpg,412,500,0.824
painting_humanart_9000000001236.jpg,334,500,0.668
painting_humanart_9000000001237.jpg,388,500,0.776
painting_humanart_9000000001239.jpg,336,500,0.672
painting_humanart_9000000001243.jpg,355,500,0.71
painting_humanart_9000000001244.jpg,313,500,0.626
painting_humanart_9000000001245.jpg,500,327,1.529051987767584
painting_humanart_9000000001246.jpg,376,500,0.752
painting_humanart_9000000001247.jpg,333,500,0.666
painting_humanart_9000000001250.jpg,500,413,1.2106537530266344
painting_humanart_9000000001254.jpg,500,398,1.256281407035176
painting_humanart_9000000001255.jpg,396,500,0.792
painting_humanart_9000000001256.jpg,500,391,1.278772378516624
painting_humanart_9000000001261.jpg,264,500,0.528
painting_humanart_9000000001263.jpg,447,500,0.894
painting_humanart_9000000001264.jpg,379,500,0.758
painting_humanart_9000000001268.jpg,225,500,0.45
painting_humanart_9000000001270.jpg,217,500,0.434
painting_humanart_9000000001271.jpg,412,500,0.824
painting_humanart_9000000001274.jpg,454,500,0.908
painting_humanart_9000000001277.jpg,500,498,1.0040160642570282
painting_humanart_9000000001278.jpg,159,500,0.318
painting_humanart_9000000001279.jpg,457,500,0.914
painting_humanart_9000000001281.jpg,351,500,0.702
painting_humanart_9000000001286.jpg,500,362,1.3812154696132597
painting_humanart_9000000001287.jpg,397,500,0.794
painting_humanart_9000000001291.jpg,399,500,0.798
painting_humanart_9000000001292.jpg,500,370,1.3513513513513513
painting_humanart_9000000001293.jpg,337,500,0.674
painting_humanart_9000000001301.jpg,348,500,0.696
painting_humanart_9000000001302.jpg,346,500,0.692
painting_humanart_9000000001307.jpg,350,500,0.7
painting_humanart_9000000001314.jpg,375,500,0.75
painting_humanart_9000000001316.jpg,304,500,0.608
painting_humanart_9000000001317.jpg,306,500,0.612
painting_humanart_9000000001322.jpg,284,500,0.568
painting_humanart_9000000001326.jpg,315,500,0.63
painting_humanart_9000000001331.jpg,451,500,0.902
painting_humanart_9000000001332.jpg,500,497,1.0060362173038229
painting_humanart_9000000001333.jpg,272,500,0.544
painting_humanart_9000000001335.jpg,383,500,0.766
painting_humanart_9000000001336.jpg,400,500,0.8
painting_humanart_9000000001337.jpg,332,500,0.664
painting_humanart_9000000001338.jpg,355,500,0.71
painting_humanart_9000000001340.jpg,1393,4854,0.2869798104655954
painting_humanart_9000000001341.jpg,799,926,0.8628509719222462
painting_humanart_9000000001342.jpg,2500,2488,1.004823151125402
painting_humanart_9000000001343.jpg,2500,1664,1.5024038461538463
painting_humanart_9000000001344.jpg,2976,3968,0.75
painting_humanart_9000000001346.jpg,1469,1579,0.9303356554781508
painting_humanart_9000000001348.jpg,3146,4713,0.6675153829832379
painting_humanart_9000000001350.jpg,1576,2362,0.6672311600338696
painting_humanart_9000000001351.jpg,2482,2318,1.0707506471095771
painting_humanart_9000000001352.jpg,2265,4293,0.527603074772886
painting_humanart_9000000001353.jpg,2831,6027,0.46971959515513523
painting_humanart_9000000001355.jpg,573,1000,0.573
painting_humanart_9000000001357.jpg,2500,1681,1.48720999405116
painting_humanart_9000000001358.jpg,2500,3500,0.7142857142857143
painting_humanart_9000000001362.jpg,2500,2500,1.0
painting_humanart_9000000001363.jpg,2500,2200,1.1363636363636365
painting_humanart_9000000001365.jpg,2500,2500,1.0
painting_humanart_9000000001368.jpg,2976,3968,0.75
painting_humanart_9000000001369.jpg,2976,3968,0.75
painting_humanart_9000000001370.jpg,2976,3968,0.75
painting_humanart_9000000001371.jpg,2976,3968,0.75
painting_humanart_9000000001372.jpg,844,1000,0.844
painting_humanart_9000000001373.jpg,626,1000,0.626
painting_humanart_9000000001375.jpg,1542,2806,0.5495367070563079
painting_humanart_9000000001376.jpg,1885,4079,0.46212306937974995
painting_humanart_9000000001380.jpg,368,1000,0.368
painting_humanart_9000000001383.jpg,2500,4300,0.5813953488372093
painting_humanart_9000000001384.jpg,2500,2500,1.0
painting_humanart_9000000001388.jpg,340,1000,0.34
painting_humanart_9000000001389.jpg,608,1000,0.608
painting_humanart_9000000001391.jpg,537,1000,0.537
painting_humanart_9000000001395.jpg,885,1000,0.885
painting_humanart_9000000001396.jpg,872,1000,0.872
painting_humanart_9000000001397.jpg,984,1000,0.984
painting_humanart_9000000001399.jpg,696,800,0.87
painting_humanart_9000000001401.jpg,374,1000,0.374
painting_humanart_9000000001404.jpg,2658,5384,0.4936849925705795
painting_humanart_9000000001405.jpg,1000,924,1.0822510822510822
painting_humanart_9000000001406.jpg,1000,940,1.0638297872340425
painting_humanart_9000000001407.jpg,455,1000,0.455
painting_humanart_9000000001408.jpg,405,1000,0.405
painting_humanart_9000000001410.jpg,434,1000,0.434
painting_humanart_9000000001412.jpg,541,1000,0.541
painting_humanart_9000000001413.jpg,539,1000,0.539
painting_humanart_9000000001414.jpg,551,1000,0.551
painting_humanart_9000000001415.jpg,755,1000,0.755
painting_humanart_9000000001416.jpg,468,768,0.609375
painting_humanart_9000000001420.jpg,651,1000,0.651
painting_humanart_9000000001425.jpg,672,1000,0.672
painting_humanart_9000000001427.jpg,630,1000,0.63
painting_humanart_9000000001428.jpg,396,1000,0.396
painting_humanart_9000000001429.jpg,982,1000,0.982
painting_humanart_9000000001431.jpg,340,1000,0.34
painting_humanart_9000000001432.jpg,1276,1693,0.7536916715888955
painting_humanart_9000000001433.jpg,566,1000,0.566
painting_humanart_9000000001434.jpg,553,1000,0.553
painting_humanart_9000000001435.jpg,539,1000,0.539
painting_humanart_9000000001436.jpg,389,1000,0.389
painting_humanart_9000000001437.jpg,663,1000,0.663
painting_humanart_9000000001440.jpg,599,1453,0.4122505161734343
painting_humanart_9000000001444.jpg,865,1000,0.865
painting_humanart_9000000001446.jpg,592,1000,0.592
painting_humanart_9000000001450.jpg,671,1000,0.671
painting_humanart_9000000001452.jpg,761,1000,0.761
painting_humanart_9000000001453.jpg,910,1000,0.91
painting_humanart_9000000001454.jpg,613,1000,0.613
painting_humanart_9000000001455.jpg,517,1000,0.517
painting_humanart_9000000001456.jpg,934,1000,0.934
painting_humanart_9000000001459.jpg,183,768,0.23828125
painting_humanart_9000000001460.jpg,587,1000,0.587
painting_humanart_9000000001461.jpg,298,1000,0.298
painting_humanart_9000000001462.jpg,525,1000,0.525
painting_humanart_9000000001463.jpg,360,1000,0.36
painting_humanart_9000000001464.jpg,436,1000,0.436
painting_humanart_9000000001465.jpg,704,1000,0.704
painting_humanart_9000000001466.jpg,1000,476,2.100840336134454
painting_humanart_9000000001468.jpg,818,1000,0.818
painting_humanart_9000000001469.jpg,411,1000,0.411
painting_humanart_9000000001471.jpg,1000,779,1.2836970474967908
painting_humanart_9000000001472.jpg,590,1000,0.59
painting_humanart_9000000001473.jpg,529,1000,0.529
painting_humanart_9000000001478.jpg,434,1000,0.434
painting_humanart_9000000001481.jpg,965,1000,0.965
painting_humanart_9000000001482.jpg,1000,850,1.1764705882352942
painting_humanart_9000000001485.jpg,369,768,0.48046875
painting_humanart_9000000001486.jpg,1000,3295,0.30349013657056145
painting_humanart_9000000001487.jpg,1550,2494,0.6214915797914996
painting_humanart_9000000001491.jpg,409,1000,0.409
painting_humanart_9000000001493.jpg,432,1000,0.432
painting_humanart_9000000001496.jpg,361,1000,0.361
painting_humanart_9000000001497.jpg,387,1000,0.387
painting_humanart_9000000001498.jpg,521,1000,0.521
painting_humanart_9000000001499.jpg,360,1000,0.36
painting_humanart_9000000001500.jpg,993,1000,0.993
painting_humanart_9000000001502.jpg,1000,857,1.1668611435239207
painting_humanart_9000000001503.jpg,837,1000,0.837
painting_humanart_9000000001506.jpg,625,1000,0.625
painting_humanart_9000000001507.jpg,812,1000,0.812
painting_humanart_9000000001508.jpg,472,768,0.6145833333333334
painting_humanart_9000000001511.jpg,828,1000,0.828
painting_humanart_9000000001512.jpg,2490,4000,0.6225
painting_humanart_9000000001513.jpg,462,800,0.5775
painting_humanart_9000000001514.jpg,614,1000,0.614
painting_humanart_9000000001517.jpg,225,1000,0.225
painting_humanart_9000000001518.jpg,420,1000,0.42
painting_humanart_9000000001521.jpg,475,1000,0.475
painting_humanart_9000000001524.jpg,480,1000,0.48
painting_humanart_9000000001525.jpg,1000,706,1.4164305949008498
painting_humanart_9000000001526.jpg,513,1000,0.513
painting_humanart_9000000001529.jpg,363,768,0.47265625
painting_humanart_9000000001531.jpg,667,1000,0.667
painting_humanart_9000000001533.jpg,457,1000,0.457
painting_humanart_9000000001537.jpg,633,1000,0.633
painting_humanart_9000000001539.jpg,580,1000,0.58
painting_humanart_9000000001540.jpg,635,1000,0.635
painting_humanart_9000000001542.jpg,778,1000,0.778
painting_humanart_9000000001545.jpg,553,1000,0.553
painting_humanart_9000000001546.jpg,226,1000,0.226
painting_humanart_9000000001548.jpg,179,1000,0.179
painting_humanart_9000000001551.jpg,582,1000,0.582
painting_humanart_9000000001552.jpg,294,1000,0.294
painting_humanart_9000000001553.jpg,284,1000,0.284
painting_humanart_9000000001554.jpg,357,640,0.5578125
painting_humanart_9000000001555.jpg,373,768,0.4856770833333333
painting_humanart_9000000001557.jpg,1996,3698,0.539751216873986
painting_humanart_9000000001558.jpg,759,1000,0.759
painting_humanart_9000000001560.jpg,276,1000,0.276
painting_humanart_9000000001561.jpg,285,1000,0.285
painting_humanart_9000000001562.jpg,278,1000,0.278
painting_humanart_9000000001564.jpg,674,1000,0.674
painting_humanart_9000000001566.jpg,369,1000,0.369
painting_humanart_9000000001569.jpg,469,1000,0.469
painting_humanart_9000000001570.jpg,1000,803,1.2453300124533002
painting_humanart_9000000001573.jpg,717,1000,0.717
painting_humanart_9000000001574.jpg,699,1000,0.699
painting_humanart_9000000001575.jpg,442,1000,0.442
painting_humanart_9000000001576.jpg,308,1000,0.308
painting_humanart_9000000001577.jpg,538,1000,0.538
painting_humanart_9000000001579.jpg,649,1000,0.649
painting_humanart_9000000001580.jpg,1215,1620,0.75
painting_humanart_9000000001581.jpg,1394,2961,0.4707868963188112
painting_humanart_9000000001583.jpg,4097,3008,1.362034574468085
painting_humanart_9000000001586.jpg,288,1000,0.288
painting_humanart_9000000001587.jpg,725,1000,0.725
painting_humanart_9000000001588.jpg,678,1000,0.678
painting_humanart_9000000001591.jpg,750,1000,0.75
painting_humanart_9000000001592.jpg,1000,937,1.0672358591248665
painting_humanart_9000000001593.jpg,257,1000,0.257
painting_humanart_9000000001598.jpg,590,1000,0.59
painting_humanart_9000000001599.jpg,545,1000,0.545
painting_humanart_9000000001601.jpg,300,1000,0.3
painting_humanart_9000000001603.jpg,598,1000,0.598
painting_humanart_9000000001605.jpg,1370,2064,0.6637596899224806
painting_humanart_9000000001607.jpg,470,1000,0.47
painting_humanart_9000000001613.jpg,953,1000,0.953
painting_humanart_9000000001614.jpg,1000,925,1.0810810810810811
painting_humanart_9000000001615.jpg,470,1000,0.47
painting_humanart_9000000001616.jpg,418,1000,0.418
painting_humanart_9000000001619.jpg,1000,1000,1.0
painting_humanart_9000000001620.jpg,756,1000,0.756
painting_humanart_9000000001622.jpg,744,1000,0.744
painting_humanart_9000000001623.jpg,255,1000,0.255
painting_humanart_9000000001624.jpg,914,1000,0.914
painting_humanart_9000000001625.jpg,815,1000,0.815
painting_humanart_9000000001627.jpg,1000,940,1.0638297872340425
painting_humanart_9000000001629.jpg,401,1000,0.401
painting_humanart_9000000001630.jpg,332,1000,0.332
painting_humanart_9000000001632.jpg,419,1000,0.419
painting_humanart_9000000001634.jpg,580,1000,0.58
painting_humanart_9000000001635.jpg,540,1000,0.54
painting_humanart_9000000001636.jpg,3016,4928,0.612012987012987
painting_humanart_9000000001639.jpg,539,1000,0.539
painting_humanart_9000000001640.jpg,614,1000,0.614
painting_humanart_9000000001645.jpg,701,1000,0.701
painting_humanart_9000000001646.jpg,555,1000,0.555
painting_humanart_9000000001648.jpg,2036,4626,0.4401210549070471
painting_humanart_9000000001649.jpg,1731,2822,0.6133947554925585
painting_humanart_9000000001650.jpg,427,640,0.6671875
painting_humanart_9000000001652.jpg,362,1000,0.362
painting_humanart_9000000001654.jpg,1000,908,1.1013215859030836
painting_humanart_9000000001657.jpg,616,1000,0.616
painting_humanart_9000000001658.jpg,367,1000,0.367
painting_humanart_9000000001660.jpg,848,1000,0.848
painting_humanart_9000000001661.jpg,500,1000,0.5
painting_humanart_9000000001664.jpg,1218,3800,0.32052631578947366
painting_humanart_9000000001669.jpg,514,1000,0.514
painting_humanart_9000000001671.jpg,2164,1384,1.5635838150289016
painting_humanart_9000000001674.jpg,1632,3401,0.4798588650396942
painting_humanart_9000000001676.jpg,2421,3409,0.7101789381050161
painting_humanart_9000000001677.jpg,2500,5000,0.5
painting_humanart_9000000001678.jpg,1098,3800,0.2889473684210526
painting_humanart_9000000001680.jpg,2500,4000,0.625
painting_humanart_9000000001681.jpg,2500,3000,0.8333333333333334
painting_humanart_9000000001682.jpg,1971,1971,1.0
painting_humanart_9000000001683.jpg,912,1000,0.912
painting_humanart_9000000001684.jpg,2241,3137,0.7143767931144406
painting_humanart_9000000001686.jpg,3888,5184,0.75
painting_humanart_9000000001692.jpg,680,1024,0.6640625
painting_humanart_9000000001693.jpg,680,1024,0.6640625
painting_humanart_9000000001694.jpg,680,1024,0.6640625
painting_humanart_9000000001695.jpg,680,1024,0.6640625
painting_humanart_9000000001696.jpg,680,1024,0.6640625
painting_humanart_9000000001699.jpg,533,800,0.66625
painting_humanart_9000000001702.jpg,481,1000,0.481
painting_humanart_9000000001703.jpg,456,1000,0.456
painting_humanart_9000000001705.jpg,611,1000,0.611
painting_humanart_9000000001708.jpg,2500,6400,0.390625
painting_humanart_9000000001710.jpg,1408,2306,0.6105810928013877
painting_humanart_9000000001712.jpg,2256,1496,1.5080213903743316
painting_humanart_9000000001718.jpg,641,1000,0.641
painting_humanart_9000000001721.jpg,707,1000,0.707
painting_humanart_9000000001722.jpg,740,1000,0.74
painting_humanart_9000000001724.jpg,536,1000,0.536
painting_humanart_9000000001725.jpg,633,1000,0.633
painting_humanart_9000000001726.jpg,3148,3339,0.9427972446840371
painting_humanart_9000000001727.jpg,640,747,0.856760374832664
painting_humanart_9000000001729.jpg,640,831,0.7701564380264742
painting_humanart_9000000001731.jpg,2256,1496,1.5080213903743316
painting_humanart_9000000001732.jpg,1725,4210,0.40973871733966744
painting_humanart_9000000001735.jpg,1000,893,1.1198208286674132
painting_humanart_9000000001736.jpg,438,774,0.5658914728682171
painting_humanart_9000000001737.jpg,154,1000,0.154
painting_humanart_9000000001738.jpg,759,1000,0.759
painting_humanart_9000000001741.jpg,475,1000,0.475
painting_humanart_9000000001745.jpg,499,1000,0.499
painting_humanart_9000000001746.jpg,360,1000,0.36
painting_humanart_9000000001748.jpg,212,768,0.2760416666666667
painting_humanart_9000000001752.jpg,763,1000,0.763
painting_humanart_9000000001753.jpg,800,694,1.1527377521613833
painting_humanart_9000000001755.jpg,640,1298,0.4930662557781202
painting_humanart_9000000001756.jpg,1203,1604,0.75
painting_humanart_9000000001762.jpg,436,768,0.5677083333333334
painting_humanart_9000000001763.jpg,345,1000,0.345
painting_humanart_9000000001766.jpg,354,600,0.59
painting_humanart_9000000001768.jpg,1000,971,1.0298661174047374
painting_humanart_9000000001769.jpg,541,1000,0.541
painting_humanart_9000000001770.jpg,677,1000,0.677
painting_humanart_9000000001771.jpg,1000,922,1.0845986984815619
painting_humanart_9000000001772.jpg,607,1000,0.607
painting_humanart_9000000001773.jpg,642,1000,0.642
painting_humanart_9000000001774.jpg,544,1000,0.544
painting_humanart_9000000001775.jpg,329,1000,0.329
painting_humanart_9000000001776.jpg,1000,707,1.4144271570014144
painting_humanart_9000000001777.jpg,531,1000,0.531
painting_humanart_9000000001779.jpg,1000,868,1.152073732718894
painting_humanart_9000000001780.jpg,462,1000,0.462
painting_humanart_9000000001783.jpg,433,1000,0.433
painting_humanart_9000000001784.jpg,474,1000,0.474
painting_humanart_9000000001788.jpg,3801,5067,0.7501480165778567
painting_humanart_9000000001790.jpg,667,1000,0.667
painting_humanart_9000000001793.jpg,193,768,0.2513020833333333
painting_humanart_9000000001798.jpg,416,768,0.5416666666666666
painting_humanart_9000000001802.jpg,521,1000,0.521
painting_humanart_9000000001806.jpg,187,1000,0.187
painting_humanart_9000000001810.jpg,718,1000,0.718
painting_humanart_9000000001811.jpg,356,1000,0.356
painting_humanart_9000000001813.jpg,583,1000,0.583
painting_humanart_9000000001814.jpg,669,1000,0.669
painting_humanart_9000000001815.jpg,498,1000,0.498
painting_humanart_9000000001816.jpg,235,1000,0.235
painting_humanart_9000000001817.jpg,504,1000,0.504
painting_humanart_9000000001825.jpg,2658,3210,0.8280373831775701
painting_humanart_9000000001830.jpg,946,1000,0.946
painting_humanart_9000000001832.jpg,778,1000,0.778
painting_humanart_9000000001833.jpg,676,1000,0.676
painting_humanart_9000000001840.jpg,791,1000,0.791
painting_humanart_9000000001841.jpg,714,1024,0.697265625
painting_humanart_9000000001842.jpg,490,768,0.6380208333333334
painting_humanart_9000000001844.jpg,518,1000,0.518
painting_humanart_9000000001845.jpg,1932,2096,0.9217557251908397
painting_humanart_9000000001846.jpg,672,1000,0.672
painting_humanart_9000000001848.jpg,892,1000,0.892
painting_humanart_9000000001849.jpg,640,1499,0.4269513008672448
painting_humanart_9000000001852.jpg,387,600,0.645
painting_humanart_9000000001853.jpg,1000,760,1.3157894736842106
painting_humanart_9000000001854.jpg,1000,858,1.1655011655011656
painting_humanart_9000000001855.jpg,1000,842,1.187648456057007
painting_humanart_9000000001858.jpg,1000,2459,0.406669377795852
painting_humanart_9000000001859.jpg,828,1000,0.828
painting_humanart_9000000001862.jpg,622,1000,0.622
painting_humanart_9000000001863.jpg,159,768,0.20703125
painting_humanart_9000000001864.jpg,467,768,0.6080729166666666
painting_humanart_9000000001871.jpg,2221,1035,2.145893719806763
painting_humanart_9000000001872.jpg,480,640,0.75
painting_humanart_9000000001873.jpg,405,640,0.6328125
painting_humanart_9000000001878.jpg,509,1000,0.509
painting_humanart_9000000001879.jpg,561,1000,0.561
painting_humanart_9000000001881.jpg,487,1000,0.487
painting_humanart_9000000001886.jpg,718,1000,0.718
painting_humanart_9000000001887.jpg,606,1000,0.606
painting_humanart_9000000001888.jpg,789,1000,0.789
painting_humanart_9000000001889.jpg,705,1000,0.705
painting_humanart_9000000001891.jpg,419,768,0.5455729166666666
painting_humanart_9000000001893.jpg,553,1000,0.553
painting_humanart_9000000001894.jpg,466,1000,0.466
painting_humanart_9000000001895.jpg,1000,549,1.8214936247723132
painting_humanart_9000000001896.jpg,603,1387,0.43475126171593365
painting_humanart_9000000001898.jpg,178,640,0.278125
painting_humanart_9000000001899.jpg,178,640,0.278125
painting_humanart_9000000001903.jpg,762,1000,0.762
painting_humanart_9000000001905.jpg,594,768,0.7734375
painting_humanart_9000000001908.jpg,383,1000,0.383
painting_humanart_9000000001909.jpg,666,1063,0.6265286923800565
painting_humanart_9000000001911.jpg,920,1000,0.92
painting_humanart_9000000001913.jpg,578,768,0.7526041666666666
painting_humanart_9000000001914.jpg,532,1000,0.532
painting_humanart_9000000001915.jpg,532,1000,0.532
painting_humanart_9000000001918.jpg,209,640,0.3265625
painting_humanart_9000000001920.jpg,460,1000,0.46
painting_humanart_9000000001922.jpg,480,640,0.75
painting_humanart_9000000001923.jpg,704,1000,0.704
painting_humanart_9000000001924.jpg,3246,3246,1.0
painting_humanart_9000000001926.jpg,3936,4000,0.984
painting_humanart_9000000001928.jpg,631,1000,0.631
painting_humanart_9000000001929.jpg,837,1000,0.837
painting_humanart_9000000001930.jpg,745,768,0.9700520833333334
painting_humanart_9000000001932.jpg,456,1000,0.456
painting_humanart_9000000001934.jpg,423,1000,0.423
painting_humanart_9000000001935.jpg,402,1000,0.402
painting_humanart_9000000001936.jpg,577,804,0.7176616915422885
painting_humanart_9000000001938.jpg,473,837,0.5651135005973715
painting_humanart_9000000001939.jpg,640,480,1.3333333333333333
painting_humanart_9000000001942.jpg,698,1000,0.698
painting_humanart_9000000001943.jpg,461,640,0.7203125
painting_humanart_9000000001944.jpg,382,1000,0.382
painting_humanart_9000000001945.jpg,412,1000,0.412
painting_humanart_9000000001947.jpg,467,640,0.7296875
painting_humanart_9000000001948.jpg,683,1000,0.683
painting_humanart_9000000001950.jpg,523,1000,0.523
painting_humanart_9000000001951.jpg,472,828,0.5700483091787439
painting_humanart_9000000001954.jpg,753,1000,0.753
painting_humanart_9000000001955.jpg,700,559,1.2522361359570662
painting_humanart_9000000001958.jpg,675,1000,0.675
painting_humanart_9000000001960.jpg,184,768,0.23958333333333334
painting_humanart_9000000001963.jpg,480,640,0.75
painting_humanart_9000000001964.jpg,793,1000,0.793
painting_humanart_9000000001969.jpg,275,768,0.3580729166666667
painting_humanart_9000000001970.jpg,614,768,0.7994791666666666
painting_humanart_9000000001972.jpg,555,823,0.6743620899149453
painting_humanart_9000000001975.jpg,567,1000,0.567
painting_humanart_9000000001976.jpg,552,1000,0.552
painting_humanart_9000000001977.jpg,570,1000,0.57
painting_humanart_9000000001978.jpg,751,700,1.072857142857143
painting_humanart_9000000001981.jpg,682,1024,0.666015625
painting_humanart_9000000001982.jpg,682,1024,0.666015625
painting_humanart_9000000001984.jpg,539,1000,0.539
painting_humanart_9000000001985.jpg,712,1000,0.712
painting_humanart_9000000001986.jpg,864,1000,0.864
painting_humanart_9000000001987.jpg,562,1000,0.562
painting_humanart_9000000001989.jpg,161,1000,0.161
painting_humanart_9000000001990.jpg,549,1000,0.549
painting_humanart_9000000001991.jpg,700,684,1.023391812865497
painting_humanart_9000000001992.jpg,605,1000,0.605
painting_humanart_9000000001994.jpg,334,853,0.39155920281359907
painting_humanart_9000000001996.jpg,1684,2799,0.601643444087174
painting_humanart_9000000001997.jpg,953,834,1.1426858513189448
painting_humanart_9000000002000.jpg,409,1000,0.409
painting_humanart_9000000002001.jpg,387,1000,0.387
painting_humanart_9000000002002.jpg,154,1000,0.154
painting_humanart_9000000002004.jpg,432,1000,0.432
painting_humanart_9000000002005.jpg,630,1000,0.63
painting_humanart_9000000002006.jpg,286,1000,0.286
painting_humanart_9000000002007.jpg,1000,780,1.2820512820512822
painting_humanart_9000000002009.jpg,442,1000,0.442
painting_humanart_9000000002011.jpg,2565,3846,0.6669266770670826
painting_humanart_9000000002012.jpg,2924,4384,0.666970802919708
painting_humanart_9000000002013.jpg,2917,4374,0.6668952903520805
painting_humanart_9000000002014.jpg,1480,4320,0.3425925925925926
painting_humanart_9000000002015.jpg,533,800,0.66625
painting_humanart_9000000002018.jpg,2600,8000,0.325
painting_humanart_9000000002020.jpg,3848,5120,0.7515625
painting_humanart_9000000002022.jpg,3408,5056,0.6740506329113924
painting_humanart_9000000002023.jpg,3440,2963,1.160985487681404
painting_humanart_9000000002024.jpg,460,1000,0.46
painting_humanart_9000000002026.jpg,480,640,0.75
painting_humanart_9000000002027.jpg,1000,577,1.733102253032929
painting_humanart_9000000002031.jpg,2200,4140,0.5314009661835749
painting_humanart_9000000002032.jpg,763,1024,0.7451171875
painting_humanart_9000000002033.jpg,367,1000,0.367
painting_humanart_9000000002034.jpg,1328,3076,0.4317295188556567
painting_humanart_9000000002046.jpg,979,3365,0.2909361069836553
painting_humanart_9000000002047.jpg,641,1000,0.641
painting_humanart_9000000002049.jpg,400,600,0.6666666666666666
painting_humanart_9000000002050.jpg,386,593,0.6509274873524452
painting_humanart_9000000002052.jpg,1518,3774,0.40222575516693165
painting_humanart_9000000002053.jpg,3888,5184,0.75
painting_humanart_9000000002054.jpg,2500,2500,1.0
painting_humanart_9000000002056.jpg,1345,2665,0.5046904315196998
painting_humanart_9000000002057.jpg,1953,3488,0.5599197247706422
painting_humanart_9000000002061.jpg,1840,3318,0.5545509342977697
painting_humanart_9000000002062.jpg,288,1000,0.288
painting_humanart_9000000002064.jpg,1536,3324,0.4620938628158845
painting_humanart_9000000002065.jpg,2005,4437,0.4518819021861618
painting_humanart_9000000002067.jpg,3608,2706,1.3333333333333333
painting_humanart_9000000002073.jpg,2097,2276,0.921353251318102
painting_humanart_9000000002074.jpg,3648,2736,1.3333333333333333
painting_humanart_9000000002076.jpg,680,1024,0.6640625
painting_humanart_9000000002079.jpg,1669,3033,0.5502802505769865
painting_humanart_9000000002080.jpg,1945,3577,0.5437517472742521
painting_humanart_9000000002081.jpg,2179,4029,0.5408289898237776
painting_humanart_9000000002082.jpg,1000,1852,0.5399568034557235
painting_humanart_9000000002083.jpg,2976,3968,0.75
painting_humanart_9000000002084.jpg,680,1024,0.6640625
painting_humanart_9000000002088.jpg,533,800,0.66625
painting_humanart_9000000002092.jpg,680,1024,0.6640625
painting_humanart_9000000002093.jpg,1525,2880,0.5295138888888888
painting_humanart_9000000002094.jpg,1789,3321,0.5386931647094249
painting_humanart_9000000002095.jpg,400,600,0.6666666666666666
painting_humanart_9000000002098.jpg,1428,2152,0.6635687732342007
painting_humanart_9000000002100.jpg,1008,1000,1.008
painting_humanart_9000000002101.jpg,2778,2717,1.0224512329775488
painting_humanart_9000000002103.jpg,2510,5184,0.4841820987654321
painting_humanart_9000000002105.jpg,2985,3981,0.7498116051243406
painting_humanart_9000000002106.jpg,161,240,0.6708333333333333
painting_humanart_9000000002107.jpg,712,799,0.8911138923654568
painting_humanart_9000000002109.jpg,680,1024,0.6640625
painting_humanart_9000000002110.jpg,680,1024,0.6640625
painting_humanart_9000000002114.jpg,1763,2844,0.619901547116737
painting_humanart_9000000002115.jpg,680,1024,0.6640625
painting_humanart_9000000002116.jpg,680,1024,0.6640625
painting_humanart_9000000002119.jpg,1024,680,1.5058823529411764
painting_humanart_9000000002121.jpg,1750,1724,1.0150812064965198
painting_humanart_9000000002125.jpg,1427,2385,0.5983228511530398
painting_humanart_9000000002127.jpg,2429,3036,0.8000658761528326
painting_humanart_9000000002129.jpg,1051,2226,0.4721473495058401
painting_humanart_9000000002131.jpg,680,1024,0.6640625
painting_humanart_9000000002133.jpg,680,1024,0.6640625
painting_humanart_9000000002136.jpg,1000,777,1.287001287001287
painting_humanart_9000000002143.jpg,1989,3491,0.5697507877399026
painting_humanart_9000000002148.jpg,266,1000,0.266
painting_humanart_9000000002149.jpg,741,1000,0.741
painting_humanart_9000000002151.jpg,2136,3222,0.6629422718808193
painting_humanart_9000000002152.jpg,1024,680,1.5058823529411764
painting_humanart_9000000002153.jpg,359,1000,0.359
painting_humanart_9000000002156.jpg,463,745,0.6214765100671141
painting_humanart_9000000002158.jpg,750,1000,0.75
painting_humanart_9000000002166.jpg,1000,942,1.0615711252653928
painting_humanart_9000000002167.jpg,832,1328,0.6265060240963856
painting_humanart_9000000002168.jpg,439,1167,0.37617823479005996
painting_humanart_9000000002169.jpg,467,1184,0.39442567567567566
painting_humanart_9000000002171.jpg,894,1000,0.894
painting_humanart_9000000002173.jpg,1753,2820,0.6216312056737588
painting_humanart_9000000002175.jpg,2364,4508,0.5244010647737356
painting_humanart_9000000002183.jpg,750,1000,0.75
painting_humanart_9000000002184.jpg,2659,3330,0.7984984984984985
painting_humanart_9000000002185.jpg,254,1000,0.254
painting_humanart_9000000002186.jpg,405,1000,0.405
painting_humanart_9000000002188.jpg,481,640,0.7515625
painting_humanart_9000000002189.jpg,680,1024,0.6640625
painting_humanart_9000000002190.jpg,680,1024,0.6640625
painting_humanart_9000000002191.jpg,5033,3790,1.3279683377308706
painting_humanart_9000000002201.jpg,369,640,0.5765625
painting_humanart_9000000002202.jpg,680,1024,0.6640625
painting_humanart_9000000002205.jpg,2520,3776,0.6673728813559322
painting_humanart_9000000002212.jpg,2520,3776,0.6673728813559322
painting_humanart_9000000002215.jpg,2739,3682,0.7438891906572515
painting_humanart_9000000002216.jpg,1840,3432,0.5361305361305362
painting_humanart_9000000002221.jpg,2520,3776,0.6673728813559322
painting_humanart_9000000002222.jpg,2828,2304,1.2274305555555556
painting_humanart_9000000002223.jpg,1725,3195,0.539906103286385
painting_humanart_9000000002227.jpg,454,1000,0.454
painting_humanart_9000000002235.jpg,478,1000,0.478
painting_humanart_9000000002236.jpg,598,1000,0.598
painting_humanart_9000000002237.jpg,751,1000,0.751
painting_humanart_9000000002238.jpg,590,1000,0.59
painting_humanart_9000000002240.jpg,1670,3000,0.5566666666666666
painting_humanart_9000000002241.jpg,600,450,1.3333333333333333
painting_humanart_9000000002242.jpg,480,640,0.75
painting_humanart_9000000002245.jpg,2160,3968,0.5443548387096774
painting_humanart_9000000002246.jpg,2152,3560,0.604494382022472
painting_humanart_9000000002247.jpg,2659,3323,0.8001805597351791
painting_humanart_9000000002248.jpg,2017,3587,0.5623083356565375
painting_humanart_9000000002249.jpg,3024,4032,0.75
painting_humanart_9000000002251.jpg,321,1000,0.321
painting_humanart_9000000002252.jpg,525,826,0.635593220338983
painting_humanart_9000000002253.jpg,1200,1154,1.0398613518197575
painting_humanart_9000000002259.jpg,1762,2997,0.5879212545879212
painting_humanart_9000000002263.jpg,480,640,0.75
painting_humanart_9000000002264.jpg,1536,3672,0.41830065359477125
painting_humanart_9000000002266.jpg,2080,3128,0.6649616368286445
painting_humanart_9000000002267.jpg,3024,4032,0.75
painting_humanart_9000000002269.jpg,2878,3624,0.7941501103752759
painting_humanart_9000000002270.jpg,2495,2041,1.2224399804017638
painting_humanart_9000000002272.jpg,3215,2913,1.1036731891520768
painting_humanart_9000000002273.jpg,1728,2304,0.75
painting_humanart_9000000002274.jpg,600,800,0.75
painting_humanart_9000000002276.jpg,527,1000,0.527
painting_humanart_9000000002279.jpg,1931,4000,0.48275
painting_humanart_9000000002281.jpg,480,640,0.75
painting_humanart_9000000002283.jpg,2294,3442,0.6664729808251016
painting_humanart_9000000002289.jpg,1688,3216,0.5248756218905473
painting_humanart_9000000002290.jpg,2448,3264,0.75
painting_humanart_9000000002292.jpg,2457,2590,0.9486486486486486
painting_humanart_9000000002293.jpg,431,1000,0.431
painting_humanart_9000000002294.jpg,444,1000,0.444
painting_humanart_9000000002295.jpg,656,1307,0.5019127773527161
painting_humanart_9000000002296.jpg,1024,1536,0.6666666666666666
painting_humanart_9000000002297.jpg,163,640,0.2546875
painting_humanart_9000000002298.jpg,458,506,0.9051383399209486
painting_humanart_9000000002299.jpg,1412,1626,0.8683886838868389
painting_humanart_9000000002300.jpg,2520,3776,0.6673728813559322
painting_humanart_9000000002301.jpg,767,1000,0.767
painting_humanart_9000000002303.jpg,1664,1834,0.9073064340239912
painting_humanart_9000000002304.jpg,516,637,0.8100470957613815
painting_humanart_9000000002310.jpg,480,640,0.75
painting_humanart_9000000002317.jpg,675,900,0.75
painting_humanart_9000000002320.jpg,2411,3870,0.6229974160206718
painting_humanart_9000000002321.jpg,1200,850,1.411764705882353
painting_humanart_9000000002322.jpg,2592,3888,0.6666666666666666
painting_humanart_9000000002325.jpg,480,640,0.75
painting_humanart_9000000002326.jpg,1852,2156,0.8589981447124304
painting_humanart_9000000002327.jpg,480,640,0.75
painting_humanart_9000000002332.jpg,3801,5067,0.7501480165778567
painting_humanart_9000000002334.jpg,1879,3024,0.6213624338624338
painting_humanart_9000000002336.jpg,368,640,0.575
painting_humanart_9000000002338.jpg,1367,1637,0.8350641417226634
painting_humanart_9000000002339.jpg,2592,3888,0.6666666666666666
painting_humanart_9000000002341.jpg,3667,5500,0.6667272727272727
painting_humanart_9000000002342.jpg,1620,2450,0.6612244897959184
painting_humanart_9000000002344.jpg,1893,1984,0.954133064516129
painting_humanart_9000000002345.jpg,2036,3190,0.6382445141065831
painting_humanart_9000000002348.jpg,1321,3454,0.38245512449334107
painting_humanart_9000000002350.jpg,480,640,0.75
painting_humanart_9000000002351.jpg,2785,3959,0.7034604698156101
painting_humanart_9000000002352.jpg,1745,2181,0.8000917010545622
painting_humanart_9000000002359.jpg,431,640,0.6734375
painting_humanart_9000000002361.jpg,869,1000,0.869
painting_humanart_9000000002362.jpg,480,640,0.75
painting_humanart_9000000002365.jpg,418,640,0.653125
painting_humanart_9000000002367.jpg,480,640,0.75
painting_humanart_9000000002371.jpg,480,640,0.75
painting_humanart_9000000002372.jpg,480,640,0.75
painting_humanart_9000000002373.jpg,1474,2496,0.5905448717948718
painting_humanart_9000000002374.jpg,680,1024,0.6640625
painting_humanart_9000000002376.jpg,2520,3776,0.6673728813559322
painting_humanart_9000000002379.jpg,237,640,0.3703125
painting_humanart_9000000002382.jpg,2520,3776,0.6673728813559322
painting_humanart_9000000002383.jpg,2265,4772,0.47464375523889357
painting_humanart_9000000002384.jpg,2848,4288,0.664179104477612
painting_humanart_9000000002385.jpg,462,640,0.721875
painting_humanart_9000000002386.jpg,480,640,0.75
painting_humanart_9000000002393.jpg,1764,3544,0.49774266365688485
painting_humanart_9000000002397.jpg,2436,4000,0.609
painting_humanart_9000000002399.jpg,2880,3736,0.7708779443254818
painting_humanart_9000000002404.jpg,1794,2512,0.714171974522293
painting_humanart_9000000002405.jpg,1724,2412,0.714759535655058
painting_humanart_9000000002407.jpg,559,684,0.8172514619883041
painting_humanart_9000000002408.jpg,480,640,0.75
painting_humanart_9000000002413.jpg,2592,3872,0.6694214876033058
painting_humanart_9000000002415.jpg,464,640,0.725
painting_humanart_9000000002416.jpg,373,1000,0.373
painting_humanart_9000000002417.jpg,243,1000,0.243
painting_humanart_9000000002418.jpg,480,640,0.75
painting_humanart_9000000002419.jpg,480,640,0.75
painting_humanart_9000000002423.jpg,1661,2330,0.7128755364806867
painting_humanart_9000000002424.jpg,2848,4288,0.664179104477612
painting_humanart_9000000002425.jpg,1721,3680,0.4676630434782609
painting_humanart_9000000002427.jpg,3024,4032,0.75
painting_humanart_9000000002431.jpg,800,600,1.3333333333333333
painting_humanart_9000000002432.jpg,2592,3888,0.6666666666666666
painting_humanart_9000000002436.jpg,480,640,0.75
painting_humanart_9000000002440.jpg,463,640,0.7234375
painting_humanart_9000000002443.jpg,2988,5312,0.5625
painting_humanart_9000000002444.jpg,2988,5312,0.5625
painting_humanart_9000000002445.jpg,2303,3067,0.7508966416693837
painting_humanart_9000000002446.jpg,640,480,1.3333333333333333
painting_humanart_9000000002458.jpg,480,640,0.75
painting_humanart_9000000002464.jpg,2848,4288,0.664179104477612
painting_humanart_9000000002466.jpg,2186,2836,0.7708039492242595
painting_humanart_9000000002467.jpg,2821,5809,0.4856257531416767
painting_humanart_9000000002468.jpg,2529,3580,0.7064245810055866
painting_humanart_9000000002469.jpg,2164,3850,0.5620779220779221
painting_humanart_9000000002470.jpg,479,640,0.7484375
painting_humanart_9000000002473.jpg,480,640,0.75
painting_humanart_9000000002474.jpg,640,480,1.3333333333333333
painting_humanart_9000000002475.jpg,480,640,0.75
painting_humanart_9000000002477.jpg,2667,4000,0.66675
painting_humanart_9000000002478.jpg,801,2189,0.36592051164915484
painting_humanart_9000000002479.jpg,349,640,0.5453125
painting_humanart_9000000002483.jpg,480,640,0.75
painting_humanart_9000000002484.jpg,1783,3335,0.534632683658171
painting_humanart_9000000002489.jpg,480,640,0.75
painting_humanart_9000000002490.jpg,480,640,0.75
painting_humanart_9000000002492.jpg,2096,3720,0.5634408602150538
painting_humanart_9000000002494.jpg,480,640,0.75
painting_humanart_9000000002497.jpg,1109,2496,0.4443108974358974
painting_humanart_9000000002502.jpg,480,640,0.75
painting_humanart_9000000002503.jpg,2769,2528,1.0953322784810127
painting_humanart_9000000002504.jpg,1935,3616,0.5351216814159292
painting_humanart_9000000002505.jpg,2795,3921,0.7128283601122163
painting_humanart_9000000002508.jpg,2520,3776,0.6673728813559322
painting_humanart_9000000002509.jpg,2520,3776,0.6673728813559322
painting_humanart_9000000002510.jpg,480,640,0.75
painting_humanart_9000000002511.jpg,1921,3753,0.5118571809219291
painting_humanart_9000000002513.jpg,430,640,0.671875
painting_humanart_9000000002517.jpg,426,639,0.6666666666666666
painting_humanart_9000000002519.jpg,469,640,0.7328125
painting_humanart_9000000002521.jpg,480,640,0.75
painting_humanart_9000000002523.jpg,1982,3588,0.552396878483835
painting_humanart_9000000002526.jpg,480,640,0.75
painting_humanart_9000000002527.jpg,1889,3768,0.5013269639065817
painting_humanart_9000000002529.jpg,2448,3264,0.75
painting_humanart_9000000002532.jpg,1799,2946,0.6106585200271555
painting_humanart_9000000002533.jpg,292,512,0.5703125
painting_humanart_9000000002534.jpg,480,640,0.75
painting_humanart_9000000002538.jpg,3456,4608,0.75
painting_humanart_9000000002545.jpg,3117,4676,0.666595380667237
painting_humanart_9000000002546.jpg,677,656,1.0320121951219512
painting_humanart_9000000002547.jpg,617,800,0.77125
painting_humanart_9000000002548.jpg,2244,3380,0.663905325443787
painting_humanart_9000000002549.jpg,2847,3991,0.7133550488599348
painting_humanart_9000000002550.jpg,1974,3218,0.6134244872591672
painting_humanart_9000000002552.jpg,480,640,0.75
painting_humanart_9000000002558.jpg,2731,2734,0.9989027066569129
painting_humanart_9000000002566.jpg,572,640,0.89375
painting_humanart_9000000002569.jpg,1434,1731,0.82842287694974
painting_humanart_9000000002570.jpg,327,623,0.5248796147672552
painting_humanart_9000000002571.jpg,2607,3265,0.798468606431853
painting_humanart_9000000002572.jpg,2063,2890,0.7138408304498269
painting_humanart_9000000002575.jpg,480,640,0.75
painting_humanart_9000000002577.jpg,3024,4032,0.75
painting_humanart_9000000002580.jpg,2520,3776,0.6673728813559322
painting_humanart_9000000002584.jpg,466,544,0.8566176470588235
painting_humanart_9000000002585.jpg,1200,850,1.411764705882353
painting_humanart_9000000002588.jpg,1941,3463,0.5604966791799019
painting_humanart_9000000002589.jpg,358,640,0.559375
painting_humanart_9000000002593.jpg,3456,4608,0.75
painting_humanart_9000000002594.jpg,2081,3976,0.5233903420523138
painting_humanart_9000000002595.jpg,3024,4032,0.75
painting_humanart_9000000002596.jpg,2380,3960,0.601010101010101
painting_humanart_9000000002597.jpg,2116,3976,0.5321931589537223
painting_humanart_9000000002599.jpg,1920,2560,0.75
painting_humanart_9000000002600.jpg,1920,2560,0.75
painting_humanart_9000000002603.jpg,2592,1944,1.3333333333333333
painting_humanart_9000000002605.jpg,335,640,0.5234375
painting_humanart_9000000002606.jpg,2304,3072,0.75
painting_humanart_9000000002608.jpg,552,640,0.8625
painting_humanart_9000000002611.jpg,4288,2848,1.5056179775280898
painting_humanart_9000000002612.jpg,480,640,0.75
painting_humanart_9000000002613.jpg,2527,2729,0.925980212532063
painting_humanart_9000000002614.jpg,2637,4052,0.6507897334649556
painting_humanart_9000000002615.jpg,437,640,0.6828125
painting_humanart_9000000002617.jpg,2666,2667,0.9996250468691413
painting_humanart_9000000002618.jpg,2741,3429,0.7993584135316418
painting_humanart_9000000002620.jpg,2372,2013,1.178340784898162
painting_humanart_9000000002622.jpg,2401,3744,0.6412927350427351
painting_humanart_9000000002623.jpg,2152,3925,0.5482802547770701
painting_humanart_9000000002626.jpg,3024,4032,0.75
painting_humanart_9000000002629.jpg,1766,2472,0.7144012944983819
painting_humanart_9000000002630.jpg,1397,1679,0.8320428826682549
painting_humanart_9000000002632.jpg,2504,3952,0.6336032388663968
painting_humanart_9000000002633.jpg,1796,3972,0.4521651560926485
painting_humanart_9000000002634.jpg,2348,3762,0.6241360978203083
painting_humanart_9000000002636.jpg,2034,3246,0.6266173752310537
painting_humanart_9000000002637.jpg,3456,4608,0.75
painting_humanart_9000000002638.jpg,2861,4000,0.71525
painting_humanart_9000000002642.jpg,1704,2272,0.75
painting_humanart_9000000002643.jpg,1695,3396,0.4991166077738516
painting_humanart_9000000002644.jpg,1219,2848,0.4280196629213483
painting_humanart_9000000002646.jpg,2174,2454,0.8859005704971475
painting_humanart_9000000002648.jpg,308,640,0.48125
painting_humanart_9000000002650.jpg,1239,2113,0.5863700899195456
painting_humanart_9000000002652.jpg,444,608,0.7302631578947368
painting_humanart_9000000002653.jpg,2848,4288,0.664179104477612
painting_humanart_9000000002654.jpg,2736,3648,0.75
painting_humanart_9000000002658.jpg,2028,2143,0.9463369108726085
painting_humanart_9000000002661.jpg,2865,2904,0.9865702479338843
painting_humanart_9000000002662.jpg,2574,3682,0.6990765888104291
painting_humanart_9000000002663.jpg,1433,3446,0.4158444573418456
painting_humanart_9000000002664.jpg,2660,3279,0.811222933821287
painting_humanart_9000000002665.jpg,2000,3008,0.6648936170212766
painting_humanart_9000000002667.jpg,2616,2799,0.9346195069667739
painting_humanart_9000000002668.jpg,2009,2012,0.9985089463220675
painting_humanart_9000000002670.jpg,1528,3654,0.4181718664477285
painting_humanart_9000000002673.jpg,2845,2822,1.0081502480510276
painting_humanart_9000000002676.jpg,519,4288,0.12103544776119403
painting_humanart_9000000002677.jpg,1193,2116,0.5637996219281664
painting_humanart_9000000002679.jpg,2107,3748,0.5621664887940235
painting_humanart_9000000002680.jpg,3594,5038,0.7133783247320366
painting_humanart_9000000002681.jpg,2187,3868,0.5654084798345398
painting_humanart_9000000002682.jpg,3072,2304,1.3333333333333333
painting_humanart_9000000002686.jpg,3554,2630,1.3513307984790874
painting_humanart_9000000002691.jpg,1922,2308,0.8327556325823223
painting_humanart_9000000002694.jpg,2736,3648,0.75
painting_humanart_9000000002695.jpg,2048,3643,0.5621740323908866
painting_humanart_9000000002701.jpg,325,640,0.5078125
painting_humanart_9000000002702.jpg,480,640,0.75
painting_humanart_9000000002708.jpg,2814,3509,0.8019378740381875
painting_humanart_9000000002709.jpg,1661,1664,0.9981971153846154
painting_humanart_9000000002710.jpg,2127,3795,0.5604743083003952
painting_humanart_9000000002716.jpg,2223,3949,0.5629273233730058
painting_humanart_9000000002717.jpg,1989,3544,0.5612302483069977
painting_humanart_9000000002718.jpg,1588,3264,0.48651960784313725
painting_humanart_9000000002720.jpg,4896,3672,1.3333333333333333
painting_humanart_9000000002722.jpg,1390,3846,0.36141445657826315
painting_humanart_9000000002726.jpg,536,1000,0.536
painting_humanart_9000000002728.jpg,2362,3167,0.74581622987054
painting_humanart_9000000002730.jpg,900,1800,0.5
painting_humanart_9000000002732.jpg,1094,2722,0.4019103600293902
painting_humanart_9000000002733.jpg,1625,3737,0.43484078137543486
painting_humanart_9000000002734.jpg,2809,3940,0.7129441624365482
painting_humanart_9000000002737.jpg,2002,3567,0.56125595738716
painting_humanart_9000000002738.jpg,1551,3740,0.4147058823529412
painting_humanart_9000000002740.jpg,640,480,1.3333333333333333
painting_humanart_9000000002741.jpg,2673,3347,0.7986256348969226
painting_humanart_9000000002742.jpg,2052,3659,0.5608089641978683
painting_humanart_9000000002743.jpg,2856,3815,0.7486238532110092
painting_humanart_9000000002746.jpg,800,728,1.098901098901099
painting_humanart_9000000002747.jpg,1369,2448,0.5592320261437909
painting_humanart_9000000002755.jpg,1684,4210,0.4
painting_humanart_9000000002756.jpg,956,1486,0.6433378196500673
painting_humanart_9000000002757.jpg,480,640,0.75
painting_humanart_9000000002758.jpg,480,640,0.75
real_human_humanart_15000000000000.jpg,612,344,1.7790697674418605
real_human_humanart_15000000000002.jpg,612,344,1.7790697674418605
real_human_humanart_15000000000003.jpg,612,344,1.7790697674418605
real_human_humanart_15000000000004.jpg,612,344,1.7790697674418605
real_human_humanart_15000000000006.jpg,612,344,1.7790697674418605
real_human_humanart_15000000000008.jpg,612,344,1.7790697674418605
real_human_humanart_15000000000010.jpg,612,408,1.5
real_human_humanart_15000000000011.jpg,612,584,1.047945205479452
real_human_humanart_15000000000012.jpg,612,408,1.5
real_human_humanart_15000000000013.jpg,612,408,1.5
real_human_humanart_15000000000014.jpg,612,408,1.5
real_human_humanart_15000000000016.jpg,519,612,0.8480392156862745
real_human_humanart_15000000000017.jpg,612,408,1.5
real_human_humanart_15000000000018.jpg,612,408,1.5
real_human_humanart_15000000000019.jpg,612,408,1.5
real_human_humanart_15000000000020.jpg,612,364,1.6813186813186813
real_human_humanart_15000000000021.jpg,612,375,1.632
real_human_humanart_15000000000022.jpg,408,612,0.6666666666666666
real_human_humanart_15000000000023.jpg,612,408,1.5
real_human_humanart_15000000000024.jpg,612,408,1.5
real_human_humanart_15000000000025.jpg,612,408,1.5
real_human_humanart_15000000000026.jpg,612,408,1.5
real_human_humanart_15000000000027.jpg,612,408,1.5
real_human_humanart_15000000000028.jpg,612,408,1.5
real_human_humanart_15000000000030.jpg,612,408,1.5
real_human_humanart_15000000000034.jpg,500,612,0.8169934640522876
real_human_humanart_15000000000035.jpg,422,612,0.6895424836601307
real_human_humanart_15000000000036.jpg,612,408,1.5
real_human_humanart_15000000000037.jpg,612,408,1.5
real_human_humanart_15000000000038.jpg,612,408,1.5
real_human_humanart_15000000000041.jpg,612,440,1.3909090909090909
real_human_humanart_15000000000042.jpg,612,408,1.5
real_human_humanart_15000000000043.jpg,612,408,1.5
real_human_humanart_15000000000044.jpg,612,407,1.5036855036855037
real_human_humanart_15000000000045.jpg,612,408,1.5
real_human_humanart_15000000000046.jpg,408,612,0.6666666666666666
real_human_humanart_15000000000047.jpg,612,322,1.9006211180124224
real_human_humanart_15000000000050.jpg,612,400,1.53
real_human_humanart_15000000000051.jpg,418,612,0.6830065359477124
real_human_humanart_15000000000052.jpg,612,437,1.40045766590389
real_human_humanart_15000000000053.jpg,612,450,1.36
real_human_humanart_15000000000055.jpg,612,408,1.5
real_human_humanart_15000000000059.jpg,490,612,0.8006535947712419
real_human_humanart_15000000000060.jpg,612,408,1.5
real_human_humanart_15000000000061.jpg,408,612,0.6666666666666666
real_human_humanart_15000000000062.jpg,612,408,1.5
real_human_humanart_15000000000063.jpg,612,408,1.5
real_human_humanart_15000000000065.jpg,612,408,1.5
real_human_humanart_15000000000071.jpg,612,408,1.5
real_human_humanart_15000000000072.jpg,612,408,1.5
real_human_humanart_15000000000073.jpg,612,408,1.5
real_human_humanart_15000000000074.jpg,360,612,0.5882352941176471
real_human_humanart_15000000000076.jpg,612,408,1.5
real_human_humanart_15000000000077.jpg,612,416,1.4711538461538463
real_human_humanart_15000000000081.jpg,612,408,1.5
real_human_humanart_15000000000083.jpg,408,612,0.6666666666666666
real_human_humanart_15000000000084.jpg,612,408,1.5
real_human_humanart_15000000000085.jpg,612,306,2.0
real_human_humanart_15000000000088.jpg,612,612,1.0
real_human_humanart_15000000000090.jpg,612,408,1.5
real_human_humanart_15000000000091.jpg,612,409,1.4963325183374083
real_human_humanart_15000000000092.jpg,612,612,1.0
real_human_humanart_15000000000093.jpg,612,612,1.0
real_human_humanart_15000000000094.jpg,612,408,1.5
real_human_humanart_15000000000095.jpg,612,381,1.6062992125984252
real_human_humanart_15000000000096.jpg,408,612,0.6666666666666666
real_human_humanart_15000000000097.jpg,612,408,1.5
real_human_humanart_15000000000098.jpg,612,408,1.5
real_human_humanart_15000000000099.jpg,612,408,1.5
real_human_humanart_15000000000100.jpg,612,528,1.1590909090909092
real_human_humanart_15000000000102.jpg,510,612,0.8333333333333334
real_human_humanart_15000000000104.jpg,612,518,1.1814671814671815
real_human_humanart_15000000000105.jpg,387,612,0.6323529411764706
real_human_humanart_15000000000106.jpg,612,408,1.5
real_human_humanart_15000000000107.jpg,612,408,1.5
real_human_humanart_15000000000109.jpg,612,428,1.4299065420560748
real_human_humanart_15000000000112.jpg,612,408,1.5
real_human_humanart_15000000000113.jpg,612,408,1.5
real_human_humanart_15000000000114.jpg,402,612,0.6568627450980392
real_human_humanart_15000000000115.jpg,612,408,1.5
real_human_humanart_15000000000118.jpg,612,408,1.5
real_human_humanart_15000000000119.jpg,612,405,1.511111111111111
real_human_humanart_15000000000121.jpg,612,408,1.5
real_human_humanart_15000000000123.jpg,440,612,0.7189542483660131
real_human_humanart_15000000000124.jpg,408,612,0.6666666666666666
real_human_humanart_15000000000125.jpg,410,612,0.6699346405228758
real_human_humanart_15000000000126.jpg,346,612,0.565359477124183
real_human_humanart_15000000000127.jpg,408,612,0.6666666666666666
real_human_humanart_15000000000128.jpg,612,410,1.4926829268292683
real_human_humanart_15000000000129.jpg,612,408,1.5
real_human_humanart_15000000000132.jpg,408,612,0.6666666666666666
real_human_humanart_15000000000133.jpg,612,612,1.0
real_human_humanart_15000000000135.jpg,612,408,1.5
real_human_humanart_15000000000136.jpg,612,408,1.5
real_human_humanart_15000000000137.jpg,459,612,0.75
real_human_humanart_15000000000139.jpg,612,559,1.0948121645796065
real_human_humanart_15000000000140.jpg,612,408,1.5
real_human_humanart_15000000000141.jpg,612,408,1.5
real_human_humanart_15000000000143.jpg,612,408,1.5
real_human_humanart_15000000000144.jpg,612,408,1.5
real_human_humanart_15000000000146.jpg,612,408,1.5
real_human_humanart_15000000000148.jpg,612,306,2.0
real_human_humanart_15000000000149.jpg,415,612,0.6781045751633987
real_human_humanart_15000000000150.jpg,612,408,1.5
real_human_humanart_15000000000152.jpg,612,612,1.0
real_human_humanart_15000000000154.jpg,612,408,1.5
real_human_humanart_15000000000155.jpg,397,612,0.6486928104575164
real_human_humanart_15000000000157.jpg,469,612,0.7663398692810458
real_human_humanart_15000000000158.jpg,612,427,1.4332552693208431
real_human_humanart_15000000000159.jpg,612,408,1.5
real_human_humanart_15000000000160.jpg,612,420,1.457142857142857
real_human_humanart_15000000000163.jpg,612,417,1.4676258992805755
real_human_humanart_15000000000166.jpg,612,408,1.5
real_human_humanart_15000000000167.jpg,612,590,1.0372881355932204
real_human_humanart_15000000000169.jpg,465,612,0.7598039215686274
real_human_humanart_15000000000170.jpg,459,612,0.75
real_human_humanart_15000000000172.jpg,612,408,1.5
real_human_humanart_15000000000173.jpg,408,612,0.6666666666666666
real_human_humanart_15000000000174.jpg,612,408,1.5
real_human_humanart_15000000000175.jpg,612,407,1.5036855036855037
real_human_humanart_15000000000177.jpg,612,494,1.2388663967611335
real_human_humanart_15000000000178.jpg,612,408,1.5
real_human_humanart_15000000000179.jpg,612,408,1.5
real_human_humanart_15000000000180.jpg,612,408,1.5
real_human_humanart_15000000000186.jpg,612,408,1.5
real_human_humanart_15000000000187.jpg,408,612,0.6666666666666666
real_human_humanart_15000000000188.jpg,612,408,1.5
real_human_humanart_15000000000192.jpg,612,408,1.5
real_human_humanart_15000000000193.jpg,612,408,1.5
real_human_humanart_15000000000194.jpg,612,408,1.5
real_human_humanart_15000000000195.jpg,612,408,1.5
real_human_humanart_15000000000196.jpg,612,408,1.5
real_human_humanart_15000000000197.jpg,612,409,1.4963325183374083
real_human_humanart_15000000000199.jpg,612,343,1.784256559766764
real_human_humanart_15000000000201.jpg,612,408,1.5
real_human_humanart_15000000000205.jpg,612,408,1.5
real_human_humanart_15000000000206.jpg,612,408,1.5
real_human_humanart_15000000000207.jpg,358,612,0.5849673202614379
real_human_humanart_15000000000209.jpg,612,383,1.597911227154047
real_human_humanart_15000000000212.jpg,612,408,1.5
real_human_humanart_15000000000213.jpg,612,408,1.5
real_human_humanart_15000000000214.jpg,612,408,1.5
real_human_humanart_15000000000216.jpg,405,612,0.6617647058823529
real_human_humanart_15000000000217.jpg,612,408,1.5
real_human_humanart_15000000000218.jpg,612,408,1.5
real_human_humanart_15000000000219.jpg,612,331,1.848942598187311
real_human_humanart_15000000000221.jpg,612,408,1.5
real_human_humanart_15000000000223.jpg,612,352,1.7386363636363635
real_human_humanart_15000000000225.jpg,408,612,0.6666666666666666
real_human_humanart_15000000000226.jpg,408,612,0.6666666666666666
real_human_humanart_15000000000227.jpg,612,344,1.7790697674418605
real_human_humanart_15000000000228.jpg,464,612,0.7581699346405228
real_human_humanart_15000000000229.jpg,408,612,0.6666666666666666
real_human_humanart_15000000000231.jpg,612,424,1.4433962264150944
real_human_humanart_15000000000232.jpg,553,612,0.9035947712418301
real_human_humanart_15000000000233.jpg,531,612,0.8676470588235294
real_human_humanart_15000000000235.jpg,612,612,1.0
real_human_humanart_15000000000237.jpg,612,408,1.5
real_human_humanart_15000000000238.jpg,612,418,1.4641148325358853
real_human_humanart_15000000000241.jpg,612,402,1.5223880597014925
real_human_humanart_15000000000242.jpg,612,408,1.5
real_human_humanart_15000000000243.jpg,612,441,1.3877551020408163
real_human_humanart_15000000000245.jpg,612,408,1.5
real_human_humanart_15000000000246.jpg,612,408,1.5
real_human_humanart_15000000000248.jpg,612,364,1.6813186813186813
real_human_humanart_15000000000249.jpg,612,408,1.5
real_human_humanart_15000000000251.jpg,612,423,1.446808510638298
real_human_humanart_15000000000253.jpg,408,612,0.6666666666666666
real_human_humanart_15000000000254.jpg,612,407,1.5036855036855037
real_human_humanart_15000000000255.jpg,408,612,0.6666666666666666
real_human_humanart_15000000000256.jpg,408,612,0.6666666666666666
real_human_humanart_15000000000257.jpg,612,408,1.5
real_human_humanart_15000000000258.jpg,612,408,1.5
real_human_humanart_15000000000259.jpg,612,406,1.5073891625615763
real_human_humanart_15000000000260.jpg,612,408,1.5
real_human_humanart_15000000000261.jpg,612,450,1.36
real_human_humanart_15000000000262.jpg,612,408,1.5
real_human_humanart_15000000000263.jpg,612,408,1.5
real_human_humanart_15000000000265.jpg,612,408,1.5
real_human_humanart_15000000000266.jpg,408,612,0.6666666666666666
real_human_humanart_15000000000267.jpg,408,612,0.6666666666666666
real_human_humanart_15000000000268.jpg,612,514,1.1906614785992218
real_human_humanart_15000000000269.jpg,612,408,1.5
real_human_humanart_15000000000271.jpg,408,612,0.6666666666666666
real_human_humanart_15000000000273.jpg,426,612,0.696078431372549
real_human_humanart_15000000000277.jpg,612,408,1.5
real_human_humanart_15000000000278.jpg,612,408,1.5
real_human_humanart_15000000000279.jpg,593,612,0.9689542483660131
real_human_humanart_15000000000280.jpg,408,612,0.6666666666666666
real_human_humanart_15000000000281.jpg,612,540,1.1333333333333333
real_human_humanart_15000000000283.jpg,612,409,1.4963325183374083
real_human_humanart_15000000000286.jpg,612,434,1.4101382488479262
real_human_humanart_15000000000287.jpg,612,409,1.4963325183374083
real_human_humanart_15000000000288.jpg,408,612,0.6666666666666666
real_human_humanart_15000000000289.jpg,408,612,0.6666666666666666
real_human_humanart_15000000000290.jpg,408,612,0.6666666666666666
real_human_humanart_15000000000291.jpg,612,408,1.5
real_human_humanart_15000000000292.jpg,612,459,1.3333333333333333
real_human_humanart_15000000000293.jpg,612,408,1.5
real_human_humanart_15000000000295.jpg,612,397,1.5415617128463477
real_human_humanart_15000000000296.jpg,612,408,1.5
real_human_humanart_15000000000297.jpg,612,408,1.5
real_human_humanart_15000000000298.jpg,612,408,1.5
real_human_humanart_15000000000302.jpg,612,408,1.5
real_human_humanart_15000000000303.jpg,430,612,0.7026143790849673
real_human_humanart_15000000000304.jpg,413,612,0.6748366013071896
real_human_humanart_15000000000305.jpg,612,598,1.0234113712374582
real_human_humanart_15000000000307.jpg,612,409,1.4963325183374083
real_human_humanart_15000000000308.jpg,408,612,0.6666666666666666
real_human_humanart_15000000000309.jpg,408,612,0.6666666666666666
real_human_humanart_15000000000312.jpg,433,612,0.7075163398692811
real_human_humanart_15000000000313.jpg,408,612,0.6666666666666666
real_human_humanart_15000000000314.jpg,612,306,2.0
real_human_humanart_15000000000315.jpg,612,408,1.5
real_human_humanart_15000000000317.jpg,459,612,0.75
real_human_humanart_15000000000318.jpg,612,408,1.5
real_human_humanart_15000000000319.jpg,612,408,1.5
real_human_humanart_15000000000320.jpg,612,408,1.5
real_human_humanart_15000000000321.jpg,612,382,1.6020942408376964
real_human_humanart_15000000000324.jpg,612,408,1.5
real_human_humanart_15000000000325.jpg,612,408,1.5
real_human_humanart_15000000000326.jpg,612,408,1.5
real_human_humanart_15000000000330.jpg,612,353,1.7337110481586402
real_human_humanart_15000000000331.jpg,612,408,1.5
real_human_humanart_15000000000332.jpg,612,408,1.5
real_human_humanart_15000000000333.jpg,612,407,1.5036855036855037
real_human_humanart_15000000000334.jpg,612,509,1.2023575638506876
real_human_humanart_15000000000335.jpg,612,356,1.7191011235955056
real_human_humanart_15000000000337.jpg,398,612,0.6503267973856209
real_human_humanart_15000000000338.jpg,612,408,1.5
real_human_humanart_15000000000339.jpg,612,408,1.5
real_human_humanart_15000000000340.jpg,612,408,1.5
real_human_humanart_15000000000341.jpg,612,408,1.5
real_human_humanart_15000000000342.jpg,446,612,0.7287581699346405
real_human_humanart_15000000000343.jpg,612,408,1.5
real_human_humanart_15000000000345.jpg,408,612,0.6666666666666666
real_human_humanart_15000000000346.jpg,612,408,1.5
real_human_humanart_15000000000347.jpg,612,408,1.5
real_human_humanart_15000000000348.jpg,408,612,0.6666666666666666
real_human_humanart_15000000000349.jpg,612,408,1.5
real_human_humanart_15000000000350.jpg,612,423,1.446808510638298
real_human_humanart_15000000000351.jpg,612,344,1.7790697674418605
real_human_humanart_15000000000352.jpg,612,383,1.597911227154047
real_human_humanart_15000000000354.jpg,408,612,0.6666666666666666
real_human_humanart_15000000000355.jpg,612,405,1.511111111111111
real_human_humanart_15000000000357.jpg,612,408,1.5
real_human_humanart_15000000000358.jpg,612,344,1.7790697674418605
real_human_humanart_15000000000360.jpg,612,408,1.5
real_human_humanart_15000000000361.jpg,612,589,1.0390492359932089
real_human_humanart_15000000000363.jpg,612,386,1.5854922279792747
real_human_humanart_15000000000364.jpg,612,408,1.5
real_human_humanart_15000000000366.jpg,612,408,1.5
real_human_humanart_15000000000367.jpg,612,522,1.1724137931034482
real_human_humanart_15000000000368.jpg,612,408,1.5
real_human_humanart_15000000000370.jpg,408,612,0.6666666666666666
real_human_humanart_15000000000372.jpg,612,408,1.5
real_human_humanart_15000000000373.jpg,612,408,1.5
real_human_humanart_15000000000375.jpg,612,408,1.5
real_human_humanart_15000000000379.jpg,436,612,0.7124183006535948
real_human_humanart_15000000000380.jpg,612,431,1.419953596287703
real_human_humanart_15000000000381.jpg,612,409,1.4963325183374083
real_human_humanart_15000000000382.jpg,612,431,1.419953596287703
real_human_humanart_15000000000383.jpg,612,289,2.1176470588235294
real_human_humanart_15000000000388.jpg,612,408,1.5
real_human_humanart_15000000000389.jpg,612,408,1.5
real_human_humanart_15000000000390.jpg,612,408,1.5
real_human_humanart_15000000000391.jpg,612,406,1.5073891625615763
real_human_humanart_15000000000392.jpg,612,408,1.5
real_human_humanart_15000000000393.jpg,408,612,0.6666666666666666
real_human_humanart_15000000000395.jpg,612,408,1.5
real_human_humanart_15000000000397.jpg,417,612,0.6813725490196079
real_human_humanart_15000000000398.jpg,612,408,1.5
real_human_humanart_15000000000400.jpg,407,612,0.6650326797385621
real_human_humanart_15000000000401.jpg,612,408,1.5
real_human_humanart_15000000000402.jpg,612,408,1.5
real_human_humanart_15000000000403.jpg,612,408,1.5
real_human_humanart_15000000000404.jpg,612,408,1.5
real_human_humanart_15000000000405.jpg,612,334,1.8323353293413174
real_human_humanart_15000000000410.jpg,612,413,1.4818401937046004
real_human_humanart_15000000000411.jpg,612,408,1.5
real_human_humanart_15000000000415.jpg,612,408,1.5
real_human_humanart_15000000000418.jpg,612,392,1.5612244897959184
real_human_humanart_15000000000420.jpg,612,408,1.5
real_human_humanart_15000000000421.jpg,612,408,1.5
real_human_humanart_15000000000424.jpg,612,408,1.5
real_human_humanart_15000000000425.jpg,612,408,1.5
real_human_humanart_15000000000426.jpg,612,408,1.5
real_human_humanart_15000000000427.jpg,612,372,1.6451612903225807
real_human_humanart_15000000000430.jpg,399,612,0.6519607843137255
real_human_humanart_15000000000431.jpg,408,612,0.6666666666666666
real_human_humanart_15000000000432.jpg,612,408,1.5
real_human_humanart_15000000000434.jpg,612,408,1.5
real_human_humanart_15000000000435.jpg,410,612,0.6699346405228758
real_human_humanart_15000000000436.jpg,408,612,0.6666666666666666
real_human_humanart_15000000000437.jpg,612,408,1.5
real_human_humanart_15000000000438.jpg,612,408,1.5
real_human_humanart_15000000000439.jpg,612,408,1.5
real_human_humanart_15000000000440.jpg,508,612,0.8300653594771242
real_human_humanart_15000000000441.jpg,612,408,1.5
real_human_humanart_15000000000443.jpg,612,408,1.5
real_human_humanart_15000000000444.jpg,612,459,1.3333333333333333
real_human_humanart_15000000000445.jpg,612,408,1.5
real_human_humanart_15000000000447.jpg,612,410,1.4926829268292683
real_human_humanart_15000000000448.jpg,612,479,1.2776617954070981
real_human_humanart_15000000000449.jpg,612,408,1.5
real_human_humanart_15000000000451.jpg,612,408,1.5
real_human_humanart_15000000000452.jpg,612,362,1.6906077348066297
real_human_humanart_15000000000454.jpg,612,394,1.5532994923857868
real_human_humanart_15000000000455.jpg,612,367,1.667574931880109
real_human_humanart_15000000000456.jpg,612,409,1.4963325183374083
real_human_humanart_15000000000458.jpg,592,612,0.9673202614379085
real_human_humanart_15000000000459.jpg,612,612,1.0
real_human_humanart_15000000000460.jpg,612,405,1.511111111111111
real_human_humanart_15000000000461.jpg,612,612,1.0
real_human_humanart_15000000000464.jpg,410,612,0.6699346405228758
real_human_humanart_15000000000465.jpg,612,344,1.7790697674418605
real_human_humanart_15000000000466.jpg,612,408,1.5
real_human_humanart_15000000000468.jpg,612,408,1.5
real_human_humanart_15000000000470.jpg,612,408,1.5
real_human_humanart_15000000000473.jpg,612,408,1.5
real_human_humanart_15000000000474.jpg,612,408,1.5
real_human_humanart_15000000000475.jpg,612,408,1.5
real_human_humanart_15000000000477.jpg,612,313,1.9552715654952078
real_human_humanart_15000000000478.jpg,612,408,1.5
real_human_humanart_15000000000480.jpg,612,407,1.5036855036855037
real_human_humanart_15000000000481.jpg,612,431,1.419953596287703
real_human_humanart_15000000000482.jpg,612,408,1.5
real_human_humanart_15000000000484.jpg,612,408,1.5
real_human_humanart_15000000000485.jpg,612,403,1.5186104218362282
real_human_humanart_15000000000489.jpg,612,408,1.5
real_human_humanart_15000000000490.jpg,612,438,1.3972602739726028
real_human_humanart_15000000000492.jpg,612,408,1.5
real_human_humanart_15000000000493.jpg,612,397,1.5415617128463477
real_human_humanart_15000000000495.jpg,612,408,1.5
real_human_humanart_15000000000500.jpg,612,408,1.5
real_human_humanart_15000000000502.jpg,612,408,1.5
real_human_humanart_15000000000503.jpg,612,408,1.5
real_human_humanart_15000000000504.jpg,612,408,1.5
real_human_humanart_15000000000506.jpg,612,408,1.5
real_human_humanart_15000000000507.jpg,612,408,1.5
real_human_humanart_15000000000508.jpg,612,359,1.7047353760445683
real_human_humanart_15000000000509.jpg,408,612,0.6666666666666666
real_human_humanart_15000000000513.jpg,408,612,0.6666666666666666
real_human_humanart_15000000000514.jpg,612,344,1.7790697674418605
real_human_humanart_15000000000515.jpg,612,579,1.0569948186528497
real_human_humanart_15000000000519.jpg,612,287,2.132404181184669
real_human_humanart_15000000000521.jpg,408,612,0.6666666666666666
real_human_humanart_15000000000522.jpg,612,408,1.5
real_human_humanart_15000000000523.jpg,612,408,1.5
real_human_humanart_15000000000524.jpg,612,410,1.4926829268292683
real_human_humanart_15000000000525.jpg,408,612,0.6666666666666666
real_human_humanart_15000000000527.jpg,612,408,1.5
real_human_humanart_15000000000528.jpg,612,408,1.5
real_human_humanart_15000000000530.jpg,588,612,0.9607843137254902
real_human_humanart_15000000000533.jpg,612,408,1.5
real_human_humanart_15000000000534.jpg,612,408,1.5
real_human_humanart_15000000000535.jpg,612,408,1.5
real_human_humanart_15000000000536.jpg,612,408,1.5
real_human_humanart_15000000000537.jpg,612,408,1.5
real_human_humanart_15000000000538.jpg,612,408,1.5
real_human_humanart_15000000000539.jpg,408,612,0.6666666666666666
real_human_humanart_15000000000540.jpg,612,583,1.0497427101200687
real_human_humanart_15000000000543.jpg,612,344,1.7790697674418605
real_human_humanart_15000000000545.jpg,612,437,1.40045766590389
real_human_humanart_15000000000546.jpg,612,409,1.4963325183374083
real_human_humanart_15000000000548.jpg,612,408,1.5
real_human_humanart_15000000000549.jpg,408,612,0.6666666666666666
real_human_humanart_15000000000550.jpg,612,408,1.5
real_human_humanart_15000000000551.jpg,612,408,1.5
real_human_humanart_15000000000552.jpg,612,409,1.4963325183374083
real_human_humanart_15000000000553.jpg,408,612,0.6666666666666666
real_human_humanart_15000000000554.jpg,612,408,1.5
real_human_humanart_15000000000555.jpg,612,437,1.40045766590389
real_human_humanart_15000000000557.jpg,612,408,1.5
real_human_humanart_15000000000558.jpg,612,408,1.5
real_human_humanart_15000000000560.jpg,612,408,1.5
real_human_humanart_15000000000561.jpg,612,408,1.5
real_human_humanart_15000000000562.jpg,612,612,1.0
real_human_humanart_15000000000564.jpg,612,408,1.5
real_human_humanart_15000000000566.jpg,441,612,0.7205882352941176
real_human_humanart_15000000000567.jpg,612,408,1.5
real_human_humanart_15000000000568.jpg,612,408,1.5
real_human_humanart_15000000000569.jpg,612,408,1.5
real_human_humanart_15000000000570.jpg,409,612,0.6683006535947712
real_human_humanart_15000000000571.jpg,612,439,1.3940774487471526
real_human_humanart_15000000000572.jpg,612,408,1.5
real_human_humanart_15000000000573.jpg,612,419,1.4606205250596658
real_human_humanart_15000000000576.jpg,612,408,1.5
real_human_humanart_15000000000578.jpg,612,408,1.5
real_human_humanart_15000000000579.jpg,612,408,1.5
real_human_humanart_15000000000580.jpg,612,408,1.5
real_human_humanart_15000000000582.jpg,408,612,0.6666666666666666
real_human_humanart_15000000000584.jpg,466,612,0.761437908496732
real_human_humanart_15000000000585.jpg,612,555,1.1027027027027028
real_human_humanart_15000000000586.jpg,612,428,1.4299065420560748
real_human_humanart_15000000000587.jpg,612,408,1.5
real_human_humanart_15000000000588.jpg,612,408,1.5
real_human_humanart_15000000000589.jpg,408,612,0.6666666666666666
real_human_humanart_15000000000590.jpg,589,612,0.9624183006535948
real_human_humanart_15000000000591.jpg,459,612,0.75
real_human_humanart_15000000000592.jpg,436,612,0.7124183006535948
real_human_humanart_15000000000593.jpg,612,344,1.7790697674418605
real_human_humanart_15000000000594.jpg,612,408,1.5
real_human_humanart_15000000000596.jpg,612,408,1.5
real_human_humanart_15000000000597.jpg,612,408,1.5
real_human_humanart_15000000000598.jpg,612,378,1.619047619047619
real_human_humanart_15000000000600.jpg,408,612,0.6666666666666666
real_human_humanart_15000000000601.jpg,612,408,1.5
real_human_humanart_15000000000602.jpg,612,415,1.4746987951807229
real_human_humanart_15000000000604.jpg,612,457,1.3391684901531729
real_human_humanart_15000000000606.jpg,408,612,0.6666666666666666
real_human_humanart_15000000000608.jpg,612,408,1.5
real_human_humanart_15000000000609.jpg,612,612,1.0
real_human_humanart_15000000000610.jpg,564,612,0.9215686274509803
real_human_humanart_15000000000611.jpg,612,591,1.0355329949238579
real_human_humanart_15000000000612.jpg,612,408,1.5
real_human_humanart_15000000000614.jpg,612,408,1.5
real_human_humanart_15000000000615.jpg,612,344,1.7790697674418605
real_human_humanart_15000000000617.jpg,612,408,1.5
real_human_humanart_15000000000618.jpg,612,408,1.5
real_human_humanart_15000000000619.jpg,612,442,1.3846153846153846
real_human_humanart_15000000000620.jpg,612,405,1.511111111111111
real_human_humanart_15000000000621.jpg,612,408,1.5
real_human_humanart_15000000000622.jpg,612,408,1.5
real_human_humanart_15000000000623.jpg,459,612,0.75
real_human_humanart_15000000000624.jpg,612,408,1.5
real_human_humanart_15000000000625.jpg,408,612,0.6666666666666666
real_human_humanart_15000000000626.jpg,612,408,1.5
real_human_humanart_15000000000627.jpg,612,408,1.5
real_human_humanart_15000000000630.jpg,612,612,1.0
real_human_humanart_15000000000632.jpg,612,408,1.5
real_human_humanart_15000000000633.jpg,612,408,1.5
real_human_humanart_15000000000634.jpg,612,410,1.4926829268292683
real_human_humanart_15000000000635.jpg,612,408,1.5
real_human_humanart_15000000000636.jpg,612,408,1.5
real_human_humanart_15000000000640.jpg,612,612,1.0
real_human_humanart_15000000000643.jpg,612,508,1.204724409448819
real_human_humanart_15000000000644.jpg,612,408,1.5
real_human_humanart_15000000000645.jpg,408,612,0.6666666666666666
real_human_humanart_15000000000646.jpg,612,408,1.5
real_human_humanart_15000000000647.jpg,612,428,1.4299065420560748
real_human_humanart_15000000000648.jpg,408,612,0.6666666666666666
real_human_humanart_15000000000649.jpg,612,431,1.419953596287703
real_human_humanart_15000000000650.jpg,612,408,1.5
real_human_humanart_15000000000651.jpg,612,408,1.5
real_human_humanart_15000000000652.jpg,612,408,1.5
real_human_humanart_15000000000653.jpg,612,459,1.3333333333333333
real_human_humanart_15000000000655.jpg,612,350,1.7485714285714287
real_human_humanart_15000000000656.jpg,612,408,1.5
real_human_humanart_15000000000657.jpg,612,410,1.4926829268292683
real_human_humanart_15000000000658.jpg,612,408,1.5
real_human_humanart_15000000000659.jpg,612,408,1.5
real_human_humanart_15000000000660.jpg,612,408,1.5
real_human_humanart_15000000000661.jpg,612,408,1.5
real_human_humanart_15000000000662.jpg,612,408,1.5
real_human_humanart_15000000000663.jpg,612,408,1.5
real_human_humanart_15000000000664.jpg,612,437,1.40045766590389
real_human_humanart_15000000000665.jpg,612,408,1.5
real_human_humanart_15000000000666.jpg,612,408,1.5
real_human_humanart_15000000000667.jpg,612,408,1.5
real_human_humanart_15000000000670.jpg,612,408,1.5
real_human_humanart_15000000000672.jpg,612,408,1.5
real_human_humanart_15000000000673.jpg,612,384,1.59375
real_human_humanart_15000000000674.jpg,612,405,1.511111111111111
real_human_humanart_15000000000675.jpg,612,399,1.5338345864661653
real_human_humanart_15000000000676.jpg,612,408,1.5
real_human_humanart_15000000000677.jpg,612,409,1.4963325183374083
real_human_humanart_15000000000678.jpg,612,407,1.5036855036855037
real_human_humanart_15000000000681.jpg,612,344,1.7790697674418605
real_human_humanart_15000000000682.jpg,612,408,1.5
real_human_humanart_15000000000684.jpg,401,612,0.6552287581699346
real_human_humanart_15000000000686.jpg,612,408,1.5
real_human_humanart_15000000000687.jpg,612,408,1.5
real_human_humanart_15000000000688.jpg,612,408,1.5
real_human_humanart_15000000000689.jpg,612,499,1.2264529058116231
real_human_humanart_15000000000690.jpg,459,612,0.75
real_human_humanart_15000000000691.jpg,386,612,0.630718954248366
real_human_humanart_15000000000692.jpg,612,408,1.5
real_human_humanart_15000000000695.jpg,612,504,1.2142857142857142
real_human_humanart_15000000000696.jpg,612,344,1.7790697674418605
real_human_humanart_15000000000697.jpg,612,612,1.0
real_human_humanart_15000000000698.jpg,612,407,1.5036855036855037
real_human_humanart_15000000000699.jpg,612,407,1.5036855036855037
real_human_humanart_15000000000702.jpg,612,612,1.0
real_human_humanart_15000000000705.jpg,612,408,1.5
real_human_humanart_15000000000707.jpg,437,612,0.7140522875816994
real_human_humanart_15000000000708.jpg,612,406,1.5073891625615763
real_human_humanart_15000000000709.jpg,612,408,1.5
real_human_humanart_15000000000710.jpg,612,408,1.5
real_human_humanart_15000000000712.jpg,457,612,0.7467320261437909
real_human_humanart_15000000000714.jpg,612,431,1.419953596287703
real_human_humanart_15000000000715.jpg,612,408,1.5
real_human_humanart_15000000000716.jpg,612,408,1.5
real_human_humanart_15000000000717.jpg,612,408,1.5
real_human_humanart_15000000000720.jpg,612,408,1.5
real_human_humanart_15000000000721.jpg,612,408,1.5
real_human_humanart_15000000000724.jpg,408,612,0.6666666666666666
real_human_humanart_15000000000725.jpg,459,612,0.75
real_human_humanart_15000000000726.jpg,612,407,1.5036855036855037
real_human_humanart_15000000000728.jpg,612,408,1.5
real_human_humanart_15000000000730.jpg,612,408,1.5
real_human_humanart_15000000000731.jpg,612,399,1.5338345864661653
real_human_humanart_15000000000733.jpg,408,612,0.6666666666666666
real_human_humanart_15000000000736.jpg,411,612,0.6715686274509803
real_human_humanart_15000000000737.jpg,612,417,1.4676258992805755
real_human_humanart_15000000000738.jpg,430,612,0.7026143790849673
real_human_humanart_15000000000743.jpg,612,408,1.5
real_human_humanart_15000000000744.jpg,459,612,0.75
real_human_humanart_15000000000746.jpg,612,408,1.5
real_human_humanart_15000000000751.jpg,612,459,1.3333333333333333
real_human_humanart_15000000000752.jpg,612,408,1.5
real_human_humanart_15000000000753.jpg,612,423,1.446808510638298
real_human_humanart_15000000000754.jpg,612,437,1.40045766590389
real_human_humanart_15000000000755.jpg,612,408,1.5
real_human_humanart_15000000000756.jpg,612,408,1.5
real_human_humanart_15000000000758.jpg,408,612,0.6666666666666666
real_human_humanart_15000000000759.jpg,612,408,1.5
real_human_humanart_15000000000761.jpg,612,408,1.5
real_human_humanart_15000000000762.jpg,612,408,1.5
real_human_humanart_15000000000763.jpg,612,417,1.4676258992805755
real_human_humanart_15000000000764.jpg,612,408,1.5
real_human_humanart_15000000000765.jpg,612,408,1.5
real_human_humanart_15000000000766.jpg,612,423,1.446808510638298
real_human_humanart_15000000000768.jpg,612,408,1.5
real_human_humanart_15000000000769.jpg,612,467,1.310492505353319
real_human_humanart_15000000000770.jpg,612,408,1.5
real_human_humanart_15000000000772.jpg,612,408,1.5
real_human_humanart_15000000000775.jpg,612,408,1.5
real_human_humanart_15000000000776.jpg,468,612,0.7647058823529411
real_human_humanart_15000000000777.jpg,459,612,0.75
real_human_humanart_15000000000780.jpg,612,612,1.0
real_human_humanart_15000000000781.jpg,612,408,1.5
real_human_humanart_15000000000784.jpg,612,455,1.3450549450549452
real_human_humanart_15000000000785.jpg,612,344,1.7790697674418605
real_human_humanart_15000000000786.jpg,612,408,1.5
real_human_humanart_15000000000787.jpg,612,408,1.5
real_human_humanart_15000000000789.jpg,612,461,1.3275488069414316
real_human_humanart_15000000000790.jpg,612,408,1.5
real_human_humanart_15000000000793.jpg,612,408,1.5
real_human_humanart_15000000000794.jpg,612,407,1.5036855036855037
real_human_humanart_15000000000797.jpg,612,408,1.5
real_human_humanart_15000000000798.jpg,612,408,1.5
real_human_humanart_15000000000800.jpg,612,408,1.5
real_human_humanart_15000000000801.jpg,612,306,2.0
real_human_humanart_15000000000802.jpg,408,612,0.6666666666666666
real_human_humanart_15000000000803.jpg,612,418,1.4641148325358853
real_human_humanart_15000000000805.jpg,408,612,0.6666666666666666
real_human_humanart_15000000000806.jpg,612,408,1.5
real_human_humanart_15000000000807.jpg,408,612,0.6666666666666666
real_human_humanart_15000000000809.jpg,408,612,0.6666666666666666
real_human_humanart_15000000000814.jpg,612,408,1.5
real_human_humanart_15000000000816.jpg,612,396,1.5454545454545454
real_human_humanart_15000000000818.jpg,408,612,0.6666666666666666
real_human_humanart_15000000000819.jpg,408,612,0.6666666666666666
real_human_humanart_15000000000820.jpg,408,612,0.6666666666666666
real_human_humanart_15000000000821.jpg,612,375,1.632
real_human_humanart_15000000000822.jpg,612,408,1.5
real_human_humanart_15000000000824.jpg,612,612,1.0
real_human_humanart_15000000000825.jpg,612,408,1.5
real_human_humanart_15000000000828.jpg,612,344,1.7790697674418605
real_human_humanart_15000000000829.jpg,612,408,1.5
real_human_humanart_15000000000830.jpg,612,344,1.7790697674418605
real_human_humanart_15000000000832.jpg,612,343,1.784256559766764
real_human_humanart_15000000000833.jpg,612,408,1.5
real_human_humanart_15000000000834.jpg,612,408,1.5
real_human_humanart_15000000000837.jpg,612,331,1.848942598187311
real_human_humanart_15000000000838.jpg,612,408,1.5
real_human_humanart_15000000000839.jpg,612,408,1.5
real_human_humanart_15000000000840.jpg,612,408,1.5
real_human_humanart_15000000000841.jpg,459,612,0.75
real_human_humanart_15000000000844.jpg,437,612,0.7140522875816994
real_human_humanart_15000000000846.jpg,612,408,1.5
real_human_humanart_15000000000847.jpg,612,408,1.5
real_human_humanart_15000000000848.jpg,612,397,1.5415617128463477
real_human_humanart_15000000000849.jpg,612,408,1.5
real_human_humanart_15000000000850.jpg,612,447,1.3691275167785235
real_human_humanart_15000000000851.jpg,612,408,1.5
real_human_humanart_15000000000852.jpg,612,408,1.5
real_human_humanart_15000000000853.jpg,612,408,1.5
real_human_humanart_15000000000857.jpg,612,411,1.489051094890511
real_human_humanart_15000000000858.jpg,408,612,0.6666666666666666
real_human_humanart_15000000000861.jpg,612,468,1.3076923076923077
real_human_humanart_15000000000864.jpg,454,612,0.7418300653594772
real_human_humanart_15000000000865.jpg,434,612,0.7091503267973857
real_human_humanart_15000000000866.jpg,612,403,1.5186104218362282
real_human_humanart_15000000000868.jpg,459,612,0.75
real_human_humanart_15000000000869.jpg,459,612,0.75
real_human_humanart_15000000000871.jpg,592,612,0.9673202614379085
real_human_humanart_15000000000872.jpg,408,612,0.6666666666666666
real_human_humanart_15000000000873.jpg,612,408,1.5
real_human_humanart_15000000000875.jpg,612,408,1.5
real_human_humanart_15000000000877.jpg,612,408,1.5
real_human_humanart_15000000000878.jpg,408,612,0.6666666666666666
real_human_humanart_15000000000880.jpg,612,385,1.5896103896103897
real_human_humanart_15000000000881.jpg,612,467,1.310492505353319
real_human_humanart_15000000000882.jpg,612,459,1.3333333333333333
real_human_humanart_15000000000883.jpg,612,408,1.5
real_human_humanart_15000000000887.jpg,612,505,1.2118811881188118
real_human_humanart_15000000000888.jpg,408,612,0.6666666666666666
real_human_humanart_15000000000889.jpg,612,408,1.5
real_human_humanart_15000000000890.jpg,408,612,0.6666666666666666
real_human_humanart_15000000000891.jpg,612,408,1.5
real_human_humanart_15000000000893.jpg,612,408,1.5
real_human_humanart_15000000000894.jpg,612,474,1.2911392405063291
real_human_humanart_15000000000895.jpg,612,408,1.5
real_human_humanart_15000000000900.jpg,612,408,1.5
real_human_humanart_15000000000901.jpg,612,498,1.2289156626506024
real_human_humanart_15000000000902.jpg,612,408,1.5
real_human_humanart_15000000000903.jpg,612,408,1.5
real_human_humanart_15000000000904.jpg,612,401,1.5261845386533666
real_human_humanart_15000000000905.jpg,454,612,0.7418300653594772
real_human_humanart_15000000000906.jpg,612,408,1.5
real_human_humanart_15000000000907.jpg,612,428,1.4299065420560748
real_human_humanart_15000000000909.jpg,612,408,1.5
real_human_humanart_15000000000910.jpg,612,408,1.5
real_human_humanart_15000000000911.jpg,612,408,1.5
real_human_humanart_15000000000912.jpg,612,612,1.0
real_human_humanart_15000000000914.jpg,612,408,1.5
real_human_humanart_15000000000915.jpg,612,408,1.5
real_human_humanart_15000000000916.jpg,408,612,0.6666666666666666
real_human_humanart_15000000000918.jpg,408,612,0.6666666666666666
real_human_humanart_15000000000919.jpg,612,408,1.5
real_human_humanart_15000000000920.jpg,612,408,1.5
real_human_humanart_15000000000923.jpg,612,408,1.5
real_human_humanart_15000000000924.jpg,420,612,0.6862745098039216
real_human_humanart_15000000000926.jpg,612,408,1.5
real_human_humanart_15000000000927.jpg,612,459,1.3333333333333333
real_human_humanart_15000000000928.jpg,612,408,1.5
real_human_humanart_15000000000930.jpg,612,408,1.5
real_human_humanart_15000000000931.jpg,612,408,1.5
real_human_humanart_15000000000932.jpg,612,398,1.5376884422110553
real_human_humanart_15000000000933.jpg,408,612,0.6666666666666666
real_human_humanart_15000000000934.jpg,612,408,1.5
real_human_humanart_15000000000935.jpg,612,408,1.5
real_human_humanart_15000000000936.jpg,612,408,1.5
real_human_humanart_15000000000937.jpg,612,408,1.5
real_human_humanart_15000000000938.jpg,612,408,1.5
real_human_humanart_15000000000939.jpg,612,408,1.5
real_human_humanart_15000000000940.jpg,408,612,0.6666666666666666
real_human_humanart_15000000000941.jpg,612,426,1.4366197183098592
real_human_humanart_15000000000944.jpg,612,408,1.5
real_human_humanart_15000000000945.jpg,612,408,1.5
real_human_humanart_15000000000946.jpg,612,408,1.5
real_human_humanart_15000000000948.jpg,612,346,1.76878612716763
real_human_humanart_15000000000949.jpg,612,408,1.5
real_human_humanart_15000000000952.jpg,612,455,1.3450549450549452
real_human_humanart_15000000000954.jpg,612,427,1.4332552693208431
real_human_humanart_15000000000955.jpg,612,408,1.5
real_human_humanart_15000000000956.jpg,612,408,1.5
real_human_humanart_15000000000959.jpg,612,612,1.0
real_human_humanart_15000000000962.jpg,560,612,0.9150326797385621
real_human_humanart_15000000000963.jpg,612,344,1.7790697674418605
real_human_humanart_15000000000964.jpg,612,408,1.5
real_human_humanart_15000000000965.jpg,435,612,0.7107843137254902
real_human_humanart_15000000000966.jpg,612,459,1.3333333333333333
real_human_humanart_15000000000968.jpg,612,408,1.5
real_human_humanart_15000000000969.jpg,612,408,1.5
real_human_humanart_15000000000970.jpg,612,459,1.3333333333333333
real_human_humanart_15000000000971.jpg,408,612,0.6666666666666666
real_human_humanart_15000000000972.jpg,612,408,1.5
real_human_humanart_15000000000974.jpg,612,459,1.3333333333333333
real_human_humanart_15000000000975.jpg,612,527,1.1612903225806452
real_human_humanart_15000000000976.jpg,612,408,1.5
real_human_humanart_15000000000977.jpg,612,408,1.5
real_human_humanart_15000000000978.jpg,612,408,1.5
real_human_humanart_15000000000979.jpg,612,408,1.5
real_human_humanart_15000000000980.jpg,612,456,1.3421052631578947
real_human_humanart_15000000000981.jpg,612,408,1.5
real_human_humanart_15000000000982.jpg,612,408,1.5
real_human_humanart_15000000000983.jpg,612,408,1.5
real_human_humanart_15000000000987.jpg,408,612,0.6666666666666666
real_human_humanart_15000000000989.jpg,612,408,1.5
real_human_humanart_15000000000991.jpg,612,408,1.5
real_human_humanart_15000000000992.jpg,408,612,0.6666666666666666
real_human_humanart_15000000000994.jpg,454,612,0.7418300653594772
real_human_humanart_15000000000996.jpg,612,408,1.5
real_human_humanart_15000000000998.jpg,612,408,1.5
real_human_humanart_15000000000999.jpg,612,408,1.5
real_human_humanart_15000000001001.jpg,612,408,1.5
real_human_humanart_15000000001002.jpg,612,366,1.6721311475409837
real_human_humanart_15000000001003.jpg,612,513,1.1929824561403508
real_human_humanart_15000000001004.jpg,408,612,0.6666666666666666
real_human_humanart_15000000001005.jpg,612,408,1.5
real_human_humanart_15000000001008.jpg,612,408,1.5
real_human_humanart_15000000001010.jpg,612,408,1.5
real_human_humanart_15000000001012.jpg,612,457,1.3391684901531729
real_human_humanart_15000000001013.jpg,536,612,0.8758169934640523
real_human_humanart_15000000001015.jpg,612,612,1.0
real_human_humanart_15000000001016.jpg,612,408,1.5
real_human_humanart_15000000001018.jpg,612,408,1.5
real_human_humanart_15000000001019.jpg,484,612,0.7908496732026143
real_human_humanart_15000000001020.jpg,612,408,1.5
real_human_humanart_15000000001021.jpg,612,408,1.5
real_human_humanart_15000000001022.jpg,612,408,1.5
real_human_humanart_15000000001024.jpg,612,483,1.2670807453416149
real_human_humanart_15000000001025.jpg,408,612,0.6666666666666666
real_human_humanart_15000000001026.jpg,612,408,1.5
real_human_humanart_15000000001027.jpg,408,612,0.6666666666666666
real_human_humanart_15000000001029.jpg,612,408,1.5
real_human_humanart_15000000001030.jpg,612,612,1.0
real_human_humanart_15000000001031.jpg,612,344,1.7790697674418605
real_human_humanart_15000000001032.jpg,612,292,2.095890410958904
real_human_humanart_15000000001034.jpg,612,445,1.3752808988764045
real_human_humanart_15000000001035.jpg,612,408,1.5
real_human_humanart_15000000001037.jpg,612,408,1.5
real_human_humanart_15000000001038.jpg,612,357,1.7142857142857142
real_human_humanart_15000000001039.jpg,612,408,1.5
real_human_humanart_15000000001040.jpg,408,612,0.6666666666666666
real_human_humanart_15000000001041.jpg,612,408,1.5
real_human_humanart_15000000001042.jpg,612,408,1.5
real_human_humanart_15000000001043.jpg,612,408,1.5
real_human_humanart_15000000001046.jpg,408,612,0.6666666666666666
real_human_humanart_15000000001047.jpg,612,385,1.5896103896103897
real_human_humanart_15000000001048.jpg,612,408,1.5
real_human_humanart_15000000001049.jpg,612,408,1.5
real_human_humanart_15000000001052.jpg,612,408,1.5
real_human_humanart_15000000001054.jpg,612,415,1.4746987951807229
real_human_humanart_15000000001055.jpg,408,612,0.6666666666666666
real_human_humanart_15000000001056.jpg,408,612,0.6666666666666666
real_human_humanart_15000000001057.jpg,612,383,1.597911227154047
real_human_humanart_15000000001058.jpg,408,612,0.6666666666666666
real_human_humanart_15000000001059.jpg,612,462,1.3246753246753247
real_human_humanart_15000000001060.jpg,408,612,0.6666666666666666
real_human_humanart_15000000001061.jpg,612,405,1.511111111111111
real_human_humanart_15000000001062.jpg,574,612,0.9379084967320261
real_human_humanart_15000000001064.jpg,612,612,1.0
real_human_humanart_15000000001066.jpg,458,612,0.7483660130718954
real_human_humanart_15000000001068.jpg,612,408,1.5
real_human_humanart_15000000001069.jpg,405,612,0.6617647058823529
real_human_humanart_15000000001070.jpg,612,408,1.5
real_human_humanart_15000000001071.jpg,612,408,1.5
real_human_humanart_15000000001073.jpg,612,415,1.4746987951807229
real_human_humanart_15000000001074.jpg,612,408,1.5
real_human_humanart_15000000001075.jpg,612,408,1.5
real_human_humanart_15000000001076.jpg,612,408,1.5
real_human_humanart_15000000001077.jpg,612,387,1.5813953488372092
real_human_humanart_15000000001078.jpg,512,612,0.8366013071895425
real_human_humanart_15000000001079.jpg,408,612,0.6666666666666666
real_human_humanart_15000000001080.jpg,612,408,1.5
real_human_humanart_15000000001083.jpg,612,408,1.5
real_human_humanart_15000000001084.jpg,612,408,1.5
real_human_humanart_15000000001085.jpg,612,408,1.5
real_human_humanart_15000000001090.jpg,612,453,1.3509933774834437
real_human_humanart_15000000001091.jpg,612,408,1.5
real_human_humanart_15000000001092.jpg,455,612,0.7434640522875817
real_human_humanart_15000000001093.jpg,612,408,1.5
real_human_humanart_15000000001094.jpg,612,409,1.4963325183374083
real_human_humanart_15000000001095.jpg,612,408,1.5
real_human_humanart_15000000001096.jpg,612,408,1.5
real_human_humanart_15000000001097.jpg,612,408,1.5
real_human_humanart_15000000001099.jpg,612,408,1.5
real_human_humanart_15000000001102.jpg,612,612,1.0
real_human_humanart_15000000001103.jpg,612,408,1.5
real_human_humanart_15000000001104.jpg,612,408,1.5
real_human_humanart_15000000001105.jpg,408,612,0.6666666666666666
real_human_humanart_15000000001107.jpg,612,408,1.5
real_human_humanart_15000000001110.jpg,612,353,1.7337110481586402
real_human_humanart_15000000001111.jpg,612,408,1.5
real_human_humanart_15000000001112.jpg,536,612,0.8758169934640523
real_human_humanart_15000000001113.jpg,612,408,1.5
real_human_humanart_15000000001114.jpg,612,408,1.5
real_human_humanart_15000000001115.jpg,612,454,1.3480176211453745
real_human_humanart_15000000001116.jpg,407,612,0.6650326797385621
real_human_humanart_15000000001117.jpg,612,374,1.6363636363636365
real_human_humanart_15000000001118.jpg,612,408,1.5
real_human_humanart_15000000001119.jpg,612,344,1.7790697674418605
real_human_humanart_15000000001121.jpg,612,408,1.5
real_human_humanart_15000000001123.jpg,437,612,0.7140522875816994
real_human_humanart_15000000001124.jpg,612,408,1.5
real_human_humanart_15000000001125.jpg,612,408,1.5
real_human_humanart_15000000001126.jpg,408,612,0.6666666666666666
real_human_humanart_15000000001127.jpg,408,612,0.6666666666666666
real_human_humanart_15000000001129.jpg,612,408,1.5
real_human_humanart_15000000001130.jpg,612,408,1.5
real_human_humanart_15000000001131.jpg,612,408,1.5
real_human_humanart_15000000001132.jpg,612,408,1.5
real_human_humanart_15000000001133.jpg,612,502,1.2191235059760956
real_human_humanart_15000000001134.jpg,612,408,1.5
real_human_humanart_15000000001137.jpg,408,612,0.6666666666666666
real_human_humanart_15000000001138.jpg,612,408,1.5
real_human_humanart_15000000001139.jpg,612,479,1.2776617954070981
real_human_humanart_15000000001140.jpg,612,408,1.5
real_human_humanart_15000000001142.jpg,612,408,1.5
real_human_humanart_15000000001143.jpg,612,370,1.654054054054054
real_human_humanart_15000000001144.jpg,612,408,1.5
real_human_humanart_15000000001145.jpg,612,421,1.4536817102137767
real_human_humanart_15000000001146.jpg,408,612,0.6666666666666666
real_human_humanart_15000000001147.jpg,612,408,1.5
real_human_humanart_15000000001148.jpg,612,409,1.4963325183374083
real_human_humanart_15000000001151.jpg,612,408,1.5
real_human_humanart_15000000001153.jpg,612,437,1.40045766590389
real_human_humanart_15000000001154.jpg,408,612,0.6666666666666666
real_human_humanart_15000000001155.jpg,612,393,1.5572519083969465
real_human_humanart_15000000001156.jpg,612,408,1.5
real_human_humanart_15000000001157.jpg,408,612,0.6666666666666666
real_human_humanart_15000000001158.jpg,457,612,0.7467320261437909
real_human_humanart_15000000001160.jpg,408,612,0.6666666666666666
real_human_humanart_15000000001161.jpg,612,306,2.0
real_human_humanart_15000000001163.jpg,612,408,1.5
real_human_humanart_15000000001164.jpg,439,612,0.7173202614379085
real_human_humanart_15000000001165.jpg,612,459,1.3333333333333333
real_human_humanart_15000000001167.jpg,612,408,1.5
real_human_humanart_15000000001168.jpg,612,408,1.5
real_human_humanart_15000000001169.jpg,612,306,2.0
real_human_humanart_15000000001174.jpg,612,409,1.4963325183374083
real_human_humanart_15000000001175.jpg,612,408,1.5
real_human_humanart_15000000001176.jpg,612,408,1.5
real_human_humanart_15000000001177.jpg,612,408,1.5
real_human_humanart_15000000001178.jpg,612,408,1.5
real_human_humanart_15000000001180.jpg,612,408,1.5
real_human_humanart_15000000001181.jpg,408,612,0.6666666666666666
real_human_humanart_15000000001183.jpg,612,408,1.5
real_human_humanart_15000000001184.jpg,612,408,1.5
real_human_humanart_15000000001185.jpg,612,408,1.5
real_human_humanart_15000000001186.jpg,607,612,0.9918300653594772
real_human_humanart_15000000001187.jpg,408,612,0.6666666666666666
real_human_humanart_15000000001188.jpg,612,612,1.0
real_human_humanart_15000000001189.jpg,612,408,1.5
real_human_humanart_15000000001190.jpg,612,408,1.5
real_human_humanart_15000000001191.jpg,612,408,1.5
real_human_humanart_15000000001194.jpg,445,612,0.7271241830065359
real_human_humanart_15000000001198.jpg,413,612,0.6748366013071896
real_human_humanart_15000000001199.jpg,612,612,1.0
real_human_humanart_15000000001200.jpg,612,408,1.5
real_human_humanart_15000000001202.jpg,409,612,0.6683006535947712
real_human_humanart_15000000001204.jpg,450,612,0.7352941176470589
real_human_humanart_15000000001208.jpg,612,381,1.6062992125984252
real_human_humanart_15000000001209.jpg,612,408,1.5
real_human_humanart_15000000001210.jpg,408,612,0.6666666666666666
real_human_humanart_15000000001212.jpg,612,612,1.0
real_human_humanart_15000000001213.jpg,410,612,0.6699346405228758
real_human_humanart_15000000001214.jpg,612,457,1.3391684901531729
real_human_humanart_15000000001215.jpg,612,408,1.5
real_human_humanart_15000000001216.jpg,612,408,1.5
real_human_humanart_15000000001217.jpg,612,408,1.5
real_human_humanart_15000000001218.jpg,494,612,0.8071895424836601
real_human_humanart_15000000001219.jpg,408,612,0.6666666666666666
real_human_humanart_15000000001222.jpg,612,408,1.5
real_human_humanart_15000000001223.jpg,612,408,1.5
real_human_humanart_15000000001225.jpg,612,454,1.3480176211453745
real_human_humanart_15000000001226.jpg,612,408,1.5
real_human_humanart_15000000001227.jpg,612,408,1.5
real_human_humanart_15000000001228.jpg,604,612,0.9869281045751634
real_human_humanart_15000000001229.jpg,495,612,0.8088235294117647
real_human_humanart_15000000001230.jpg,612,408,1.5
real_human_humanart_15000000001231.jpg,457,612,0.7467320261437909
real_human_humanart_15000000001232.jpg,408,612,0.6666666666666666
real_human_humanart_15000000001233.jpg,612,408,1.5
real_human_humanart_15000000001234.jpg,612,408,1.5
real_human_humanart_15000000001235.jpg,419,612,0.684640522875817
real_human_humanart_15000000001236.jpg,454,612,0.7418300653594772
real_human_humanart_15000000001237.jpg,612,344,1.7790697674418605
real_human_humanart_15000000001238.jpg,612,415,1.4746987951807229
real_human_humanart_15000000001239.jpg,612,408,1.5
real_human_humanart_15000000001242.jpg,408,612,0.6666666666666666
real_human_humanart_15000000001245.jpg,612,404,1.5148514851485149
real_human_humanart_15000000001246.jpg,612,408,1.5
real_human_humanart_15000000001247.jpg,612,408,1.5
real_human_humanart_15000000001249.jpg,408,612,0.6666666666666666
real_human_humanart_15000000001251.jpg,612,408,1.5
real_human_humanart_15000000001252.jpg,612,408,1.5
real_human_humanart_15000000001253.jpg,410,612,0.6699346405228758
real_human_humanart_15000000001254.jpg,408,612,0.6666666666666666
real_human_humanart_15000000001255.jpg,612,408,1.5
real_human_humanart_15000000001256.jpg,612,408,1.5
real_human_humanart_15000000001257.jpg,612,424,1.4433962264150944
real_human_humanart_15000000001258.jpg,408,612,0.6666666666666666
real_human_humanart_15000000001259.jpg,612,408,1.5
real_human_humanart_15000000001263.jpg,612,408,1.5
real_human_humanart_15000000001264.jpg,612,408,1.5
real_human_humanart_15000000001265.jpg,408,612,0.6666666666666666
real_human_humanart_15000000001267.jpg,612,408,1.5
real_human_humanart_15000000001268.jpg,390,612,0.6372549019607843
real_human_humanart_15000000001269.jpg,612,408,1.5
real_human_humanart_15000000001270.jpg,612,408,1.5
real_human_humanart_15000000001271.jpg,612,408,1.5
real_human_humanart_15000000001272.jpg,612,612,1.0
real_human_humanart_15000000001273.jpg,408,612,0.6666666666666666
real_human_humanart_15000000001274.jpg,612,408,1.5
real_human_humanart_15000000001275.jpg,612,416,1.4711538461538463
real_human_humanart_15000000001277.jpg,408,612,0.6666666666666666
real_human_humanart_15000000001278.jpg,408,612,0.6666666666666666
real_human_humanart_15000000001279.jpg,612,408,1.5
real_human_humanart_15000000001280.jpg,612,408,1.5
real_human_humanart_15000000001282.jpg,612,408,1.5
real_human_humanart_15000000001283.jpg,611,612,0.9983660130718954
real_human_humanart_15000000001284.jpg,612,408,1.5
real_human_humanart_15000000001285.jpg,397,612,0.6486928104575164
real_human_humanart_15000000001286.jpg,612,408,1.5
real_human_humanart_15000000001290.jpg,444,612,0.7254901960784313
real_human_humanart_15000000001292.jpg,612,408,1.5
real_human_humanart_15000000001293.jpg,612,408,1.5
real_human_humanart_15000000001295.jpg,384,612,0.6274509803921569
real_human_humanart_15000000001297.jpg,612,408,1.5
real_human_humanart_15000000001298.jpg,612,408,1.5
real_human_humanart_15000000001299.jpg,612,429,1.4265734265734267
real_human_humanart_15000000001300.jpg,612,408,1.5
real_human_humanart_15000000001302.jpg,612,612,1.0
real_human_humanart_15000000001303.jpg,612,431,1.419953596287703
real_human_humanart_15000000001304.jpg,490,612,0.8006535947712419
real_human_humanart_15000000001306.jpg,612,323,1.894736842105263
real_human_humanart_15000000001308.jpg,612,408,1.5
real_human_humanart_15000000001310.jpg,408,612,0.6666666666666666
real_human_humanart_15000000001311.jpg,612,408,1.5
real_human_humanart_15000000001312.jpg,612,408,1.5
real_human_humanart_15000000001313.jpg,408,612,0.6666666666666666
real_human_humanart_15000000001314.jpg,612,408,1.5
real_human_humanart_15000000001316.jpg,612,408,1.5
real_human_humanart_15000000001317.jpg,612,408,1.5
real_human_humanart_15000000001318.jpg,612,407,1.5036855036855037
real_human_humanart_15000000001319.jpg,612,408,1.5
real_human_humanart_15000000001320.jpg,612,408,1.5
real_human_humanart_15000000001321.jpg,612,408,1.5
real_human_humanart_15000000001323.jpg,408,612,0.6666666666666666
real_human_humanart_15000000001326.jpg,408,612,0.6666666666666666
real_human_humanart_15000000001327.jpg,612,408,1.5
real_human_humanart_15000000001328.jpg,612,408,1.5
real_human_humanart_15000000001329.jpg,408,612,0.6666666666666666
real_human_humanart_15000000001330.jpg,612,437,1.40045766590389
real_human_humanart_15000000001331.jpg,408,612,0.6666666666666666
real_human_humanart_15000000001333.jpg,612,408,1.5
real_human_humanart_15000000001335.jpg,463,612,0.7565359477124183
real_human_humanart_15000000001336.jpg,408,612,0.6666666666666666
real_human_humanart_15000000001338.jpg,612,408,1.5
real_human_humanart_15000000001340.jpg,474,612,0.7745098039215687
real_human_humanart_15000000001341.jpg,408,612,0.6666666666666666
real_human_humanart_15000000001343.jpg,408,612,0.6666666666666666
real_human_humanart_15000000001344.jpg,612,408,1.5
real_human_humanart_15000000001345.jpg,612,408,1.5
real_human_humanart_15000000001346.jpg,612,408,1.5
real_human_humanart_15000000001347.jpg,612,408,1.5
real_human_humanart_15000000001348.jpg,440,612,0.7189542483660131
real_human_humanart_15000000001349.jpg,612,408,1.5
real_human_humanart_15000000001351.jpg,612,503,1.216699801192843
real_human_humanart_15000000001352.jpg,612,408,1.5
real_human_humanart_15000000001353.jpg,612,408,1.5
real_human_humanart_15000000001355.jpg,612,372,1.6451612903225807
real_human_humanart_15000000001357.jpg,408,612,0.6666666666666666
real_human_humanart_15000000001358.jpg,612,403,1.5186104218362282
real_human_humanart_15000000001359.jpg,612,459,1.3333333333333333
real_human_humanart_15000000001360.jpg,408,612,0.6666666666666666
real_human_humanart_15000000001361.jpg,612,408,1.5
real_human_humanart_15000000001363.jpg,612,453,1.3509933774834437
real_human_humanart_15000000001364.jpg,612,459,1.3333333333333333
real_human_humanart_15000000001366.jpg,612,408,1.5
real_human_humanart_15000000001369.jpg,612,408,1.5
real_human_humanart_15000000001371.jpg,612,408,1.5
real_human_humanart_15000000001372.jpg,418,612,0.6830065359477124
real_human_humanart_15000000001373.jpg,408,612,0.6666666666666666
real_human_humanart_15000000001374.jpg,612,408,1.5
real_human_humanart_15000000001375.jpg,612,612,1.0
real_human_humanart_15000000001376.jpg,408,612,0.6666666666666666
real_human_humanart_15000000001377.jpg,454,612,0.7418300653594772
real_human_humanart_15000000001378.jpg,408,612,0.6666666666666666
real_human_humanart_15000000001379.jpg,408,612,0.6666666666666666
real_human_humanart_15000000001382.jpg,408,612,0.6666666666666666
real_human_humanart_15000000001385.jpg,612,408,1.5
real_human_humanart_15000000001386.jpg,418,612,0.6830065359477124
real_human_humanart_15000000001387.jpg,453,612,0.7401960784313726
real_human_humanart_15000000001394.jpg,510,612,0.8333333333333334
real_human_humanart_15000000001395.jpg,517,612,0.8447712418300654
real_human_humanart_15000000001396.jpg,612,408,1.5
real_human_humanart_15000000001397.jpg,612,408,1.5
real_human_humanart_15000000001398.jpg,408,612,0.6666666666666666
real_human_humanart_15000000001399.jpg,474,612,0.7745098039215687
real_human_humanart_15000000001401.jpg,612,408,1.5
real_human_humanart_15000000001402.jpg,612,408,1.5
real_human_humanart_15000000001403.jpg,612,408,1.5
real_human_humanart_15000000001404.jpg,612,408,1.5
real_human_humanart_15000000001405.jpg,612,408,1.5
real_human_humanart_15000000001406.jpg,408,612,0.6666666666666666
real_human_humanart_15000000001407.jpg,612,553,1.1066907775768535
real_human_humanart_15000000001408.jpg,517,612,0.8447712418300654
real_human_humanart_15000000001411.jpg,459,612,0.75
real_human_humanart_15000000001414.jpg,612,392,1.5612244897959184
real_human_humanart_15000000001415.jpg,408,612,0.6666666666666666
real_human_humanart_15000000001416.jpg,408,612,0.6666666666666666
real_human_humanart_15000000001417.jpg,612,612,1.0
real_human_humanart_15000000001418.jpg,408,612,0.6666666666666666
real_human_humanart_15000000001419.jpg,612,389,1.5732647814910026
real_human_humanart_15000000001420.jpg,408,612,0.6666666666666666
real_human_humanart_15000000001421.jpg,612,408,1.5
real_human_humanart_15000000001422.jpg,408,612,0.6666666666666666
real_human_humanart_15000000001423.jpg,612,408,1.5
real_human_humanart_15000000001424.jpg,612,274,2.2335766423357666
real_human_humanart_15000000001425.jpg,612,408,1.5
real_human_humanart_15000000001426.jpg,612,424,1.4433962264150944
real_human_humanart_15000000001429.jpg,612,408,1.5
real_human_humanart_15000000001430.jpg,612,408,1.5
real_human_humanart_15000000001431.jpg,408,612,0.6666666666666666
real_human_humanart_15000000001432.jpg,612,408,1.5
real_human_humanart_15000000001434.jpg,408,612,0.6666666666666666
real_human_humanart_15000000001435.jpg,612,408,1.5
real_human_humanart_15000000001437.jpg,612,408,1.5
real_human_humanart_15000000001438.jpg,612,408,1.5
real_human_humanart_15000000001441.jpg,612,408,1.5
real_human_humanart_15000000001442.jpg,438,612,0.7156862745098039
real_human_humanart_15000000001444.jpg,612,408,1.5
real_human_humanart_15000000001445.jpg,612,612,1.0
real_human_humanart_15000000001446.jpg,612,444,1.3783783783783783
real_human_humanart_15000000001448.jpg,408,612,0.6666666666666666
real_human_humanart_15000000001449.jpg,612,408,1.5
real_human_humanart_15000000001450.jpg,612,408,1.5
real_human_humanart_15000000001451.jpg,612,372,1.6451612903225807
real_human_humanart_15000000001452.jpg,431,612,0.704248366013072
real_human_humanart_15000000001456.jpg,612,612,1.0
real_human_humanart_15000000001457.jpg,612,408,1.5
real_human_humanart_15000000001458.jpg,408,612,0.6666666666666666
real_human_humanart_15000000001459.jpg,612,344,1.7790697674418605
real_human_humanart_15000000001460.jpg,406,612,0.6633986928104575
real_human_humanart_15000000001463.jpg,612,408,1.5
real_human_humanart_15000000001464.jpg,612,408,1.5
real_human_humanart_15000000001466.jpg,612,408,1.5
real_human_humanart_15000000001467.jpg,408,612,0.6666666666666666
real_human_humanart_15000000001468.jpg,612,340,1.8
real_human_humanart_15000000001469.jpg,525,612,0.8578431372549019
real_human_humanart_15000000001470.jpg,398,612,0.6503267973856209
real_human_humanart_15000000001471.jpg,612,408,1.5
real_human_humanart_15000000001472.jpg,612,408,1.5
real_human_humanart_15000000001473.jpg,612,408,1.5
real_human_humanart_15000000001474.jpg,612,408,1.5
real_human_humanart_15000000001475.jpg,612,408,1.5
real_human_humanart_15000000001476.jpg,612,331,1.848942598187311
real_human_humanart_15000000001478.jpg,612,437,1.40045766590389
real_human_humanart_15000000001479.jpg,612,408,1.5
real_human_humanart_15000000001481.jpg,612,386,1.5854922279792747
real_human_humanart_15000000001482.jpg,612,408,1.5
real_human_humanart_15000000001484.jpg,612,408,1.5
real_human_humanart_15000000001485.jpg,408,612,0.6666666666666666
real_human_humanart_15000000001486.jpg,408,612,0.6666666666666666
real_human_humanart_15000000001487.jpg,612,458,1.3362445414847162
real_human_humanart_15000000001488.jpg,612,458,1.3362445414847162
real_human_humanart_15000000001489.jpg,612,355,1.723943661971831
real_human_humanart_15000000001490.jpg,612,418,1.4641148325358853
real_human_humanart_15000000001492.jpg,612,408,1.5
real_human_humanart_15000000001493.jpg,458,612,0.7483660130718954
real_human_humanart_15000000001494.jpg,612,514,1.1906614785992218
real_human_humanart_15000000001495.jpg,612,408,1.5
real_human_humanart_15000000001496.jpg,408,612,0.6666666666666666
real_human_humanart_15000000001497.jpg,612,408,1.5
real_human_humanart_15000000001498.jpg,407,612,0.6650326797385621
real_human_humanart_15000000001500.jpg,408,612,0.6666666666666666
real_human_humanart_15000000001502.jpg,612,408,1.5
real_human_humanart_15000000001503.jpg,612,612,1.0
real_human_humanart_15000000001505.jpg,408,612,0.6666666666666666
real_human_humanart_15000000001506.jpg,612,408,1.5
real_human_humanart_15000000001507.jpg,612,408,1.5
real_human_humanart_15000000001509.jpg,612,408,1.5
real_human_humanart_15000000001510.jpg,612,612,1.0
real_human_humanart_15000000001511.jpg,459,612,0.75
real_human_humanart_15000000001512.jpg,612,408,1.5
real_human_humanart_15000000001513.jpg,612,408,1.5
real_human_humanart_15000000001514.jpg,612,467,1.310492505353319
real_human_humanart_15000000001517.jpg,408,612,0.6666666666666666
real_human_humanart_15000000001519.jpg,612,408,1.5
real_human_humanart_15000000001520.jpg,612,408,1.5
real_human_humanart_15000000001521.jpg,612,408,1.5
real_human_humanart_15000000001522.jpg,612,417,1.4676258992805755
real_human_humanart_15000000001523.jpg,612,410,1.4926829268292683
real_human_humanart_15000000001524.jpg,408,612,0.6666666666666666
real_human_humanart_15000000001526.jpg,612,343,1.784256559766764
real_human_humanart_15000000001527.jpg,612,470,1.3021276595744682
real_human_humanart_15000000001528.jpg,612,459,1.3333333333333333
real_human_humanart_15000000001529.jpg,459,612,0.75
real_human_humanart_15000000001530.jpg,612,408,1.5
real_human_humanart_15000000001531.jpg,612,407,1.5036855036855037
real_human_humanart_15000000001532.jpg,612,408,1.5
real_human_humanart_15000000001533.jpg,612,436,1.4036697247706422
real_human_humanart_15000000001534.jpg,612,408,1.5
real_human_humanart_15000000001535.jpg,612,459,1.3333333333333333
real_human_humanart_15000000001536.jpg,459,612,0.75
real_human_humanart_15000000001537.jpg,408,612,0.6666666666666666
real_human_humanart_15000000001538.jpg,408,612,0.6666666666666666
real_human_humanart_15000000001539.jpg,408,612,0.6666666666666666
real_human_humanart_15000000001540.jpg,612,408,1.5
real_human_humanart_15000000001541.jpg,612,408,1.5
real_human_humanart_15000000001543.jpg,408,612,0.6666666666666666
real_human_humanart_15000000001545.jpg,408,612,0.6666666666666666
real_human_humanart_15000000001546.jpg,612,408,1.5
real_human_humanart_15000000001547.jpg,408,612,0.6666666666666666
real_human_humanart_15000000001548.jpg,612,408,1.5
real_human_humanart_15000000001552.jpg,612,267,2.292134831460674
real_human_humanart_15000000001553.jpg,612,291,2.1030927835051547
real_human_humanart_15000000001554.jpg,612,408,1.5
real_human_humanart_15000000001555.jpg,612,408,1.5
real_human_humanart_15000000001556.jpg,612,408,1.5
real_human_humanart_15000000001558.jpg,612,410,1.4926829268292683
real_human_humanart_15000000001559.jpg,612,408,1.5
real_human_humanart_15000000001561.jpg,612,490,1.2489795918367348
real_human_humanart_15000000001562.jpg,408,612,0.6666666666666666
real_human_humanart_15000000001563.jpg,612,408,1.5
real_human_humanart_15000000001565.jpg,612,408,1.5
real_human_humanart_15000000001567.jpg,612,408,1.5
real_human_humanart_15000000001568.jpg,408,612,0.6666666666666666
real_human_humanart_15000000001569.jpg,612,408,1.5
real_human_humanart_15000000001570.jpg,612,408,1.5
real_human_humanart_15000000001572.jpg,612,408,1.5
real_human_humanart_15000000001577.jpg,442,612,0.7222222222222222
real_human_humanart_15000000001579.jpg,612,408,1.5
real_human_humanart_15000000001580.jpg,612,408,1.5
real_human_humanart_15000000001581.jpg,409,612,0.6683006535947712
real_human_humanart_15000000001582.jpg,612,408,1.5
real_human_humanart_15000000001583.jpg,408,612,0.6666666666666666
real_human_humanart_15000000001585.jpg,612,420,1.457142857142857
real_human_humanart_15000000001586.jpg,612,408,1.5
real_human_humanart_15000000001587.jpg,612,458,1.3362445414847162
real_human_humanart_15000000001588.jpg,612,408,1.5
real_human_humanart_15000000001589.jpg,612,408,1.5
real_human_humanart_15000000001590.jpg,408,612,0.6666666666666666
real_human_humanart_15000000001591.jpg,612,459,1.3333333333333333
real_human_humanart_15000000001592.jpg,430,612,0.7026143790849673
real_human_humanart_15000000001593.jpg,612,408,1.5
real_human_humanart_15000000001596.jpg,408,612,0.6666666666666666
real_human_humanart_15000000001597.jpg,390,612,0.6372549019607843
real_human_humanart_15000000001598.jpg,612,408,1.5
real_human_humanart_15000000001599.jpg,612,408,1.5
real_human_humanart_15000000001600.jpg,612,349,1.7535816618911175
real_human_humanart_15000000001602.jpg,612,407,1.5036855036855037
real_human_humanart_15000000001603.jpg,478,612,0.7810457516339869
real_human_humanart_15000000001604.jpg,408,612,0.6666666666666666
real_human_humanart_15000000001605.jpg,612,410,1.4926829268292683
real_human_humanart_15000000001606.jpg,612,404,1.5148514851485149
real_human_humanart_15000000001607.jpg,612,408,1.5
real_human_humanart_15000000001608.jpg,612,408,1.5
real_human_humanart_15000000001609.jpg,612,408,1.5
real_human_humanart_15000000001610.jpg,612,419,1.4606205250596658
real_human_humanart_15000000001611.jpg,408,612,0.6666666666666666
real_human_humanart_15000000001612.jpg,612,408,1.5
real_human_humanart_15000000001613.jpg,612,408,1.5
real_human_humanart_15000000001614.jpg,405,612,0.6617647058823529
real_human_humanart_15000000001617.jpg,405,612,0.6617647058823529
real_human_humanart_15000000001620.jpg,612,605,1.0115702479338844
real_human_humanart_15000000001622.jpg,475,612,0.7761437908496732
real_human_humanart_15000000001625.jpg,612,408,1.5
real_human_humanart_15000000001626.jpg,612,408,1.5
real_human_humanart_15000000001628.jpg,408,612,0.6666666666666666
real_human_humanart_15000000001630.jpg,612,408,1.5
real_human_humanart_15000000001632.jpg,490,612,0.8006535947712419
real_human_humanart_15000000001633.jpg,612,408,1.5
real_human_humanart_15000000001635.jpg,612,408,1.5
real_human_humanart_15000000001638.jpg,408,612,0.6666666666666666
real_human_humanart_15000000001639.jpg,408,612,0.6666666666666666
real_human_humanart_15000000001640.jpg,612,408,1.5
real_human_humanart_15000000001641.jpg,408,612,0.6666666666666666
real_human_humanart_15000000001642.jpg,612,394,1.5532994923857868
real_human_humanart_15000000001644.jpg,575,612,0.9395424836601307
real_human_humanart_15000000001645.jpg,612,408,1.5
real_human_humanart_15000000001646.jpg,457,612,0.7467320261437909
real_human_humanart_15000000001647.jpg,612,408,1.5
real_human_humanart_15000000001648.jpg,473,612,0.7728758169934641
real_human_humanart_15000000001649.jpg,415,612,0.6781045751633987
real_human_humanart_15000000001650.jpg,612,408,1.5
real_human_humanart_15000000001651.jpg,612,323,1.894736842105263
real_human_humanart_15000000001652.jpg,612,408,1.5
real_human_humanart_15000000001654.jpg,612,408,1.5
real_human_humanart_15000000001655.jpg,612,379,1.6147757255936674
real_human_humanart_15000000001656.jpg,612,408,1.5
real_human_humanart_15000000001657.jpg,382,612,0.6241830065359477
real_human_humanart_15000000001659.jpg,408,612,0.6666666666666666
real_human_humanart_15000000001660.jpg,612,408,1.5
real_human_humanart_15000000001661.jpg,531,612,0.8676470588235294
real_human_humanart_15000000001662.jpg,612,408,1.5
real_human_humanart_15000000001663.jpg,398,612,0.6503267973856209
real_human_humanart_15000000001664.jpg,408,612,0.6666666666666666
real_human_humanart_15000000001666.jpg,408,612,0.6666666666666666
real_human_humanart_15000000001667.jpg,407,612,0.6650326797385621
real_human_humanart_15000000001668.jpg,408,612,0.6666666666666666
real_human_humanart_15000000001669.jpg,612,459,1.3333333333333333
real_human_humanart_15000000001671.jpg,408,612,0.6666666666666666
real_human_humanart_15000000001672.jpg,423,612,0.6911764705882353
real_human_humanart_15000000001673.jpg,612,408,1.5
real_human_humanart_15000000001676.jpg,408,612,0.6666666666666666
real_human_humanart_15000000001678.jpg,612,441,1.3877551020408163
real_human_humanart_15000000001681.jpg,612,612,1.0
real_human_humanart_15000000001683.jpg,408,612,0.6666666666666666
real_human_humanart_15000000001684.jpg,612,408,1.5
real_human_humanart_15000000001685.jpg,612,408,1.5
real_human_humanart_15000000001686.jpg,612,409,1.4963325183374083
real_human_humanart_15000000001689.jpg,408,612,0.6666666666666666
real_human_humanart_15000000001691.jpg,408,612,0.6666666666666666
real_human_humanart_15000000001692.jpg,408,612,0.6666666666666666
real_human_humanart_15000000001694.jpg,417,612,0.6813725490196079
real_human_humanart_15000000001695.jpg,612,408,1.5
real_human_humanart_15000000001696.jpg,408,612,0.6666666666666666
real_human_humanart_15000000001697.jpg,612,408,1.5
real_human_humanart_15000000001698.jpg,459,612,0.75
real_human_humanart_15000000001699.jpg,612,408,1.5
real_human_humanart_15000000001701.jpg,408,612,0.6666666666666666
real_human_humanart_15000000001702.jpg,612,454,1.3480176211453745
real_human_humanart_15000000001703.jpg,612,418,1.4641148325358853
real_human_humanart_15000000001704.jpg,612,408,1.5
real_human_humanart_15000000001707.jpg,612,408,1.5
real_human_humanart_15000000001708.jpg,612,408,1.5
real_human_humanart_15000000001711.jpg,612,592,1.0337837837837838
real_human_humanart_15000000001713.jpg,612,408,1.5
real_human_humanart_15000000001715.jpg,407,612,0.6650326797385621
real_human_humanart_15000000001716.jpg,612,459,1.3333333333333333
real_human_humanart_15000000001717.jpg,612,407,1.5036855036855037
real_human_humanart_15000000001718.jpg,612,419,1.4606205250596658
real_human_humanart_15000000001722.jpg,612,408,1.5
real_human_humanart_15000000001723.jpg,612,408,1.5
real_human_humanart_15000000001725.jpg,612,408,1.5
real_human_humanart_15000000001726.jpg,612,408,1.5
real_human_humanart_15000000001727.jpg,612,408,1.5
real_human_humanart_15000000001729.jpg,408,612,0.6666666666666666
real_human_humanart_15000000001730.jpg,612,408,1.5
real_human_humanart_15000000001731.jpg,612,612,1.0
real_human_humanart_15000000001732.jpg,612,408,1.5
real_human_humanart_15000000001733.jpg,612,408,1.5
real_human_humanart_15000000001735.jpg,405,612,0.6617647058823529
real_human_humanart_15000000001736.jpg,612,578,1.0588235294117647
real_human_humanart_15000000001737.jpg,612,408,1.5
real_human_humanart_15000000001738.jpg,612,408,1.5
real_human_humanart_15000000001739.jpg,612,408,1.5
real_human_humanart_15000000001740.jpg,612,408,1.5
real_human_humanart_15000000001741.jpg,389,612,0.6356209150326797
real_human_humanart_15000000001743.jpg,484,612,0.7908496732026143
real_human_humanart_15000000001744.jpg,612,408,1.5
real_human_humanart_15000000001746.jpg,612,408,1.5
real_human_humanart_15000000001747.jpg,408,612,0.6666666666666666
real_human_humanart_15000000001748.jpg,612,408,1.5
real_human_humanart_15000000001749.jpg,612,457,1.3391684901531729
real_human_humanart_15000000001752.jpg,612,408,1.5
real_human_humanart_15000000001753.jpg,408,612,0.6666666666666666
real_human_humanart_15000000001755.jpg,459,612,0.75
real_human_humanart_15000000001756.jpg,408,612,0.6666666666666666
real_human_humanart_15000000001757.jpg,612,408,1.5
real_human_humanart_15000000001758.jpg,612,458,1.3362445414847162
real_human_humanart_15000000001759.jpg,612,612,1.0
real_human_humanart_15000000001760.jpg,408,612,0.6666666666666666
real_human_humanart_15000000001761.jpg,612,408,1.5
real_human_humanart_15000000001762.jpg,459,612,0.75
real_human_humanart_15000000001764.jpg,612,408,1.5
real_human_humanart_15000000001765.jpg,408,612,0.6666666666666666
real_human_humanart_15000000001767.jpg,408,612,0.6666666666666666
real_human_humanart_15000000001769.jpg,490,612,0.8006535947712419
real_human_humanart_15000000001770.jpg,612,459,1.3333333333333333
real_human_humanart_15000000001771.jpg,612,407,1.5036855036855037
real_human_humanart_15000000001772.jpg,576,612,0.9411764705882353
real_human_humanart_15000000001773.jpg,612,407,1.5036855036855037
real_human_humanart_15000000001774.jpg,408,612,0.6666666666666666
real_human_humanart_15000000001775.jpg,612,437,1.40045766590389
real_human_humanart_15000000001776.jpg,612,408,1.5
real_human_humanart_15000000001780.jpg,408,612,0.6666666666666666
real_human_humanart_15000000001781.jpg,612,408,1.5
real_human_humanart_15000000001782.jpg,612,408,1.5
real_human_humanart_15000000001784.jpg,612,408,1.5
real_human_humanart_15000000001785.jpg,408,612,0.6666666666666666
real_human_humanart_15000000001786.jpg,612,408,1.5
real_human_humanart_15000000001787.jpg,612,417,1.4676258992805755
real_human_humanart_15000000001788.jpg,612,408,1.5
real_human_humanart_15000000001790.jpg,612,408,1.5
real_human_humanart_15000000001791.jpg,566,612,0.9248366013071896
real_human_humanart_15000000001792.jpg,408,612,0.6666666666666666
real_human_humanart_15000000001793.jpg,612,407,1.5036855036855037
real_human_humanart_15000000001794.jpg,612,611,1.0016366612111294
real_human_humanart_15000000001795.jpg,612,408,1.5
real_human_humanart_15000000001796.jpg,612,408,1.5
real_human_humanart_15000000001797.jpg,612,408,1.5
real_human_humanart_15000000001799.jpg,502,612,0.8202614379084967
real_human_humanart_15000000001800.jpg,476,612,0.7777777777777778
real_human_humanart_15000000001801.jpg,408,612,0.6666666666666666
real_human_humanart_15000000001803.jpg,459,612,0.75
real_human_humanart_15000000001804.jpg,612,409,1.4963325183374083
real_human_humanart_15000000001805.jpg,2296,3444,0.6666666666666666
real_human_humanart_15000000001807.jpg,3331,1785,1.8661064425770308
real_human_humanart_15000000001808.jpg,3138,2752,1.1402616279069768
real_human_humanart_15000000001809.jpg,2538,2758,0.9202320522117476
real_human_humanart_15000000001810.jpg,4232,3536,1.1968325791855203
real_human_humanart_15000000001811.jpg,2519,3331,0.7562293605523867
real_human_humanart_15000000001813.jpg,715,1080,0.6620370370370371
real_human_humanart_15000000001814.jpg,5184,3456,1.5
real_human_humanart_15000000001817.jpg,2976,4440,0.6702702702702703
real_human_humanart_15000000001818.jpg,361,592,0.6097972972972973
real_human_humanart_15000000001820.jpg,3456,3831,0.9021143304620204
real_human_humanart_15000000001821.jpg,2735,4420,0.6187782805429864
real_human_humanart_15000000001823.jpg,647,859,0.7532013969732246
real_human_humanart_15000000001824.jpg,3295,1769,1.8626342566421707
real_human_humanart_15000000001826.jpg,4824,3216,1.5
real_human_humanart_15000000001829.jpg,5184,3456,1.5
real_human_humanart_15000000001831.jpg,2486,3729,0.6666666666666666
real_human_humanart_15000000001832.jpg,2656,3984,0.6666666666666666
real_human_humanart_15000000001833.jpg,2271,3406,0.6667645331767469
real_human_humanart_15000000001834.jpg,2447,3670,0.6667574931880109
real_human_humanart_15000000001835.jpg,2050,3076,0.6664499349804941
real_human_humanart_15000000001837.jpg,2685,4028,0.666583912611718
real_human_humanart_15000000001838.jpg,3168,4752,0.6666666666666666
real_human_humanart_15000000001839.jpg,3399,5099,0.6666012943714453
real_human_humanart_15000000001841.jpg,3015,4522,0.6667403803626714
real_human_humanart_15000000001842.jpg,2363,2421,0.9760429574555969
real_human_humanart_15000000001845.jpg,575,700,0.8214285714285714
real_human_humanart_15000000001846.jpg,3007,4510,0.6667405764966741
real_human_humanart_15000000001848.jpg,3438,5157,0.6666666666666666
real_human_humanart_15000000001850.jpg,2956,4434,0.6666666666666666
real_human_humanart_15000000001851.jpg,3456,2626,1.3160700685453162
real_human_humanart_15000000001852.jpg,2026,3039,0.6666666666666666
real_human_humanart_15000000001855.jpg,3036,4176,0.7270114942528736
real_human_humanart_15000000001856.jpg,1980,1464,1.3524590163934427
real_human_humanart_15000000001858.jpg,2722,1815,1.499724517906336
real_human_humanart_15000000001861.jpg,3227,2152,1.4995353159851301
real_human_humanart_15000000001864.jpg,4136,2757,1.5001813565469713
real_human_humanart_15000000001866.jpg,3048,4572,0.6666666666666666
real_human_humanart_15000000001867.jpg,3456,5184,0.6666666666666666
real_human_humanart_15000000001868.jpg,2900,4350,0.6666666666666666
real_human_humanart_15000000001869.jpg,3269,4903,0.6667346522537222
real_human_humanart_15000000001871.jpg,2228,3342,0.6666666666666666
real_human_humanart_15000000001872.jpg,2389,3584,0.6665736607142857
real_human_humanart_15000000001873.jpg,1511,2267,0.666519629466255
real_human_humanart_15000000001874.jpg,3339,5009,0.6666001197843882
real_human_humanart_15000000001875.jpg,3456,5184,0.6666666666666666
real_human_humanart_15000000001877.jpg,3456,5184,0.6666666666666666
real_human_humanart_15000000001879.jpg,1500,2250,0.6666666666666666
real_human_humanart_15000000001880.jpg,2161,3241,0.6667695155816106
real_human_humanart_15000000001881.jpg,2285,3427,0.6667639334695069
real_human_humanart_15000000001883.jpg,2095,3142,0.6667727562062381
real_human_humanart_15000000001884.jpg,2341,3512,0.6665717539863326
real_human_humanart_15000000001886.jpg,1377,2065,0.6668280871670702
real_human_humanart_15000000001889.jpg,3456,5184,0.6666666666666666
real_human_humanart_15000000001891.jpg,2941,4412,0.6665911151405258
real_human_humanart_15000000001892.jpg,2116,3174,0.6666666666666666
real_human_humanart_15000000001893.jpg,3456,5184,0.6666666666666666
real_human_humanart_15000000001897.jpg,2855,4282,0.6667445119103222
real_human_humanart_15000000001898.jpg,3456,5184,0.6666666666666666
real_human_humanart_15000000001900.jpg,2190,3285,0.6666666666666666
real_human_humanart_15000000001902.jpg,2330,3495,0.6666666666666666
real_human_humanart_15000000001907.jpg,2461,3692,0.6665763813651138
real_human_humanart_15000000001909.jpg,2844,4266,0.6666666666666666
real_human_humanart_15000000001910.jpg,3028,4542,0.6666666666666666
real_human_humanart_15000000001913.jpg,2867,4301,0.6665891653103929
real_human_humanart_15000000001914.jpg,2442,3663,0.6666666666666666
real_human_humanart_15000000001917.jpg,1816,2724,0.6666666666666666
real_human_humanart_15000000001919.jpg,1055,1407,0.749822316986496
real_human_humanart_15000000001921.jpg,1934,2901,0.6666666666666666
real_human_humanart_15000000001922.jpg,3273,4910,0.6665987780040733
real_human_humanart_15000000001923.jpg,3456,5184,0.6666666666666666
real_human_humanart_15000000001924.jpg,2649,3974,0.6665827881227981
real_human_humanart_15000000001927.jpg,3456,5184,0.6666666666666666
real_human_humanart_15000000001931.jpg,3456,5184,0.6666666666666666
real_human_humanart_15000000001932.jpg,2585,3877,0.66675264379675
real_human_humanart_15000000001935.jpg,5184,3456,1.5
real_human_humanart_15000000001936.jpg,3128,4692,0.6666666666666666
real_human_humanart_15000000001937.jpg,2478,3717,0.6666666666666666
real_human_humanart_15000000001939.jpg,2517,3776,0.6665783898305084
real_human_humanart_15000000001944.jpg,2048,1365,1.5003663003663004
real_human_humanart_15000000001945.jpg,2918,4377,0.6666666666666666
real_human_humanart_15000000001946.jpg,3063,4594,0.6667392250761863
real_human_humanart_15000000001947.jpg,2375,3562,0.6667602470522178
real_human_humanart_15000000001948.jpg,3456,5184,0.6666666666666666
real_human_humanart_15000000001949.jpg,3143,4714,0.6667373780229104
real_human_humanart_15000000001950.jpg,5184,3456,1.5
real_human_humanart_15000000001952.jpg,2569,3854,0.6665801764400623
real_human_humanart_15000000001954.jpg,2476,3714,0.6666666666666666
real_human_humanart_15000000001958.jpg,2304,3456,0.6666666666666666
real_human_humanart_15000000001959.jpg,2584,3875,0.6668387096774193
real_human_humanart_15000000001961.jpg,3332,2221,1.5002251238181
real_human_humanart_15000000001962.jpg,3356,5034,0.6666666666666666
real_human_humanart_15000000001964.jpg,5184,3456,1.5
real_human_humanart_15000000001965.jpg,3456,5184,0.6666666666666666
real_human_humanart_15000000001968.jpg,3456,5184,0.6666666666666666
real_human_humanart_15000000001970.jpg,3456,5184,0.6666666666666666
real_human_humanart_15000000001976.jpg,3456,5184,0.6666666666666666
real_human_humanart_15000000001977.jpg,5184,3456,1.5
real_human_humanart_15000000001978.jpg,3883,2588,1.500386398763524
real_human_humanart_15000000001988.jpg,3456,5184,0.6666666666666666
real_human_humanart_15000000001989.jpg,2342,3513,0.6666666666666666
real_human_humanart_15000000001991.jpg,2457,3686,0.6665762344004341
real_human_humanart_15000000001993.jpg,2409,3614,0.6665744327614831
real_human_humanart_15000000001994.jpg,2863,4294,0.6667442943642291
real_human_humanart_15000000001995.jpg,2971,4457,0.6665918779448059
real_human_humanart_15000000001997.jpg,3045,4567,0.6667396540398511
real_human_humanart_15000000001999.jpg,3267,4901,0.6665986533360538
real_human_humanart_15000000002000.jpg,2254,3381,0.6666666666666666
real_human_humanart_15000000002004.jpg,2070,3105,0.6666666666666666
real_human_humanart_15000000002005.jpg,2634,3951,0.6666666666666666
real_human_humanart_15000000002007.jpg,3194,2129,1.5002348520432127
real_human_humanart_15000000002011.jpg,2654,3981,0.6666666666666666
real_human_humanart_15000000002012.jpg,2462,3693,0.6666666666666666
real_human_humanart_15000000002016.jpg,1734,2601,0.6666666666666666
real_human_humanart_15000000002018.jpg,1548,2323,0.6663796814464055
real_human_humanart_15000000002019.jpg,2831,1887,1.500264970853206
real_human_humanart_15000000002020.jpg,2533,3799,0.6667544090550145
real_human_humanart_15000000002022.jpg,3456,5184,0.6666666666666666
real_human_humanart_15000000002026.jpg,3456,5184,0.6666666666666666
real_human_humanart_15000000002028.jpg,3104,4655,0.6668098818474758
real_human_humanart_15000000002029.jpg,3456,5184,0.6666666666666666
real_human_humanart_15000000002031.jpg,3456,5184,0.6666666666666666
real_human_humanart_15000000002033.jpg,2106,3159,0.6666666666666666
real_human_humanart_15000000002036.jpg,1774,2662,0.6664162283996995
real_human_humanart_15000000002039.jpg,3456,5184,0.6666666666666666
real_human_humanart_15000000002043.jpg,2706,5026,0.538400318344608
real_human_humanart_15000000002045.jpg,2135,3202,0.6667707682698314
real_human_humanart_15000000002047.jpg,2673,4010,0.6665835411471321
real_human_humanart_15000000002050.jpg,3456,5184,0.6666666666666666
real_human_humanart_15000000002051.jpg,3138,4706,0.6668083297917552
real_human_humanart_15000000002054.jpg,2903,4354,0.6667432246210381
real_human_humanart_15000000002055.jpg,2756,4133,0.6668279699975804
real_human_humanart_15000000002059.jpg,2341,3512,0.6665717539863326
real_human_humanart_15000000002060.jpg,1821,2731,0.6667887220798242
real_human_humanart_15000000002061.jpg,2472,3707,0.6668465066091179
real_human_humanart_15000000002062.jpg,2336,3504,0.6666666666666666
real_human_humanart_15000000002065.jpg,3376,2251,1.4997778764993337
real_human_humanart_15000000002066.jpg,1473,2209,0.6668175645088276
real_human_humanart_15000000002067.jpg,2508,3763,0.6664895030560722
real_human_humanart_15000000002069.jpg,3456,5184,0.6666666666666666
real_human_humanart_15000000002070.jpg,2544,3816,0.6666666666666666
real_human_humanart_15000000002071.jpg,3456,5184,0.6666666666666666
real_human_humanart_15000000002072.jpg,2856,4284,0.6666666666666666
real_human_humanart_15000000002073.jpg,3456,5184,0.6666666666666666
real_human_humanart_15000000002074.jpg,3083,4624,0.6667387543252595
real_human_humanart_15000000002076.jpg,3089,4634,0.6665947345705654
real_human_humanart_15000000002077.jpg,2575,3456,0.7450810185185185
real_human_humanart_15000000002080.jpg,2058,3087,0.6666666666666666
real_human_humanart_15000000002081.jpg,3222,4834,0.6665287546545304
real_human_humanart_15000000002082.jpg,2942,4413,0.6666666666666666
real_human_humanart_15000000002083.jpg,2956,4434,0.6666666666666666
real_human_humanart_15000000002085.jpg,1673,2509,0.6667995217218016
real_human_humanart_15000000002086.jpg,2334,1556,1.5
real_human_humanart_15000000002087.jpg,2063,3095,0.6665589660743134
real_human_humanart_15000000002089.jpg,3413,1925,1.772987012987013
real_human_humanart_15000000002092.jpg,4608,3456,1.3333333333333333
real_human_humanart_15000000002093.jpg,600,900,0.6666666666666666
real_human_humanart_15000000002094.jpg,2580,2942,0.8769544527532291
real_human_humanart_15000000002096.jpg,2535,3414,0.7425307557117751
real_human_humanart_15000000002097.jpg,2478,2105,1.1771971496437055
real_human_humanart_15000000002099.jpg,3608,3649,0.9887640449438202
real_human_humanart_15000000002102.jpg,2555,2326,1.0984522785898538
real_human_humanart_15000000002104.jpg,3011,3078,0.9782326185834957
real_human_humanart_15000000002106.jpg,2239,3266,0.6855480710349051
real_human_humanart_15000000002108.jpg,1911,3345,0.5713004484304933
real_human_humanart_15000000002109.jpg,2178,2076,1.0491329479768785
real_human_humanart_15000000002111.jpg,2080,2330,0.8927038626609443
real_human_humanart_15000000002114.jpg,2830,3143,0.900413617562838
real_human_humanart_15000000002115.jpg,3220,2754,1.1692084241103848
real_human_humanart_15000000002117.jpg,2116,3484,0.6073478760045924
real_human_humanart_15000000002118.jpg,3454,3061,1.128389415223783
real_human_humanart_15000000002120.jpg,2991,3095,0.9663974151857835
real_human_humanart_15000000002121.jpg,3143,3282,0.9576477757464961
real_human_humanart_15000000002122.jpg,2326,3648,0.637609649122807
real_human_humanart_15000000002123.jpg,2330,3327,0.7003306281935677
real_human_humanart_15000000002124.jpg,2142,2643,0.8104426787741204
real_human_humanart_15000000002126.jpg,2448,3152,0.7766497461928934
real_human_humanart_15000000002127.jpg,2318,3423,0.6771837569383582
real_human_humanart_15000000002129.jpg,1276,2770,0.46064981949458483
real_human_humanart_15000000002130.jpg,1822,2466,0.7388483373884833
real_human_humanart_15000000002134.jpg,2055,3648,0.5633223684210527
real_human_humanart_15000000002136.jpg,1830,3512,0.5210706150341685
real_human_humanart_15000000002140.jpg,2182,3426,0.6368943374197314
real_human_humanart_15000000002141.jpg,2953,2868,1.0296373779637378
real_human_humanart_15000000002146.jpg,2298,2884,0.7968099861303745
real_human_humanart_15000000002147.jpg,1916,2499,0.7667066826730692
real_human_humanart_15000000002148.jpg,2268,3172,0.7150063051702396
real_human_humanart_15000000002149.jpg,2568,3312,0.7753623188405797
real_human_humanart_15000000002150.jpg,2092,2536,0.8249211356466877
real_human_humanart_15000000002151.jpg,2124,2651,0.8012070916635232
real_human_humanart_15000000002152.jpg,2231,3147,0.7089291388624086
real_human_humanart_15000000002153.jpg,2235,2179,1.025699862322166
real_human_humanart_15000000002154.jpg,1916,2926,0.6548188653451812
real_human_humanart_15000000002156.jpg,1923,3484,0.5519517795637199
real_human_humanart_15000000002157.jpg,1920,2803,0.6849803781662505
real_human_humanart_15000000002158.jpg,3597,2983,1.2058330539725108
real_human_humanart_15000000002159.jpg,2129,3364,0.6328775267538644
real_human_humanart_15000000002160.jpg,2047,2577,0.7943344974776873
real_human_humanart_15000000002163.jpg,3269,2474,1.3213419563459985
real_human_humanart_15000000002164.jpg,2785,2983,0.9336238685886691
real_human_humanart_15000000002165.jpg,3151,2553,1.2342342342342343
real_human_humanart_15000000002168.jpg,2457,2610,0.9413793103448276
real_human_humanart_15000000002171.jpg,1911,2988,0.6395582329317269
real_human_humanart_15000000002172.jpg,2153,3000,0.7176666666666667
real_human_humanart_15000000002174.jpg,3289,2544,1.2928459119496856
real_human_humanart_15000000002175.jpg,2182,3176,0.6870277078085643
real_human_humanart_15000000002176.jpg,3380,3106,1.0882163554410818
real_human_humanart_15000000002180.jpg,2030,2371,0.8561788274989456
real_human_humanart_15000000002181.jpg,2420,2682,0.9023117076808352
real_human_humanart_15000000002182.jpg,3019,6023,0.5012452266312469
real_human_humanart_15000000002185.jpg,5521,1778,3.1051743532058493
real_human_humanart_15000000002191.jpg,2410,2328,1.0352233676975946
real_human_humanart_15000000002192.jpg,2813,2890,0.9733564013840831
real_human_humanart_15000000002193.jpg,2967,2839,1.0450862979922508
real_human_humanart_15000000002194.jpg,4076,3397,1.1998822490432735
real_human_humanart_15000000002195.jpg,2532,2967,0.8533872598584429
real_human_humanart_15000000002196.jpg,3095,1319,2.3464746019711904
real_human_humanart_15000000002197.jpg,3709,3064,1.210509138381201
real_human_humanart_15000000002201.jpg,4348,1451,2.996554100620262
real_human_humanart_15000000002202.jpg,4131,2989,1.382067581130813
real_human_humanart_15000000002203.jpg,3980,1839,2.1642196846112016
real_human_humanart_15000000002204.jpg,3033,2966,1.0225893459204316
real_human_humanart_15000000002205.jpg,3090,2001,1.5442278860569716
real_human_humanart_15000000002207.jpg,2742,3218,0.8520820385332505
real_human_humanart_15000000002208.jpg,4367,1366,3.1969253294289897
real_human_humanart_15000000002209.jpg,4070,3085,1.3192868719611022
real_human_humanart_15000000002210.jpg,3246,2280,1.4236842105263159
real_human_humanart_15000000002211.jpg,3205,2257,1.4200265839610102
real_human_humanart_15000000002213.jpg,2946,2364,1.2461928934010151
real_human_humanart_15000000002215.jpg,5060,2420,2.090909090909091
real_human_humanart_15000000002216.jpg,4181,2155,1.940139211136891
real_human_humanart_15000000002217.jpg,2575,1416,1.8185028248587571
real_human_humanart_15000000002218.jpg,3166,1746,1.8132875143184422
real_human_humanart_15000000002220.jpg,2456,2675,0.9181308411214953
real_human_humanart_15000000002224.jpg,3530,4038,0.8741951461119366
real_human_humanart_15000000002225.jpg,2549,2162,1.1790009250693803
real_human_humanart_15000000002228.jpg,2816,2605,1.0809980806142034
real_human_humanart_15000000002230.jpg,2200,2540,0.8661417322834646
real_human_humanart_15000000002231.jpg,3214,3810,0.8435695538057743
real_human_humanart_15000000002233.jpg,2634,2933,0.8980565973406068
real_human_humanart_15000000002234.jpg,3299,1550,2.1283870967741936
real_human_humanart_15000000002237.jpg,2537,2563,0.9898556379243074
real_human_humanart_15000000002239.jpg,3577,1436,2.4909470752089136
real_human_humanart_15000000002240.jpg,2094,2558,0.818608287724785
real_human_humanart_15000000002242.jpg,3996,3661,1.0915050532641355
real_human_humanart_15000000002243.jpg,2272,2711,0.8380671338989303
real_human_humanart_15000000002244.jpg,1981,2333,0.8491213030432919
real_human_humanart_15000000002245.jpg,2252,2461,0.9150751726940268
real_human_humanart_15000000002246.jpg,3330,1763,1.888825865002836
real_human_humanart_15000000002247.jpg,2088,2736,0.7631578947368421
real_human_humanart_15000000002248.jpg,2755,1729,1.5934065934065933
real_human_humanart_15000000002249.jpg,2514,3645,0.6897119341563785
real_human_humanart_15000000002252.jpg,2572,2765,0.9301989150090416
real_human_humanart_15000000002253.jpg,2142,2723,0.7866323907455013
real_human_humanart_15000000002254.jpg,2389,2854,0.8370707778556412
real_human_humanart_15000000002255.jpg,2200,2819,0.7804185881518269
real_human_humanart_15000000002259.jpg,2941,2635,1.1161290322580646
real_human_humanart_15000000002260.jpg,2216,2609,0.8493675737830586
real_human_humanart_15000000002261.jpg,4253,2665,1.5958724202626642
real_human_humanart_15000000002262.jpg,2299,1398,1.6444921316165952
real_human_humanart_15000000002264.jpg,1789,2626,0.6812642802741813
real_human_humanart_15000000002265.jpg,3985,3805,1.0473061760840998
real_human_humanart_15000000002266.jpg,1945,2941,0.6613396803808228
real_human_humanart_15000000002267.jpg,2524,2912,0.8667582417582418
real_human_humanart_15000000002268.jpg,2294,2404,0.9542429284525791
real_human_humanart_15000000002269.jpg,2706,2537,1.0666141111549075
real_human_humanart_15000000002270.jpg,1904,2747,0.6931197670185657
real_human_humanart_15000000002271.jpg,2104,2879,0.7308093087877735
real_human_humanart_15000000002272.jpg,2731,2665,1.024765478424015
real_human_humanart_15000000002273.jpg,1313,1751,0.7498572244431754
real_human_humanart_15000000002274.jpg,3600,2324,1.549053356282272
real_human_humanart_15000000002275.jpg,2503,2734,0.915508412582297
real_human_humanart_15000000002276.jpg,3190,3028,1.0535006605019814
real_human_humanart_15000000002277.jpg,2755,3404,0.8093419506462984
real_human_humanart_15000000002280.jpg,3038,4018,0.7560975609756098
real_human_humanart_15000000002281.jpg,3166,3860,0.8202072538860103
real_human_humanart_15000000002283.jpg,2892,3321,0.8708220415537489
real_human_humanart_15000000002284.jpg,3834,2429,1.5784273363524084
real_human_humanart_15000000002286.jpg,2665,1819,1.4650907091808687
real_human_humanart_15000000002287.jpg,2545,2482,1.025382755842063
real_human_humanart_15000000002289.jpg,1317,1623,0.8114602587800369
real_human_humanart_15000000002290.jpg,2737,3058,0.895029431000654
real_human_humanart_15000000002292.jpg,2730,1371,1.9912472647702406
real_human_humanart_15000000002293.jpg,1894,2057,0.9207583859990277
real_human_humanart_15000000002294.jpg,3763,3212,1.171544209215442
real_human_humanart_15000000002295.jpg,3584,3069,1.1678071032909743
real_human_humanart_15000000002296.jpg,3416,2741,1.2462604888726743
real_human_humanart_15000000002297.jpg,1909,2721,0.7015803013597942
real_human_humanart_15000000002300.jpg,2906,2828,1.0275813295615275
real_human_humanart_15000000002303.jpg,1849,2257,0.8192290651307045
real_human_humanart_15000000002304.jpg,2048,1755,1.1669515669515669
real_human_humanart_15000000002305.jpg,1943,1702,1.1415981198589895
real_human_humanart_15000000002310.jpg,2499,1421,1.7586206896551724
real_human_humanart_15000000002311.jpg,3389,4282,0.7914525922466137
real_human_humanart_15000000002312.jpg,2146,3230,0.6643962848297214
real_human_humanart_15000000002313.jpg,3239,3906,0.8292370711725551
real_human_humanart_15000000002315.jpg,3310,3301,1.0027264465313541
real_human_humanart_15000000002317.jpg,2216,2752,0.8052325581395349
real_human_humanart_15000000002318.jpg,2645,3986,0.6635725037631711
real_human_humanart_15000000002319.jpg,3888,2592,1.5
real_human_humanart_15000000002321.jpg,640,474,1.350210970464135
real_human_humanart_15000000002322.jpg,3888,2592,1.5
real_human_humanart_15000000002323.jpg,5184,3456,1.5
real_human_humanart_15000000002324.jpg,3456,4608,0.75
real_human_humanart_15000000002325.jpg,500,353,1.4164305949008498
real_human_humanart_15000000002326.jpg,533,800,0.66625
real_human_humanart_15000000002327.jpg,4032,6048,0.6666666666666666
real_human_humanart_15000000002329.jpg,955,1326,0.720211161387632
real_human_humanart_15000000002330.jpg,2832,4256,0.6654135338345865
real_human_humanart_15000000002331.jpg,640,554,1.1552346570397112
real_human_humanart_15000000002332.jpg,5184,3456,1.5
real_human_humanart_15000000002333.jpg,5005,7500,0.6673333333333333
real_human_humanart_15000000002334.jpg,2048,1365,1.5003663003663004
real_human_humanart_15000000002338.jpg,2304,3456,0.6666666666666666
real_human_humanart_15000000002340.jpg,2304,3456,0.6666666666666666
real_human_humanart_15000000002341.jpg,354,540,0.6555555555555556
real_human_humanart_15000000002342.jpg,2624,3936,0.6666666666666666
real_human_humanart_15000000002343.jpg,1224,1632,0.75
real_human_humanart_15000000002344.jpg,583,450,1.2955555555555556
real_human_humanart_15000000002346.jpg,835,1080,0.7731481481481481
real_human_humanart_15000000002349.jpg,2304,3456,0.6666666666666666
real_human_humanart_15000000002350.jpg,2304,3456,0.6666666666666666
real_human_humanart_15000000002352.jpg,2304,3456,0.6666666666666666
real_human_humanart_15000000002354.jpg,2304,3456,0.6666666666666666
real_human_humanart_15000000002356.jpg,2304,3456,0.6666666666666666
real_human_humanart_15000000002357.jpg,2304,3456,0.6666666666666666
real_human_humanart_15000000002358.jpg,2304,3456,0.6666666666666666
real_human_humanart_15000000002359.jpg,2304,3456,0.6666666666666666
real_human_humanart_15000000002363.jpg,2304,3456,0.6666666666666666
real_human_humanart_15000000002366.jpg,2304,3456,0.6666666666666666
real_human_humanart_15000000002367.jpg,3499,2434,1.4375513557929334
real_human_humanart_15000000002368.jpg,362,242,1.4958677685950412
real_human_humanart_15000000002369.jpg,2451,3686,0.6649484536082474
real_human_humanart_15000000002370.jpg,1711,1553,1.1017385705086928
real_human_humanart_15000000002372.jpg,1684,2612,0.6447166921898928
real_human_humanart_15000000002373.jpg,3648,5472,0.6666666666666666
real_human_humanart_15000000002376.jpg,1624,1432,1.1340782122905029
real_human_humanart_15000000002377.jpg,401,604,0.6639072847682119
real_human_humanart_15000000002379.jpg,2514,3796,0.6622760800842993
real_human_humanart_15000000002380.jpg,2816,4252,0.6622765757290687
real_human_humanart_15000000002381.jpg,5893,4160,1.4165865384615384
real_human_humanart_15000000002383.jpg,1624,1222,1.3289689034369885
real_human_humanart_15000000002384.jpg,1624,1499,1.0833889259506337
real_human_humanart_15000000002385.jpg,1624,1419,1.1444679351656095
real_human_humanart_15000000002386.jpg,925,1224,0.755718954248366
real_human_humanart_15000000002387.jpg,1624,1087,1.4940202391904325
real_human_humanart_15000000002388.jpg,960,640,1.5
real_human_humanart_15000000002389.jpg,1624,1087,1.4940202391904325
real_human_humanart_15000000002390.jpg,1624,1137,1.428320140721196
real_human_humanart_15000000002391.jpg,2910,4376,0.6649908592321755
real_human_humanart_15000000002394.jpg,1624,1087,1.4940202391904325
real_human_humanart_15000000002395.jpg,1624,994,1.6338028169014085
real_human_humanart_15000000002397.jpg,1624,1087,1.4940202391904325
real_human_humanart_15000000002398.jpg,909,1224,0.7426470588235294
real_human_humanart_15000000002399.jpg,1624,1487,1.0921318090114325
real_human_humanart_15000000002400.jpg,1068,1224,0.8725490196078431
real_human_humanart_15000000002401.jpg,1086,1224,0.8872549019607843
real_human_humanart_15000000002402.jpg,4752,3168,1.5
real_human_humanart_15000000002403.jpg,1624,1087,1.4940202391904325
real_human_humanart_15000000002404.jpg,991,1224,0.809640522875817
real_human_humanart_15000000002406.jpg,1624,1461,1.111567419575633
real_human_humanart_15000000002408.jpg,1624,1526,1.0642201834862386
real_human_humanart_15000000002409.jpg,1624,1087,1.4940202391904325
real_human_humanart_15000000002411.jpg,948,1224,0.7745098039215687
real_human_humanart_15000000002412.jpg,1624,1239,1.310734463276836
real_human_humanart_15000000002413.jpg,1920,2560,0.75
real_human_humanart_15000000002415.jpg,1117,1224,0.9125816993464052
real_human_humanart_15000000002417.jpg,1600,1200,1.3333333333333333
real_human_humanart_15000000002418.jpg,5184,3456,1.5
real_human_humanart_15000000002419.jpg,4015,3648,1.1006030701754386
real_human_humanart_15000000002421.jpg,4841,3276,1.4777167277167278
real_human_humanart_15000000002424.jpg,3909,3264,1.197610294117647
real_human_humanart_15000000002425.jpg,484,640,0.75625
real_human_humanart_15000000002426.jpg,541,789,0.6856780735107731
real_human_humanart_15000000002428.jpg,575,800,0.71875
real_human_humanart_15000000002431.jpg,3198,4797,0.6666666666666666
real_human_humanart_15000000002433.jpg,566,800,0.7075
real_human_humanart_15000000002434.jpg,2695,4043,0.666584219638882
real_human_humanart_15000000002435.jpg,2097,2286,0.9173228346456693
real_human_humanart_15000000002436.jpg,1787,1866,0.9576634512325831
real_human_humanart_15000000002438.jpg,1926,1905,1.0110236220472442
real_human_humanart_15000000002440.jpg,640,427,1.4988290398126465
real_human_humanart_15000000002441.jpg,1024,733,1.3969986357435198
real_human_humanart_15000000002442.jpg,1333,1024,1.3017578125
real_human_humanart_15000000002444.jpg,1967,2036,0.9661100196463654
real_human_humanart_15000000002446.jpg,300,293,1.023890784982935
real_human_humanart_15000000002447.jpg,4608,3456,1.3333333333333333
real_human_humanart_15000000002449.jpg,2048,1583,1.293746051800379
real_human_humanart_15000000002451.jpg,1302,2048,0.6357421875
real_human_humanart_15000000002452.jpg,4096,2303,1.7785497177594443
real_human_humanart_15000000002453.jpg,3264,2448,1.3333333333333333
real_human_humanart_15000000002454.jpg,3000,4000,0.75
real_human_humanart_15000000002455.jpg,3000,4000,0.75
real_human_humanart_15000000002456.jpg,3000,4000,0.75
real_human_humanart_15000000002457.jpg,3000,4000,0.75
real_human_humanart_15000000002458.jpg,3000,4000,0.75
real_human_humanart_15000000002459.jpg,2048,1638,1.2503052503052503
real_human_humanart_15000000002461.jpg,727,867,0.8385236447520185
real_human_humanart_15000000002463.jpg,1200,800,1.5
real_human_humanart_15000000002464.jpg,1200,851,1.4101057579318448
real_human_humanart_15000000002465.jpg,1200,800,1.5
real_human_humanart_15000000002466.jpg,1200,800,1.5
real_human_humanart_15000000002467.jpg,1200,800,1.5
real_human_humanart_15000000002468.jpg,1200,800,1.5
real_human_humanart_15000000002469.jpg,1200,800,1.5
real_human_humanart_15000000002470.jpg,1200,793,1.5132408575031526
real_human_humanart_15000000002471.jpg,690,711,0.9704641350210971
real_human_humanart_15000000002472.jpg,900,601,1.497504159733777
real_human_humanart_15000000002473.jpg,763,363,2.1019283746556474
real_human_humanart_15000000002475.jpg,750,750,1.0
real_human_humanart_15000000002476.jpg,750,750,1.0
real_human_humanart_15000000002478.jpg,750,750,1.0
real_human_humanart_15000000002480.jpg,6720,4480,1.5
real_human_humanart_15000000002482.jpg,4144,2775,1.4933333333333334
real_human_humanart_15000000002483.jpg,600,399,1.5037593984962405
real_human_humanart_15000000002484.jpg,600,452,1.3274336283185841
real_human_humanart_15000000002487.jpg,439,564,0.7783687943262412
real_human_humanart_15000000002489.jpg,341,462,0.7380952380952381
real_human_humanart_15000000002490.jpg,431,632,0.6819620253164557
real_human_humanart_15000000002491.jpg,446,569,0.7838312829525483
real_human_humanart_15000000002492.jpg,540,800,0.675
real_human_humanart_15000000002493.jpg,1080,1080,1.0
real_human_humanart_15000000002497.jpg,1080,719,1.502086230876217
real_human_humanart_15000000002499.jpg,720,480,1.5
real_human_humanart_17000000000000.jpg,1000,1000,1.0
real_human_humanart_17000000000001.jpg,1000,1000,1.0
real_human_humanart_17000000000002.jpg,1024,732,1.3989071038251366
real_human_humanart_17000000000003.jpg,1059,930,1.1387096774193548
real_human_humanart_17000000000004.jpg,1024,683,1.499267935578331
real_human_humanart_17000000000005.jpg,1024,823,1.244228432563791
real_human_humanart_17000000000006.jpg,1024,743,1.3781965006729475
real_human_humanart_17000000000010.jpg,1024,901,1.1365149833518313
real_human_humanart_17000000000011.jpg,1024,932,1.0987124463519313
real_human_humanart_17000000000013.jpg,1024,683,1.499267935578331
real_human_humanart_17000000000015.jpg,1024,672,1.5238095238095237
real_human_humanart_17000000000020.jpg,1024,671,1.526080476900149
real_human_humanart_17000000000022.jpg,797,1024,0.7783203125
real_human_humanart_17000000000023.jpg,1024,697,1.4691535150645625
real_human_humanart_17000000000024.jpg,683,1024,0.6669921875
real_human_humanart_17000000000028.jpg,1072,772,1.38860103626943
real_human_humanart_17000000000029.jpg,1072,975,1.0994871794871794
real_human_humanart_17000000000030.jpg,1024,772,1.3264248704663213
real_human_humanart_17000000000031.jpg,1024,683,1.499267935578331
real_human_humanart_17000000000033.jpg,850,850,1.0
real_human_humanart_17000000000035.jpg,1024,683,1.499267935578331
real_human_humanart_17000000000037.jpg,1024,683,1.499267935578331
real_human_humanart_17000000000038.jpg,1032,1000,1.032
real_human_humanart_17000000000040.jpg,718,1024,0.701171875
real_human_humanart_17000000000041.jpg,1024,683,1.499267935578331
real_human_humanart_17000000000042.jpg,1000,1000,1.0
real_human_humanart_17000000000043.jpg,1024,848,1.2075471698113207
real_human_humanart_17000000000046.jpg,1024,730,1.4027397260273973
real_human_humanart_17000000000049.jpg,1024,722,1.4182825484764543
real_human_humanart_17000000000051.jpg,885,1024,0.8642578125
real_human_humanart_17000000000053.jpg,719,1024,0.7021484375
real_human_humanart_17000000000054.jpg,1024,905,1.1314917127071824
real_human_humanart_17000000000055.jpg,1024,683,1.499267935578331
real_human_humanart_17000000000059.jpg,1024,702,1.4586894586894588
real_human_humanart_17000000000060.jpg,1024,736,1.391304347826087
real_human_humanart_17000000000061.jpg,1024,718,1.426183844011142
real_human_humanart_17000000000067.jpg,645,943,0.6839872746553552
real_human_humanart_17000000000068.jpg,895,1024,0.8740234375
real_human_humanart_17000000000070.jpg,1500,1002,1.4970059880239521
real_human_humanart_17000000000072.jpg,1500,1002,1.4970059880239521
real_human_humanart_17000000000073.jpg,1000,1000,1.0
real_human_humanart_17000000000078.jpg,1024,683,1.499267935578331
real_human_humanart_17000000000082.jpg,1024,705,1.4524822695035462
real_human_humanart_17000000000083.jpg,683,1024,0.6669921875
real_human_humanart_17000000000085.jpg,683,1024,0.6669921875
real_human_humanart_17000000000087.jpg,824,1024,0.8046875
real_human_humanart_17000000000092.jpg,776,992,0.782258064516129
real_human_humanart_17000000000093.jpg,1000,667,1.4992503748125936
real_human_humanart_17000000000094.jpg,667,1000,0.667
real_human_humanart_17000000000095.jpg,1000,718,1.392757660167131
real_human_humanart_17000000000096.jpg,1000,666,1.5015015015015014
real_human_humanart_17000000000097.jpg,934,1000,0.934
real_human_humanart_17000000000098.jpg,1000,947,1.0559662090813093
real_human_humanart_17000000000099.jpg,841,1000,0.841
real_human_humanart_17000000000101.jpg,665,1000,0.665
real_human_humanart_17000000000102.jpg,665,1000,0.665
real_human_humanart_17000000000106.jpg,721,1000,0.721
real_human_humanart_17000000000107.jpg,918,1000,0.918
real_human_humanart_17000000000108.jpg,859,1000,0.859
real_human_humanart_17000000000109.jpg,1000,893,1.1198208286674132
real_human_humanart_17000000000110.jpg,701,990,0.7080808080808081
real_human_humanart_17000000000111.jpg,1000,918,1.0893246187363834
real_human_humanart_17000000000112.jpg,1000,616,1.6233766233766234
real_human_humanart_17000000000113.jpg,1000,1000,1.0
real_human_humanart_17000000000114.jpg,948,1000,0.948
real_human_humanart_17000000000115.jpg,1000,592,1.6891891891891893
real_human_humanart_17000000000116.jpg,781,1000,0.781
real_human_humanart_17000000000117.jpg,1000,758,1.3192612137203166
real_human_humanart_17000000000118.jpg,725,1000,0.725
real_human_humanart_17000000000121.jpg,1000,665,1.5037593984962405
real_human_humanart_17000000000123.jpg,665,1000,0.665
real_human_humanart_17000000000124.jpg,665,1000,0.665
real_human_humanart_17000000000125.jpg,790,1000,0.79
real_human_humanart_17000000000126.jpg,937,1000,0.937
real_human_humanart_17000000000127.jpg,666,1000,0.666
real_human_humanart_17000000000129.jpg,1200,801,1.4981273408239701
real_human_humanart_17000000000132.jpg,1200,799,1.5018773466833542
real_human_humanart_17000000000134.jpg,1000,768,1.3020833333333333
real_human_humanart_17000000000135.jpg,1000,722,1.3850415512465375
real_human_humanart_17000000000136.jpg,1200,888,1.3513513513513513
real_human_humanart_17000000000137.jpg,666,1000,0.666
real_human_humanart_17000000000138.jpg,1000,665,1.5037593984962405
real_human_humanart_17000000000139.jpg,665,1000,0.665
real_human_humanart_17000000000140.jpg,974,1000,0.974
real_human_humanart_17000000000142.jpg,773,1000,0.773
real_human_humanart_17000000000143.jpg,667,1000,0.667
real_human_humanart_17000000000145.jpg,1000,851,1.1750881316098707
real_human_humanart_17000000000146.jpg,1000,823,1.2150668286755772
real_human_humanart_17000000000147.jpg,1000,743,1.3458950201884252
real_human_humanart_17000000000152.jpg,698,1000,0.698
real_human_humanart_17000000000153.jpg,810,1000,0.81
real_human_humanart_17000000000154.jpg,796,1000,0.796
real_human_humanart_17000000000156.jpg,665,1000,0.665
real_human_humanart_17000000000159.jpg,775,1000,0.775
real_human_humanart_17000000000160.jpg,850,850,1.0
real_human_humanart_17000000000161.jpg,1200,748,1.6042780748663101
real_human_humanart_17000000000162.jpg,927,1000,0.927
real_human_humanart_17000000000163.jpg,665,1000,0.665
real_human_humanart_17000000000164.jpg,665,1000,0.665
real_human_humanart_17000000000165.jpg,1000,665,1.5037593984962405
real_human_humanart_17000000000166.jpg,665,1000,0.665
real_human_humanart_17000000000167.jpg,1000,885,1.1299435028248588
real_human_humanart_17000000000170.jpg,1200,800,1.5
real_human_humanart_17000000000171.jpg,1000,1000,1.0
real_human_humanart_17000000000172.jpg,935,1000,0.935
real_human_humanart_17000000000173.jpg,1000,688,1.4534883720930232
real_human_humanart_17000000000175.jpg,623,1000,0.623
real_human_humanart_17000000000176.jpg,848,1000,0.848
real_human_humanart_17000000000177.jpg,665,1000,0.665
real_human_humanart_17000000000179.jpg,662,1000,0.662
real_human_humanart_17000000000180.jpg,1000,665,1.5037593984962405
real_human_humanart_17000000000181.jpg,654,1000,0.654
real_human_humanart_17000000000182.jpg,850,850,1.0
real_human_humanart_17000000000185.jpg,1200,799,1.5018773466833542
real_human_humanart_17000000000186.jpg,1200,843,1.4234875444839858
real_human_humanart_17000000000187.jpg,914,1000,0.914
real_human_humanart_17000000000188.jpg,665,1000,0.665
real_human_humanart_17000000000189.jpg,1000,832,1.2019230769230769
real_human_humanart_17000000000190.jpg,1200,799,1.5018773466833542
real_human_humanart_17000000000191.jpg,690,1000,0.69
real_human_humanart_17000000000192.jpg,1000,1000,1.0
real_human_humanart_17000000000195.jpg,874,1000,0.874
real_human_humanart_17000000000196.jpg,1000,612,1.6339869281045751
real_human_humanart_17000000000197.jpg,688,1000,0.688
real_human_humanart_17000000000198.jpg,1200,799,1.5018773466833542
real_human_humanart_17000000000200.jpg,831,1000,0.831
real_human_humanart_17000000000201.jpg,665,1000,0.665
real_human_humanart_17000000000202.jpg,1000,632,1.5822784810126582
real_human_humanart_17000000000203.jpg,665,1000,0.665
real_human_humanart_17000000000204.jpg,665,1000,0.665
real_human_humanart_17000000000205.jpg,1000,1000,1.0
real_human_humanart_17000000000206.jpg,838,1000,0.838
real_human_humanart_17000000000209.jpg,855,1000,0.855
real_human_humanart_17000000000213.jpg,667,1000,0.667
real_human_humanart_17000000000214.jpg,732,1000,0.732
real_human_humanart_17000000000217.jpg,1000,665,1.5037593984962405
real_human_humanart_17000000000218.jpg,665,1000,0.665
real_human_humanart_17000000000219.jpg,1200,801,1.4981273408239701
real_human_humanart_17000000000220.jpg,1200,801,1.4981273408239701
real_human_humanart_17000000000221.jpg,850,850,1.0
real_human_humanart_17000000000223.jpg,828,1000,0.828
real_human_humanart_17000000000226.jpg,692,1000,0.692
real_human_humanart_17000000000227.jpg,670,1000,0.67
real_human_humanart_17000000000229.jpg,1000,795,1.2578616352201257
real_human_humanart_17000000000230.jpg,874,1000,0.874
real_human_humanart_17000000000231.jpg,1000,665,1.5037593984962405
real_human_humanart_17000000000233.jpg,1200,801,1.4981273408239701
real_human_humanart_17000000000235.jpg,1000,665,1.5037593984962405
real_human_humanart_17000000000237.jpg,1200,801,1.4981273408239701
real_human_humanart_17000000000238.jpg,1000,649,1.5408320493066257
real_human_humanart_17000000000240.jpg,665,1000,0.665
real_human_humanart_17000000000242.jpg,668,1000,0.668
real_human_humanart_17000000000244.jpg,711,1000,0.711
real_human_humanart_17000000000250.jpg,1200,837,1.4336917562724014
real_human_humanart_17000000000251.jpg,727,1000,0.727
real_human_humanart_17000000000252.jpg,1200,932,1.2875536480686696
real_human_humanart_17000000000253.jpg,1000,1155,0.8658008658008658
real_human_humanart_17000000000255.jpg,665,1000,0.665
real_human_humanart_17000000000256.jpg,769,1000,0.769
real_human_humanart_17000000000257.jpg,1200,1044,1.1494252873563218
real_human_humanart_17000000000261.jpg,665,1000,0.665
real_human_humanart_17000000000262.jpg,1000,665,1.5037593984962405
real_human_humanart_17000000000263.jpg,665,1000,0.665
real_human_humanart_17000000000264.jpg,1000,692,1.4450867052023122
real_human_humanart_17000000000265.jpg,665,1000,0.665
real_human_humanart_17000000000266.jpg,712,1000,0.712
real_human_humanart_17000000000268.jpg,1000,707,1.4144271570014144
real_human_humanart_17000000000269.jpg,556,800,0.695
real_human_humanart_17000000000270.jpg,665,1000,0.665
real_human_humanart_17000000000271.jpg,683,1000,0.683
real_human_humanart_17000000000272.jpg,794,1000,0.794
real_human_humanart_17000000000273.jpg,665,1000,0.665
real_human_humanart_17000000000274.jpg,1000,729,1.3717421124828533
real_human_humanart_17000000000276.jpg,884,1000,0.884
real_human_humanart_17000000000277.jpg,1000,794,1.2594458438287153
real_human_humanart_17000000000279.jpg,855,1000,0.855
real_human_humanart_17000000000281.jpg,649,1000,0.649
real_human_humanart_17000000000282.jpg,1200,800,1.5
real_human_humanart_17000000000283.jpg,667,1000,0.667
real_human_humanart_17000000000286.jpg,663,1000,0.663
real_human_humanart_17000000000287.jpg,893,1000,0.893
real_human_humanart_17000000000288.jpg,665,1000,0.665
real_human_humanart_17000000000291.jpg,752,1000,0.752
real_human_humanart_17000000000293.jpg,1000,692,1.4450867052023122
real_human_humanart_17000000000294.jpg,667,1000,0.667
real_human_humanart_17000000000295.jpg,1000,667,1.4992503748125936
real_human_humanart_17000000000296.jpg,635,1000,0.635
real_human_humanart_17000000000298.jpg,1000,906,1.1037527593818985
real_human_humanart_17000000000299.jpg,858,1000,0.858
real_human_humanart_17000000000300.jpg,751,1000,0.751
real_human_humanart_17000000000302.jpg,751,1000,0.751
real_human_humanart_17000000000303.jpg,751,1000,0.751
real_human_humanart_17000000000304.jpg,1200,801,1.4981273408239701
real_human_humanart_17000000000305.jpg,668,1000,0.668
real_human_humanart_17000000000306.jpg,667,1000,0.667
real_human_humanart_17000000000307.jpg,759,1000,0.759
real_human_humanart_17000000000308.jpg,667,1000,0.667
real_human_humanart_17000000000309.jpg,1200,801,1.4981273408239701
real_human_humanart_17000000000311.jpg,778,1000,0.778
real_human_humanart_17000000000312.jpg,667,1000,0.667
real_human_humanart_17000000000313.jpg,1000,667,1.4992503748125936
real_human_humanart_17000000000314.jpg,506,800,0.6325
real_human_humanart_17000000000316.jpg,1000,667,1.4992503748125936
real_human_humanart_17000000000318.jpg,1200,800,1.5
real_human_humanart_17000000000323.jpg,1000,615,1.6260162601626016
real_human_humanart_17000000000324.jpg,884,1000,0.884
real_human_humanart_17000000000325.jpg,1200,801,1.4981273408239701
real_human_humanart_17000000000326.jpg,731,1000,0.731
real_human_humanart_17000000000329.jpg,720,1000,0.72
real_human_humanart_17000000000330.jpg,778,1000,0.778
real_human_humanart_17000000000331.jpg,687,1000,0.687
real_human_humanart_17000000000332.jpg,1080,720,1.5
real_human_humanart_17000000000335.jpg,1080,720,1.5
real_human_humanart_17000000000336.jpg,1080,720,1.5
real_human_humanart_17000000000337.jpg,1080,431,2.5058004640371228
real_human_humanart_17000000000338.jpg,1080,1620,0.6666666666666666
real_human_humanart_17000000000339.jpg,1080,720,1.5
real_human_humanart_17000000000340.jpg,1080,720,1.5
real_human_humanart_17000000000342.jpg,1080,719,1.502086230876217
real_human_humanart_17000000000343.jpg,1080,431,2.5058004640371228
real_human_humanart_17000000000345.jpg,1080,720,1.5
real_human_humanart_17000000000347.jpg,1080,720,1.5
real_human_humanart_17000000000348.jpg,1080,669,1.6143497757847534
real_human_humanart_17000000000350.jpg,1080,720,1.5
real_human_humanart_17000000000351.jpg,1080,720,1.5
real_human_humanart_17000000000353.jpg,1080,720,1.5
real_human_humanart_17000000000354.jpg,1080,720,1.5
real_human_humanart_17000000000355.jpg,1080,1620,0.6666666666666666
real_human_humanart_17000000000356.jpg,1080,1620,0.6666666666666666
real_human_humanart_17000000000357.jpg,1080,720,1.5
real_human_humanart_17000000000358.jpg,1080,1618,0.6674907292954264
real_human_humanart_17000000000359.jpg,1080,431,2.5058004640371228
real_human_humanart_17000000000361.jpg,1080,720,1.5
real_human_humanart_17000000000363.jpg,1080,719,1.502086230876217
real_human_humanart_17000000000364.jpg,1080,720,1.5
real_human_humanart_17000000000365.jpg,1080,720,1.5
real_human_humanart_17000000000367.jpg,1080,720,1.5
real_human_humanart_17000000000368.jpg,1080,720,1.5
real_human_humanart_17000000000369.jpg,1080,720,1.5
real_human_humanart_17000000000370.jpg,1080,720,1.5
real_human_humanart_17000000000374.jpg,1080,592,1.8243243243243243
real_human_humanart_17000000000376.jpg,1080,585,1.8461538461538463
real_human_humanart_17000000000377.jpg,1080,598,1.806020066889632
real_human_humanart_17000000000379.jpg,1080,602,1.7940199335548173
real_human_humanart_17000000000380.jpg,720,1080,0.6666666666666666
real_human_humanart_17000000000381.jpg,720,1080,0.6666666666666666
real_human_humanart_17000000000384.jpg,720,1080,0.6666666666666666
real_human_humanart_17000000000385.jpg,720,1080,0.6666666666666666
real_human_humanart_17000000000387.jpg,1080,1620,0.6666666666666666
real_human_humanart_17000000000388.jpg,1080,719,1.502086230876217
real_human_humanart_17000000000389.jpg,1080,720,1.5
real_human_humanart_17000000000390.jpg,1080,1620,0.6666666666666666
real_human_humanart_17000000000391.jpg,1080,1496,0.7219251336898396
real_human_humanart_17000000000392.jpg,1080,720,1.5
real_human_humanart_17000000000393.jpg,1080,719,1.502086230876217
real_human_humanart_17000000000394.jpg,1080,1620,0.6666666666666666
real_human_humanart_17000000000395.jpg,1080,1619,0.6670784434836319
real_human_humanart_17000000000397.jpg,1080,760,1.4210526315789473
real_human_humanart_17000000000399.jpg,1080,719,1.502086230876217
real_human_humanart_17000000000400.jpg,1080,720,1.5
real_human_humanart_17000000000404.jpg,1080,720,1.5
real_human_humanart_17000000000405.jpg,1080,720,1.5
real_human_humanart_17000000000406.jpg,1080,720,1.5
real_human_humanart_17000000000407.jpg,1080,720,1.5
real_human_humanart_17000000000408.jpg,1080,720,1.5
real_human_humanart_17000000000409.jpg,1080,720,1.5
real_human_humanart_17000000000412.jpg,1080,716,1.5083798882681565
real_human_humanart_17000000000413.jpg,1080,720,1.5
real_human_humanart_17000000000419.jpg,1080,1666,0.6482593037214885
real_human_humanart_17000000000421.jpg,1080,720,1.5
real_human_humanart_17000000000422.jpg,1080,720,1.5
real_human_humanart_17000000000423.jpg,1080,720,1.5
real_human_humanart_17000000000425.jpg,1080,720,1.5
real_human_humanart_17000000000426.jpg,1080,719,1.502086230876217
real_human_humanart_17000000000427.jpg,1080,720,1.5
real_human_humanart_17000000000428.jpg,1080,767,1.4080834419817472
real_human_humanart_17000000000429.jpg,1080,660,1.6363636363636365
real_human_humanart_17000000000430.jpg,1080,692,1.560693641618497
real_human_humanart_17000000000431.jpg,1080,1603,0.6737367436057392
real_human_humanart_17000000000432.jpg,1080,720,1.5
real_human_humanart_17000000000435.jpg,1080,720,1.5
real_human_humanart_17000000000436.jpg,1080,719,1.502086230876217
real_human_humanart_17000000000437.jpg,1080,719,1.502086230876217
real_human_humanart_17000000000439.jpg,1080,719,1.502086230876217
real_human_humanart_17000000000440.jpg,1080,1715,0.6297376093294461
real_human_humanart_17000000000441.jpg,1080,1587,0.6805293005671077
real_human_humanart_17000000000442.jpg,1080,771,1.4007782101167314
real_human_humanart_17000000000443.jpg,1080,1603,0.6737367436057392
real_human_humanart_17000000000444.jpg,1080,1556,0.6940874035989717
real_human_humanart_17000000000445.jpg,1080,1628,0.6633906633906634
real_human_humanart_17000000000446.jpg,1080,719,1.502086230876217
real_human_humanart_17000000000447.jpg,1080,720,1.5
real_human_humanart_17000000000448.jpg,1080,720,1.5
real_human_humanart_17000000000449.jpg,1080,720,1.5
real_human_humanart_17000000000451.jpg,1080,720,1.5
real_human_humanart_17000000000452.jpg,1080,720,1.5
real_human_humanart_17000000000453.jpg,1080,720,1.5
real_human_humanart_17000000000454.jpg,1080,1620,0.6666666666666666
real_human_humanart_17000000000455.jpg,1080,720,1.5
real_human_humanart_17000000000456.jpg,1080,720,1.5
real_human_humanart_17000000000458.jpg,1080,607,1.7792421746293245
real_human_humanart_17000000000459.jpg,1080,607,1.7792421746293245
real_human_humanart_17000000000460.jpg,1080,607,1.7792421746293245
real_human_humanart_17000000000461.jpg,1080,607,1.7792421746293245
real_human_humanart_17000000000462.jpg,1080,607,1.7792421746293245
real_human_humanart_17000000000463.jpg,1080,607,1.7792421746293245
real_human_humanart_17000000000466.jpg,1080,607,1.7792421746293245
real_human_humanart_17000000000468.jpg,1080,607,1.7792421746293245
real_human_humanart_17000000000472.jpg,1080,607,1.7792421746293245
real_human_humanart_17000000000473.jpg,1080,607,1.7792421746293245
real_human_humanart_17000000000475.jpg,1080,1620,0.6666666666666666
real_human_humanart_17000000000476.jpg,1080,720,1.5
real_human_humanart_17000000000478.jpg,1080,719,1.502086230876217
real_human_humanart_17000000000479.jpg,666,1000,0.666
real_human_humanart_17000000000480.jpg,1080,720,1.5
real_human_humanart_17000000000481.jpg,1080,1076,1.003717472118959
real_human_humanart_17000000000482.jpg,1080,719,1.502086230876217
real_human_humanart_17000000000483.jpg,1080,720,1.5
real_human_humanart_17000000000484.jpg,1080,720,1.5
real_human_humanart_17000000000485.jpg,1080,720,1.5
real_human_humanart_17000000000487.jpg,1080,1620,0.6666666666666666
real_human_humanart_17000000000488.jpg,1080,720,1.5
real_human_humanart_17000000000491.jpg,1080,720,1.5
real_human_humanart_17000000000492.jpg,1080,720,1.5
real_human_humanart_17000000000493.jpg,1080,720,1.5
real_human_humanart_17000000000494.jpg,1080,720,1.5
real_human_humanart_17000000000496.jpg,1026,735,1.3959183673469389
real_human_humanart_17000000000497.jpg,1024,683,1.499267935578331
real_human_humanart_17000000000498.jpg,1080,1620,0.6666666666666666
real_human_humanart_17000000000499.jpg,1080,720,1.5
real_human_humanart_17000000000500.jpg,1080,720,1.5
real_human_humanart_17000000000502.jpg,1080,720,1.5
real_human_humanart_17000000000503.jpg,1080,720,1.5
real_human_humanart_17000000000505.jpg,1080,720,1.5
real_human_humanart_17000000000506.jpg,1080,720,1.5
real_human_humanart_17000000000510.jpg,1080,1920,0.5625
real_human_humanart_17000000000512.jpg,1080,607,1.7792421746293245
real_human_humanart_17000000000513.jpg,1080,1920,0.5625
real_human_humanart_17000000000515.jpg,1080,720,1.5
real_human_humanart_17000000000516.jpg,1024,1434,0.7140864714086471
real_human_humanart_17000000000517.jpg,1080,720,1.5
real_human_humanart_17000000000518.jpg,1024,1433,0.7145847871598046
real_human_humanart_17000000000519.jpg,1080,720,1.5
real_human_humanart_17000000000521.jpg,1080,1620,0.6666666666666666
real_human_humanart_17000000000523.jpg,1080,720,1.5
real_human_humanart_17000000000524.jpg,1080,720,1.5
real_human_humanart_17000000000527.jpg,1080,606,1.7821782178217822
real_human_humanart_17000000000528.jpg,1080,720,1.5
real_human_humanart_17000000000531.jpg,1080,720,1.5
real_human_humanart_17000000000533.jpg,1080,720,1.5
real_human_humanart_17000000000536.jpg,1080,812,1.3300492610837438
real_human_humanart_17000000000537.jpg,1080,812,1.3300492610837438
real_human_humanart_17000000000538.jpg,1080,1922,0.5619146722164412
real_human_humanart_17000000000540.jpg,1080,812,1.3300492610837438
real_human_humanart_17000000000544.jpg,1080,812,1.3300492610837438
real_human_humanart_17000000000545.jpg,1080,812,1.3300492610837438
real_human_humanart_17000000000548.jpg,1080,812,1.3300492610837438
real_human_humanart_17000000000551.jpg,1080,812,1.3300492610837438
real_human_humanart_17000000000552.jpg,1080,812,1.3300492610837438
real_human_humanart_17000000000555.jpg,1080,812,1.3300492610837438
real_human_humanart_17000000000556.jpg,1080,812,1.3300492610837438
real_human_humanart_17000000000558.jpg,1080,812,1.3300492610837438
real_human_humanart_17000000000562.jpg,1080,1922,0.5619146722164412
real_human_humanart_17000000000565.jpg,1080,812,1.3300492610837438
real_human_humanart_17000000000566.jpg,1080,812,1.3300492610837438
real_human_humanart_17000000000567.jpg,1080,1922,0.5619146722164412
real_human_humanart_17000000000568.jpg,1080,812,1.3300492610837438
real_human_humanart_17000000000570.jpg,1080,812,1.3300492610837438
real_human_humanart_17000000000572.jpg,1080,812,1.3300492610837438
real_human_humanart_17000000000573.jpg,1080,812,1.3300492610837438
real_human_humanart_17000000000574.jpg,1080,812,1.3300492610837438
real_human_humanart_17000000000576.jpg,1080,1922,0.5619146722164412
real_human_humanart_17000000000578.jpg,1080,812,1.3300492610837438
real_human_humanart_17000000000580.jpg,1080,812,1.3300492610837438
real_human_humanart_17000000000581.jpg,1080,1922,0.5619146722164412
real_human_humanart_17000000000582.jpg,778,645,1.206201550387597
real_human_humanart_17000000000583.jpg,1080,720,1.5
real_human_humanart_17000000000584.jpg,1080,720,1.5
real_human_humanart_17000000000586.jpg,1080,720,1.5
real_human_humanart_17000000000587.jpg,690,460,1.5
real_human_humanart_17000000000589.jpg,1080,720,1.5
real_human_humanart_17000000000590.jpg,1080,1619,0.6670784434836319
real_human_humanart_17000000000594.jpg,1080,720,1.5
real_human_humanart_17000000000595.jpg,1080,720,1.5
real_human_humanart_17000000000596.jpg,1080,1645,0.6565349544072948
real_human_humanart_17000000000597.jpg,690,459,1.5032679738562091
real_human_humanart_17000000000598.jpg,690,1035,0.6666666666666666
real_human_humanart_17000000000600.jpg,750,1125,0.6666666666666666
real_human_humanart_17000000000601.jpg,635,485,1.309278350515464
real_human_humanart_17000000000603.jpg,635,486,1.3065843621399178
real_human_humanart_17000000000604.jpg,1080,607,1.7792421746293245
real_human_humanart_17000000000605.jpg,1080,720,1.5
real_human_humanart_17000000000607.jpg,1080,607,1.7792421746293245
real_human_humanart_17000000000608.jpg,1080,607,1.7792421746293245
real_human_humanart_17000000000610.jpg,1080,607,1.7792421746293245
real_human_humanart_17000000000612.jpg,1080,675,1.6
real_human_humanart_17000000000613.jpg,1080,675,1.6
real_human_humanart_17000000000614.jpg,1080,675,1.6
real_human_humanart_17000000000615.jpg,1080,675,1.6
real_human_humanart_17000000000616.jpg,1080,675,1.6
real_human_humanart_17000000000618.jpg,1080,675,1.6
real_human_humanart_17000000000619.jpg,1080,607,1.7792421746293245
real_human_humanart_17000000000620.jpg,1080,607,1.7792421746293245
real_human_humanart_17000000000621.jpg,1080,607,1.7792421746293245
real_human_humanart_17000000000622.jpg,1080,1919,0.5627931214174049
real_human_humanart_17000000000623.jpg,1080,1920,0.5625
real_human_humanart_17000000000625.jpg,1080,607,1.7792421746293245
real_human_humanart_17000000000626.jpg,900,1600,0.5625
real_human_humanart_17000000000627.jpg,1080,607,1.7792421746293245
real_human_humanart_17000000000631.jpg,800,533,1.5009380863039399
real_human_humanart_17000000000632.jpg,1080,607,1.7792421746293245
real_human_humanart_17000000000634.jpg,1080,1920,0.5625
real_human_humanart_17000000000635.jpg,1080,607,1.7792421746293245
real_human_humanart_17000000000639.jpg,1080,1920,0.5625
real_human_humanart_17000000000640.jpg,1080,1920,0.5625
real_human_humanart_17000000000641.jpg,1080,1920,0.5625
real_human_humanart_17000000000643.jpg,1080,720,1.5
real_human_humanart_17000000000644.jpg,1080,720,1.5
real_human_humanart_17000000000645.jpg,1080,1620,0.6666666666666666
real_human_humanart_17000000000649.jpg,1080,1620,0.6666666666666666
real_human_humanart_17000000000650.jpg,1080,1620,0.6666666666666666
real_human_humanart_17000000000651.jpg,1080,1620,0.6666666666666666
real_human_humanart_17000000000652.jpg,1080,1620,0.6666666666666666
real_human_humanart_17000000000654.jpg,1000,1500,0.6666666666666666
real_human_humanart_17000000000655.jpg,1080,1613,0.6695598264104153
real_human_humanart_17000000000656.jpg,1080,1613,0.6695598264104153
real_human_humanart_17000000000659.jpg,3456,2304,1.5
real_human_humanart_17000000000660.jpg,900,625,1.44
real_human_humanart_17000000000661.jpg,681,675,1.008888888888889
real_human_humanart_17000000000662.jpg,835,616,1.3555194805194806
real_human_humanart_17000000000664.jpg,220,330,0.6666666666666666
real_human_humanart_17000000000665.jpg,2094,2975,0.7038655462184874
real_human_humanart_17000000000667.jpg,1275,1624,0.7850985221674877
real_human_humanart_17000000000670.jpg,666,612,1.088235294117647
real_human_humanart_17000000000672.jpg,5472,3648,1.5
real_human_humanart_17000000000673.jpg,2848,4272,0.6666666666666666
real_human_humanart_17000000000678.jpg,2644,3304,0.8002421307506054
real_human_humanart_17000000000679.jpg,800,533,1.5009380863039399
real_human_humanart_17000000000681.jpg,920,1232,0.7467532467532467
real_human_humanart_17000000000683.jpg,1230,1522,0.8081471747700394
real_human_humanart_17000000000686.jpg,1872,2812,0.6657183499288762
real_human_humanart_17000000000688.jpg,1024,1315,0.7787072243346007
real_human_humanart_17000000000689.jpg,1024,1289,0.7944142746314973
real_human_humanart_17000000000690.jpg,550,825,0.6666666666666666
real_human_humanart_17000000000694.jpg,316,482,0.6556016597510373
real_human_humanart_17000000000698.jpg,3264,4928,0.6623376623376623
real_human_humanart_17000000000700.jpg,1500,2130,0.704225352112676
real_human_humanart_17000000000704.jpg,1478,1479,0.9993238674780257
real_human_humanart_17000000000706.jpg,1354,1916,0.7066805845511482
real_human_humanart_17000000000707.jpg,9128,6085,1.5000821692686934
real_human_humanart_17000000000709.jpg,1467,1834,0.7998909487459106
real_human_humanart_17000000000710.jpg,1356,2048,0.662109375
real_human_humanart_17000000000711.jpg,853,1280,0.66640625
real_human_humanart_17000000000712.jpg,1257,1830,0.6868852459016394
real_human_humanart_17000000000713.jpg,1212,1830,0.6622950819672131
real_human_humanart_17000000000714.jpg,1249,1830,0.6825136612021858
real_human_humanart_17000000000715.jpg,1237,1830,0.6759562841530055
real_human_humanart_17000000000716.jpg,1251,1830,0.6836065573770492
real_human_humanart_17000000000717.jpg,1237,1830,0.6759562841530055
real_human_humanart_17000000000718.jpg,1470,1830,0.8032786885245902
real_human_humanart_17000000000721.jpg,2238,3357,0.6666666666666666
real_human_humanart_17000000000722.jpg,532,800,0.665
real_human_humanart_17000000000723.jpg,1444,2166,0.6666666666666666
real_human_humanart_17000000000724.jpg,1000,1500,0.6666666666666666
real_human_humanart_17000000000727.jpg,1546,2319,0.6666666666666666
real_human_humanart_17000000000728.jpg,1931,3058,0.631458469587966
real_human_humanart_17000000000729.jpg,1610,2414,0.6669428334714167
real_human_humanart_17000000000730.jpg,1199,1798,0.6668520578420467
real_human_humanart_17000000000731.jpg,1274,1911,0.6666666666666666
real_human_humanart_17000000000732.jpg,1414,2122,0.6663524976437323
real_human_humanart_17000000000734.jpg,2151,3226,0.6667699938003719
real_human_humanart_17000000000735.jpg,2282,1521,1.5003287310979618
real_human_humanart_17000000000736.jpg,1742,2612,0.6669218989280244
real_human_humanart_17000000000737.jpg,1797,2696,0.6665430267062314
real_human_humanart_17000000000738.jpg,1596,2394,0.6666666666666666
real_human_humanart_17000000000740.jpg,1392,2087,0.6669861044561571
real_human_humanart_17000000000741.jpg,2509,3764,0.6665781083953242
real_human_humanart_17000000000745.jpg,2238,2410,0.9286307053941909
real_human_humanart_17000000000746.jpg,2072,2072,1.0
real_human_humanart_17000000000748.jpg,2125,3188,0.6665621079046424
real_human_humanart_17000000000749.jpg,1280,720,1.7777777777777777
real_human_humanart_17000000000750.jpg,3000,2400,1.25
real_human_humanart_17000000000754.jpg,2832,4256,0.6654135338345865
real_human_humanart_17000000000756.jpg,877,1316,0.6664133738601824
real_human_humanart_17000000000757.jpg,975,1462,0.6668946648426812
real_human_humanart_17000000000758.jpg,1280,848,1.509433962264151
real_human_humanart_17000000000761.jpg,1463,2199,0.6653024101864484
real_human_humanart_17000000000763.jpg,1537,2049,0.7501220107369448
real_human_humanart_17000000000766.jpg,1460,2194,0.6654512306289881
real_human_humanart_17000000000768.jpg,1968,2958,0.665314401622718
real_human_humanart_17000000000770.jpg,2408,3210,0.7501557632398754
real_human_humanart_17000000000771.jpg,2832,4256,0.6654135338345865
real_human_humanart_17000000000773.jpg,2387,3587,0.665458600501812
real_human_humanart_17000000000774.jpg,1632,2453,0.6653077863840196
real_human_humanart_17000000000776.jpg,3209,4813,0.6667359235404113
real_human_humanart_17000000000779.jpg,2130,3201,0.6654170571696345
real_human_humanart_17000000000780.jpg,854,1280,0.6671875
real_human_humanart_17000000000781.jpg,1280,853,1.5005861664712778
real_human_humanart_17000000000783.jpg,2832,4256,0.6654135338345865
real_human_humanart_17000000000786.jpg,2146,2694,0.7965850037119525
real_human_humanart_17000000000787.jpg,1866,2804,0.6654778887303852
real_human_humanart_17000000000788.jpg,1420,2134,0.6654170571696345
real_human_humanart_17000000000790.jpg,1616,2428,0.6655683690280065
real_human_humanart_17000000000792.jpg,1532,2302,0.6655082536924414
real_human_humanart_17000000000793.jpg,1749,2628,0.6655251141552512
real_human_humanart_17000000000794.jpg,1634,2455,0.6655804480651731
real_human_humanart_17000000000796.jpg,1787,2686,0.6653015636634401
real_human_humanart_17000000000797.jpg,1441,2166,0.6652816251154201
real_human_humanart_17000000000799.jpg,2514,3778,0.6654314452091054
real_human_humanart_17000000000800.jpg,1510,2269,0.6654914059056853
real_human_humanart_17000000000801.jpg,1588,2386,0.6655490360435876
real_human_humanart_17000000000802.jpg,1781,2676,0.6655455904334828
real_human_humanart_17000000000803.jpg,2059,3660,0.562568306010929
real_human_humanart_17000000000804.jpg,1866,2804,0.6654778887303852
real_human_humanart_17000000000805.jpg,1280,857,1.4935822637106184
real_human_humanart_17000000000806.jpg,1280,857,1.4935822637106184
real_human_humanart_17000000000807.jpg,1280,859,1.490104772991851
real_human_humanart_17000000000808.jpg,2298,4085,0.562545899632803
real_human_humanart_17000000000809.jpg,2366,2366,1.0
real_human_humanart_17000000000811.jpg,2558,3844,0.6654526534859522
real_human_humanart_17000000000812.jpg,1989,2989,0.6654399464703914
real_human_humanart_17000000000814.jpg,1345,2021,0.6655121227115289
real_human_humanart_17000000000815.jpg,1441,2166,0.6652816251154201
real_human_humanart_17000000000817.jpg,2334,3507,0.6655260906757913
real_human_humanart_17000000000818.jpg,1473,2214,0.6653116531165312
real_human_humanart_17000000000821.jpg,1947,3461,0.5625541750939035
real_human_humanart_17000000000825.jpg,1813,2724,0.6655653450807636
real_human_humanart_17000000000827.jpg,2688,4040,0.6653465346534654
real_human_humanart_17000000000829.jpg,1744,2621,0.665394887447539
real_human_humanart_17000000000830.jpg,1739,2613,0.6655185610409491
real_human_humanart_17000000000831.jpg,1778,1183,1.5029585798816567
real_human_humanart_17000000000832.jpg,1731,2601,0.6655132641291811
real_human_humanart_17000000000833.jpg,3394,2832,1.198446327683616
real_human_humanart_17000000000835.jpg,2416,1812,1.3333333333333333
real_human_humanart_17000000000838.jpg,2067,3106,0.6654861558274308
real_human_humanart_17000000000839.jpg,1810,3558,0.5087127599775154
real_human_humanart_17000000000840.jpg,1666,2503,0.6656012784658409
real_human_humanart_17000000000841.jpg,1479,2223,0.6653171390013495
real_human_humanart_17000000000842.jpg,1845,1845,1.0
real_human_humanart_17000000000846.jpg,1870,2493,0.7501002807862014
real_human_humanart_17000000000847.jpg,1686,2534,0.665351223362273
real_human_humanart_17000000000848.jpg,1626,2891,0.562435143548945
real_human_humanart_17000000000849.jpg,2067,2067,1.0
real_human_humanart_17000000000850.jpg,2593,2593,1.0
real_human_humanart_17000000000851.jpg,2115,2115,1.0
real_human_humanart_17000000000854.jpg,1154,1734,0.6655132641291811
real_human_humanart_17000000000855.jpg,1154,1734,0.6655132641291811
real_human_humanart_17000000000857.jpg,2273,2273,1.0
real_human_humanart_17000000000858.jpg,2299,3065,0.7500815660685155
real_human_humanart_17000000000860.jpg,2210,3321,0.6654622101776574
real_human_humanart_17000000000861.jpg,2467,1850,1.3335135135135134
real_human_humanart_17000000000862.jpg,2180,2180,1.0
real_human_humanart_17000000000864.jpg,1828,3249,0.5626346568174823
real_human_humanart_17000000000869.jpg,2227,3959,0.5625157868148523
real_human_humanart_17000000000875.jpg,1515,2277,0.6653491436100132
real_human_humanart_17000000000876.jpg,1823,2740,0.6653284671532846
real_human_humanart_17000000000878.jpg,1846,2774,0.665465032444124
real_human_humanart_17000000000879.jpg,1379,2072,0.6655405405405406
real_human_humanart_17000000000881.jpg,1866,2804,0.6654778887303852
real_human_humanart_17000000000882.jpg,2258,3393,0.6654877689360448
real_human_humanart_17000000000883.jpg,1835,2757,0.6655785273848386
real_human_humanart_17000000000885.jpg,2472,2472,1.0
real_human_humanart_17000000000886.jpg,1920,2885,0.6655112651646448
real_human_humanart_17000000000887.jpg,2449,2449,1.0
real_human_humanart_17000000000889.jpg,1623,2439,0.6654366543665436
real_human_humanart_17000000000896.jpg,617,960,0.6427083333333333
real_human_humanart_17000000000898.jpg,2408,3096,0.7777777777777778
real_human_humanart_17000000000899.jpg,1200,1680,0.7142857142857143
real_human_humanart_17000000000900.jpg,1935,2908,0.6654057771664375
real_human_humanart_17000000000902.jpg,1623,2885,0.5625649913344888
real_human_humanart_17000000000903.jpg,856,1286,0.6656298600311042
real_human_humanart_17000000000904.jpg,1284,1930,0.6652849740932643
real_human_humanart_17000000000907.jpg,2464,3080,0.8
real_human_humanart_17000000000908.jpg,2076,3114,0.6666666666666666
real_human_humanart_17000000000910.jpg,4288,2848,1.5056179775280898
real_human_humanart_17000000000912.jpg,4288,2848,1.5056179775280898
real_human_humanart_17000000000913.jpg,229,366,0.6256830601092896
real_human_humanart_17000000000915.jpg,1241,1848,0.6715367965367965
real_human_humanart_17000000000919.jpg,4288,2848,1.5056179775280898
real_human_humanart_17000000000920.jpg,2395,1711,1.3997662185856223
real_human_humanart_17000000000921.jpg,4288,2848,1.5056179775280898
real_human_humanart_17000000000922.jpg,2376,2530,0.9391304347826087
real_human_humanart_17000000000923.jpg,4288,2848,1.5056179775280898
real_human_humanart_17000000000924.jpg,2848,4288,0.664179104477612
real_human_humanart_17000000000926.jpg,4288,2848,1.5056179775280898
real_human_humanart_17000000000927.jpg,4288,2848,1.5056179775280898
real_human_humanart_17000000000928.jpg,2848,4288,0.664179104477612
real_human_humanart_17000000000929.jpg,1760,2360,0.7457627118644068
real_human_humanart_17000000000930.jpg,1479,2408,0.614202657807309
real_human_humanart_17000000000931.jpg,2592,3768,0.6878980891719745
real_human_humanart_17000000000932.jpg,4288,2848,1.5056179775280898
real_human_humanart_17000000000934.jpg,2812,1872,1.5021367521367521
real_human_humanart_17000000000942.jpg,2848,4288,0.664179104477612
real_human_humanart_17000000000946.jpg,527,550,0.9581818181818181
real_human_humanart_17000000000947.jpg,467,700,0.6671428571428571
real_human_humanart_17000000000948.jpg,150,270,0.5555555555555556
real_human_humanart_17000000000949.jpg,2560,1920,1.3333333333333333
real_human_humanart_17000000000954.jpg,1174,1174,1.0
real_human_humanart_17000000000955.jpg,5184,3456,1.5
real_human_humanart_17000000000956.jpg,3186,4976,0.6402733118971061
real_human_humanart_17000000000957.jpg,3085,4702,0.6561037856231391
real_human_humanart_17000000000958.jpg,633,800,0.79125
real_human_humanart_17000000000959.jpg,6000,3376,1.7772511848341233
real_human_humanart_17000000000962.jpg,1895,2044,0.9271037181996086
real_human_humanart_17000000000965.jpg,2052,2488,0.8247588424437299
real_human_humanart_17000000000966.jpg,4608,3072,1.5
real_human_humanart_17000000000967.jpg,1920,1080,1.7777777777777777
real_human_humanart_17000000000969.jpg,1711,2394,0.7147034252297411
real_human_humanart_17000000000970.jpg,1821,2838,0.6416490486257929
real_human_humanart_17000000000971.jpg,3128,3910,0.8
real_human_humanart_17000000000972.jpg,720,900,0.8
real_human_humanart_17000000000973.jpg,2000,1333,1.5003750937734435
real_human_humanart_17000000000974.jpg,2463,4055,0.6073982737361282
real_human_humanart_17000000000978.jpg,4480,4480,1.0
real_human_humanart_17000000000979.jpg,3079,4441,0.6933123170457104
real_human_humanart_17000000000980.jpg,3456,4608,0.75
real_human_humanart_17000000000981.jpg,4928,3264,1.5098039215686274
real_human_humanart_17000000000983.jpg,1172,1954,0.5997952917093142
real_human_humanart_17000000000984.jpg,1240,1992,0.6224899598393574
real_human_humanart_17000000000985.jpg,1189,2001,0.5942028985507246
real_human_humanart_17000000000986.jpg,1183,1965,0.6020356234096692
real_human_humanart_17000000000987.jpg,1173,1939,0.6049510056730273
real_human_humanart_17000000000990.jpg,1240,1966,0.6307222787385555
real_human_humanart_17000000000992.jpg,1282,2011,0.6374937841869717
real_human_humanart_17000000000993.jpg,1288,1952,0.6598360655737705
real_human_humanart_17000000000994.jpg,1261,1978,0.6375126390293225
real_human_humanart_17000000000995.jpg,1222,1981,0.6168601716304897
real_human_humanart_17000000000997.jpg,1263,1947,0.6486902927580893
real_human_humanart_17000000000998.jpg,2334,3114,0.7495183044315993
real_human_humanart_17000000000999.jpg,1976,2960,0.6675675675675675
real_human_humanart_17000000001005.jpg,1873,3161,0.5925340082252452
real_human_humanart_17000000001007.jpg,556,424,1.3113207547169812
real_human_humanart_17000000001011.jpg,1024,683,1.499267935578331
real_human_humanart_17000000001012.jpg,3500,2717,1.2881854987118144
real_human_humanart_17000000001013.jpg,6000,4000,1.5
real_human_humanart_17000000001014.jpg,419,500,0.838
real_human_humanart_17000000001015.jpg,3000,2188,1.3711151736745886
real_human_humanart_17000000001018.jpg,2000,1333,1.5003750937734435
real_human_humanart_17000000001019.jpg,2000,1333,1.5003750937734435
real_human_humanart_17000000001020.jpg,2000,1333,1.5003750937734435
real_human_humanart_17000000001021.jpg,2000,1333,1.5003750937734435
real_human_humanart_17000000001023.jpg,2000,1333,1.5003750937734435
real_human_humanart_17000000001024.jpg,2000,1333,1.5003750937734435
real_human_humanart_17000000001025.jpg,2000,1333,1.5003750937734435
real_human_humanart_17000000001026.jpg,2000,1333,1.5003750937734435
real_human_humanart_17000000001028.jpg,2000,1333,1.5003750937734435
real_human_humanart_17000000001029.jpg,2000,1333,1.5003750937734435
real_human_humanart_17000000001033.jpg,2000,1333,1.5003750937734435
real_human_humanart_17000000001034.jpg,2000,1333,1.5003750937734435
real_human_humanart_17000000001035.jpg,2000,1333,1.5003750937734435
real_human_humanart_17000000001036.jpg,2000,1333,1.5003750937734435
real_human_humanart_17000000001037.jpg,2000,1333,1.5003750937734435
real_human_humanart_17000000001038.jpg,2000,1333,1.5003750937734435
real_human_humanart_17000000001039.jpg,2000,1333,1.5003750937734435
real_human_humanart_17000000001040.jpg,2000,1333,1.5003750937734435
real_human_humanart_17000000001041.jpg,2000,1333,1.5003750937734435
real_human_humanart_17000000001042.jpg,2000,1333,1.5003750937734435
real_human_humanart_17000000001043.jpg,2000,1333,1.5003750937734435
real_human_humanart_17000000001044.jpg,2000,1333,1.5003750937734435
real_human_humanart_17000000001045.jpg,2000,1333,1.5003750937734435
real_human_humanart_17000000001046.jpg,2000,1333,1.5003750937734435
real_human_humanart_17000000001048.jpg,2000,1333,1.5003750937734435
real_human_humanart_17000000001049.jpg,889,1333,0.6669167291822956
real_human_humanart_17000000001050.jpg,2000,1333,1.5003750937734435
real_human_humanart_17000000001052.jpg,2000,1333,1.5003750937734435
real_human_humanart_17000000001054.jpg,2000,1333,1.5003750937734435
real_human_humanart_17000000001055.jpg,6000,4000,1.5
real_human_humanart_17000000001059.jpg,2000,1333,1.5003750937734435
real_human_humanart_17000000001060.jpg,2000,1333,1.5003750937734435
real_human_humanart_17000000001061.jpg,2000,1333,1.5003750937734435
real_human_humanart_17000000001064.jpg,5636,3360,1.6773809523809524
real_human_humanart_17000000001066.jpg,1726,3280,0.526219512195122
real_human_humanart_17000000001067.jpg,1310,2000,0.655
real_human_humanart_17000000001068.jpg,5472,3648,1.5
real_human_humanart_17000000001069.jpg,569,920,0.6184782608695653
real_human_humanart_17000000001071.jpg,553,911,0.6070252469813392
real_human_humanart_17000000001073.jpg,554,913,0.6067907995618839
real_human_humanart_17000000001075.jpg,552,918,0.6013071895424836
real_human_humanart_17000000001076.jpg,563,921,0.6112920738327905
real_human_humanart_17000000001079.jpg,534,800,0.6675
real_human_humanart_17000000001080.jpg,2016,1512,1.3333333333333333
real_human_humanart_17000000001081.jpg,3105,2060,1.5072815533980584
real_human_humanart_17000000001082.jpg,2347,2003,1.1717423864203695
real_human_humanart_17000000001087.jpg,2314,2208,1.0480072463768115
real_human_humanart_17000000001088.jpg,4000,2742,1.4587892049598834
real_human_humanart_17000000001090.jpg,2039,2561,0.7961733697774307
real_human_humanart_17000000001091.jpg,2100,2007,1.046337817638266
real_human_humanart_17000000001092.jpg,2518,2901,0.8679765598069631
real_human_humanart_17000000001093.jpg,4000,2874,1.3917884481558802
real_human_humanart_17000000001095.jpg,1779,1181,1.506350550381033
real_human_humanart_17000000001098.jpg,2814,2987,0.9420823568798126
real_human_humanart_17000000001099.jpg,2161,2015,1.072456575682382
real_human_humanart_17000000001102.jpg,4000,2656,1.5060240963855422
real_human_humanart_17000000001103.jpg,3000,2436,1.2315270935960592
real_human_humanart_17000000001104.jpg,2948,3000,0.9826666666666667
real_human_humanart_17000000001106.jpg,1176,2276,0.5166959578207382
real_human_humanart_17000000001108.jpg,801,1170,0.6846153846153846
real_human_humanart_17000000001109.jpg,3000,2042,1.4691478942213516
real_human_humanart_17000000001110.jpg,3000,2042,1.4691478942213516
real_human_humanart_17000000001112.jpg,3000,2201,1.3630168105406633
real_human_humanart_17000000001113.jpg,3600,5400,0.6666666666666666
real_human_humanart_17000000001115.jpg,275,183,1.5027322404371584
real_human_humanart_17000000001116.jpg,1183,608,1.9457236842105263
real_human_humanart_17000000001117.jpg,2592,1728,1.5
real_human_humanart_17000000001120.jpg,4032,3024,1.3333333333333333
real_human_humanart_17000000001122.jpg,720,1212,0.594059405940594
real_human_humanart_17000000001124.jpg,3000,1992,1.5060240963855422
real_human_humanart_17000000001126.jpg,2000,1175,1.702127659574468
real_human_humanart_17000000001127.jpg,960,640,1.5
real_human_humanart_17000000001128.jpg,1229,2000,0.6145
real_human_humanart_17000000001130.jpg,4928,3264,1.5098039215686274
real_human_humanart_17000000001131.jpg,4928,3264,1.5098039215686274
real_human_humanart_17000000001132.jpg,2000,1472,1.358695652173913
real_human_humanart_17000000001133.jpg,2000,1356,1.4749262536873156
real_human_humanart_17000000001134.jpg,2000,1480,1.3513513513513513
real_human_humanart_17000000001135.jpg,2000,2113,0.9465215333648841
real_human_humanart_17000000001136.jpg,2117,2000,1.0585
real_human_humanart_17000000001138.jpg,2000,1650,1.2121212121212122
real_human_humanart_17000000001139.jpg,2000,1454,1.375515818431912
real_human_humanart_17000000001144.jpg,877,1280,0.68515625
real_human_humanart_17000000001146.jpg,1874,2000,0.937
real_human_humanart_17000000001147.jpg,3263,3073,1.0618288317604947
real_human_humanart_17000000001148.jpg,3264,3529,0.9249079059223576
real_human_humanart_17000000001152.jpg,676,897,0.7536231884057971
real_human_humanart_17000000001155.jpg,2832,4256,0.6654135338345865
real_human_humanart_17000000001156.jpg,2832,4256,0.6654135338345865
real_human_humanart_17000000001158.jpg,4000,3042,1.3149243918474687
real_human_humanart_17000000001159.jpg,916,504,1.8174603174603174
real_human_humanart_17000000001160.jpg,768,771,0.9961089494163424
real_human_humanart_17000000001161.jpg,4000,2694,1.4847809948032664
real_human_humanart_17000000001163.jpg,459,800,0.57375
real_human_humanart_17000000001164.jpg,2616,3488,0.75
real_human_humanart_17000000001168.jpg,4611,3458,1.3334297281665703
real_human_humanart_17000000001170.jpg,6515,4886,1.3334015554645928
real_human_humanart_17000000001172.jpg,5105,3829,1.3332462784016714
real_human_humanart_17000000001175.jpg,3423,5148,0.664918414918415
real_human_humanart_17000000001177.jpg,600,900,0.6666666666666666
real_human_humanart_17000000001180.jpg,689,1080,0.637962962962963
real_human_humanart_17000000001183.jpg,2000,1333,1.5003750937734435
real_human_humanart_17000000001187.jpg,4000,2668,1.4992503748125936
real_human_humanart_17000000001188.jpg,640,960,0.6666666666666666
real_human_humanart_17000000001190.jpg,2000,1333,1.5003750937734435
real_human_humanart_17000000001191.jpg,1154,769,1.5006501950585176
real_human_humanart_17000000001192.jpg,4000,3200,1.25
real_human_humanart_17000000001193.jpg,4000,2857,1.400070003500175
real_human_humanart_17000000001194.jpg,1600,1066,1.5009380863039399
real_human_humanart_17000000001195.jpg,1600,1066,1.5009380863039399
real_human_humanart_17000000001197.jpg,2000,1333,1.5003750937734435
real_human_humanart_17000000001200.jpg,1154,769,1.5006501950585176
real_human_humanart_17000000001203.jpg,1154,769,1.5006501950585176
real_human_humanart_17000000001204.jpg,925,1541,0.600259571706684
real_human_humanart_17000000001205.jpg,4000,2668,1.4992503748125936
real_human_humanart_17000000001207.jpg,1600,1066,1.5009380863039399
real_human_humanart_17000000001208.jpg,1600,1066,1.5009380863039399
real_human_humanart_17000000001210.jpg,1600,1066,1.5009380863039399
real_human_humanart_17000000001211.jpg,2000,1333,1.5003750937734435
real_human_humanart_17000000001212.jpg,1333,2000,0.6665
real_human_humanart_17000000001215.jpg,1154,769,1.5006501950585176
real_human_humanart_17000000001219.jpg,4000,2668,1.4992503748125936
real_human_humanart_17000000001220.jpg,2582,1751,1.4745859508852084
real_human_humanart_17000000001221.jpg,1600,1066,1.5009380863039399
real_human_humanart_17000000001225.jpg,1600,1066,1.5009380863039399
real_human_humanart_17000000001227.jpg,1600,1066,1.5009380863039399
real_human_humanart_17000000001228.jpg,2000,1333,1.5003750937734435
real_human_humanart_17000000001229.jpg,2000,1333,1.5003750937734435
real_human_humanart_17000000001231.jpg,2000,1333,1.5003750937734435
real_human_humanart_17000000001233.jpg,1154,769,1.5006501950585176
real_human_humanart_17000000001234.jpg,4000,3091,1.2940795858945324
real_human_humanart_17000000001235.jpg,800,940,0.851063829787234
real_human_humanart_17000000001236.jpg,1154,769,1.5006501950585176
real_human_humanart_17000000001238.jpg,4000,3200,1.25
real_human_humanart_17000000001239.jpg,4000,2857,1.400070003500175
real_human_humanart_17000000001240.jpg,4000,2857,1.400070003500175
real_human_humanart_17000000001241.jpg,1600,1066,1.5009380863039399
real_human_humanart_17000000001243.jpg,3504,2336,1.5
real_human_humanart_17000000001244.jpg,4000,2668,1.4992503748125936
real_human_humanart_17000000001246.jpg,4000,2668,1.4992503748125936
real_human_humanart_17000000001247.jpg,4000,2668,1.4992503748125936
real_human_humanart_17000000001248.jpg,4000,3091,1.2940795858945324
real_human_humanart_17000000001250.jpg,1154,769,1.5006501950585176
real_human_humanart_17000000001251.jpg,5113,6391,0.8000312940071976
real_human_humanart_17000000001252.jpg,4000,2668,1.4992503748125936
real_human_humanart_17000000001253.jpg,4928,3264,1.5098039215686274
real_human_humanart_17000000001255.jpg,401,277,1.447653429602888
real_human_humanart_17000000001256.jpg,1647,2428,0.67833607907743
real_human_humanart_17000000001257.jpg,1035,1744,0.5934633027522935
real_human_humanart_17000000001260.jpg,250,323,0.7739938080495357
real_human_humanart_17000000001262.jpg,853,1280,0.66640625
real_human_humanart_17000000001263.jpg,1803,1200,1.5025
real_human_humanart_17000000001264.jpg,1423,948,1.501054852320675
real_human_humanart_17000000001265.jpg,3189,3298,0.966949666464524
real_human_humanart_17000000001266.jpg,4480,6720,0.6666666666666666
real_human_humanart_17000000001267.jpg,548,750,0.7306666666666667
real_human_humanart_17000000001268.jpg,596,749,0.7957276368491322
real_human_humanart_17000000001269.jpg,800,843,0.9489916963226572
real_human_humanart_17000000001270.jpg,800,995,0.8040201005025126
real_human_humanart_17000000001271.jpg,995,531,1.8738229755178908
real_human_humanart_17000000001274.jpg,183,288,0.6354166666666666
real_human_humanart_17000000001275.jpg,3638,5380,0.6762081784386617
real_human_humanart_17000000001281.jpg,4999,3270,1.5287461773700306
real_human_humanart_17000000001286.jpg,1343,1310,1.0251908396946565
real_human_humanart_17000000001290.jpg,3264,4896,0.6666666666666666
real_human_humanart_17000000001291.jpg,480,640,0.75
real_human_humanart_17000000001292.jpg,720,1029,0.6997084548104956
real_human_humanart_17000000001294.jpg,3264,2448,1.3333333333333333
real_human_humanart_17000000001295.jpg,550,367,1.4986376021798364
real_human_humanart_17000000001296.jpg,2304,3072,0.75
real_human_humanart_17000000001298.jpg,550,367,1.4986376021798364
real_human_humanart_17000000001299.jpg,4272,2848,1.5
real_human_humanart_17000000001300.jpg,550,367,1.4986376021798364
real_human_humanart_17000000001301.jpg,550,367,1.4986376021798364
real_human_humanart_17000000001302.jpg,550,367,1.4986376021798364
real_human_humanart_17000000001304.jpg,4000,6000,0.6666666666666666
real_human_humanart_17000000001305.jpg,550,367,1.4986376021798364
real_human_humanart_17000000001306.jpg,550,367,1.4986376021798364
real_human_humanart_17000000001308.jpg,3236,2304,1.4045138888888888
real_human_humanart_17000000001309.jpg,3456,2304,1.5
real_human_humanart_17000000001311.jpg,1703,1205,1.4132780082987553
real_human_humanart_17000000001316.jpg,2592,1944,1.3333333333333333
real_human_humanart_17000000001317.jpg,3070,4600,0.6673913043478261
real_human_humanart_17000000001318.jpg,2830,4245,0.6666666666666666
real_human_humanart_17000000001319.jpg,2971,4740,0.6267932489451477
real_human_humanart_17000000001320.jpg,1440,2838,0.507399577167019
real_human_humanart_17000000001322.jpg,2848,3118,0.9134060295060936
real_human_humanart_17000000001326.jpg,2853,4279,0.666744566487497
real_human_humanart_17000000001327.jpg,2781,4172,0.6665867689357622
real_human_humanart_17000000001328.jpg,5000,3571,1.4001680201624196
real_human_humanart_17000000001330.jpg,4000,2668,1.4992503748125936
real_human_humanart_17000000001331.jpg,5000,3571,1.4001680201624196
real_human_humanart_17000000001333.jpg,5000,3125,1.6
real_human_humanart_17000000001334.jpg,3432,2288,1.5
real_human_humanart_17000000001335.jpg,1858,2787,0.6666666666666666
real_human_humanart_17000000001336.jpg,4000,2668,1.4992503748125936
real_human_humanart_17000000001337.jpg,4000,2668,1.4992503748125936
real_human_humanart_17000000001338.jpg,5000,3335,1.4992503748125936
real_human_humanart_17000000001339.jpg,2253,3380,0.6665680473372781
real_human_humanart_17000000001340.jpg,5000,3571,1.4001680201624196
real_human_humanart_17000000001341.jpg,3628,4535,0.8
real_human_humanart_17000000001343.jpg,5000,3571,1.4001680201624196
real_human_humanart_17000000001347.jpg,1552,1848,0.8398268398268398
real_human_humanart_17000000001349.jpg,1024,747,1.3708165997322623
real_human_humanart_17000000001350.jpg,1024,685,1.494890510948905
real_human_humanart_17000000001351.jpg,4895,3265,1.4992343032159265
real_human_humanart_17000000001353.jpg,5000,3571,1.4001680201624196
real_human_humanart_17000000001354.jpg,5000,3335,1.4992503748125936
real_human_humanart_17000000001355.jpg,4000,2668,1.4992503748125936
real_human_humanart_17000000001356.jpg,4000,2668,1.4992503748125936
real_human_humanart_17000000001358.jpg,3648,5019,0.7268380155409444
real_human_humanart_17000000001359.jpg,3456,5184,0.6666666666666666
real_human_humanart_17000000001360.jpg,1200,1600,0.75
real_human_humanart_17000000001362.jpg,478,717,0.6666666666666666
real_human_humanart_17000000001363.jpg,1944,2448,0.7941176470588235
real_human_humanart_17000000001364.jpg,812,1064,0.7631578947368421
real_human_humanart_17000000001365.jpg,1061,708,1.4985875706214689
real_human_humanart_17000000001366.jpg,800,600,1.3333333333333333
real_human_humanart_17000000001367.jpg,2845,4267,0.6667447855636278
real_human_humanart_17000000001368.jpg,3240,4209,0.7697790449037776
real_human_humanart_17000000001372.jpg,5472,3648,1.5
real_human_humanart_17000000001374.jpg,1849,2787,0.663437387872264
real_human_humanart_17000000001379.jpg,2208,3311,0.666868015705225
real_human_humanart_17000000001380.jpg,1956,2934,0.6666666666666666
real_human_humanart_17000000001382.jpg,5472,3648,1.5
real_human_humanart_17000000001383.jpg,5472,3648,1.5
real_human_humanart_17000000001387.jpg,2736,1824,1.5
real_human_humanart_17000000001388.jpg,5472,3648,1.5
real_human_humanart_17000000001390.jpg,2736,1824,1.5
real_human_humanart_17000000001391.jpg,3648,5472,0.6666666666666666
real_human_humanart_17000000001395.jpg,1300,973,1.3360739979445015
real_human_humanart_17000000001406.jpg,3109,2316,1.3424006908462867
real_human_humanart_17000000001408.jpg,280,329,0.851063829787234
real_human_humanart_17000000001410.jpg,2248,3084,0.728923476005188
real_human_humanart_17000000001411.jpg,775,1000,0.775
real_human_humanart_17000000001414.jpg,2782,4068,0.683874139626352
real_human_humanart_17000000001415.jpg,770,1025,0.751219512195122
real_human_humanart_17000000001416.jpg,800,532,1.5037593984962405
real_human_humanart_17000000001417.jpg,4000,2670,1.4981273408239701
real_human_humanart_17000000001418.jpg,4000,2829,1.4139271827500883
real_human_humanart_17000000001419.jpg,3232,4000,0.808
real_human_humanart_17000000001420.jpg,3934,4000,0.9835
real_human_humanart_17000000001422.jpg,2604,1880,1.3851063829787233
real_human_humanart_17000000001426.jpg,4000,3028,1.321003963011889
real_human_humanart_17000000001428.jpg,2400,3000,0.8
real_human_humanart_17000000001430.jpg,3797,4000,0.94925
real_human_humanart_17000000001431.jpg,3635,4000,0.90875
real_human_humanart_17000000001432.jpg,4000,3478,1.1500862564692351
real_human_humanart_17000000001436.jpg,4000,2670,1.4981273408239701
real_human_humanart_17000000001437.jpg,4000,2859,1.3990905911157747
real_human_humanart_17000000001439.jpg,4000,2948,1.3568521031207599
real_human_humanart_17000000001442.jpg,3000,2400,1.25
real_human_humanart_17000000001443.jpg,4496,3000,1.4986666666666666
real_human_humanart_17000000001444.jpg,3648,5472,0.6666666666666666
real_human_humanart_17000000001445.jpg,5520,3680,1.5
real_human_humanart_17000000001447.jpg,3648,5472,0.6666666666666666
real_human_humanart_17000000001448.jpg,5520,3680,1.5
real_human_humanart_17000000001449.jpg,5520,3680,1.5
real_human_humanart_17000000001450.jpg,3648,5472,0.6666666666666666
real_human_humanart_17000000001452.jpg,5520,3680,1.5
real_human_humanart_17000000001453.jpg,5472,3648,1.5
real_human_humanart_17000000001454.jpg,3648,5472,0.6666666666666666
real_human_humanart_17000000001455.jpg,3680,5520,0.6666666666666666
real_human_humanart_17000000001456.jpg,5520,3680,1.5
real_human_humanart_17000000001457.jpg,4496,3000,1.4986666666666666
real_human_humanart_17000000001458.jpg,5520,3680,1.5
real_human_humanart_17000000001459.jpg,3648,5472,0.6666666666666666
real_human_humanart_17000000001460.jpg,3648,5472,0.6666666666666666
real_human_humanart_17000000001461.jpg,3648,5472,0.6666666666666666
real_human_humanart_17000000001466.jpg,5520,3680,1.5
real_human_humanart_17000000001467.jpg,3680,5520,0.6666666666666666
real_human_humanart_17000000001468.jpg,3680,5520,0.6666666666666666
real_human_humanart_17000000001469.jpg,4496,3000,1.4986666666666666
real_human_humanart_17000000001470.jpg,5472,3648,1.5
real_human_humanart_17000000001471.jpg,3648,5472,0.6666666666666666
real_human_humanart_17000000001474.jpg,3680,5520,0.6666666666666666
real_human_humanart_17000000001475.jpg,5472,3648,1.5
real_human_humanart_17000000001476.jpg,3648,5472,0.6666666666666666
real_human_humanart_17000000001477.jpg,5520,3680,1.5
real_human_humanart_17000000001478.jpg,5520,3680,1.5
real_human_humanart_17000000001479.jpg,3648,5472,0.6666666666666666
real_human_humanart_17000000001480.jpg,3648,5472,0.6666666666666666
real_human_humanart_17000000001481.jpg,3648,5472,0.6666666666666666
real_human_humanart_17000000001482.jpg,3648,5472,0.6666666666666666
real_human_humanart_17000000001483.jpg,2500,1667,1.4997000599880024
real_human_humanart_17000000001485.jpg,3680,5520,0.6666666666666666
real_human_humanart_17000000001486.jpg,5472,3648,1.5
real_human_humanart_17000000001489.jpg,899,1599,0.5622263914946842
real_human_humanart_17000000001491.jpg,968,1451,0.6671261199172984
real_human_humanart_17000000001492.jpg,5616,3744,1.5
real_human_humanart_17000000001494.jpg,5616,3744,1.5
real_human_humanart_17000000001496.jpg,5616,3744,1.5
real_human_humanart_17000000001497.jpg,5616,3744,1.5
real_human_humanart_17000000001499.jpg,1595,2998,0.5320213475650434
real_human_humanart_17000000001500.jpg,4928,3264,1.5098039215686274
real_human_humanart_17000000001506.jpg,4029,3264,1.234375
real_human_humanart_17000000001507.jpg,340,504,0.6746031746031746
real_human_humanart_17000000001508.jpg,1959,2910,0.6731958762886598
real_human_humanart_17000000001509.jpg,1905,2333,0.8165452207458208
real_human_humanart_17000000001511.jpg,2592,3888,0.6666666666666666
real_human_humanart_17000000001513.jpg,1037,1855,0.5590296495956874
real_human_humanart_17000000001515.jpg,1270,1280,0.9921875
real_human_humanart_17000000001516.jpg,4000,2670,1.4981273408239701
real_human_humanart_17000000001518.jpg,5616,3744,1.5
real_human_humanart_17000000001519.jpg,2183,3156,0.6916983523447402
real_human_humanart_17000000001522.jpg,950,631,1.5055467511885896
real_human_humanart_17000000001523.jpg,3852,2568,1.5
real_human_humanart_17000000001525.jpg,340,504,0.6746031746031746
real_human_humanart_17000000001531.jpg,854,696,1.2270114942528736
real_human_humanart_17000000001533.jpg,1275,1650,0.7727272727272727
real_human_humanart_17000000001534.jpg,666,971,0.685890834191555
real_human_humanart_17000000001536.jpg,499,825,0.6048484848484849
real_human_humanart_17000000001539.jpg,5913,4001,1.477880529867533
real_human_humanart_17000000001541.jpg,5760,3840,1.5
real_human_humanart_17000000001542.jpg,5169,3446,1.5
real_human_humanart_17000000001543.jpg,4975,3316,1.500301568154403
real_human_humanart_17000000001544.jpg,2128,1416,1.502824858757062
real_human_humanart_17000000001547.jpg,5184,3456,1.5
real_human_humanart_17000000001548.jpg,5184,3456,1.5
real_human_humanart_17000000001549.jpg,5184,3456,1.5
real_human_humanart_17000000001552.jpg,7360,4912,1.498371335504886
real_human_humanart_17000000001553.jpg,3003,3600,0.8341666666666666
real_human_humanart_17000000001554.jpg,2504,3171,0.7896562598549354
real_human_humanart_17000000001556.jpg,1848,2270,0.8140969162995595
real_human_humanart_17000000001557.jpg,5184,3456,1.5
real_human_humanart_17000000001558.jpg,5184,3456,1.5
real_human_humanart_17000000001559.jpg,5184,3456,1.5
real_human_humanart_17000000001560.jpg,5184,3456,1.5
real_human_humanart_17000000001561.jpg,3288,3456,0.9513888888888888
real_human_humanart_17000000001562.jpg,5184,3456,1.5
real_human_humanart_17000000001563.jpg,3200,3600,0.8888888888888888
real_human_humanart_17000000001564.jpg,3600,3542,1.0163749294184077
real_human_humanart_17000000001565.jpg,3600,2495,1.4428857715430863
real_human_humanart_17000000001566.jpg,3600,2469,1.4580801944106927
real_human_humanart_17000000001567.jpg,718,842,0.8527315914489311
real_human_humanart_17000000001571.jpg,2700,2551,1.058408467267738
real_human_humanart_17000000001573.jpg,1920,1080,1.7777777777777777
real_human_humanart_17000000001577.jpg,2362,3543,0.6666666666666666
real_human_humanart_17000000001578.jpg,3300,3236,1.019777503090235
real_human_humanart_17000000001580.jpg,1200,900,1.3333333333333333
real_human_humanart_17000000001583.jpg,703,702,1.0014245014245013
real_human_humanart_17000000001584.jpg,365,460,0.7934782608695652
real_human_humanart_17000000001585.jpg,1914,2777,0.6892329852358661
real_human_humanart_17000000001587.jpg,3600,2400,1.5
real_human_humanart_17000000001588.jpg,1200,1426,0.8415147265077139
real_human_humanart_17000000001589.jpg,2816,1872,1.5042735042735043
real_human_humanart_17000000001590.jpg,2400,3596,0.6674082313681868
real_human_humanart_17000000001594.jpg,2252,3456,0.6516203703703703
real_human_humanart_17000000001596.jpg,4710,3456,1.3628472222222223
real_human_humanart_17000000001597.jpg,1200,1274,0.9419152276295133
real_human_humanart_17000000001598.jpg,4912,7360,0.6673913043478261
real_human_humanart_17000000001599.jpg,4607,6161,0.7477682194448954
real_human_humanart_17000000001600.jpg,4232,2888,1.4653739612188366
real_human_humanart_17000000001601.jpg,5184,3456,1.5
real_human_humanart_17000000001602.jpg,1000,1003,0.9970089730807578
real_human_humanart_17000000001603.jpg,4224,6530,0.6468606431852986
real_human_humanart_17000000001604.jpg,2605,2611,0.9977020298736117
real_human_humanart_17000000001605.jpg,4828,3231,1.4942742185082019
real_human_humanart_17000000001606.jpg,3656,2432,1.5032894736842106
real_human_humanart_17000000001608.jpg,1200,1205,0.995850622406639
real_human_humanart_17000000001610.jpg,480,558,0.8602150537634409
real_human_humanart_17000000001611.jpg,4393,2937,1.4957439564181136
real_human_humanart_17000000001613.jpg,4896,3264,1.5
real_human_humanart_17000000001618.jpg,5184,3456,1.5
real_human_humanart_17000000001619.jpg,3600,2400,1.5
real_human_humanart_17000000001620.jpg,3828,2552,1.5
real_human_humanart_17000000001621.jpg,3888,2592,1.5
real_human_humanart_17000000001623.jpg,5184,3456,1.5
real_human_humanart_17000000001624.jpg,5184,3456,1.5
real_human_humanart_17000000001625.jpg,5184,3456,1.5
real_human_humanart_17000000001630.jpg,3096,2067,1.4978229317851959
real_human_humanart_17000000001632.jpg,2400,3001,0.7997334221926025
real_human_humanart_17000000001633.jpg,4798,3199,1.4998437011566115
real_human_humanart_17000000001634.jpg,5184,3456,1.5
real_human_humanart_17000000001635.jpg,3001,2401,1.2498958767180341
real_human_humanart_17000000001636.jpg,2675,3344,0.7999401913875598
real_human_humanart_17000000001637.jpg,1500,2066,0.7260406582768635
real_human_humanart_17000000001638.jpg,4516,6885,0.655918663761801
real_human_humanart_17000000001639.jpg,7360,4912,1.498371335504886
real_human_humanart_17000000001640.jpg,576,384,1.5
real_human_humanart_17000000001641.jpg,5184,3456,1.5
real_human_humanart_17000000001642.jpg,3000,2148,1.3966480446927374
real_human_humanart_17000000001643.jpg,961,1024,0.9384765625
real_human_humanart_17000000001646.jpg,5184,3456,1.5
real_human_humanart_17000000001647.jpg,1800,1767,1.0186757215619695
real_human_humanart_17000000001648.jpg,4505,3003,1.5001665001665
real_human_humanart_17000000001649.jpg,700,467,1.4989293361884368
real_human_humanart_17000000001650.jpg,576,384,1.5
real_human_humanart_17000000001652.jpg,700,467,1.4989293361884368
real_human_humanart_17000000001653.jpg,700,467,1.4989293361884368
real_human_humanart_17000000001655.jpg,729,923,0.789815817984832
real_human_humanart_17000000001656.jpg,5760,3840,1.5
real_human_humanart_17000000001657.jpg,3595,5392,0.6667284866468842
real_human_humanart_17000000001660.jpg,5760,3840,1.5
real_human_humanart_17000000001662.jpg,2400,1602,1.4981273408239701
real_human_humanart_17000000001663.jpg,4822,3215,1.4998444790046657
real_human_humanart_17000000001665.jpg,7360,4912,1.498371335504886
real_human_humanart_17000000001666.jpg,3888,2592,1.5
real_human_humanart_17000000001668.jpg,2400,3000,0.8
real_human_humanart_17000000001669.jpg,2400,3001,0.7997334221926025
real_human_humanart_17000000001670.jpg,5760,3840,1.5
real_human_humanart_17000000001672.jpg,700,467,1.4989293361884368
real_human_humanart_17000000001673.jpg,5184,3456,1.5
real_human_humanart_17000000001676.jpg,8400,5157,1.6288539848749273
real_human_humanart_17000000001677.jpg,2816,1872,1.5042735042735043
real_human_humanart_17000000001678.jpg,3872,2592,1.4938271604938271
real_human_humanart_17000000001682.jpg,2500,1504,1.6622340425531914
real_human_humanart_17000000001683.jpg,5573,3849,1.4479085476747207
real_human_humanart_17000000001684.jpg,3300,2200,1.5
real_human_humanart_17000000001685.jpg,2593,2602,0.9965411222136817
real_human_humanart_17000000001688.jpg,4912,7360,0.6673913043478261
real_human_humanart_17000000001691.jpg,960,1414,0.6789250353606789
real_human_humanart_17000000001692.jpg,794,860,0.9232558139534883
real_human_humanart_17000000001693.jpg,5568,4186,1.3301481127568084
real_human_humanart_17000000001694.jpg,6720,4480,1.5
real_human_humanart_17000000001695.jpg,4912,7360,0.6673913043478261
real_human_humanart_17000000001701.jpg,2596,2611,0.9942550746840291
real_human_humanart_17000000001703.jpg,2200,3300,0.6666666666666666
real_human_humanart_17000000001704.jpg,2599,2611,0.9954040597472232
real_human_humanart_17000000001707.jpg,2591,2404,1.0777870216306156
real_human_humanart_17000000001714.jpg,2600,2611,0.995787054768288
real_human_humanart_17000000001715.jpg,2597,2611,0.9946380697050938
real_human_humanart_17000000001716.jpg,2597,2641,0.9833396440742143
real_human_humanart_17000000001717.jpg,2557,2621,0.9755818389927509
real_human_humanart_17000000001719.jpg,900,568,1.5845070422535212
real_human_humanart_17000000001720.jpg,900,650,1.3846153846153846
real_human_humanart_17000000001721.jpg,697,769,0.9063719115734721
real_human_humanart_17000000001722.jpg,1080,1350,0.8
real_human_humanart_17000000001723.jpg,2700,1841,1.4665942422596414
real_human_humanart_17000000001724.jpg,2200,3300,0.6666666666666666
real_human_humanart_17000000001725.jpg,1024,1024,1.0
real_human_humanart_17000000001727.jpg,1928,1340,1.4388059701492537
real_human_humanart_17000000001728.jpg,714,837,0.8530465949820788
real_human_humanart_17000000001729.jpg,7360,4912,1.498371335504886
real_human_humanart_17000000001733.jpg,2279,3418,0.6667641895845524
real_human_humanart_17000000001735.jpg,1344,1996,0.6733466933867736
real_human_humanart_17000000001737.jpg,2700,1835,1.4713896457765667
real_human_humanart_17000000001738.jpg,2882,2882,1.0
real_human_humanart_17000000001740.jpg,3252,3252,1.0
real_human_humanart_17000000001741.jpg,3300,2200,1.5
real_human_humanart_17000000001742.jpg,2588,2611,0.9911911145155113
real_human_humanart_17000000001743.jpg,6332,6378,0.9927877077453747
real_human_humanart_17000000001744.jpg,704,1024,0.6875
real_human_humanart_17000000001747.jpg,3944,2639,1.4945054945054945
real_human_humanart_17000000001748.jpg,3447,3447,1.0
real_human_humanart_17000000001749.jpg,3300,2200,1.5
real_human_humanart_17000000001750.jpg,3300,2200,1.5
real_human_humanart_17000000001751.jpg,3300,2200,1.5
real_human_humanart_17000000001752.jpg,3300,2200,1.5
real_human_humanart_17000000001755.jpg,3300,2200,1.5
real_human_humanart_17000000001757.jpg,2702,2702,1.0
real_human_humanart_17000000001758.jpg,3300,2200,1.5
real_human_humanart_17000000001759.jpg,3300,2200,1.5
real_human_humanart_17000000001760.jpg,3712,3712,1.0
real_human_humanart_17000000001761.jpg,4546,3031,1.4998350379412735
real_human_humanart_17000000001762.jpg,3300,2200,1.5
real_human_humanart_17000000001763.jpg,3300,2200,1.5
real_human_humanart_17000000001764.jpg,3300,2200,1.5
real_human_humanart_17000000001768.jpg,3612,3612,1.0
real_human_humanart_17000000001770.jpg,3826,2551,1.4998039984319875
real_human_humanart_17000000001773.jpg,2200,3300,0.6666666666666666
real_human_humanart_17000000001775.jpg,4143,3304,1.2539346246973366
real_human_humanart_17000000001776.jpg,2651,3304,0.802360774818402
real_human_humanart_17000000001777.jpg,1106,1145,0.965938864628821
real_human_humanart_17000000001778.jpg,1106,1145,0.965938864628821
real_human_humanart_17000000001781.jpg,777,1024,0.7587890625
real_human_humanart_17000000001782.jpg,1200,800,1.5
real_human_humanart_17000000001783.jpg,727,1417,0.5130557515878617
real_human_humanart_17000000001784.jpg,2266,1513,1.4976867151354925
real_human_humanart_17000000001785.jpg,3212,4254,0.7550540667606959
real_human_humanart_17000000001786.jpg,680,1024,0.6640625
real_human_humanart_17000000001787.jpg,788,1050,0.7504761904761905
real_human_humanart_17000000001788.jpg,1479,1462,1.0116279069767442
real_human_humanart_17000000001789.jpg,1024,696,1.471264367816092
real_human_humanart_17000000001790.jpg,2599,2611,0.9954040597472232
real_human_humanart_17000000001794.jpg,3300,2200,1.5
real_human_humanart_17000000001795.jpg,4121,3304,1.2472760290556901
real_human_humanart_17000000001796.jpg,2557,2570,0.9949416342412452
real_human_humanart_17000000001797.jpg,2557,2617,0.977072984333206
real_human_humanart_17000000001801.jpg,2557,2502,1.021982414068745
real_human_humanart_17000000001803.jpg,1024,668,1.532934131736527
real_human_humanart_17000000001806.jpg,587,1221,0.48075348075348073
real_human_humanart_17000000001807.jpg,1254,1570,0.7987261146496816
real_human_humanart_17000000001809.jpg,2362,2362,1.0
real_human_humanart_17000000001810.jpg,1397,986,1.4168356997971603
real_human_humanart_17000000001811.jpg,4275,5265,0.811965811965812
real_human_humanart_17000000001812.jpg,3493,2736,1.2766812865497077
real_human_humanart_17000000001813.jpg,1024,721,1.420249653259362
real_human_humanart_17000000001814.jpg,2362,2362,1.0
real_human_humanart_17000000001817.jpg,1778,2255,0.788470066518847
real_human_humanart_17000000001819.jpg,3541,2760,1.2829710144927535
real_human_humanart_17000000001821.jpg,1613,2336,0.6904965753424658
real_human_humanart_17000000001824.jpg,2734,3304,0.8274818401937046
real_human_humanart_17000000001825.jpg,2272,1704,1.3333333333333333
real_human_humanart_17000000001826.jpg,1203,1436,0.8377437325905293
real_human_humanart_17000000001830.jpg,2614,2611,1.0011489850631943
real_human_humanart_17000000001832.jpg,2581,3872,0.6665805785123967
real_human_humanart_17000000001834.jpg,339,400,0.8475
real_human_humanart_17000000001838.jpg,2362,3556,0.6642294713160855
real_human_humanart_17000000001841.jpg,520,700,0.7428571428571429
real_human_humanart_17000000001844.jpg,439,301,1.458471760797342
real_human_humanart_17000000001847.jpg,1280,1024,1.25
real_human_humanart_17000000001849.jpg,2000,1333,1.5003750937734435
real_human_humanart_17000000001851.jpg,3000,2000,1.5
real_human_humanart_17000000001852.jpg,1880,1600,1.175
real_human_humanart_17000000001854.jpg,840,721,1.1650485436893203
real_human_humanart_17000000001856.jpg,2848,4272,0.6666666666666666
real_human_humanart_17000000001857.jpg,818,1024,0.798828125
real_human_humanart_17000000001858.jpg,2835,4157,0.6819821987009863
real_human_humanart_17000000001861.jpg,768,1024,0.75
real_human_humanart_17000000001862.jpg,1400,1037,1.3500482160077145
real_human_humanart_17000000001863.jpg,1785,2692,0.663075780089153
real_human_humanart_17000000001864.jpg,8398,5098,1.6473126716359356
real_human_humanart_17000000001865.jpg,693,526,1.317490494296578
real_human_humanart_17000000001868.jpg,1600,2251,0.7107952021323856
real_human_humanart_17000000001869.jpg,323,260,1.2423076923076923
real_human_humanart_17000000001871.jpg,443,621,0.7133655394524959
real_human_humanart_17000000001872.jpg,430,348,1.235632183908046
real_human_humanart_17000000001875.jpg,4242,2828,1.5
real_human_humanart_17000000001880.jpg,2736,3648,0.75
real_human_humanart_17000000001881.jpg,2081,2834,0.7342978122794637
real_human_humanart_17000000001882.jpg,3975,2645,1.5028355387523629
real_human_humanart_17000000001883.jpg,4320,3240,1.3333333333333333
real_human_humanart_17000000001884.jpg,1937,2823,0.6861494863620262
real_human_humanart_17000000001887.jpg,1046,848,1.2334905660377358
real_human_humanart_17000000001888.jpg,2004,2472,0.8106796116504854
real_human_humanart_17000000001889.jpg,767,1050,0.7304761904761905
real_human_humanart_17000000001890.jpg,3264,2448,1.3333333333333333
real_human_humanart_17000000001893.jpg,2437,3657,0.666393218485097
real_human_humanart_17000000001894.jpg,2090,3135,0.6666666666666666
real_human_humanart_17000000001895.jpg,1156,1608,0.7189054726368159
real_human_humanart_17000000001896.jpg,1400,1056,1.3257575757575757
real_human_humanart_17000000001898.jpg,2048,2904,0.7052341597796143
real_human_humanart_17000000001899.jpg,1440,810,1.7777777777777777
real_human_humanart_17000000001901.jpg,5332,3830,1.3921671018276762
real_human_humanart_17000000001902.jpg,1214,1434,0.8465829846582985
real_human_humanart_17000000001903.jpg,2592,1728,1.5
real_human_humanart_17000000001904.jpg,1674,1110,1.508108108108108
real_human_humanart_17000000001905.jpg,1677,1097,1.528714676390155
real_human_humanart_17000000001906.jpg,3264,1836,1.7777777777777777
real_human_humanart_17000000001910.jpg,1024,819,1.2503052503052503
real_human_humanart_17000000001911.jpg,2592,1728,1.5
real_human_humanart_17000000001912.jpg,3054,1649,1.85203153426319
real_human_humanart_17000000001914.jpg,1024,961,1.065556711758585
real_human_humanart_17000000001915.jpg,1944,2896,0.6712707182320442
real_human_humanart_17000000001916.jpg,2898,4346,0.6668200644270593
real_human_humanart_17000000001919.jpg,1250,1400,0.8928571428571429
real_human_humanart_17000000001920.jpg,457,640,0.7140625
real_human_humanart_17000000001921.jpg,1944,2896,0.6712707182320442
real_human_humanart_17000000001923.jpg,4928,3264,1.5098039215686274
real_human_humanart_17000000001924.jpg,3967,2834,1.3997882851093861
real_human_humanart_17000000001925.jpg,4753,3169,1.4998422215209846
real_human_humanart_17000000001927.jpg,400,600,0.6666666666666666
real_human_humanart_17000000001928.jpg,1210,1425,0.8491228070175438
real_human_humanart_17000000001929.jpg,655,1000,0.655
real_human_humanart_17000000001931.jpg,800,1000,0.8
real_human_humanart_17000000001936.jpg,2648,3304,0.801452784503632
real_human_humanart_17000000001937.jpg,2595,2609,0.9946339593714066
real_human_humanart_17000000001939.jpg,1024,718,1.426183844011142
real_human_humanart_17000000001942.jpg,2048,1366,1.499267935578331
real_human_humanart_17000000001945.jpg,1280,853,1.5005861664712778
real_human_humanart_17000000001946.jpg,3264,4928,0.6623376623376623
real_human_humanart_17000000001947.jpg,2500,1667,1.4997000599880024
real_human_humanart_17000000001948.jpg,2327,1956,1.1896728016359919
real_human_humanart_17000000001953.jpg,1280,853,1.5005861664712778
real_human_humanart_17000000001954.jpg,2607,2584,1.0089009287925697
real_human_humanart_17000000001957.jpg,1280,857,1.4935822637106184
real_human_humanart_17000000001958.jpg,1392,1145,1.2157205240174673
real_human_humanart_17000000001962.jpg,1200,800,1.5
real_human_humanart_17000000001963.jpg,757,1066,0.7101313320825516
real_human_humanart_17000000001964.jpg,4704,3104,1.5154639175257731
real_human_humanart_17000000001967.jpg,1024,1024,1.0
real_human_humanart_17000000001968.jpg,727,1000,0.727
real_human_humanart_17000000001969.jpg,883,765,1.1542483660130718
real_human_humanart_17000000001971.jpg,1696,1877,0.903569525839105
real_human_humanart_17000000001974.jpg,1200,802,1.4962593516209477
real_human_humanart_17000000001975.jpg,1790,1187,1.5080033698399327
real_human_humanart_17000000001976.jpg,1182,793,1.4905422446406054
real_human_humanart_17000000001977.jpg,2362,2480,0.9524193548387097
real_human_humanart_17000000001978.jpg,3530,2353,1.5002124946876327
real_human_humanart_17000000001980.jpg,2500,1667,1.4997000599880024
real_human_humanart_17000000001981.jpg,4288,2848,1.5056179775280898
real_human_humanart_17000000001982.jpg,2500,1666,1.5006002400960383
real_human_humanart_17000000001983.jpg,1722,1143,1.5065616797900263
real_human_humanart_17000000001984.jpg,793,1194,0.6641541038525963
real_human_humanart_17000000001986.jpg,316,575,0.5495652173913044
real_human_humanart_17000000001987.jpg,1192,1727,0.6902142443543717
real_human_humanart_17000000001990.jpg,4834,3223,1.4998448650325784
real_human_humanart_17000000001991.jpg,5398,3599,1.4998610725201444
real_human_humanart_17000000001994.jpg,328,371,0.8840970350404312
real_human_humanart_17000000001998.jpg,4032,3024,1.3333333333333333
real_human_humanart_17000000001999.jpg,3443,2582,1.3334624322230828
real_human_humanart_17000000002000.jpg,4032,3024,1.3333333333333333
real_human_humanart_17000000002001.jpg,4032,3024,1.3333333333333333
real_human_humanart_17000000002002.jpg,4032,3024,1.3333333333333333
real_human_humanart_17000000002004.jpg,1750,2333,0.7501071581654523
real_human_humanart_17000000002005.jpg,1638,2184,0.75
real_human_humanart_17000000002006.jpg,2821,2116,1.3331758034026464
real_human_humanart_17000000002007.jpg,1200,1800,0.6666666666666666
real_human_humanart_17000000002008.jpg,1727,1821,0.9483800109829764
real_human_humanart_17000000002009.jpg,3840,5760,0.6666666666666666
real_human_humanart_17000000002012.jpg,5184,3456,1.5
real_human_humanart_17000000002013.jpg,4228,4228,1.0
real_human_humanart_17000000002015.jpg,2592,1944,1.3333333333333333
real_human_humanart_17000000002016.jpg,1038,1474,0.7042062415196744
real_human_humanart_17000000002017.jpg,2142,1580,1.3556962025316455
real_human_humanart_17000000002018.jpg,2055,1255,1.6374501992031874
real_human_humanart_17000000002019.jpg,1244,1367,0.9100219458668617
real_human_humanart_17000000002022.jpg,2544,1696,1.5
real_human_humanart_17000000002023.jpg,5184,3456,1.5
real_human_humanart_17000000002024.jpg,5184,3456,1.5
real_human_humanart_17000000002029.jpg,3456,5184,0.6666666666666666
real_human_humanart_17000000002030.jpg,5184,3456,1.5
real_human_humanart_17000000002031.jpg,3456,5184,0.6666666666666666
real_human_humanart_17000000002032.jpg,5184,3456,1.5
real_human_humanart_17000000002033.jpg,5184,3456,1.5
real_human_humanart_17000000002034.jpg,5184,3456,1.5
real_human_humanart_17000000002035.jpg,5184,3456,1.5
real_human_humanart_17000000002037.jpg,5184,3456,1.5
real_human_humanart_17000000002039.jpg,5184,3456,1.5
real_human_humanart_17000000002042.jpg,5184,3456,1.5
real_human_humanart_17000000002043.jpg,3456,5184,0.6666666666666666
real_human_humanart_17000000002045.jpg,4288,2848,1.5056179775280898
real_human_humanart_17000000002048.jpg,3457,2306,1.4991326973113617
real_human_humanart_17000000002049.jpg,3000,2000,1.5
real_human_humanart_17000000002050.jpg,640,960,0.6666666666666666
real_human_humanart_17000000002051.jpg,1112,770,1.4441558441558442
real_human_humanart_17000000002053.jpg,531,800,0.66375
real_human_humanart_17000000002055.jpg,576,384,1.5
real_human_humanart_17000000002058.jpg,535,819,0.6532356532356532
real_human_humanart_17000000002060.jpg,1600,1054,1.5180265654648957
real_human_humanart_17000000002061.jpg,1600,1046,1.5296367112810707
real_human_humanart_17000000002066.jpg,1600,1073,1.4911463187325256
real_human_humanart_17000000002068.jpg,1600,1049,1.5252621544327931
real_human_humanart_17000000002069.jpg,1600,1084,1.4760147601476015
real_human_humanart_17000000002070.jpg,1600,1054,1.5180265654648957
real_human_humanart_17000000002072.jpg,1600,1062,1.5065913370998116
real_human_humanart_17000000002073.jpg,1600,1054,1.5180265654648957
real_human_humanart_17000000002074.jpg,1600,1085,1.4746543778801844
real_human_humanart_17000000002076.jpg,1600,1101,1.4532243415077202
real_human_humanart_17000000002077.jpg,3000,3946,0.7602635580334516
real_human_humanart_17000000002078.jpg,901,1347,0.6688938381588716
real_human_humanart_17000000002079.jpg,2304,1728,1.3333333333333333
real_human_humanart_17000000002080.jpg,1600,1011,1.5825914935707222
real_human_humanart_17000000002082.jpg,1600,1222,1.309328968903437
real_human_humanart_17000000002083.jpg,1600,1221,1.3104013104013104
real_human_humanart_17000000002084.jpg,1600,1026,1.5594541910331383
real_human_humanart_17000000002085.jpg,1156,1600,0.7225
real_human_humanart_17000000002086.jpg,1600,1344,1.1904761904761905
real_human_humanart_17000000002087.jpg,1600,1243,1.2872083668543846
real_human_humanart_17000000002089.jpg,500,452,1.1061946902654867
real_human_humanart_17000000002090.jpg,1600,1065,1.5023474178403755
real_human_humanart_17000000002094.jpg,1600,1087,1.4719411223551058
real_human_humanart_17000000002095.jpg,5760,3840,1.5
real_human_humanart_17000000002097.jpg,2586,3893,0.6642692011302338
real_human_humanart_17000000002098.jpg,960,725,1.3241379310344827
real_human_humanart_17000000002100.jpg,1067,800,1.33375
real_human_humanart_17000000002102.jpg,2604,1950,1.3353846153846154
real_human_humanart_17000000002103.jpg,2016,2281,0.8838228846996932
real_human_humanart_17000000002105.jpg,2643,2037,1.2974963181148749
real_human_humanart_17000000002108.jpg,2559,2271,1.1268163804491413
real_human_humanart_17000000002109.jpg,1737,1702,1.0205640423031728
real_human_humanart_17000000002110.jpg,1637,1702,0.9618096357226792
real_human_humanart_17000000002111.jpg,954,1550,0.6154838709677419
real_human_humanart_17000000002114.jpg,1873,1743,1.074584050487665
real_human_humanart_17000000002115.jpg,2120,1482,1.4304993252361673
real_human_humanart_17000000002117.jpg,1172,2050,0.5717073170731707
real_human_humanart_17000000002118.jpg,1561,1696,0.9204009433962265
real_human_humanart_17000000002119.jpg,2008,1535,1.30814332247557
real_human_humanart_17000000002120.jpg,1178,2083,0.5655304848775804
real_human_humanart_17000000002122.jpg,1710,1131,1.5119363395225465
real_human_humanart_17000000002123.jpg,963,1495,0.6441471571906354
real_human_humanart_17000000002124.jpg,975,1331,0.7325319308790383
real_human_humanart_17000000002125.jpg,1594,1561,1.0211402946828956
real_human_humanart_17000000002126.jpg,1095,1846,0.5931744312026003
real_human_humanart_17000000002127.jpg,1401,1378,1.0166908563134978
real_human_humanart_17000000002128.jpg,1392,1468,0.9482288828337875
real_human_humanart_17000000002130.jpg,2000,1646,1.2150668286755772
real_human_humanart_17000000002131.jpg,1150,1765,0.6515580736543909
real_human_humanart_17000000002132.jpg,1000,1500,0.6666666666666666
real_human_humanart_17000000002135.jpg,1660,1469,1.1300204220558203
real_human_humanart_17000000002137.jpg,3000,1987,1.509813789632612
real_human_humanart_17000000002138.jpg,3000,1987,1.509813789632612
real_human_humanart_17000000002140.jpg,3000,1987,1.509813789632612
real_human_humanart_17000000002142.jpg,1987,3000,0.6623333333333333
real_human_humanart_17000000002143.jpg,3000,1987,1.509813789632612
real_human_humanart_17000000002145.jpg,4837,3207,1.5082631743062052
real_human_humanart_17000000002147.jpg,896,1516,0.5910290237467019
real_human_humanart_17000000002148.jpg,899,1503,0.5981370592149036
real_human_humanart_17000000002150.jpg,905,1512,0.5985449735449735
real_human_humanart_17000000002151.jpg,2250,1500,1.5
real_human_humanart_17000000002152.jpg,2235,2846,0.7853127196064652
real_human_humanart_17000000002153.jpg,4368,2912,1.5
real_human_humanart_17000000002157.jpg,8876,6419,1.3827699018538713
real_human_humanart_17000000002158.jpg,500,404,1.2376237623762376
real_human_humanart_17000000002161.jpg,1251,1563,0.800383877159309
real_human_humanart_17000000002163.jpg,3809,2594,1.4683885890516577
real_human_humanart_17000000002164.jpg,3310,2754,1.2018881626724764
real_human_humanart_17000000002165.jpg,1342,1827,0.7345374931581828
real_human_humanart_17000000002167.jpg,1400,933,1.5005359056806002
real_human_humanart_17000000002170.jpg,486,760,0.6394736842105263
real_human_humanart_17000000002171.jpg,597,760,0.7855263157894737
real_human_humanart_17000000002172.jpg,600,540,1.1111111111111112
real_human_humanart_17000000002174.jpg,543,760,0.7144736842105263
real_human_humanart_17000000002175.jpg,470,760,0.618421052631579
real_human_humanart_17000000002177.jpg,596,760,0.7842105263157895
real_human_humanart_17000000002178.jpg,529,760,0.6960526315789474
real_human_humanart_17000000002179.jpg,536,760,0.7052631578947368
real_human_humanart_17000000002181.jpg,516,760,0.6789473684210526
real_human_humanart_17000000002183.jpg,760,546,1.3919413919413919
real_human_humanart_17000000002185.jpg,2631,1973,1.333502280790674
real_human_humanart_17000000002187.jpg,3000,2000,1.5
real_human_humanart_17000000002189.jpg,972,1400,0.6942857142857143
real_human_humanart_17000000002190.jpg,1290,2400,0.5375
real_human_humanart_17000000002191.jpg,1596,2400,0.665
real_human_humanart_17000000002192.jpg,2010,3000,0.67
real_human_humanart_17000000002193.jpg,1477,984,1.5010162601626016
real_human_humanart_17000000002194.jpg,576,864,0.6666666666666666
real_human_humanart_17000000002198.jpg,2000,3000,0.6666666666666666
real_human_humanart_17000000002200.jpg,2400,3600,0.6666666666666666
real_human_humanart_17000000002201.jpg,1747,2400,0.7279166666666667
real_human_humanart_17000000002202.jpg,1458,2400,0.6075
real_human_humanart_17000000002203.jpg,1716,2400,0.715
real_human_humanart_17000000002204.jpg,1359,1800,0.755
real_human_humanart_17000000002206.jpg,1477,2400,0.6154166666666666
real_human_humanart_17000000002207.jpg,1280,853,1.5005861664712778
real_human_humanart_17000000002208.jpg,2370,1579,1.5009499683343888
real_human_humanart_17000000002209.jpg,1240,1600,0.775
real_human_humanart_17000000002210.jpg,2176,1451,1.4996554100620263
real_human_humanart_17000000002212.jpg,1938,2307,0.8400520156046815
real_human_humanart_17000000002213.jpg,3948,2820,1.4
real_human_humanart_17000000002214.jpg,4096,3239,1.2645878357517752
real_human_humanart_17000000002215.jpg,4160,2684,1.5499254843517138
real_human_humanart_17000000002216.jpg,3996,2692,1.4843982169390788
real_human_humanart_17000000002217.jpg,2048,1153,1.7762359063313096
real_human_humanart_17000000002221.jpg,2709,3019,0.8973169923815834
real_human_humanart_17000000002229.jpg,1532,2148,0.7132216014897579
real_human_humanart_17000000002231.jpg,1532,2136,0.7172284644194756
real_human_humanart_17000000002232.jpg,1524,2130,0.7154929577464789
real_human_humanart_17000000002234.jpg,506,678,0.7463126843657817
real_human_humanart_17000000002236.jpg,600,755,0.7947019867549668
real_human_humanart_17000000002238.jpg,1202,1536,0.7825520833333334
real_human_humanart_17000000002240.jpg,2351,2551,0.9215993727949824
real_human_humanart_17000000002243.jpg,2683,2683,1.0
real_human_humanart_17000000002244.jpg,4272,2848,1.5
real_human_humanart_17000000002247.jpg,716,590,1.2135593220338983
real_human_humanart_17000000002248.jpg,720,1097,0.6563354603463992
real_human_humanart_17000000002249.jpg,3264,4928,0.6623376623376623
real_human_humanart_17000000002253.jpg,633,700,0.9042857142857142
real_human_humanart_17000000002260.jpg,4608,3456,1.3333333333333333
real_human_humanart_17000000002262.jpg,2672,4000,0.668
real_human_humanart_17000000002264.jpg,700,443,1.580135440180587
real_human_humanart_17000000002265.jpg,612,408,1.5
real_human_humanart_17000000002267.jpg,459,612,0.75
real_human_humanart_17000000002268.jpg,612,408,1.5
real_human_humanart_17000000002270.jpg,612,408,1.5
real_human_humanart_17000000002271.jpg,612,408,1.5
real_human_humanart_17000000002272.jpg,612,408,1.5
real_human_humanart_17000000002273.jpg,612,408,1.5
real_human_humanart_17000000002274.jpg,612,408,1.5
real_human_humanart_17000000002277.jpg,612,408,1.5
real_human_humanart_17000000002278.jpg,612,420,1.457142857142857
real_human_humanart_17000000002279.jpg,612,408,1.5
real_human_humanart_17000000002281.jpg,612,408,1.5
real_human_humanart_17000000002282.jpg,612,408,1.5
real_human_humanart_17000000002284.jpg,612,408,1.5
real_human_humanart_17000000002285.jpg,459,612,0.75
real_human_humanart_17000000002286.jpg,612,408,1.5
real_human_humanart_17000000002288.jpg,528,612,0.8627450980392157
real_human_humanart_17000000002289.jpg,612,408,1.5
real_human_humanart_17000000002291.jpg,410,612,0.6699346405228758
real_human_humanart_17000000002292.jpg,612,408,1.5
real_human_humanart_17000000002293.jpg,612,437,1.40045766590389
real_human_humanart_17000000002297.jpg,459,612,0.75
real_human_humanart_17000000002298.jpg,612,408,1.5
real_human_humanart_17000000002299.jpg,612,408,1.5
real_human_humanart_17000000002300.jpg,612,344,1.7790697674418605
real_human_humanart_17000000002302.jpg,612,344,1.7790697674418605
real_human_humanart_17000000002305.jpg,612,408,1.5
real_human_humanart_17000000002306.jpg,612,408,1.5
real_human_humanart_17000000002312.jpg,612,408,1.5
real_human_humanart_17000000002313.jpg,612,408,1.5
real_human_humanart_17000000002314.jpg,612,405,1.511111111111111
real_human_humanart_17000000002315.jpg,612,408,1.5
real_human_humanart_17000000002316.jpg,612,408,1.5
real_human_humanart_17000000002317.jpg,612,408,1.5
real_human_humanart_17000000002318.jpg,612,408,1.5
real_human_humanart_17000000002323.jpg,408,612,0.6666666666666666
real_human_humanart_17000000002326.jpg,612,408,1.5
real_human_humanart_17000000002327.jpg,612,408,1.5
real_human_humanart_17000000002329.jpg,612,432,1.4166666666666667
real_human_humanart_17000000002330.jpg,612,408,1.5
real_human_humanart_17000000002331.jpg,612,408,1.5
real_human_humanart_17000000002332.jpg,612,408,1.5
real_human_humanart_17000000002336.jpg,612,456,1.3421052631578947
real_human_humanart_17000000002338.jpg,612,408,1.5
real_human_humanart_17000000002339.jpg,612,409,1.4963325183374083
real_human_humanart_17000000002341.jpg,612,408,1.5
real_human_humanart_17000000002342.jpg,612,408,1.5
real_human_humanart_17000000002343.jpg,612,408,1.5
real_human_humanart_17000000002344.jpg,612,408,1.5
real_human_humanart_17000000002345.jpg,612,408,1.5
real_human_humanart_17000000002348.jpg,408,612,0.6666666666666666
real_human_humanart_17000000002349.jpg,612,459,1.3333333333333333
real_human_humanart_17000000002350.jpg,408,612,0.6666666666666666
real_human_humanart_17000000002353.jpg,409,612,0.6683006535947712
real_human_humanart_17000000002354.jpg,449,612,0.7336601307189542
real_human_humanart_17000000002355.jpg,612,395,1.549367088607595
real_human_humanart_17000000002356.jpg,612,408,1.5
real_human_humanart_17000000002357.jpg,612,328,1.8658536585365855
real_human_humanart_17000000002358.jpg,612,462,1.3246753246753247
real_human_humanart_17000000002359.jpg,612,408,1.5
real_human_humanart_17000000002360.jpg,612,408,1.5
real_human_humanart_17000000002361.jpg,612,408,1.5
real_human_humanart_17000000002364.jpg,612,408,1.5
real_human_humanart_17000000002365.jpg,612,437,1.40045766590389
real_human_humanart_17000000002366.jpg,612,408,1.5
real_human_humanart_17000000002367.jpg,612,414,1.4782608695652173
real_human_humanart_17000000002369.jpg,612,408,1.5
real_human_humanart_17000000002370.jpg,612,417,1.4676258992805755
real_human_humanart_17000000002372.jpg,612,282,2.1702127659574466
real_human_humanart_17000000002373.jpg,612,457,1.3391684901531729
real_human_humanart_17000000002376.jpg,612,612,1.0
real_human_humanart_17000000002377.jpg,612,408,1.5
real_human_humanart_17000000002378.jpg,612,408,1.5
real_human_humanart_17000000002379.jpg,612,408,1.5
real_human_humanart_17000000002382.jpg,612,408,1.5
real_human_humanart_17000000002383.jpg,612,408,1.5
real_human_humanart_17000000002386.jpg,612,408,1.5
real_human_humanart_17000000002388.jpg,428,612,0.6993464052287581
real_human_humanart_17000000002389.jpg,612,408,1.5
real_human_humanart_17000000002390.jpg,612,408,1.5
real_human_humanart_17000000002392.jpg,459,612,0.75
real_human_humanart_17000000002393.jpg,612,612,1.0
real_human_humanart_17000000002394.jpg,493,612,0.8055555555555556
real_human_humanart_17000000002396.jpg,612,408,1.5
real_human_humanart_17000000002398.jpg,612,414,1.4782608695652173
real_human_humanart_17000000002399.jpg,459,612,0.75
real_human_humanart_17000000002400.jpg,612,378,1.619047619047619
real_human_humanart_17000000002403.jpg,465,612,0.7598039215686274
real_human_humanart_17000000002404.jpg,612,408,1.5
real_human_humanart_17000000002405.jpg,612,408,1.5
real_human_humanart_17000000002407.jpg,612,490,1.2489795918367348
real_human_humanart_17000000002409.jpg,612,408,1.5
real_human_humanart_17000000002411.jpg,612,415,1.4746987951807229
real_human_humanart_17000000002412.jpg,612,408,1.5
real_human_humanart_17000000002414.jpg,408,612,0.6666666666666666
real_human_humanart_17000000002416.jpg,612,408,1.5
real_human_humanart_17000000002417.jpg,408,612,0.6666666666666666
real_human_humanart_17000000002421.jpg,612,408,1.5
real_human_humanart_17000000002422.jpg,612,459,1.3333333333333333
real_human_humanart_17000000002423.jpg,408,612,0.6666666666666666
real_human_humanart_17000000002424.jpg,485,612,0.7924836601307189
real_human_humanart_17000000002425.jpg,612,427,1.4332552693208431
real_human_humanart_17000000002426.jpg,612,612,1.0
real_human_humanart_17000000002427.jpg,612,423,1.446808510638298
real_human_humanart_17000000002428.jpg,612,408,1.5
real_human_humanart_17000000002429.jpg,612,408,1.5
real_human_humanart_17000000002432.jpg,612,360,1.7
real_human_humanart_17000000002433.jpg,468,612,0.7647058823529411
real_human_humanart_17000000002434.jpg,612,344,1.7790697674418605
real_human_humanart_17000000002435.jpg,612,408,1.5
real_human_humanart_17000000002436.jpg,612,431,1.419953596287703
real_human_humanart_17000000002437.jpg,408,612,0.6666666666666666
real_human_humanart_17000000002440.jpg,408,612,0.6666666666666666
real_human_humanart_17000000002441.jpg,612,408,1.5
real_human_humanart_17000000002442.jpg,612,406,1.5073891625615763
real_human_humanart_17000000002443.jpg,612,408,1.5
real_human_humanart_17000000002445.jpg,612,408,1.5
real_human_humanart_17000000002449.jpg,458,612,0.7483660130718954
real_human_humanart_17000000002450.jpg,612,408,1.5
real_human_humanart_17000000002452.jpg,408,612,0.6666666666666666
real_human_humanart_17000000002454.jpg,408,612,0.6666666666666666
real_human_humanart_17000000002455.jpg,612,408,1.5
real_human_humanart_17000000002457.jpg,612,408,1.5
real_human_humanart_17000000002458.jpg,612,408,1.5
real_human_humanart_17000000002459.jpg,612,408,1.5
real_human_humanart_17000000002460.jpg,612,393,1.5572519083969465
real_human_humanart_17000000002465.jpg,612,408,1.5
real_human_humanart_17000000002466.jpg,612,406,1.5073891625615763
real_human_humanart_17000000002469.jpg,612,548,1.1167883211678833
real_human_humanart_17000000002470.jpg,612,612,1.0
real_human_humanart_17000000002471.jpg,612,408,1.5
real_human_humanart_17000000002472.jpg,612,519,1.1791907514450868
real_human_humanart_17000000002473.jpg,612,447,1.3691275167785235
real_human_humanart_17000000002474.jpg,408,612,0.6666666666666666
real_human_humanart_17000000002475.jpg,612,408,1.5
real_human_humanart_17000000002476.jpg,408,612,0.6666666666666666
real_human_humanart_17000000002478.jpg,408,612,0.6666666666666666
real_human_humanart_17000000002479.jpg,509,612,0.8316993464052288
real_human_humanart_17000000002480.jpg,408,612,0.6666666666666666
real_human_humanart_17000000002482.jpg,612,408,1.5
real_human_humanart_17000000002483.jpg,612,400,1.53
real_human_humanart_17000000002484.jpg,612,408,1.5
real_human_humanart_17000000002485.jpg,457,612,0.7467320261437909
real_human_humanart_17000000002487.jpg,612,408,1.5
real_human_humanart_17000000002488.jpg,612,408,1.5
real_human_humanart_17000000002491.jpg,612,408,1.5
real_human_humanart_17000000002492.jpg,612,404,1.5148514851485149
real_human_humanart_17000000002493.jpg,612,438,1.3972602739726028
real_human_humanart_17000000002494.jpg,612,408,1.5
real_human_humanart_17000000002497.jpg,612,408,1.5
real_human_humanart_17000000002498.jpg,496,612,0.8104575163398693
real_human_humanart_17000000002499.jpg,612,594,1.0303030303030303
real_human_humanart_17000000002500.jpg,612,408,1.5
real_human_humanart_17000000002501.jpg,573,612,0.9362745098039216
real_human_humanart_17000000002502.jpg,612,408,1.5
real_human_humanart_17000000002504.jpg,612,408,1.5
real_human_humanart_17000000002505.jpg,612,408,1.5
real_human_humanart_17000000002506.jpg,612,408,1.5
real_human_humanart_17000000002507.jpg,612,408,1.5
real_human_humanart_17000000002508.jpg,612,408,1.5
real_human_humanart_17000000002510.jpg,612,468,1.3076923076923077
real_human_humanart_17000000002511.jpg,463,612,0.7565359477124183
real_human_humanart_17000000002512.jpg,408,612,0.6666666666666666
real_human_humanart_17000000002513.jpg,612,408,1.5
real_human_humanart_17000000002515.jpg,408,612,0.6666666666666666
real_human_humanart_17000000002516.jpg,612,408,1.5
real_human_humanart_17000000002518.jpg,612,408,1.5
real_human_humanart_17000000002522.jpg,612,408,1.5
real_human_humanart_17000000002526.jpg,612,408,1.5
real_human_humanart_17000000002527.jpg,612,408,1.5
real_human_humanart_17000000002528.jpg,612,365,1.6767123287671233
real_human_humanart_17000000002529.jpg,612,408,1.5
real_human_humanart_17000000002530.jpg,612,408,1.5
real_human_humanart_17000000002532.jpg,612,416,1.4711538461538463
real_human_humanart_17000000002534.jpg,612,408,1.5
real_human_humanart_17000000002536.jpg,612,408,1.5
real_human_humanart_17000000002537.jpg,612,408,1.5
real_human_humanart_17000000002538.jpg,458,612,0.7483660130718954
real_human_humanart_17000000002539.jpg,612,408,1.5
real_human_humanart_17000000002540.jpg,612,408,1.5
sculpture_humanart_14000000000001.jpg,1458,1186,1.2293423271500843
sculpture_humanart_14000000000002.jpg,1000,648,1.5432098765432098
sculpture_humanart_14000000000003.jpg,2771,4926,0.5625253755582623
sculpture_humanart_14000000000005.jpg,1944,2592,0.75
sculpture_humanart_14000000000014.jpg,2016,2688,0.75
sculpture_humanart_14000000000022.jpg,5077,3383,1.5007389890629619
sculpture_humanart_14000000000025.jpg,3104,4243,0.7315578600047137
sculpture_humanart_14000000000027.jpg,1000,687,1.455604075691412
sculpture_humanart_14000000000028.jpg,3024,4032,0.75
sculpture_humanart_14000000000029.jpg,3120,4160,0.75
sculpture_humanart_14000000000030.jpg,3048,4572,0.6666666666666666
sculpture_humanart_14000000000031.jpg,2074,3901,0.5316585490899769
sculpture_humanart_14000000000032.jpg,3096,4128,0.75
sculpture_humanart_14000000000036.jpg,1536,2048,0.75
sculpture_humanart_14000000000040.jpg,3024,4032,0.75
sculpture_humanart_14000000000041.jpg,2448,3264,0.75
sculpture_humanart_14000000000042.jpg,1200,1600,0.75
sculpture_humanart_14000000000045.jpg,2516,3768,0.667728237791932
sculpture_humanart_14000000000048.jpg,1975,1263,1.5637371338083927
sculpture_humanart_14000000000049.jpg,6000,4000,1.5
sculpture_humanart_14000000000050.jpg,2541,2221,1.1440792435839713
sculpture_humanart_14000000000051.jpg,2355,3847,0.6121653236288017
sculpture_humanart_14000000000055.jpg,628,968,0.6487603305785123
sculpture_humanart_14000000000056.jpg,4864,3237,1.5026258881680568
sculpture_humanart_14000000000058.jpg,371,577,0.6429809358752167
sculpture_humanart_14000000000059.jpg,2448,3264,0.75
sculpture_humanart_14000000000063.jpg,836,1024,0.81640625
sculpture_humanart_14000000000064.jpg,1488,1799,0.8271261812117843
sculpture_humanart_14000000000065.jpg,680,1024,0.6640625
sculpture_humanart_14000000000066.jpg,680,1024,0.6640625
sculpture_humanart_14000000000068.jpg,2672,4008,0.6666666666666666
sculpture_humanart_14000000000070.jpg,640,427,1.4988290398126465
sculpture_humanart_14000000000072.jpg,3335,5002,0.6667333066773291
sculpture_humanart_14000000000073.jpg,2250,3504,0.6421232876712328
sculpture_humanart_14000000000074.jpg,640,480,1.3333333333333333
sculpture_humanart_14000000000079.jpg,4000,3000,1.3333333333333333
sculpture_humanart_14000000000080.jpg,3041,5246,0.5796797560045749
sculpture_humanart_14000000000081.jpg,427,640,0.6671875
sculpture_humanart_14000000000082.jpg,3266,4899,0.6666666666666666
sculpture_humanart_14000000000083.jpg,2999,5000,0.5998
sculpture_humanart_14000000000084.jpg,900,600,1.5
sculpture_humanart_14000000000093.jpg,2448,2448,1.0
sculpture_humanart_14000000000098.jpg,1360,1600,0.85
sculpture_humanart_14000000000099.jpg,1638,2183,0.7503435639028859
sculpture_humanart_14000000000105.jpg,768,1024,0.75
sculpture_humanart_14000000000107.jpg,640,480,1.3333333333333333
sculpture_humanart_14000000000109.jpg,1500,999,1.5015015015015014
sculpture_humanart_14000000000114.jpg,2666,4000,0.6665
sculpture_humanart_14000000000118.jpg,640,638,1.0031347962382444
sculpture_humanart_14000000000119.jpg,551,640,0.8609375
sculpture_humanart_14000000000120.jpg,640,480,1.3333333333333333
sculpture_humanart_14000000000124.jpg,640,452,1.415929203539823
sculpture_humanart_14000000000131.jpg,4361,2215,1.9688487584650114
sculpture_humanart_14000000000132.jpg,1920,2560,0.75
sculpture_humanart_14000000000136.jpg,1735,2314,0.7497839239412273
sculpture_humanart_14000000000137.jpg,640,374,1.7112299465240641
sculpture_humanart_14000000000141.jpg,640,480,1.3333333333333333
sculpture_humanart_14000000000143.jpg,4928,2999,1.6432144048016006
sculpture_humanart_14000000000149.jpg,1280,853,1.5005861664712778
sculpture_humanart_14000000000150.jpg,640,447,1.4317673378076063
sculpture_humanart_14000000000151.jpg,640,480,1.3333333333333333
sculpture_humanart_14000000000153.jpg,2304,3072,0.75
sculpture_humanart_14000000000154.jpg,4112,3088,1.3316062176165804
sculpture_humanart_14000000000156.jpg,1709,2563,0.666796722590714
sculpture_humanart_14000000000158.jpg,3549,5332,0.6656039009752438
sculpture_humanart_14000000000159.jpg,1280,1590,0.8050314465408805
sculpture_humanart_14000000000161.jpg,1200,1600,0.75
sculpture_humanart_14000000000162.jpg,1024,680,1.5058823529411764
sculpture_humanart_14000000000164.jpg,1200,1600,0.75
sculpture_humanart_14000000000165.jpg,600,800,0.75
sculpture_humanart_14000000000174.jpg,3000,4000,0.75
sculpture_humanart_14000000000175.jpg,3215,4989,0.6444177189817599
sculpture_humanart_14000000000176.jpg,4000,6000,0.6666666666666666
sculpture_humanart_14000000000181.jpg,1318,1800,0.7322222222222222
sculpture_humanart_14000000000184.jpg,912,1216,0.75
sculpture_humanart_14000000000185.jpg,3024,4032,0.75
sculpture_humanart_14000000000186.jpg,2974,3000,0.9913333333333333
sculpture_humanart_14000000000187.jpg,2848,4272,0.6666666666666666
sculpture_humanart_14000000000191.jpg,1029,2217,0.46414073071718537
sculpture_humanart_14000000000192.jpg,2048,1362,1.5036710719530102
sculpture_humanart_14000000000196.jpg,810,1080,0.75
sculpture_humanart_14000000000198.jpg,532,800,0.665
sculpture_humanart_14000000000200.jpg,1174,1600,0.73375
sculpture_humanart_14000000000208.jpg,1603,2658,0.6030850263355907
sculpture_humanart_14000000000211.jpg,532,800,0.665
sculpture_humanart_14000000000214.jpg,1867,4075,0.45815950920245396
sculpture_humanart_14000000000215.jpg,266,315,0.8444444444444444
sculpture_humanart_14000000000218.jpg,2336,3115,0.7499197431781701
sculpture_humanart_14000000000219.jpg,1500,2000,0.75
sculpture_humanart_14000000000224.jpg,4272,2848,1.5
sculpture_humanart_14000000000225.jpg,4035,2659,1.5174877773599098
sculpture_humanart_14000000000226.jpg,2683,3577,0.7500698909700867
sculpture_humanart_14000000000232.jpg,3088,4112,0.7509727626459144
sculpture_humanart_14000000000233.jpg,3672,4896,0.75
sculpture_humanart_14000000000235.jpg,4000,6000,0.6666666666666666
sculpture_humanart_14000000000236.jpg,1603,2658,0.6030850263355907
sculpture_humanart_14000000000239.jpg,2688,3583,0.7502093217973765
sculpture_humanart_14000000000241.jpg,768,1024,0.75
sculpture_humanart_14000000000242.jpg,4896,3264,1.5
sculpture_humanart_14000000000243.jpg,2098,2254,0.9307897071872228
sculpture_humanart_14000000000244.jpg,4224,2376,1.7777777777777777
sculpture_humanart_14000000000250.jpg,2419,1814,1.3335170893054025
sculpture_humanart_14000000000257.jpg,4896,3264,1.5
sculpture_humanart_14000000000259.jpg,1270,2179,0.5828361633776962
sculpture_humanart_14000000000260.jpg,1648,3704,0.4449244060475162
sculpture_humanart_14000000000261.jpg,943,1136,0.8301056338028169
sculpture_humanart_14000000000264.jpg,305,640,0.4765625
sculpture_humanart_14000000000265.jpg,2848,4288,0.664179104477612
sculpture_humanart_14000000000268.jpg,1927,2729,0.7061194576768047
sculpture_humanart_14000000000269.jpg,2857,3809,0.7500656340246784
sculpture_humanart_14000000000270.jpg,1034,1234,0.8379254457050244
sculpture_humanart_14000000000275.jpg,2368,4208,0.5627376425855514
sculpture_humanart_14000000000278.jpg,538,762,0.7060367454068242
sculpture_humanart_14000000000280.jpg,1667,2500,0.6668
sculpture_humanart_14000000000287.jpg,1500,2000,0.75
sculpture_humanart_14000000000288.jpg,606,1000,0.606
sculpture_humanart_14000000000289.jpg,2448,3264,0.75
sculpture_humanart_14000000000290.jpg,1667,2500,0.6668
sculpture_humanart_14000000000298.jpg,2318,3632,0.638215859030837
sculpture_humanart_14000000000301.jpg,2416,5016,0.48165869218500795
sculpture_humanart_14000000000302.jpg,4000,6000,0.6666666666666666
sculpture_humanart_14000000000303.jpg,1824,3800,0.48
sculpture_humanart_14000000000306.jpg,2181,3271,0.6667685723020483
sculpture_humanart_14000000000310.jpg,3000,4000,0.75
sculpture_humanart_14000000000312.jpg,3264,4928,0.6623376623376623
sculpture_humanart_14000000000313.jpg,551,1000,0.551
sculpture_humanart_14000000000317.jpg,1686,2346,0.7186700767263428
sculpture_humanart_14000000000319.jpg,4912,7360,0.6673913043478261
sculpture_humanart_14000000000321.jpg,2304,4096,0.5625
sculpture_humanart_14000000000326.jpg,800,600,1.3333333333333333
sculpture_humanart_14000000000327.jpg,2127,3355,0.6339791356184798
sculpture_humanart_14000000000328.jpg,5472,3648,1.5
sculpture_humanart_14000000000330.jpg,2215,5850,0.3786324786324786
sculpture_humanart_14000000000334.jpg,1613,2287,0.7052907739396589
sculpture_humanart_14000000000336.jpg,2118,1824,1.1611842105263157
sculpture_humanart_14000000000337.jpg,2525,1899,1.3296471827277514
sculpture_humanart_14000000000339.jpg,1519,2881,0.5272474835126693
sculpture_humanart_14000000000341.jpg,5472,3648,1.5
sculpture_humanart_14000000000343.jpg,2592,1944,1.3333333333333333
sculpture_humanart_14000000000344.jpg,3641,5462,0.6666056389600878
sculpture_humanart_14000000000345.jpg,2048,1536,1.3333333333333333
sculpture_humanart_14000000000347.jpg,3054,5121,0.5963678968951377
sculpture_humanart_14000000000348.jpg,3513,5269,0.6667299297779464
sculpture_humanart_14000000000350.jpg,2976,3968,0.75
sculpture_humanart_14000000000351.jpg,3601,5097,0.7064940160878949
sculpture_humanart_14000000000355.jpg,950,1600,0.59375
sculpture_humanart_14000000000358.jpg,2048,1536,1.3333333333333333
sculpture_humanart_14000000000360.jpg,550,714,0.7703081232492998
sculpture_humanart_14000000000362.jpg,3648,5167,0.7060189665182891
sculpture_humanart_14000000000365.jpg,2784,2868,0.9707112970711297
sculpture_humanart_14000000000367.jpg,3456,5184,0.6666666666666666
sculpture_humanart_14000000000368.jpg,3648,5198,0.7018083878414775
sculpture_humanart_14000000000369.jpg,3456,3456,1.0
sculpture_humanart_14000000000379.jpg,3456,5184,0.6666666666666666
sculpture_humanart_14000000000384.jpg,1200,1600,0.75
sculpture_humanart_14000000000385.jpg,4000,6000,0.6666666666666666
sculpture_humanart_14000000000391.jpg,1240,1440,0.8611111111111112
sculpture_humanart_14000000000393.jpg,2282,3622,0.6300386526780785
sculpture_humanart_14000000000396.jpg,3000,4000,0.75
sculpture_humanart_14000000000397.jpg,4000,6000,0.6666666666666666
sculpture_humanart_14000000000402.jpg,2356,3236,0.7280593325092707
sculpture_humanart_14000000000408.jpg,335,733,0.45702592087312416
sculpture_humanart_14000000000417.jpg,3390,5085,0.6666666666666666
sculpture_humanart_14000000000424.jpg,3472,4640,0.7482758620689656
sculpture_humanart_14000000000425.jpg,800,1873,0.4271222637479979
sculpture_humanart_14000000000427.jpg,2722,3629,0.7500688895012401
sculpture_humanart_14000000000430.jpg,3120,4160,0.75
sculpture_humanart_14000000000431.jpg,3000,4000,0.75
sculpture_humanart_14000000000432.jpg,4500,4500,1.0
sculpture_humanart_14000000000435.jpg,3072,2304,1.3333333333333333
sculpture_humanart_14000000000436.jpg,3648,5472,0.6666666666666666
sculpture_humanart_14000000000438.jpg,772,971,0.7950566426364573
sculpture_humanart_14000000000448.jpg,2448,3264,0.75
sculpture_humanart_14000000000452.jpg,5472,3648,1.5
sculpture_humanart_14000000000454.jpg,5472,3648,1.5
sculpture_humanart_14000000000456.jpg,609,769,0.7919375812743823
sculpture_humanart_14000000000457.jpg,1634,1075,1.52
sculpture_humanart_14000000000459.jpg,1421,1831,0.7760786455488804
sculpture_humanart_14000000000461.jpg,1398,1538,0.9089726918075423
sculpture_humanart_14000000000465.jpg,3456,2592,1.3333333333333333
sculpture_humanart_14000000000473.jpg,2759,2491,1.1075873143315937
sculpture_humanart_14000000000474.jpg,3264,4928,0.6623376623376623
sculpture_humanart_14000000000475.jpg,1399,2067,0.6768263183357524
sculpture_humanart_14000000000477.jpg,2259,3766,0.5998406797663304
sculpture_humanart_14000000000478.jpg,963,1024,0.9404296875
sculpture_humanart_14000000000479.jpg,1503,3276,0.45879120879120877
sculpture_humanart_14000000000486.jpg,502,607,0.8270181219110379
sculpture_humanart_14000000000489.jpg,1600,2400,0.6666666666666666
sculpture_humanart_14000000000491.jpg,2182,3638,0.59978009895547
sculpture_humanart_14000000000497.jpg,2316,3472,0.6670506912442397
sculpture_humanart_14000000000499.jpg,3120,3108,1.0038610038610039
sculpture_humanart_14000000000503.jpg,1727,3456,0.49971064814814814
sculpture_humanart_14000000000504.jpg,3882,6000,0.647
sculpture_humanart_14000000000505.jpg,3614,4853,0.7446940037090459
sculpture_humanart_14000000000506.jpg,1600,900,1.7777777777777777
sculpture_humanart_14000000000507.jpg,2736,3648,0.75
sculpture_humanart_14000000000508.jpg,3495,2519,1.387455339420405
sculpture_humanart_14000000000519.jpg,3456,5184,0.6666666666666666
sculpture_humanart_14000000000532.jpg,2048,1534,1.3350717079530638
sculpture_humanart_14000000000540.jpg,2168,2512,0.8630573248407644
sculpture_humanart_14000000000541.jpg,1536,2428,0.6326194398682042
sculpture_humanart_14000000000544.jpg,2390,3984,0.5998995983935743
sculpture_humanart_14000000000545.jpg,2360,3934,0.5998983223182511
sculpture_humanart_14000000000546.jpg,1024,792,1.292929292929293
sculpture_humanart_14000000000550.jpg,2137,2224,0.9608812949640287
sculpture_humanart_14000000000552.jpg,3607,5000,0.7214
sculpture_humanart_14000000000555.jpg,2523,3362,0.7504461629982153
sculpture_humanart_14000000000559.jpg,810,1080,0.75
sculpture_humanart_14000000000560.jpg,3456,4608,0.75
sculpture_humanart_14000000000561.jpg,3264,2448,1.3333333333333333
sculpture_humanart_14000000000563.jpg,2500,1668,1.498800959232614
sculpture_humanart_14000000000567.jpg,810,1080,0.75
sculpture_humanart_14000000000568.jpg,810,1080,0.75
sculpture_humanart_14000000000570.jpg,810,1080,0.75
sculpture_humanart_14000000000580.jpg,810,1080,0.75
sculpture_humanart_14000000000586.jpg,2299,3536,0.6501696832579186
sculpture_humanart_14000000000592.jpg,1943,2572,0.755443234836703
sculpture_humanart_14000000000603.jpg,3264,4896,0.6666666666666666
sculpture_humanart_14000000000605.jpg,1600,1200,1.3333333333333333
sculpture_humanart_14000000000608.jpg,2609,4489,0.5811984851860102
sculpture_humanart_14000000000609.jpg,3672,4896,0.75
sculpture_humanart_14000000000611.jpg,5174,3449,1.500144969556393
sculpture_humanart_14000000000613.jpg,560,277,2.0216606498194944
sculpture_humanart_14000000000614.jpg,3072,2304,1.3333333333333333
sculpture_humanart_14000000000619.jpg,154,280,0.55
sculpture_humanart_14000000000624.jpg,3864,3864,1.0
sculpture_humanart_14000000000625.jpg,6016,4016,1.49800796812749
sculpture_humanart_14000000000626.jpg,2448,3264,0.75
sculpture_humanart_14000000000629.jpg,1835,2592,0.7079475308641975
sculpture_humanart_14000000000634.jpg,3000,4000,0.75
sculpture_humanart_14000000000638.jpg,2448,3264,0.75
sculpture_humanart_14000000000642.jpg,2820,5013,0.5625374027528426
sculpture_humanart_14000000000649.jpg,532,640,0.83125
sculpture_humanart_14000000000651.jpg,1536,2048,0.75
sculpture_humanart_14000000000652.jpg,6719,4300,1.5625581395348838
sculpture_humanart_14000000000653.jpg,3188,3188,1.0
sculpture_humanart_14000000000656.jpg,2053,2444,0.8400163666121113
sculpture_humanart_14000000000661.jpg,2153,3246,0.6632778804682686
sculpture_humanart_14000000000663.jpg,730,1154,0.6325823223570191
sculpture_humanart_14000000000666.jpg,2450,3890,0.6298200514138818
sculpture_humanart_14000000000676.jpg,2901,2000,1.4505
sculpture_humanart_14000000000678.jpg,2298,3063,0.7502448579823702
sculpture_humanart_14000000000679.jpg,1033,2794,0.3697208303507516
sculpture_humanart_14000000000682.jpg,2736,3648,0.75
sculpture_humanart_14000000000686.jpg,1487,853,1.7432590855803047
sculpture_humanart_14000000000690.jpg,600,800,0.75
sculpture_humanart_14000000000692.jpg,3388,1898,1.7850368809272918
sculpture_humanart_14000000000697.jpg,2752,5126,0.536870854467421
sculpture_humanart_14000000000698.jpg,5184,3888,1.3333333333333333
sculpture_humanart_14000000000703.jpg,1280,960,1.3333333333333333
sculpture_humanart_14000000000709.jpg,2592,3872,0.6694214876033058
sculpture_humanart_14000000000712.jpg,4000,3000,1.3333333333333333
sculpture_humanart_14000000000713.jpg,4000,6000,0.6666666666666666
sculpture_humanart_14000000000714.jpg,4032,3024,1.3333333333333333
sculpture_humanart_14000000000717.jpg,1841,3465,0.5313131313131313
sculpture_humanart_14000000000718.jpg,1515,3063,0.49461312438785504
sculpture_humanart_14000000000719.jpg,4160,2336,1.7808219178082192
sculpture_humanart_14000000000720.jpg,1024,695,1.4733812949640288
sculpture_humanart_14000000000723.jpg,1164,2434,0.4782251437962202
sculpture_humanart_14000000000724.jpg,3112,3890,0.8
sculpture_humanart_14000000000727.jpg,2163,2884,0.75
sculpture_humanart_14000000000732.jpg,2976,3968,0.75
sculpture_humanart_14000000000739.jpg,2560,1920,1.3333333333333333
sculpture_humanart_14000000000740.jpg,768,1976,0.38866396761133604
sculpture_humanart_14000000000743.jpg,2304,3072,0.75
sculpture_humanart_14000000000749.jpg,1200,1600,0.75
sculpture_humanart_14000000000752.jpg,2702,5502,0.4910941475826972
sculpture_humanart_14000000000753.jpg,1944,2592,0.75
sculpture_humanart_14000000000754.jpg,5304,7952,0.6670020120724346
sculpture_humanart_14000000000755.jpg,2816,2112,1.3333333333333333
sculpture_humanart_14000000000757.jpg,3014,2133,1.413033286451008
sculpture_humanart_14000000000759.jpg,4608,3456,1.3333333333333333
sculpture_humanart_14000000000760.jpg,5304,7952,0.6670020120724346
sculpture_humanart_14000000000761.jpg,844,2040,0.4137254901960784
sculpture_humanart_14000000000766.jpg,2499,3900,0.6407692307692308
sculpture_humanart_14000000000768.jpg,5304,7952,0.6670020120724346
sculpture_humanart_14000000000774.jpg,477,1151,0.4144222415291051
sculpture_humanart_14000000000777.jpg,1275,1700,0.75
sculpture_humanart_14000000000780.jpg,530,800,0.6625
sculpture_humanart_14000000000781.jpg,2574,1967,1.3085917641077784
sculpture_humanart_14000000000784.jpg,2976,3893,0.7644490110454663
sculpture_humanart_14000000000785.jpg,3333,4999,0.6667333466693338
sculpture_humanart_14000000000788.jpg,3008,2000,1.504
sculpture_humanart_14000000000789.jpg,467,1158,0.40328151986183075
sculpture_humanart_14000000000793.jpg,710,1104,0.6431159420289855
sculpture_humanart_14000000000795.jpg,425,1137,0.3737906772207564
sculpture_humanart_14000000000796.jpg,558,1122,0.49732620320855614
sculpture_humanart_14000000000797.jpg,442,1154,0.3830155979202773
sculpture_humanart_14000000000802.jpg,638,1113,0.573225516621743
sculpture_humanart_14000000000804.jpg,3456,5184,0.6666666666666666
sculpture_humanart_14000000000805.jpg,290,720,0.4027777777777778
sculpture_humanart_14000000000806.jpg,3000,4000,0.75
sculpture_humanart_14000000000807.jpg,3456,5184,0.6666666666666666
sculpture_humanart_14000000000811.jpg,544,996,0.5461847389558233
sculpture_humanart_14000000000814.jpg,1122,1539,0.7290448343079922
sculpture_humanart_14000000000817.jpg,593,1121,0.5289919714540589
sculpture_humanart_14000000000818.jpg,534,1127,0.4738243123336291
sculpture_humanart_14000000000820.jpg,3120,4160,0.75
sculpture_humanart_14000000000826.jpg,1536,2048,0.75
sculpture_humanart_14000000000834.jpg,3248,2853,1.1384507535927095
sculpture_humanart_14000000000838.jpg,2162,3172,0.6815889029003783
sculpture_humanart_14000000000840.jpg,2304,3072,0.75
sculpture_humanart_14000000000845.jpg,1757,4147,0.4236797685073547
sculpture_humanart_14000000000847.jpg,4608,3072,1.5
sculpture_humanart_14000000000849.jpg,1350,1800,0.75
sculpture_humanart_14000000000852.jpg,2304,3072,0.75
sculpture_humanart_14000000000855.jpg,1056,1144,0.9230769230769231
sculpture_humanart_14000000000856.jpg,3804,4352,0.8740808823529411
sculpture_humanart_14000000000857.jpg,1600,1068,1.4981273408239701
sculpture_humanart_14000000000861.jpg,2722,3910,0.6961636828644501
sculpture_humanart_14000000000862.jpg,1607,2486,0.6464199517296862
sculpture_humanart_14000000000863.jpg,6000,4000,1.5
sculpture_humanart_14000000000864.jpg,3000,4000,0.75
sculpture_humanart_14000000000866.jpg,1600,1200,1.3333333333333333
sculpture_humanart_14000000000867.jpg,3599,5747,0.6262397772751
sculpture_humanart_14000000000868.jpg,1536,2048,0.75
sculpture_humanart_14000000000871.jpg,2592,1944,1.3333333333333333
sculpture_humanart_14000000000873.jpg,2848,4272,0.6666666666666666
sculpture_humanart_14000000000875.jpg,4608,3456,1.3333333333333333
sculpture_humanart_14000000000882.jpg,1200,1600,0.75
sculpture_humanart_14000000000887.jpg,2048,1360,1.5058823529411764
sculpture_humanart_14000000000890.jpg,1200,1600,0.75
sculpture_humanart_14000000000892.jpg,3120,4160,0.75
sculpture_humanart_14000000000894.jpg,3000,1998,1.5015015015015014
sculpture_humanart_14000000000900.jpg,5517,3678,1.5
sculpture_humanart_14000000000905.jpg,2160,2160,1.0
sculpture_humanart_14000000000906.jpg,2448,3264,0.75
sculpture_humanart_14000000000907.jpg,2464,3477,0.7086568881219442
sculpture_humanart_14000000000915.jpg,1500,1125,1.3333333333333333
sculpture_humanart_14000000000919.jpg,1125,1500,0.75
sculpture_humanart_14000000000924.jpg,3404,5107,0.6665361268846681
sculpture_humanart_14000000000927.jpg,3872,2592,1.4938271604938271
sculpture_humanart_14000000000928.jpg,960,1280,0.75
sculpture_humanart_14000000000929.jpg,3000,4200,0.7142857142857143
sculpture_humanart_14000000000930.jpg,1275,1700,0.75
sculpture_humanart_14000000000933.jpg,1643,2293,0.71652856519843
sculpture_humanart_14000000000934.jpg,2481,3308,0.75
sculpture_humanart_14000000000935.jpg,5306,3537,1.5001413627367826
sculpture_humanart_14000000000940.jpg,3644,2575,1.415145631067961
sculpture_humanart_14000000000947.jpg,2353,3530,0.6665722379603399
sculpture_humanart_14000000000957.jpg,2352,3136,0.75
sculpture_humanart_14000000000958.jpg,1277,1702,0.7502937720329025
sculpture_humanart_14000000000959.jpg,1200,1600,0.75
sculpture_humanart_14000000000964.jpg,3024,4032,0.75
sculpture_humanart_14000000000966.jpg,3072,4608,0.6666666666666666
sculpture_humanart_14000000000969.jpg,5184,3456,1.5
sculpture_humanart_14000000000971.jpg,3375,4500,0.75
sculpture_humanart_14000000000972.jpg,1662,2500,0.6648
sculpture_humanart_14000000000974.jpg,1192,2892,0.41217150760719223
sculpture_humanart_14000000000975.jpg,2272,1704,1.3333333333333333
sculpture_humanart_14000000000980.jpg,1004,1800,0.5577777777777778
sculpture_humanart_14000000000981.jpg,2304,3072,0.75
sculpture_humanart_14000000000982.jpg,3240,4320,0.75
sculpture_humanart_14000000000984.jpg,1664,2500,0.6656
sculpture_humanart_14000000000985.jpg,1350,1800,0.75
sculpture_humanart_14000000000991.jpg,4112,3088,1.3316062176165804
sculpture_humanart_14000000000997.jpg,6000,4000,1.5
sculpture_humanart_14000000000999.jpg,2048,1368,1.4970760233918128
sculpture_humanart_14000000001003.jpg,1125,1500,0.75
sculpture_humanart_14000000001005.jpg,5383,3589,1.4998606854276957
sculpture_humanart_14000000001006.jpg,4000,6000,0.6666666666666666
sculpture_humanart_14000000001010.jpg,2447,2448,0.9995915032679739
sculpture_humanart_14000000001013.jpg,1012,1400,0.7228571428571429
sculpture_humanart_14000000001017.jpg,4000,3000,1.3333333333333333
sculpture_humanart_14000000001018.jpg,2448,3264,0.75
sculpture_humanart_14000000001023.jpg,3864,5152,0.75
sculpture_humanart_14000000001027.jpg,4032,3024,1.3333333333333333
sculpture_humanart_14000000001031.jpg,1350,1800,0.75
sculpture_humanart_14000000001032.jpg,2601,3859,0.6740088105726872
sculpture_humanart_14000000001034.jpg,600,450,1.3333333333333333
sculpture_humanart_14000000001035.jpg,1412,2284,0.6182136602451839
sculpture_humanart_14000000001036.jpg,3264,4928,0.6623376623376623
sculpture_humanart_14000000001038.jpg,3024,4032,0.75
sculpture_humanart_14000000001039.jpg,2083,1898,1.0974710221285564
sculpture_humanart_14000000001040.jpg,3456,4608,0.75
sculpture_humanart_14000000001044.jpg,3888,2592,1.5
sculpture_humanart_14000000001045.jpg,1200,1600,0.75
sculpture_humanart_14000000001047.jpg,2054,3081,0.6666666666666666
sculpture_humanart_14000000001048.jpg,720,960,0.75
sculpture_humanart_14000000001049.jpg,1352,3088,0.4378238341968912
sculpture_humanart_14000000001055.jpg,1438,1246,1.1540930979133226
sculpture_humanart_14000000001062.jpg,4000,6000,0.6666666666666666
sculpture_humanart_14000000001067.jpg,1536,2048,0.75
sculpture_humanart_14000000001072.jpg,2500,5447,0.45896823939783365
sculpture_humanart_14000000001076.jpg,1650,2200,0.75
sculpture_humanart_14000000001078.jpg,1536,2048,0.75
sculpture_humanart_14000000001084.jpg,2448,3264,0.75
sculpture_humanart_14000000001088.jpg,3000,4000,0.75
sculpture_humanart_14000000001089.jpg,1200,1800,0.6666666666666666
sculpture_humanart_14000000001091.jpg,3672,4896,0.75
sculpture_humanart_14000000001098.jpg,833,1110,0.7504504504504504
sculpture_humanart_14000000001099.jpg,1797,2195,0.8186788154897494
sculpture_humanart_14000000001102.jpg,3000,4000,0.75
sculpture_humanart_14000000001103.jpg,757,933,0.8113612004287245
sculpture_humanart_14000000001104.jpg,2736,3648,0.75
sculpture_humanart_14000000001109.jpg,4911,3274,1.5
sculpture_humanart_14000000001117.jpg,2448,3264,0.75
sculpture_humanart_14000000001122.jpg,3088,2056,1.5019455252918288
sculpture_humanart_14000000001123.jpg,2000,3000,0.6666666666666666
sculpture_humanart_14000000001125.jpg,2865,4306,0.6653506734788667
sculpture_humanart_14000000001127.jpg,3312,4416,0.75
sculpture_humanart_14000000001129.jpg,2448,3264,0.75
sculpture_humanart_14000000001134.jpg,3700,2450,1.510204081632653
sculpture_humanart_14000000001135.jpg,480,640,0.75
sculpture_humanart_14000000001136.jpg,3648,5472,0.6666666666666666
sculpture_humanart_14000000001143.jpg,500,683,0.7320644216691069
sculpture_humanart_14000000001153.jpg,3000,4000,0.75
sculpture_humanart_14000000001154.jpg,1901,3815,0.4982961992136304
sculpture_humanart_14000000001155.jpg,2448,3264,0.75
sculpture_humanart_14000000001162.jpg,1984,1116,1.7777777777777777
sculpture_humanart_14000000001164.jpg,900,1200,0.75
sculpture_humanart_14000000001165.jpg,2906,3946,0.7364419665484034
sculpture_humanart_14000000001176.jpg,2087,4480,0.46584821428571427
sculpture_humanart_14000000001178.jpg,738,2272,0.3248239436619718
sculpture_humanart_14000000001179.jpg,2296,4000,0.574
sculpture_humanart_14000000001189.jpg,3722,2630,1.4152091254752852
sculpture_humanart_14000000001190.jpg,3611,2708,1.3334564254062038
sculpture_humanart_14000000001194.jpg,4160,3120,1.3333333333333333
sculpture_humanart_14000000001198.jpg,853,1280,0.66640625
sculpture_humanart_14000000001200.jpg,2036,3100,0.6567741935483871
sculpture_humanart_14000000001208.jpg,4128,3096,1.3333333333333333
sculpture_humanart_14000000001212.jpg,3719,3017,1.23268147166059
sculpture_humanart_14000000001215.jpg,978,1305,0.7494252873563219
sculpture_humanart_14000000001217.jpg,3264,2448,1.3333333333333333
sculpture_humanart_14000000001218.jpg,2048,1536,1.3333333333333333
sculpture_humanart_14000000001224.jpg,3024,4032,0.75
sculpture_humanart_14000000001228.jpg,3000,4500,0.6666666666666666
sculpture_humanart_14000000001236.jpg,2448,3264,0.75
sculpture_humanart_14000000001237.jpg,2048,1536,1.3333333333333333
sculpture_humanart_14000000001238.jpg,506,1000,0.506
sculpture_humanart_14000000001245.jpg,5152,3864,1.3333333333333333
sculpture_humanart_14000000001247.jpg,3700,2450,1.510204081632653
sculpture_humanart_14000000001249.jpg,2083,3678,0.5663404023926046
sculpture_humanart_14000000001250.jpg,522,702,0.7435897435897436
sculpture_humanart_14000000001252.jpg,2941,3950,0.7445569620253164
sculpture_humanart_14000000001261.jpg,720,1478,0.4871447902571042
sculpture_humanart_14000000001265.jpg,486,640,0.759375
sculpture_humanart_14000000001266.jpg,2592,3456,0.75
sculpture_humanart_14000000001271.jpg,1940,4096,0.4736328125
sculpture_humanart_14000000001278.jpg,3890,2918,1.3331048663468128
sculpture_humanart_14000000001284.jpg,1600,2400,0.6666666666666666
sculpture_humanart_14000000001290.jpg,1600,2400,0.6666666666666666
sculpture_humanart_14000000001292.jpg,1727,2399,0.7198832847019592
sculpture_humanart_14000000001295.jpg,1782,2399,0.7428095039599834
sculpture_humanart_14000000001296.jpg,1800,2400,0.75
sculpture_humanart_14000000001297.jpg,1800,2400,0.75
sculpture_humanart_14000000001298.jpg,1800,2400,0.75
sculpture_humanart_14000000001300.jpg,1745,2400,0.7270833333333333
sculpture_humanart_14000000001301.jpg,1774,2399,0.7394747811588162
sculpture_humanart_14000000001302.jpg,1800,2400,0.75
sculpture_humanart_14000000001304.jpg,1672,2399,0.696957065443935
sculpture_humanart_14000000001305.jpg,1800,2400,0.75
sculpture_humanart_14000000001308.jpg,1800,2400,0.75
sculpture_humanart_14000000001310.jpg,1800,2400,0.75
sculpture_humanart_14000000001312.jpg,1613,2399,0.6723634847853273
sculpture_humanart_14000000001315.jpg,1707,2399,0.7115464776990412
sculpture_humanart_14000000001320.jpg,1578,2400,0.6575
sculpture_humanart_14000000001328.jpg,1480,2400,0.6166666666666667
sculpture_humanart_14000000001329.jpg,2400,1858,1.2917115177610334
sculpture_humanart_14000000001331.jpg,1800,2400,0.75
sculpture_humanart_14000000001332.jpg,1800,2400,0.75
sculpture_humanart_14000000001333.jpg,1696,2400,0.7066666666666667
sculpture_humanart_14000000001334.jpg,1800,2400,0.75
sculpture_humanart_14000000001337.jpg,1800,2400,0.75
sculpture_humanart_14000000001340.jpg,1600,2400,0.6666666666666666
sculpture_humanart_14000000001341.jpg,1800,2400,0.75
sculpture_humanart_14000000001342.jpg,1800,2400,0.75
sculpture_humanart_14000000001346.jpg,2400,1800,1.3333333333333333
sculpture_humanart_14000000001349.jpg,1800,2400,0.75
sculpture_humanart_14000000001350.jpg,1760,2399,0.7336390162567736
sculpture_humanart_14000000001353.jpg,1800,2400,0.75
sculpture_humanart_14000000001355.jpg,2400,1800,1.3333333333333333
sculpture_humanart_14000000001356.jpg,2400,1800,1.3333333333333333
sculpture_humanart_14000000001358.jpg,1734,2400,0.7225
sculpture_humanart_14000000001359.jpg,1600,2400,0.6666666666666666
sculpture_humanart_14000000001361.jpg,1800,2400,0.75
sculpture_humanart_14000000001362.jpg,1800,2400,0.75
sculpture_humanart_14000000001365.jpg,1600,2400,0.6666666666666666
sculpture_humanart_14000000001366.jpg,1644,2399,0.68528553563985
sculpture_humanart_14000000001367.jpg,1464,2400,0.61
sculpture_humanart_14000000001368.jpg,1600,2400,0.6666666666666666
sculpture_humanart_14000000001369.jpg,1800,2400,0.75
sculpture_humanart_14000000001370.jpg,1490,2399,0.6210921217173823
sculpture_humanart_14000000001372.jpg,1842,2399,0.767819924968737
sculpture_humanart_14000000001373.jpg,1600,2400,0.6666666666666666
sculpture_humanart_14000000001374.jpg,1800,2400,0.75
sculpture_humanart_14000000001375.jpg,1800,2400,0.75
sculpture_humanart_14000000001376.jpg,1498,2399,0.6244268445185494
sculpture_humanart_14000000001377.jpg,1600,2400,0.6666666666666666
sculpture_humanart_14000000001379.jpg,1800,2400,0.75
sculpture_humanart_14000000001381.jpg,1737,2399,0.7240516882034181
sculpture_humanart_14000000001385.jpg,2400,1800,1.3333333333333333
sculpture_humanart_14000000001386.jpg,1679,2400,0.6995833333333333
sculpture_humanart_14000000001392.jpg,2400,1800,1.3333333333333333
sculpture_humanart_14000000001393.jpg,1912,2400,0.7966666666666666
sculpture_humanart_14000000001394.jpg,2400,1800,1.3333333333333333
sculpture_humanart_14000000001395.jpg,2400,1800,1.3333333333333333
sculpture_humanart_14000000001397.jpg,2400,1800,1.3333333333333333
sculpture_humanart_14000000001398.jpg,2400,1800,1.3333333333333333
sculpture_humanart_14000000001403.jpg,2400,1800,1.3333333333333333
sculpture_humanart_14000000001404.jpg,2400,1800,1.3333333333333333
sculpture_humanart_14000000001405.jpg,2400,1800,1.3333333333333333
sculpture_humanart_14000000001408.jpg,2400,1800,1.3333333333333333
sculpture_humanart_14000000001409.jpg,2400,1800,1.3333333333333333
sculpture_humanart_14000000001410.jpg,2400,1800,1.3333333333333333
sculpture_humanart_14000000001412.jpg,2399,1911,1.2553636839351126
sculpture_humanart_14000000001417.jpg,2400,1800,1.3333333333333333
sculpture_humanart_14000000001418.jpg,2400,1800,1.3333333333333333
sculpture_humanart_14000000001419.jpg,1800,2400,0.75
sculpture_humanart_14000000001420.jpg,2400,1800,1.3333333333333333
sculpture_humanart_14000000001422.jpg,1600,2400,0.6666666666666666
sculpture_humanart_14000000001426.jpg,2400,1800,1.3333333333333333
sculpture_humanart_14000000001431.jpg,1800,2400,0.75
sculpture_humanart_14000000001434.jpg,1800,2400,0.75
sculpture_humanart_14000000001436.jpg,1800,2400,0.75
sculpture_humanart_14000000001449.jpg,1800,2400,0.75
sculpture_humanart_14000000001452.jpg,1800,2400,0.75
sculpture_humanart_14000000001454.jpg,1800,2400,0.75
sculpture_humanart_14000000001455.jpg,1800,2400,0.75
sculpture_humanart_14000000001460.jpg,1800,2400,0.75
sculpture_humanart_14000000001463.jpg,1800,2400,0.75
sculpture_humanart_14000000001466.jpg,1800,2400,0.75
sculpture_humanart_14000000001467.jpg,1800,2400,0.75
sculpture_humanart_14000000001475.jpg,1800,2400,0.75
sculpture_humanart_14000000001476.jpg,2400,1800,1.3333333333333333
sculpture_humanart_14000000001478.jpg,1800,2400,0.75
sculpture_humanart_14000000001479.jpg,1800,2400,0.75
sculpture_humanart_14000000001480.jpg,1800,2400,0.75
sculpture_humanart_14000000001482.jpg,1800,2400,0.75
sculpture_humanart_14000000001484.jpg,1567,2399,0.653188828678616
sculpture_humanart_14000000001488.jpg,1800,2400,0.75
sculpture_humanart_14000000001490.jpg,1800,2400,0.75
sculpture_humanart_14000000001491.jpg,1800,2400,0.75
sculpture_humanart_14000000001492.jpg,1600,2400,0.6666666666666666
sculpture_humanart_14000000001493.jpg,1600,2400,0.6666666666666666
sculpture_humanart_14000000001495.jpg,1720,2399,0.7169654022509379
sculpture_humanart_14000000001497.jpg,1800,2400,0.75
sculpture_humanart_14000000001498.jpg,1600,2400,0.6666666666666666
sculpture_humanart_14000000001499.jpg,1714,2400,0.7141666666666666
sculpture_humanart_14000000001501.jpg,1800,2400,0.75
sculpture_humanart_14000000001502.jpg,1800,2400,0.75
sculpture_humanart_14000000001504.jpg,1599,2399,0.6665277198832847
sculpture_humanart_14000000001505.jpg,2400,1800,1.3333333333333333
sculpture_humanart_14000000001506.jpg,2400,1800,1.3333333333333333
sculpture_humanart_14000000001508.jpg,1800,2400,0.75
sculpture_humanart_14000000001509.jpg,1800,2400,0.75
sculpture_humanart_14000000001511.jpg,2400,1800,1.3333333333333333
sculpture_humanart_14000000001513.jpg,2400,1800,1.3333333333333333
sculpture_humanart_14000000001516.jpg,1600,2400,0.6666666666666666
sculpture_humanart_14000000001518.jpg,1600,2400,0.6666666666666666
sculpture_humanart_14000000001519.jpg,2400,1800,1.3333333333333333
sculpture_humanart_14000000001521.jpg,1600,2400,0.6666666666666666
sculpture_humanart_14000000001522.jpg,1600,2400,0.6666666666666666
sculpture_humanart_14000000001523.jpg,1600,2400,0.6666666666666666
sculpture_humanart_14000000001524.jpg,1495,2400,0.6229166666666667
sculpture_humanart_14000000001525.jpg,1600,2400,0.6666666666666666
sculpture_humanart_14000000001526.jpg,1720,2399,0.7169654022509379
sculpture_humanart_14000000001527.jpg,1717,2399,0.7157148812005002
sculpture_humanart_14000000001528.jpg,1800,2400,0.75
sculpture_humanart_14000000001529.jpg,1800,2400,0.75
sculpture_humanart_14000000001530.jpg,1551,2398,0.6467889908256881
sculpture_humanart_14000000001531.jpg,1800,2400,0.75
sculpture_humanart_14000000001534.jpg,1600,2400,0.6666666666666666
sculpture_humanart_14000000001535.jpg,1600,2400,0.6666666666666666
sculpture_humanart_14000000001537.jpg,1600,2400,0.6666666666666666
sculpture_humanart_14000000001538.jpg,1600,2400,0.6666666666666666
sculpture_humanart_14000000001539.jpg,1800,2400,0.75
sculpture_humanart_14000000001543.jpg,2399,1918,1.2507820646506778
sculpture_humanart_14000000001546.jpg,1540,2399,0.6419341392246769
sculpture_humanart_14000000001548.jpg,2400,1800,1.3333333333333333
sculpture_humanart_14000000001549.jpg,1600,2400,0.6666666666666666
sculpture_humanart_14000000001551.jpg,2400,1833,1.309328968903437
sculpture_humanart_14000000001552.jpg,2400,1800,1.3333333333333333
sculpture_humanart_14000000001554.jpg,1779,2400,0.74125
sculpture_humanart_14000000001555.jpg,1533,2399,0.6390162567736557
sculpture_humanart_14000000001556.jpg,2399,2017,1.1893901834407536
sculpture_humanart_14000000001558.jpg,2399,2101,1.1418372203712517
sculpture_humanart_14000000001561.jpg,1566,2399,0.6527719883284702
sculpture_humanart_14000000001562.jpg,1600,2400,0.6666666666666666
sculpture_humanart_14000000001563.jpg,1545,2399,0.6440183409754064
sculpture_humanart_14000000001564.jpg,1547,2399,0.6448520216756982
sculpture_humanart_14000000001565.jpg,1702,2399,0.7094622759483118
sculpture_humanart_14000000001566.jpg,1800,2400,0.75
sculpture_humanart_14000000001567.jpg,1650,2399,0.6877865777407253
sculpture_humanart_14000000001568.jpg,1563,2399,0.6515214672780325
sculpture_humanart_14000000001570.jpg,2400,1839,1.3050570962479608
sculpture_humanart_14000000001572.jpg,1586,2399,0.6611087953313881
sculpture_humanart_14000000001573.jpg,1589,2399,0.6623593163818258
sculpture_humanart_14000000001574.jpg,1567,2400,0.6529166666666667
sculpture_humanart_14000000001575.jpg,2400,1824,1.3157894736842106
sculpture_humanart_14000000001576.jpg,1559,2400,0.6495833333333333
sculpture_humanart_14000000001577.jpg,1800,2400,0.75
sculpture_humanart_14000000001579.jpg,1600,2400,0.6666666666666666
sculpture_humanart_14000000001582.jpg,1531,2400,0.6379166666666667
sculpture_humanart_14000000001583.jpg,1276,2398,0.5321100917431193
sculpture_humanart_14000000001586.jpg,1601,2400,0.6670833333333334
sculpture_humanart_14000000001587.jpg,1800,2400,0.75
sculpture_humanart_14000000001588.jpg,2400,1800,1.3333333333333333
sculpture_humanart_14000000001589.jpg,1592,2400,0.6633333333333333
sculpture_humanart_14000000001594.jpg,1756,2399,0.7319716548561901
sculpture_humanart_14000000001595.jpg,1574,2400,0.6558333333333334
sculpture_humanart_14000000001596.jpg,1737,2400,0.72375
sculpture_humanart_14000000001597.jpg,1800,2400,0.75
sculpture_humanart_14000000001599.jpg,1800,2400,0.75
sculpture_humanart_14000000001601.jpg,2400,1600,1.5
sculpture_humanart_14000000001604.jpg,1720,2399,0.7169654022509379
sculpture_humanart_14000000001607.jpg,1800,2400,0.75
sculpture_humanart_14000000001609.jpg,1800,2400,0.75
sculpture_humanart_14000000001610.jpg,1770,2400,0.7375
sculpture_humanart_14000000001614.jpg,2400,1800,1.3333333333333333
sculpture_humanart_14000000001615.jpg,2400,1800,1.3333333333333333
sculpture_humanart_14000000001616.jpg,2400,1600,1.5
sculpture_humanart_14000000001617.jpg,1610,2400,0.6708333333333333
sculpture_humanart_14000000001619.jpg,1822,2400,0.7591666666666667
sculpture_humanart_14000000001620.jpg,1787,2400,0.7445833333333334
sculpture_humanart_14000000001622.jpg,1800,2400,0.75
sculpture_humanart_14000000001623.jpg,2399,1940,1.23659793814433
sculpture_humanart_14000000001624.jpg,1687,2399,0.7032096706961234
sculpture_humanart_14000000001625.jpg,1370,2398,0.5713094245204337
sculpture_humanart_14000000001626.jpg,1687,2399,0.7032096706961234
sculpture_humanart_14000000001627.jpg,1600,2400,0.6666666666666666
sculpture_humanart_14000000001628.jpg,1600,2400,0.6666666666666666
sculpture_humanart_14000000001629.jpg,1668,2400,0.695
sculpture_humanart_14000000001630.jpg,1527,2399,0.6365152146727803
sculpture_humanart_14000000001631.jpg,2400,1800,1.3333333333333333
sculpture_humanart_14000000001633.jpg,1658,2400,0.6908333333333333
sculpture_humanart_14000000001636.jpg,1684,2399,0.7019591496456857
sculpture_humanart_14000000001638.jpg,2399,1660,1.4451807228915663
sculpture_humanart_14000000001639.jpg,1600,2399,0.6669445602334306
sculpture_humanart_14000000001640.jpg,1600,2400,0.6666666666666666
sculpture_humanart_14000000001642.jpg,1800,2400,0.75
sculpture_humanart_14000000001647.jpg,1800,2400,0.75
sculpture_humanart_14000000001648.jpg,1800,2400,0.75
sculpture_humanart_14000000001649.jpg,1600,2400,0.6666666666666666
sculpture_humanart_14000000001653.jpg,1600,2400,0.6666666666666666
sculpture_humanart_14000000001654.jpg,1744,2399,0.7269695706544393
sculpture_humanart_14000000001657.jpg,1597,2399,0.6656940391829929
sculpture_humanart_14000000001658.jpg,1600,2400,0.6666666666666666
sculpture_humanart_14000000001659.jpg,1600,2400,0.6666666666666666
sculpture_humanart_14000000001660.jpg,1600,2400,0.6666666666666666
sculpture_humanart_14000000001661.jpg,1800,2400,0.75
sculpture_humanart_14000000001662.jpg,1761,2400,0.73375
sculpture_humanart_14000000001663.jpg,1800,2400,0.75
sculpture_humanart_14000000001664.jpg,1598,2400,0.6658333333333334
sculpture_humanart_14000000001667.jpg,1800,2400,0.75
sculpture_humanart_14000000001668.jpg,1800,2400,0.75
sculpture_humanart_14000000001669.jpg,1776,2400,0.74
sculpture_humanart_14000000001670.jpg,1800,2400,0.75
sculpture_humanart_14000000001671.jpg,1800,2400,0.75
sculpture_humanart_14000000001672.jpg,1800,2400,0.75
sculpture_humanart_14000000001674.jpg,1800,2400,0.75
sculpture_humanart_14000000001675.jpg,1600,2400,0.6666666666666666
sculpture_humanart_14000000001677.jpg,1581,2400,0.65875
sculpture_humanart_14000000001678.jpg,1426,2399,0.594414339308045
sculpture_humanart_14000000001680.jpg,1587,2399,0.661525635681534
sculpture_humanart_14000000001682.jpg,1800,2400,0.75
sculpture_humanart_14000000001683.jpg,1800,2400,0.75
sculpture_humanart_14000000001686.jpg,1742,2399,0.7261358899541476
sculpture_humanart_14000000001687.jpg,1800,2400,0.75
sculpture_humanart_14000000001688.jpg,1660,2399,0.6919549812421842
sculpture_humanart_14000000001690.jpg,1687,2399,0.7032096706961234
sculpture_humanart_14000000001691.jpg,1800,2400,0.75
sculpture_humanart_14000000001693.jpg,1482,2399,0.6177573989162151
sculpture_humanart_14000000001696.jpg,1775,2399,0.739891621508962
sculpture_humanart_14000000001700.jpg,1600,2400,0.6666666666666666
sculpture_humanart_14000000001701.jpg,1600,2400,0.6666666666666666
sculpture_humanart_14000000001702.jpg,1600,2400,0.6666666666666666
sculpture_humanart_14000000001704.jpg,1600,2400,0.6666666666666666
sculpture_humanart_14000000001705.jpg,1800,2400,0.75
sculpture_humanart_14000000001706.jpg,1736,2400,0.7233333333333334
sculpture_humanart_14000000001707.jpg,1580,2399,0.6586077532305127
sculpture_humanart_14000000001708.jpg,1600,2400,0.6666666666666666
sculpture_humanart_14000000001709.jpg,1800,2400,0.75
sculpture_humanart_14000000001710.jpg,1574,2400,0.6558333333333334
sculpture_humanart_14000000001711.jpg,1576,2399,0.6569403918299291
sculpture_humanart_14000000001713.jpg,1563,2400,0.65125
sculpture_humanart_14000000001714.jpg,1600,2400,0.6666666666666666
sculpture_humanart_14000000001715.jpg,1600,2400,0.6666666666666666
sculpture_humanart_14000000001716.jpg,2400,1800,1.3333333333333333
sculpture_humanart_14000000001717.jpg,1600,2400,0.6666666666666666
sculpture_humanart_14000000001718.jpg,2400,1800,1.3333333333333333
sculpture_humanart_14000000001722.jpg,1696,2400,0.7066666666666667
sculpture_humanart_14000000001723.jpg,1597,2400,0.6654166666666667
sculpture_humanart_14000000001724.jpg,1600,2400,0.6666666666666666
sculpture_humanart_14000000001725.jpg,1600,2400,0.6666666666666666
sculpture_humanart_14000000001726.jpg,1600,2400,0.6666666666666666
sculpture_humanart_14000000001727.jpg,1800,2400,0.75
sculpture_humanart_14000000001729.jpg,1800,2400,0.75
sculpture_humanart_14000000001730.jpg,1600,2399,0.6669445602334306
sculpture_humanart_14000000001734.jpg,1594,2399,0.6644435181325552
sculpture_humanart_14000000001735.jpg,1600,2400,0.6666666666666666
sculpture_humanart_14000000001736.jpg,1800,2400,0.75
sculpture_humanart_14000000001737.jpg,1634,2399,0.681117132138391
sculpture_humanart_14000000001741.jpg,1800,2400,0.75
sculpture_humanart_14000000001742.jpg,1598,2399,0.6661108795331389
sculpture_humanart_14000000001743.jpg,1600,2400,0.6666666666666666
sculpture_humanart_14000000001744.jpg,1600,2400,0.6666666666666666
sculpture_humanart_14000000001745.jpg,1600,2400,0.6666666666666666
sculpture_humanart_14000000001746.jpg,1536,2399,0.6402667778240934
sculpture_humanart_14000000001748.jpg,1564,2399,0.6519383076281784
sculpture_humanart_14000000001750.jpg,1577,2399,0.657357232180075
sculpture_humanart_14000000001753.jpg,1600,2400,0.6666666666666666
sculpture_humanart_14000000001754.jpg,1600,2400,0.6666666666666666
sculpture_humanart_14000000001755.jpg,2400,1933,1.2415933781686497
sculpture_humanart_14000000001756.jpg,1576,2399,0.6569403918299291
sculpture_humanart_14000000001757.jpg,2400,1800,1.3333333333333333
sculpture_humanart_14000000001760.jpg,1475,2400,0.6145833333333334
sculpture_humanart_14000000001761.jpg,1537,2399,0.6406836181742392
sculpture_humanart_14000000001762.jpg,1800,2400,0.75
sculpture_humanart_14000000001765.jpg,1841,2399,0.7674030846185911
sculpture_humanart_14000000001767.jpg,1800,2400,0.75
sculpture_humanart_14000000001770.jpg,1800,2400,0.75
sculpture_humanart_14000000001771.jpg,1600,2400,0.6666666666666666
sculpture_humanart_14000000001773.jpg,1600,2400,0.6666666666666666
sculpture_humanart_14000000001774.jpg,2400,1800,1.3333333333333333
sculpture_humanart_14000000001776.jpg,1600,2400,0.6666666666666666
sculpture_humanart_14000000001778.jpg,1566,2399,0.6527719883284702
sculpture_humanart_14000000001779.jpg,1552,2400,0.6466666666666666
sculpture_humanart_14000000001783.jpg,1800,2400,0.75
sculpture_humanart_14000000001784.jpg,1701,2399,0.7090454355981659
sculpture_humanart_14000000001788.jpg,1795,2399,0.74822842851188
sculpture_humanart_14000000001789.jpg,1800,2400,0.75
sculpture_humanart_14000000001790.jpg,1584,2400,0.66
sculpture_humanart_14000000001791.jpg,1761,2399,0.7340558566069195
sculpture_humanart_14000000001792.jpg,1800,2400,0.75
sculpture_humanart_14000000001796.jpg,1615,2400,0.6729166666666667
sculpture_humanart_14000000001798.jpg,1600,2400,0.6666666666666666
sculpture_humanart_14000000001799.jpg,1504,2399,0.6269278866194248
sculpture_humanart_14000000001801.jpg,2400,1800,1.3333333333333333
sculpture_humanart_14000000001802.jpg,1600,2400,0.6666666666666666
sculpture_humanart_14000000001804.jpg,1532,2399,0.6385994164235098
sculpture_humanart_14000000001807.jpg,2400,1800,1.3333333333333333
sculpture_humanart_14000000001808.jpg,1576,2398,0.6572143452877398
sculpture_humanart_14000000001809.jpg,1600,2400,0.6666666666666666
sculpture_humanart_14000000001815.jpg,1598,2399,0.6661108795331389
sculpture_humanart_14000000001816.jpg,1796,2399,0.7486452688620259
sculpture_humanart_14000000001817.jpg,1773,2400,0.73875
sculpture_humanart_14000000001818.jpg,1600,2400,0.6666666666666666
sculpture_humanart_14000000001822.jpg,1800,2400,0.75
sculpture_humanart_14000000001823.jpg,1730,2400,0.7208333333333333
sculpture_humanart_14000000001824.jpg,1666,2399,0.6944560233430596
sculpture_humanart_14000000001825.jpg,1700,2399,0.70862859524802
sculpture_humanart_14000000001831.jpg,1564,2400,0.6516666666666666
sculpture_humanart_14000000001832.jpg,1584,2400,0.66
sculpture_humanart_14000000001833.jpg,1562,2400,0.6508333333333334
sculpture_humanart_14000000001834.jpg,1619,2399,0.6748645268862026
sculpture_humanart_14000000001836.jpg,1642,2399,0.6844518549395582
sculpture_humanart_14000000001837.jpg,2400,1800,1.3333333333333333
sculpture_humanart_14000000001838.jpg,2400,1800,1.3333333333333333
sculpture_humanart_14000000001839.jpg,2400,1600,1.5
sculpture_humanart_14000000001841.jpg,1800,2400,0.75
sculpture_humanart_14000000001843.jpg,1566,2400,0.6525
sculpture_humanart_14000000001845.jpg,1773,2399,0.7390579408086703
sculpture_humanart_14000000001847.jpg,2400,1800,1.3333333333333333
sculpture_humanart_14000000001849.jpg,1977,2399,0.8240933722384327
sculpture_humanart_14000000001850.jpg,1800,2400,0.75
sculpture_humanart_14000000001853.jpg,1718,2399,0.7161317215506461
sculpture_humanart_14000000001854.jpg,1600,2400,0.6666666666666666
sculpture_humanart_14000000001855.jpg,2400,1800,1.3333333333333333
sculpture_humanart_14000000001856.jpg,1774,2399,0.7394747811588162
sculpture_humanart_14000000001860.jpg,1800,2400,0.75
sculpture_humanart_14000000001862.jpg,1943,2400,0.8095833333333333
sculpture_humanart_14000000001866.jpg,1800,2400,0.75
sculpture_humanart_14000000001867.jpg,1695,2399,0.7065443934972906
sculpture_humanart_14000000001869.jpg,2400,2388,1.0050251256281406
sculpture_humanart_14000000001870.jpg,2400,1800,1.3333333333333333
sculpture_humanart_14000000001871.jpg,1536,2399,0.6402667778240934
sculpture_humanart_14000000001872.jpg,1519,2400,0.6329166666666667
sculpture_humanart_14000000001874.jpg,1770,2399,0.7378074197582326
sculpture_humanart_14000000001876.jpg,1523,2399,0.6348478532721967
sculpture_humanart_14000000001877.jpg,1553,2399,0.6473530637765735
sculpture_humanart_14000000001878.jpg,1562,2399,0.6511046269278866
sculpture_humanart_14000000001879.jpg,2399,1830,1.310928961748634
sculpture_humanart_14000000001881.jpg,2400,1800,1.3333333333333333
sculpture_humanart_14000000001883.jpg,2399,1865,1.2863270777479894
sculpture_humanart_14000000001884.jpg,1800,2400,0.75
sculpture_humanart_14000000001885.jpg,1633,2400,0.6804166666666667
sculpture_humanart_14000000001886.jpg,1800,2400,0.75
sculpture_humanart_14000000001887.jpg,1722,2399,0.7177990829512296
sculpture_humanart_14000000001888.jpg,1800,2400,0.75
sculpture_humanart_14000000001889.jpg,1710,2400,0.7125
sculpture_humanart_14000000001892.jpg,1600,2400,0.6666666666666666
sculpture_humanart_14000000001893.jpg,1600,2400,0.6666666666666666
sculpture_humanart_14000000001894.jpg,1800,2400,0.75
sculpture_humanart_14000000001895.jpg,1800,2400,0.75
sculpture_humanart_14000000001897.jpg,1800,2400,0.75
sculpture_humanart_14000000001898.jpg,1800,2400,0.75
sculpture_humanart_14000000001899.jpg,1557,2399,0.6490204251771572
sculpture_humanart_14000000001900.jpg,2400,1800,1.3333333333333333
sculpture_humanart_14000000001903.jpg,1586,2400,0.6608333333333334
sculpture_humanart_14000000001905.jpg,1600,2400,0.6666666666666666
sculpture_humanart_14000000001914.jpg,1600,2400,0.6666666666666666
sculpture_humanart_14000000001918.jpg,1800,2400,0.75
sculpture_humanart_14000000001921.jpg,1800,2400,0.75
sculpture_humanart_14000000001922.jpg,1800,2400,0.75
sculpture_humanart_14000000001924.jpg,2400,1800,1.3333333333333333
sculpture_humanart_14000000001926.jpg,2400,1800,1.3333333333333333
sculpture_humanart_14000000001927.jpg,1800,2400,0.75
sculpture_humanart_14000000001929.jpg,1800,2400,0.75
sculpture_humanart_14000000001932.jpg,1600,2400,0.6666666666666666
sculpture_humanart_14000000001933.jpg,2400,1800,1.3333333333333333
sculpture_humanart_14000000001934.jpg,2400,1867,1.2854847348687735
sculpture_humanart_14000000001936.jpg,1800,2400,0.75
sculpture_humanart_14000000001941.jpg,1800,2400,0.75
sculpture_humanart_14000000001944.jpg,1600,2400,0.6666666666666666
sculpture_humanart_14000000001945.jpg,2400,1800,1.3333333333333333
sculpture_humanart_14000000001946.jpg,1544,2399,0.6436015006252606
sculpture_humanart_14000000001949.jpg,2400,1800,1.3333333333333333
sculpture_humanart_14000000001950.jpg,1800,2400,0.75
sculpture_humanart_14000000001952.jpg,2400,1800,1.3333333333333333
sculpture_humanart_14000000001953.jpg,2400,1800,1.3333333333333333
sculpture_humanart_14000000001955.jpg,1800,2400,0.75
sculpture_humanart_14000000001956.jpg,1800,2400,0.75
sculpture_humanart_14000000001957.jpg,1800,2400,0.75
sculpture_humanart_14000000001958.jpg,1800,2400,0.75
sculpture_humanart_14000000001960.jpg,2400,1800,1.3333333333333333
sculpture_humanart_14000000001961.jpg,1600,2400,0.6666666666666666
sculpture_humanart_14000000001962.jpg,1600,2400,0.6666666666666666
sculpture_humanart_14000000001964.jpg,1600,2400,0.6666666666666666
sculpture_humanart_14000000001967.jpg,1800,2400,0.75
sculpture_humanart_14000000001968.jpg,1800,2400,0.75
sculpture_humanart_14000000001969.jpg,1600,2400,0.6666666666666666
sculpture_humanart_14000000001971.jpg,1600,2400,0.6666666666666666
sculpture_humanart_14000000001973.jpg,1600,2400,0.6666666666666666
sculpture_humanart_14000000001974.jpg,1600,2400,0.6666666666666666
sculpture_humanart_14000000001975.jpg,2400,1800,1.3333333333333333
sculpture_humanart_14000000001976.jpg,1529,2399,0.6373488953730722
sculpture_humanart_14000000001977.jpg,1800,2400,0.75
sculpture_humanart_14000000001979.jpg,1600,2400,0.6666666666666666
sculpture_humanart_14000000001981.jpg,2400,1800,1.3333333333333333
sculpture_humanart_14000000001983.jpg,1800,2400,0.75
sculpture_humanart_14000000001985.jpg,2400,1800,1.3333333333333333
sculpture_humanart_14000000001987.jpg,1800,2400,0.75
sculpture_humanart_14000000001988.jpg,1800,2400,0.75
sculpture_humanart_14000000001993.jpg,1800,2400,0.75
sculpture_humanart_14000000001994.jpg,1800,2400,0.75
sculpture_humanart_14000000001995.jpg,1800,2400,0.75
sculpture_humanart_14000000001996.jpg,1800,2400,0.75
sculpture_humanart_14000000001997.jpg,1800,2400,0.75
sculpture_humanart_14000000001999.jpg,1800,2400,0.75
sculpture_humanart_14000000002000.jpg,1600,2400,0.6666666666666666
sculpture_humanart_14000000002001.jpg,1885,2399,0.7857440600250104
sculpture_humanart_14000000002002.jpg,2400,1600,1.5
sculpture_humanart_14000000002005.jpg,1800,2400,0.75
sculpture_humanart_14000000002006.jpg,1600,2400,0.6666666666666666
sculpture_humanart_14000000002007.jpg,1800,2400,0.75
sculpture_humanart_14000000002008.jpg,1600,2400,0.6666666666666666
sculpture_humanart_14000000002009.jpg,2399,1669,1.4373876572798083
sculpture_humanart_14000000002010.jpg,1600,2400,0.6666666666666666
sculpture_humanart_14000000002013.jpg,2400,1800,1.3333333333333333
sculpture_humanart_14000000002014.jpg,1600,2400,0.6666666666666666
sculpture_humanart_14000000002016.jpg,2400,1800,1.3333333333333333
sculpture_humanart_14000000002017.jpg,1674,2399,0.6977907461442268
sculpture_humanart_14000000002018.jpg,1600,2400,0.6666666666666666
sculpture_humanart_14000000002021.jpg,1600,2400,0.6666666666666666
sculpture_humanart_14000000002022.jpg,1600,2400,0.6666666666666666
sculpture_humanart_14000000002023.jpg,2400,1800,1.3333333333333333
sculpture_humanart_14000000002024.jpg,1600,2400,0.6666666666666666
sculpture_humanart_14000000002028.jpg,2400,1800,1.3333333333333333
sculpture_humanart_14000000002030.jpg,1600,2400,0.6666666666666666
sculpture_humanart_14000000002032.jpg,1600,2400,0.6666666666666666
sculpture_humanart_14000000002034.jpg,1800,2400,0.75
sculpture_humanart_14000000002040.jpg,1600,2400,0.6666666666666666
sculpture_humanart_14000000002041.jpg,1600,2400,0.6666666666666666
sculpture_humanart_14000000002042.jpg,2400,1800,1.3333333333333333
sculpture_humanart_14000000002043.jpg,1600,2400,0.6666666666666666
sculpture_humanart_14000000002044.jpg,2400,1800,1.3333333333333333
sculpture_humanart_14000000002048.jpg,1600,2400,0.6666666666666666
sculpture_humanart_14000000002051.jpg,1600,2400,0.6666666666666666
sculpture_humanart_14000000002054.jpg,2399,1871,1.2822020309994655
sculpture_humanart_14000000002056.jpg,1541,2399,0.6423509795748228
sculpture_humanart_14000000002057.jpg,1571,2400,0.6545833333333333
sculpture_humanart_14000000002060.jpg,1548,2400,0.645
sculpture_humanart_14000000002061.jpg,1800,2400,0.75
sculpture_humanart_14000000002062.jpg,1800,2400,0.75
sculpture_humanart_14000000002063.jpg,2400,1600,1.5
sculpture_humanart_14000000002066.jpg,1768,2399,0.7369737390579408
sculpture_humanart_14000000002068.jpg,1600,2400,0.6666666666666666
sculpture_humanart_14000000002069.jpg,1802,2399,0.7511463109629012
sculpture_humanart_14000000002072.jpg,1600,2400,0.6666666666666666
sculpture_humanart_14000000002073.jpg,1728,2399,0.7203001250521051
sculpture_humanart_14000000002074.jpg,1800,2400,0.75
sculpture_humanart_14000000002075.jpg,1600,2400,0.6666666666666666
sculpture_humanart_14000000002076.jpg,2400,1800,1.3333333333333333
sculpture_humanart_14000000002080.jpg,1800,2400,0.75
sculpture_humanart_14000000002082.jpg,1600,2400,0.6666666666666666
sculpture_humanart_14000000002083.jpg,1600,2400,0.6666666666666666
sculpture_humanart_14000000002084.jpg,1554,2400,0.6475
sculpture_humanart_14000000002085.jpg,1600,2400,0.6666666666666666
sculpture_humanart_14000000002086.jpg,1800,2400,0.75
sculpture_humanart_14000000002087.jpg,1600,2400,0.6666666666666666
sculpture_humanart_14000000002088.jpg,2400,1800,1.3333333333333333
sculpture_humanart_14000000002089.jpg,1600,2400,0.6666666666666666
sculpture_humanart_14000000002091.jpg,2400,1800,1.3333333333333333
sculpture_humanart_14000000002094.jpg,1507,2400,0.6279166666666667
sculpture_humanart_14000000002099.jpg,1600,2400,0.6666666666666666
sculpture_humanart_14000000002101.jpg,1600,2400,0.6666666666666666
sculpture_humanart_14000000002102.jpg,1600,2400,0.6666666666666666
sculpture_humanart_14000000002103.jpg,1600,2400,0.6666666666666666
sculpture_humanart_14000000002104.jpg,1800,2400,0.75
sculpture_humanart_14000000002105.jpg,1600,2400,0.6666666666666666
sculpture_humanart_14000000002107.jpg,1800,2400,0.75
sculpture_humanart_14000000002108.jpg,2400,1800,1.3333333333333333
sculpture_humanart_14000000002109.jpg,2400,1800,1.3333333333333333
sculpture_humanart_14000000002111.jpg,1473,2400,0.61375
sculpture_humanart_14000000002112.jpg,1600,2400,0.6666666666666666
sculpture_humanart_14000000002113.jpg,1599,2399,0.6665277198832847
sculpture_humanart_14000000002114.jpg,1600,2400,0.6666666666666666
sculpture_humanart_14000000002115.jpg,1800,2400,0.75
sculpture_humanart_14000000002116.jpg,1800,2400,0.75
sculpture_humanart_14000000002117.jpg,1800,2400,0.75
sculpture_humanart_14000000002120.jpg,1671,2400,0.69625
sculpture_humanart_14000000002121.jpg,1600,2400,0.6666666666666666
sculpture_humanart_14000000002123.jpg,1810,2399,0.7544810337640684
sculpture_humanart_14000000002124.jpg,1600,2400,0.6666666666666666
sculpture_humanart_14000000002126.jpg,2400,1800,1.3333333333333333
sculpture_humanart_14000000002127.jpg,2399,1889,1.26998411858126
sculpture_humanart_14000000002132.jpg,1736,2399,0.7236348478532721
sculpture_humanart_14000000002133.jpg,1669,2399,0.6957065443934973
sculpture_humanart_14000000002134.jpg,2400,1600,1.5
sculpture_humanart_14000000002136.jpg,2400,1800,1.3333333333333333
sculpture_humanart_14000000002828.jpg,2032,2400,0.8466666666666667
sculpture_humanart_14000000002838.jpg,1600,2400,0.6666666666666666
sculpture_humanart_14000000002841.jpg,1600,2400,0.6666666666666666
sculpture_humanart_14000000002849.jpg,1800,2400,0.75
sculpture_humanart_14000000002850.jpg,1800,2400,0.75
sculpture_humanart_14000000002852.jpg,1600,2400,0.6666666666666666
sculpture_humanart_14000000002854.jpg,1600,2400,0.6666666666666666
sculpture_humanart_14000000002866.jpg,1620,2399,0.6752813672363485
sculpture_humanart_14000000003137.jpg,1800,2400,0.75
sculpture_humanart_14000000003160.jpg,2039,2400,0.8495833333333334
sculpture_humanart_14000000003171.jpg,1574,2399,0.6561067111296374
sculpture_humanart_14000000003187.jpg,2400,1800,1.3333333333333333
sculpture_humanart_14000000003191.jpg,1800,2400,0.75
sculpture_humanart_14000000003215.jpg,2399,1910,1.256020942408377
sculpture_humanart_14000000003216.jpg,1412,2400,0.5883333333333334
sculpture_humanart_14000000003253.jpg,1704,2400,0.71
sculpture_humanart_14000000003259.jpg,1799,2399,0.7498957899124635
sculpture_humanart_14000000003262.jpg,1799,2399,0.7498957899124635
sculpture_humanart_14000000003264.jpg,1799,2399,0.7498957899124635
sculpture_humanart_14000000003368.jpg,1600,2400,0.6666666666666666
sculpture_humanart_14000000003374.jpg,1715,2400,0.7145833333333333
sculpture_humanart_14000000003393.jpg,2400,1600,1.5
sculpture_humanart_14000000003409.jpg,1600,2400,0.6666666666666666
sculpture_humanart_14000000003502.jpg,1600,2400,0.6666666666666666
sculpture_humanart_14000000003512.jpg,1600,2400,0.6666666666666666
sculpture_humanart_14000000003513.jpg,1600,2400,0.6666666666666666
sculpture_humanart_14000000003534.jpg,1799,2399,0.7498957899124635
sculpture_humanart_14000000003536.jpg,1799,2399,0.7498957899124635
sculpture_humanart_14000000003550.jpg,1530,2400,0.6375
sculpture_humanart_14000000003553.jpg,1799,2399,0.7498957899124635
sculpture_humanart_14000000003571.jpg,1327,1740,0.7626436781609195
sculpture_humanart_14000000003578.jpg,1712,1944,0.8806584362139918
sculpture_humanart_14000000003641.jpg,3000,4000,0.75
sculpture_humanart_14000000003642.jpg,2000,3000,0.6666666666666666
sculpture_humanart_14000000003644.jpg,550,413,1.3317191283292977
sculpture_humanart_14000000003647.jpg,376,500,0.752
sculpture_humanart_14000000003648.jpg,652,435,1.4988505747126437
sculpture_humanart_14000000003649.jpg,900,1455,0.6185567010309279
sculpture_humanart_14000000003650.jpg,810,1080,0.75
sculpture_humanart_14000000003651.jpg,208,321,0.6479750778816199
sculpture_humanart_14000000003652.jpg,739,500,1.478
sculpture_humanart_14000000003654.jpg,900,818,1.1002444987775062
sculpture_humanart_14000000003655.jpg,750,750,1.0
sculpture_humanart_14000000003656.jpg,1000,667,1.4992503748125936
sculpture_humanart_14000000003658.jpg,780,926,0.8423326133909287
sculpture_humanart_14000000003660.jpg,1024,576,1.7777777777777777
sculpture_humanart_14000000003661.jpg,273,340,0.8029411764705883
sculpture_humanart_14000000003665.jpg,848,562,1.508896797153025
sculpture_humanart_14000000003666.jpg,500,667,0.7496251874062968
sculpture_humanart_14000000003667.jpg,5472,3648,1.5
sculpture_humanart_14000000003668.jpg,880,760,1.1578947368421053
sculpture_humanart_14000000003670.jpg,885,500,1.77
sculpture_humanart_14000000003671.jpg,303,400,0.7575
sculpture_humanart_14000000003672.jpg,960,640,1.5
sculpture_humanart_14000000003673.jpg,800,420,1.9047619047619047
sculpture_humanart_14000000003674.jpg,780,926,0.8423326133909287
sculpture_humanart_14000000003675.jpg,375,312,1.2019230769230769
sculpture_humanart_14000000003676.jpg,500,500,1.0
sculpture_humanart_14000000003678.jpg,750,953,0.7869884575026233
sculpture_humanart_14000000003680.jpg,1200,800,1.5
sculpture_humanart_14000000003681.jpg,1024,683,1.499267935578331
sculpture_humanart_14000000003682.jpg,220,421,0.5225653206650831
sculpture_humanart_14000000003683.jpg,1752,2163,0.8099861303744799
sculpture_humanart_14000000003684.jpg,1670,940,1.7765957446808511
sculpture_humanart_14000000003685.jpg,465,800,0.58125
sculpture_humanart_14000000003686.jpg,290,435,0.6666666666666666
sculpture_humanart_14000000003687.jpg,220,370,0.5945945945945946
sculpture_humanart_14000000003688.jpg,960,1200,0.8
sculpture_humanart_14000000003690.jpg,960,640,1.5
sculpture_humanart_14000000003691.jpg,338,450,0.7511111111111111
sculpture_humanart_14000000003693.jpg,1800,1800,1.0
sculpture_humanart_14000000003694.jpg,290,435,0.6666666666666666
sculpture_humanart_14000000003696.jpg,200,239,0.8368200836820083
sculpture_humanart_14000000003698.jpg,640,336,1.9047619047619047
sculpture_humanart_14000000003699.jpg,780,926,0.8423326133909287
sculpture_humanart_14000000003700.jpg,652,435,1.4988505747126437
sculpture_humanart_14000000003702.jpg,510,600,0.85
sculpture_humanart_14000000003704.jpg,604,340,1.776470588235294
sculpture_humanart_14000000003706.jpg,224,400,0.56
sculpture_humanart_14000000003707.jpg,264,325,0.8123076923076923
sculpture_humanart_14000000003708.jpg,780,926,0.8423326133909287
sculpture_humanart_14000000003709.jpg,326,240,1.3583333333333334
sculpture_humanart_14000000003714.jpg,721,1042,0.6919385796545106
sculpture_humanart_14000000003715.jpg,1110,1700,0.6529411764705882
sculpture_humanart_14000000003716.jpg,736,1096,0.6715328467153284
sculpture_humanart_14000000003718.jpg,600,581,1.0327022375215147
sculpture_humanart_14000000003719.jpg,622,1024,0.607421875
sculpture_humanart_14000000003722.jpg,450,733,0.6139154160982264
sculpture_humanart_14000000003724.jpg,736,981,0.7502548419979612
sculpture_humanart_14000000003725.jpg,1280,985,1.299492385786802
sculpture_humanart_14000000003726.jpg,320,535,0.5981308411214953
sculpture_humanart_14000000003727.jpg,876,539,1.6252319109461966
sculpture_humanart_14000000003728.jpg,1600,2404,0.6655574043261231
sculpture_humanart_14000000003731.jpg,1920,1384,1.3872832369942196
sculpture_humanart_14000000003732.jpg,2448,3264,0.75
sculpture_humanart_14000000003733.jpg,521,750,0.6946666666666667
sculpture_humanart_14000000003734.jpg,564,858,0.6573426573426573
sculpture_humanart_14000000003735.jpg,1600,1200,1.3333333333333333
sculpture_humanart_14000000003738.jpg,650,975,0.6666666666666666
sculpture_humanart_14000000003740.jpg,768,768,1.0
sculpture_humanart_14000000003741.jpg,412,550,0.7490909090909091
sculpture_humanart_14000000003742.jpg,2496,3632,0.6872246696035242
sculpture_humanart_14000000003743.jpg,1000,1500,0.6666666666666666
sculpture_humanart_14000000003745.jpg,655,1390,0.4712230215827338
sculpture_humanart_14000000003746.jpg,721,935,0.7711229946524064
sculpture_humanart_14000000003749.jpg,821,1300,0.6315384615384615
sculpture_humanart_14000000003751.jpg,2554,5325,0.4796244131455399
sculpture_humanart_14000000003752.jpg,760,1013,0.7502467917077986
sculpture_humanart_14000000003753.jpg,960,1280,0.75
sculpture_humanart_14000000003754.jpg,600,585,1.0256410256410255
sculpture_humanart_14000000003755.jpg,3744,5616,0.6666666666666666
sculpture_humanart_14000000003756.jpg,506,900,0.5622222222222222
sculpture_humanart_14000000003757.jpg,451,341,1.3225806451612903
sculpture_humanart_14000000003758.jpg,611,800,0.76375
sculpture_humanart_14000000003759.jpg,640,406,1.5763546798029557
sculpture_humanart_14000000003762.jpg,800,450,1.7777777777777777
sculpture_humanart_14000000003763.jpg,1024,685,1.494890510948905
sculpture_humanart_14000000003765.jpg,3024,3024,1.0
sculpture_humanart_14000000003767.jpg,1024,727,1.4085281980742779
sculpture_humanart_14000000003768.jpg,800,450,1.7777777777777777
sculpture_humanart_14000000003770.jpg,640,480,1.3333333333333333
sculpture_humanart_14000000003771.jpg,800,819,0.9768009768009768
sculpture_humanart_14000000003772.jpg,800,450,1.7777777777777777
sculpture_humanart_14000000003775.jpg,1200,1800,0.6666666666666666
sculpture_humanart_14000000003776.jpg,1400,1050,1.3333333333333333
sculpture_humanart_14000000003778.jpg,1800,2402,0.7493755203996669
sculpture_humanart_14000000003780.jpg,775,1200,0.6458333333333334
sculpture_humanart_14000000003781.jpg,855,1200,0.7125
sculpture_humanart_14000000003782.jpg,3333,5000,0.6666
sculpture_humanart_14000000003783.jpg,751,1000,0.751
sculpture_humanart_14000000003784.jpg,960,1200,0.8
sculpture_humanart_14000000003785.jpg,1280,1280,1.0
sculpture_humanart_14000000003786.jpg,1100,619,1.7770597738287561
sculpture_humanart_14000000003787.jpg,2400,2400,1.0
sculpture_humanart_14000000003788.jpg,2048,1536,1.3333333333333333
sculpture_humanart_14000000003789.jpg,550,814,0.6756756756756757
sculpture_humanart_14000000003790.jpg,5302,2983,1.7774052966811935
sculpture_humanart_14000000003791.jpg,1282,869,1.475258918296893
sculpture_humanart_14000000003792.jpg,1000,1506,0.6640106241699867
sculpture_humanart_14000000003793.jpg,1200,1200,1.0
sculpture_humanart_14000000003794.jpg,1100,1100,1.0
sculpture_humanart_14000000003795.jpg,780,520,1.5
sculpture_humanart_14000000003796.jpg,2000,1333,1.5003750937734435
sculpture_humanart_14000000003797.jpg,1944,2592,0.75
sculpture_humanart_14000000003798.jpg,3000,1687,1.7783046828689981
sculpture_humanart_14000000003799.jpg,500,650,0.7692307692307693
sculpture_humanart_14000000003800.jpg,1200,630,1.9047619047619047
sculpture_humanart_14000000003803.jpg,660,660,1.0
sculpture_humanart_14000000003804.jpg,1200,2163,0.5547850208044383
sculpture_humanart_14000000003808.jpg,1920,1080,1.7777777777777777
sculpture_humanart_14000000003810.jpg,850,570,1.4912280701754386
sculpture_humanart_14000000003812.jpg,1440,810,1.7777777777777777
sculpture_humanart_14000000003813.jpg,533,800,0.66625
sculpture_humanart_14000000003815.jpg,563,1000,0.563
sculpture_humanart_14000000003816.jpg,2000,2999,0.6668889629876625
sculpture_humanart_14000000003817.jpg,864,1390,0.6215827338129496
sculpture_humanart_14000000003819.jpg,730,1083,0.6740535549399815
sculpture_humanart_14000000003821.jpg,5472,3648,1.5
sculpture_humanart_14000000003822.jpg,1200,1800,0.6666666666666666
sculpture_humanart_14000000003823.jpg,2048,1536,1.3333333333333333
sculpture_humanart_14000000003824.jpg,960,1200,0.8
sculpture_humanart_14000000003825.jpg,800,800,1.0
sculpture_humanart_14000000003826.jpg,1908,1146,1.6649214659685865
sculpture_humanart_14000000003827.jpg,400,380,1.0526315789473684
sculpture_humanart_14000000003828.jpg,700,517,1.3539651837524178
sculpture_humanart_14000000003829.jpg,455,768,0.5924479166666666
sculpture_humanart_14000000003831.jpg,756,946,0.7991543340380549
sculpture_humanart_14000000003833.jpg,1280,720,1.7777777777777777
sculpture_humanart_14000000003835.jpg,1066,1599,0.6666666666666666
sculpture_humanart_14000000003836.jpg,510,340,1.5
sculpture_humanart_14000000003838.jpg,600,450,1.3333333333333333
sculpture_humanart_14000000003839.jpg,1600,1148,1.3937282229965158
sculpture_humanart_14000000003841.jpg,1600,900,1.7777777777777777
sculpture_humanart_14000000003842.jpg,1372,772,1.7772020725388602
sculpture_humanart_14000000003843.jpg,1024,768,1.3333333333333333
sculpture_humanart_14000000003844.jpg,140,301,0.46511627906976744
sculpture_humanart_14000000003845.jpg,1200,1102,1.0889292196007259
sculpture_humanart_14000000003846.jpg,408,612,0.6666666666666666
sculpture_humanart_14000000003847.jpg,1200,900,1.3333333333333333
sculpture_humanart_14000000003848.jpg,960,1280,0.75
sculpture_humanart_14000000003849.jpg,2000,1333,1.5003750937734435
sculpture_humanart_14000000003850.jpg,513,768,0.66796875
sculpture_humanart_14000000003852.jpg,630,420,1.5
sculpture_humanart_14000000003853.jpg,617,800,0.77125
sculpture_humanart_14000000003854.jpg,2609,4352,0.5994944852941176
sculpture_humanart_14000000003855.jpg,810,540,1.5
sculpture_humanart_14000000003856.jpg,880,540,1.6296296296296295
sculpture_humanart_14000000003858.jpg,650,575,1.1304347826086956
sculpture_humanart_14000000003859.jpg,1200,800,1.5
sculpture_humanart_14000000003861.jpg,642,964,0.6659751037344398
sculpture_humanart_14000000003862.jpg,1280,786,1.6284987277353689
sculpture_humanart_14000000003863.jpg,1200,800,1.5
sculpture_humanart_14000000003864.jpg,900,506,1.7786561264822134
sculpture_humanart_14000000003868.jpg,1000,667,1.4992503748125936
sculpture_humanart_14000000003869.jpg,1536,2048,0.75
sculpture_humanart_14000000003871.jpg,600,600,1.0
sculpture_humanart_14000000003873.jpg,360,480,0.75
sculpture_humanart_14000000003874.jpg,1600,1600,1.0
sculpture_humanart_14000000003875.jpg,280,421,0.665083135391924
sculpture_humanart_14000000003876.jpg,500,333,1.5015015015015014
sculpture_humanart_14000000003877.jpg,1000,1500,0.6666666666666666
sculpture_humanart_14000000003879.jpg,2240,2560,0.875
sculpture_humanart_14000000003880.jpg,500,335,1.492537313432836
sculpture_humanart_14000000003882.jpg,1024,768,1.3333333333333333
sculpture_humanart_14000000003883.jpg,990,660,1.5
sculpture_humanart_14000000003884.jpg,500,500,1.0
sculpture_humanart_14000000003885.jpg,580,580,1.0
sculpture_humanart_14000000003887.jpg,682,1024,0.666015625
sculpture_humanart_14000000003888.jpg,1083,722,1.5
sculpture_humanart_14000000003890.jpg,1000,750,1.3333333333333333
sculpture_humanart_14000000003891.jpg,1280,1280,1.0
sculpture_humanart_14000000003892.jpg,525,415,1.2650602409638554
sculpture_humanart_14000000003894.jpg,720,1280,0.5625
sculpture_humanart_14000000003896.jpg,667,1000,0.667
sculpture_humanart_14000000003897.jpg,1200,680,1.7647058823529411
sculpture_humanart_14000000003898.jpg,900,600,1.5
sculpture_humanart_14000000003899.jpg,800,800,1.0
sculpture_humanart_14000000003902.jpg,1367,1496,0.9137700534759359
sculpture_humanart_14000000003904.jpg,2362,1476,1.600271002710027
sculpture_humanart_14000000003905.jpg,637,461,1.3817787418655099
sculpture_humanart_14000000003906.jpg,864,517,1.6711798839458414
sculpture_humanart_14000000003907.jpg,1600,897,1.7837235228539576
sculpture_humanart_14000000003908.jpg,3112,5533,0.5624435206940177
sculpture_humanart_14000000003910.jpg,600,684,0.8771929824561403
sculpture_humanart_14000000003911.jpg,366,532,0.6879699248120301
sculpture_humanart_14000000003912.jpg,643,858,0.7494172494172494
sculpture_humanart_14000000003914.jpg,1200,1801,0.6662965019433648
sculpture_humanart_14000000003917.jpg,1015,1405,0.7224199288256228
sculpture_humanart_14000000003919.jpg,600,912,0.6578947368421053
sculpture_humanart_14000000003921.jpg,1000,1777,0.5627462014631401
sculpture_humanart_14000000003922.jpg,1000,627,1.594896331738437
sculpture_humanart_14000000003923.jpg,717,717,1.0
sculpture_humanart_14000000003924.jpg,500,500,1.0
sculpture_humanart_14000000003925.jpg,1100,1210,0.9090909090909091
sculpture_humanart_14000000003926.jpg,866,1390,0.6230215827338129
sculpture_humanart_14000000003927.jpg,1000,667,1.4992503748125936
sculpture_humanart_14000000003928.jpg,1373,2000,0.6865
sculpture_humanart_14000000003930.jpg,900,1200,0.75
sculpture_humanart_14000000003931.jpg,2448,3264,0.75
sculpture_humanart_14000000003932.jpg,834,1015,0.8216748768472907
sculpture_humanart_14000000003935.jpg,800,600,1.3333333333333333
sculpture_humanart_14000000003936.jpg,3352,4464,0.7508960573476703
sculpture_humanart_14000000003937.jpg,1333,2000,0.6665
sculpture_humanart_14000000003938.jpg,580,580,1.0
sculpture_humanart_14000000003940.jpg,2497,3744,0.6669337606837606
sculpture_humanart_14000000003941.jpg,600,824,0.7281553398058253
sculpture_humanart_14000000003943.jpg,1148,699,1.642346208869814
sculpture_humanart_14000000003945.jpg,800,1000,0.8
sculpture_humanart_14000000003946.jpg,1920,917,2.093784078516903
sculpture_humanart_14000000003947.jpg,1024,682,1.501466275659824
sculpture_humanart_14000000003951.jpg,300,438,0.684931506849315
sculpture_humanart_14000000003952.jpg,1000,562,1.7793594306049823
sculpture_humanart_14000000003954.jpg,728,1000,0.728
sculpture_humanart_14000000003955.jpg,800,500,1.6
sculpture_humanart_14000000003956.jpg,2000,3000,0.6666666666666666
sculpture_humanart_14000000003957.jpg,800,1530,0.5228758169934641
sculpture_humanart_14000000003958.jpg,1200,728,1.6483516483516483
sculpture_humanart_14000000003959.jpg,1920,1440,1.3333333333333333
sculpture_humanart_14000000003960.jpg,1200,667,1.7991004497751124
sculpture_humanart_14000000003961.jpg,458,612,0.7483660130718954
sculpture_humanart_14000000003962.jpg,867,1390,0.6237410071942446
sculpture_humanart_14000000003963.jpg,600,450,1.3333333333333333
sculpture_humanart_14000000003964.jpg,595,898,0.6625835189309577
sculpture_humanart_14000000003965.jpg,976,549,1.7777777777777777
sculpture_humanart_14000000003966.jpg,178,252,0.7063492063492064
sculpture_humanart_14000000003967.jpg,600,854,0.702576112412178
sculpture_humanart_14000000003969.jpg,1120,1680,0.6666666666666666
sculpture_humanart_14000000003970.jpg,664,998,0.6653306613226453
sculpture_humanart_14000000003973.jpg,768,1024,0.75
sculpture_humanart_14000000003974.jpg,500,561,0.8912655971479501
sculpture_humanart_14000000003975.jpg,866,1390,0.6230215827338129
sculpture_humanart_14000000003979.jpg,693,1194,0.5804020100502513
sculpture_humanart_14000000003982.jpg,962,1804,0.5332594235033259
sculpture_humanart_14000000003983.jpg,1200,1600,0.75
sculpture_humanart_14000000003987.jpg,693,1000,0.693
sculpture_humanart_14000000003988.jpg,4000,3000,1.3333333333333333
sculpture_humanart_14000000003992.jpg,1251,1500,0.834
sculpture_humanart_14000000003993.jpg,519,800,0.64875
sculpture_humanart_14000000003996.jpg,478,717,0.6666666666666666
sculpture_humanart_14000000003998.jpg,1050,1520,0.6907894736842105
sculpture_humanart_14000000004001.jpg,954,973,0.9804727646454265
sculpture_humanart_14000000004002.jpg,1058,1500,0.7053333333333334
sculpture_humanart_14000000004005.jpg,500,500,1.0
sculpture_humanart_14000000004006.jpg,1757,2500,0.7028
sculpture_humanart_14000000004007.jpg,1280,720,1.7777777777777777
sculpture_humanart_14000000004008.jpg,1008,1328,0.7590361445783133
sculpture_humanart_14000000004012.jpg,600,800,0.75
sculpture_humanart_14000000004014.jpg,1880,2816,0.6676136363636364
sculpture_humanart_14000000004015.jpg,675,900,0.75
sculpture_humanart_14000000004016.jpg,959,638,1.5031347962382444
sculpture_humanart_14000000004017.jpg,801,1024,0.7822265625
sculpture_humanart_14000000004018.jpg,1163,816,1.4252450980392157
sculpture_humanart_14000000004019.jpg,3207,2139,1.4992987377279103
sculpture_humanart_14000000004022.jpg,1300,954,1.3626834381551363
sculpture_humanart_14000000004023.jpg,2560,1600,1.6
sculpture_humanart_14000000004024.jpg,1066,1600,0.66625
sculpture_humanart_14000000004027.jpg,1600,2133,0.7501172058134083
sculpture_humanart_14000000004028.jpg,623,876,0.7111872146118722
sculpture_humanart_14000000004032.jpg,1632,3264,0.5
sculpture_humanart_14000000004033.jpg,262,584,0.4486301369863014
sculpture_humanart_14000000004036.jpg,533,800,0.66625
sculpture_humanart_14000000004037.jpg,600,800,0.75
sculpture_humanart_14000000004038.jpg,952,960,0.9916666666666667
sculpture_humanart_14000000004040.jpg,960,500,1.92
sculpture_humanart_14000000004041.jpg,624,488,1.278688524590164
sculpture_humanart_14000000004042.jpg,667,1000,0.667
sculpture_humanart_14000000004043.jpg,866,1390,0.6230215827338129
sculpture_humanart_14000000004045.jpg,1313,1790,0.7335195530726257
sculpture_humanart_14000000004046.jpg,1756,2500,0.7024
sculpture_humanart_14000000004047.jpg,720,900,0.8
sculpture_humanart_14000000004051.jpg,1200,1811,0.6626173384870238
sculpture_humanart_14000000004052.jpg,570,900,0.6333333333333333
sculpture_humanart_14000000004053.jpg,1536,2048,0.75
sculpture_humanart_14000000004057.jpg,640,640,1.0
sculpture_humanart_14000000004058.jpg,583,700,0.8328571428571429
sculpture_humanart_14000000004061.jpg,667,1000,0.667
sculpture_humanart_14000000004062.jpg,3000,1622,1.8495684340320593
sculpture_humanart_14000000004063.jpg,427,640,0.6671875
sculpture_humanart_14000000004065.jpg,430,659,0.6525037936267072
sculpture_humanart_14000000004066.jpg,750,750,1.0
sculpture_humanart_14000000004067.jpg,800,1200,0.6666666666666666
sculpture_humanart_14000000004068.jpg,640,640,1.0
sculpture_humanart_14000000004069.jpg,300,279,1.075268817204301
sculpture_humanart_14000000004074.jpg,640,640,1.0
sculpture_humanart_14000000004075.jpg,443,600,0.7383333333333333
sculpture_humanart_14000000004076.jpg,800,800,1.0
sculpture_humanart_14000000004078.jpg,880,603,1.4593698175787728
sculpture_humanart_14000000004079.jpg,750,750,1.0
sculpture_humanart_14000000004080.jpg,600,337,1.7804154302670623
sculpture_humanart_14000000004081.jpg,600,337,1.7804154302670623
sculpture_humanart_14000000004082.jpg,800,800,1.0
sculpture_humanart_14000000004083.jpg,300,450,0.6666666666666666
sculpture_humanart_14000000004084.jpg,465,310,1.5
sculpture_humanart_14000000004086.jpg,514,500,1.028
sculpture_humanart_14000000004087.jpg,900,1200,0.75
sculpture_humanart_14000000004088.jpg,960,1200,0.8
sculpture_humanart_14000000004089.jpg,1321,1981,0.6668349318525997
sculpture_humanart_14000000004090.jpg,190,215,0.8837209302325582
sculpture_humanart_14000000004091.jpg,975,1200,0.8125
sculpture_humanart_14000000004092.jpg,738,1079,0.6839666357738647
sculpture_humanart_14000000004094.jpg,1200,675,1.7777777777777777
sculpture_humanart_14000000004095.jpg,375,562,0.6672597864768683
sculpture_humanart_14000000004096.jpg,1920,2560,0.75
sculpture_humanart_14000000004097.jpg,711,720,0.9875
sculpture_humanart_14000000004098.jpg,1100,1980,0.5555555555555556
sculpture_humanart_14000000004100.jpg,1200,630,1.9047619047619047
sculpture_humanart_14000000004101.jpg,1498,1500,0.9986666666666667
sculpture_humanart_14000000004103.jpg,420,420,1.0
sculpture_humanart_14000000004104.jpg,3000,3000,1.0
sculpture_humanart_14000000004106.jpg,2448,2448,1.0
sculpture_humanart_14000000004107.jpg,1394,2048,0.6806640625
sculpture_humanart_14000000004110.jpg,800,800,1.0
sculpture_humanart_14000000004111.jpg,600,1075,0.5581395348837209
sculpture_humanart_14000000004114.jpg,820,1500,0.5466666666666666
sculpture_humanart_14000000004115.jpg,400,535,0.7476635514018691
sculpture_humanart_14000000004118.jpg,1120,840,1.3333333333333333
sculpture_humanart_14000000004121.jpg,480,652,0.7361963190184049
sculpture_humanart_14000000004123.jpg,3444,2773,1.2419761990623872
sculpture_humanart_14000000004126.jpg,1200,1712,0.7009345794392523
sculpture_humanart_14000000004127.jpg,666,1000,0.666
sculpture_humanart_14000000004128.jpg,1216,1600,0.76
sculpture_humanart_14000000004129.jpg,780,780,1.0
sculpture_humanart_14000000004130.jpg,1100,619,1.7770597738287561
sculpture_humanart_14000000004132.jpg,600,910,0.6593406593406593
sculpture_humanart_14000000004134.jpg,428,600,0.7133333333333334
sculpture_humanart_14000000004135.jpg,1296,1920,0.675
sculpture_humanart_14000000004136.jpg,3048,4096,0.744140625
sculpture_humanart_14000000004138.jpg,1125,1500,0.75
sculpture_humanart_14000000004139.jpg,1595,2392,0.6668060200668896
sculpture_humanart_14000000004141.jpg,505,741,0.6815114709851552
sculpture_humanart_14000000004142.jpg,685,567,1.2081128747795415
sculpture_humanart_14000000004143.jpg,1200,841,1.426872770511296
sculpture_humanart_14000000004145.jpg,1000,1000,1.0
sculpture_humanart_14000000004146.jpg,2560,2560,1.0
sculpture_humanart_14000000004149.jpg,800,1200,0.6666666666666666
sculpture_humanart_14000000004151.jpg,476,600,0.7933333333333333
sculpture_humanart_14000000004152.jpg,1664,2100,0.7923809523809524
sculpture_humanart_14000000004153.jpg,798,1068,0.7471910112359551
sculpture_humanart_14000000004154.jpg,800,600,1.3333333333333333
sculpture_humanart_14000000004156.jpg,727,1080,0.6731481481481482
sculpture_humanart_14000000004158.jpg,1600,1200,1.3333333333333333
sculpture_humanart_14000000004160.jpg,960,1280,0.75
sculpture_humanart_14000000004162.jpg,1168,1024,1.140625
sculpture_humanart_14000000004164.jpg,1232,816,1.5098039215686274
sculpture_humanart_14000000004166.jpg,324,324,1.0
sculpture_humanart_14000000004168.jpg,720,480,1.5
sculpture_humanart_14000000004169.jpg,2560,1440,1.7777777777777777
sculpture_humanart_14000000004170.jpg,700,875,0.8
sculpture_humanart_14000000004171.jpg,810,608,1.332236842105263
sculpture_humanart_14000000004172.jpg,684,684,1.0
sculpture_humanart_14000000004173.jpg,338,450,0.7511111111111111
sculpture_humanart_14000000004174.jpg,800,600,1.3333333333333333
sculpture_humanart_14000000004175.jpg,524,681,0.7694566813509545
sculpture_humanart_14000000004176.jpg,500,667,0.7496251874062968
sculpture_humanart_14000000004177.jpg,901,1200,0.7508333333333334
sculpture_humanart_14000000004178.jpg,1057,2000,0.5285
sculpture_humanart_14000000004179.jpg,1000,1000,1.0
sculpture_humanart_14000000004180.jpg,1200,1200,1.0
sculpture_humanart_14000000004181.jpg,498,700,0.7114285714285714
sculpture_humanart_14000000004182.jpg,731,548,1.333941605839416
sculpture_humanart_14000000004183.jpg,400,800,0.5
sculpture_humanart_14000000004184.jpg,1024,561,1.8253119429590017
sculpture_humanart_14000000004185.jpg,300,300,1.0
sculpture_humanart_14000000004186.jpg,350,434,0.8064516129032258
sculpture_humanart_14000000004187.jpg,960,1280,0.75
sculpture_humanart_14000000004188.jpg,1500,1500,1.0
sculpture_humanart_14000000004189.jpg,710,415,1.7108433734939759
sculpture_humanart_14000000004192.jpg,263,263,1.0
sculpture_humanart_14000000004193.jpg,768,768,1.0
sculpture_humanart_14000000004194.jpg,750,1126,0.6660746003552398
sculpture_humanart_14000000004196.jpg,240,351,0.6837606837606838
sculpture_humanart_14000000004197.jpg,580,580,1.0
sculpture_humanart_14000000004199.jpg,324,324,1.0
sculpture_humanart_14000000004201.jpg,6000,4000,1.5
sculpture_humanart_14000000004202.jpg,1440,675,2.1333333333333333
sculpture_humanart_14000000004203.jpg,320,320,1.0
sculpture_humanart_14000000004204.jpg,684,684,1.0
sculpture_humanart_14000000004205.jpg,1920,1080,1.7777777777777777
sculpture_humanart_14000000004208.jpg,745,1118,0.6663685152057245
sculpture_humanart_14000000004210.jpg,375,249,1.5060240963855422
sculpture_humanart_14000000004212.jpg,960,1886,0.5090137857900318
sculpture_humanart_14000000004213.jpg,225,300,0.75
sculpture_humanart_14000000004215.jpg,300,400,0.75
sculpture_humanart_14000000004216.jpg,2112,2816,0.75
sculpture_humanart_14000000004217.jpg,1199,674,1.7789317507418398
sculpture_humanart_14000000004218.jpg,584,450,1.2977777777777777
sculpture_humanart_14000000004219.jpg,600,800,0.75
sculpture_humanart_14000000004221.jpg,200,200,1.0
sculpture_humanart_14000000004222.jpg,375,286,1.3111888111888113
sculpture_humanart_14000000004223.jpg,4414,3268,1.350673194614443
sculpture_humanart_14000000004224.jpg,225,300,0.75
sculpture_humanart_14000000004225.jpg,659,498,1.323293172690763
sculpture_humanart_14000000004227.jpg,1000,1482,0.6747638326585695
sculpture_humanart_14000000004229.jpg,700,709,0.9873060648801129
sculpture_humanart_14000000004230.jpg,600,450,1.3333333333333333
sculpture_humanart_14000000004231.jpg,300,300,1.0
sculpture_humanart_14000000004232.jpg,300,400,0.75
sculpture_humanart_14000000004233.jpg,266,300,0.8866666666666667
sculpture_humanart_14000000004234.jpg,600,600,1.0
sculpture_humanart_14000000004239.jpg,231,300,0.77
sculpture_humanart_14000000004240.jpg,700,866,0.8083140877598153
sculpture_humanart_14000000004241.jpg,800,450,1.7777777777777777
sculpture_humanart_14000000004242.jpg,800,1200,0.6666666666666666
sculpture_humanart_14000000004244.jpg,240,415,0.5783132530120482
sculpture_humanart_14000000004246.jpg,550,547,1.0054844606946984
sculpture_humanart_14000000004247.jpg,1280,720,1.7777777777777777
sculpture_humanart_14000000004248.jpg,400,400,1.0
sculpture_humanart_14000000004249.jpg,1600,900,1.7777777777777777
sculpture_humanart_14000000004250.jpg,1757,2500,0.7028
sculpture_humanart_14000000004251.jpg,300,300,1.0
sculpture_humanart_14000000004252.jpg,340,440,0.7727272727272727
sculpture_humanart_14000000004255.jpg,800,600,1.3333333333333333
sculpture_humanart_14000000004256.jpg,750,1139,0.6584723441615452
sculpture_humanart_14000000004257.jpg,1232,816,1.5098039215686274
sculpture_humanart_14000000004258.jpg,1050,1050,1.0
sculpture_humanart_14000000004259.jpg,588,400,1.47
sculpture_humanart_14000000004260.jpg,458,700,0.6542857142857142
sculpture_humanart_14000000004261.jpg,769,952,0.8077731092436975
sculpture_humanart_14000000004262.jpg,1200,1601,0.749531542785759
sculpture_humanart_14000000004264.jpg,355,285,1.2456140350877194
sculpture_humanart_14000000004265.jpg,821,461,1.7809110629067244
sculpture_humanart_14000000004266.jpg,375,562,0.6672597864768683
sculpture_humanart_14000000004267.jpg,3000,1686,1.7793594306049823
sculpture_humanart_14000000004268.jpg,250,354,0.7062146892655368
sculpture_humanart_14000000004269.jpg,1500,1500,1.0
sculpture_humanart_14000000004270.jpg,1280,1588,0.8060453400503779
sculpture_humanart_14000000004273.jpg,514,694,0.7406340057636888
sculpture_humanart_14000000004274.jpg,287,400,0.7175
sculpture_humanart_14000000004278.jpg,400,400,1.0
sculpture_humanart_14000000004279.jpg,650,948,0.6856540084388185
sculpture_humanart_14000000004280.jpg,400,678,0.5899705014749262
sculpture_humanart_14000000004281.jpg,400,400,1.0
sculpture_humanart_14000000004283.jpg,300,300,1.0
sculpture_humanart_14000000004284.jpg,270,480,0.5625
sculpture_humanart_14000000004287.jpg,1183,1536,0.7701822916666666
sculpture_humanart_14000000004288.jpg,700,875,0.8
sculpture_humanart_14000000004289.jpg,333,500,0.666
sculpture_humanart_14000000004290.jpg,1600,964,1.6597510373443984
sculpture_humanart_14000000004291.jpg,2048,2168,0.9446494464944649
sculpture_humanart_14000000004293.jpg,290,435,0.6666666666666666
sculpture_humanart_14000000004296.jpg,766,766,1.0
sculpture_humanart_14000000004298.jpg,225,300,0.75
sculpture_humanart_14000000004299.jpg,225,300,0.75
sculpture_humanart_14000000004300.jpg,3456,5184,0.6666666666666666
sculpture_humanart_14000000004301.jpg,263,263,1.0
sculpture_humanart_14000000004302.jpg,843,1200,0.7025
sculpture_humanart_14000000004305.jpg,686,1024,0.669921875
sculpture_humanart_14000000004306.jpg,200,300,0.6666666666666666
sculpture_humanart_14000000004307.jpg,200,300,0.6666666666666666
sculpture_humanart_14000000004308.jpg,375,562,0.6672597864768683
sculpture_humanart_14000000004310.jpg,287,300,0.9566666666666667
sculpture_humanart_14000000004311.jpg,360,285,1.263157894736842
sculpture_humanart_14000000004312.jpg,225,300,0.75
sculpture_humanart_14000000004313.jpg,290,435,0.6666666666666666
sculpture_humanart_14000000004314.jpg,1000,750,1.3333333333333333
sculpture_humanart_14000000004315.jpg,375,562,0.6672597864768683
sculpture_humanart_14000000004316.jpg,1437,1959,0.7335375191424196
sculpture_humanart_14000000004317.jpg,1477,2531,0.5835638087712367
sculpture_humanart_14000000004318.jpg,1200,1600,0.75
sculpture_humanart_14000000004319.jpg,898,1600,0.56125
sculpture_humanart_14000000004320.jpg,950,950,1.0
sculpture_humanart_14000000004321.jpg,903,1332,0.6779279279279279
sculpture_humanart_14000000004324.jpg,428,640,0.66875
sculpture_humanart_14000000004325.jpg,1200,1600,0.75
sculpture_humanart_14000000004326.jpg,781,792,0.9861111111111112
sculpture_humanart_14000000004327.jpg,475,713,0.6661991584852734
sculpture_humanart_14000000004328.jpg,475,713,0.6661991584852734
sculpture_humanart_14000000004331.jpg,1200,1200,1.0
sculpture_humanart_14000000004332.jpg,1536,2048,0.75
sculpture_humanart_14000000004333.jpg,1050,1050,1.0
sculpture_humanart_14000000004334.jpg,2700,2700,1.0
sculpture_humanart_14000000004337.jpg,768,1447,0.5307532826537664
sculpture_humanart_14000000004338.jpg,960,1280,0.75
sculpture_humanart_14000000004339.jpg,2000,1345,1.486988847583643
sculpture_humanart_14000000004340.jpg,2222,2222,1.0
sculpture_humanart_14000000004345.jpg,1200,1803,0.6655574043261231
sculpture_humanart_14000000004347.jpg,1200,1600,0.75
sculpture_humanart_14000000004350.jpg,1099,1800,0.6105555555555555
sculpture_humanart_14000000004351.jpg,1920,1920,1.0
sculpture_humanart_14000000004353.jpg,768,1245,0.6168674698795181
sculpture_humanart_14000000004357.jpg,2200,3064,0.7180156657963447
sculpture_humanart_14000000004358.jpg,3000,4512,0.6648936170212766
sculpture_humanart_14000000004359.jpg,800,1200,0.6666666666666666
sculpture_humanart_14000000004360.jpg,773,967,0.7993795243019648
sculpture_humanart_14000000004364.jpg,2448,3264,0.75
sculpture_humanart_14000000004365.jpg,1280,1280,1.0
sculpture_humanart_14000000004366.jpg,1280,1280,1.0
sculpture_humanart_14000000004369.jpg,768,768,1.0
sculpture_humanart_14000000004371.jpg,281,300,0.9366666666666666
sculpture_humanart_14000000004372.jpg,1000,1364,0.7331378299120235
sculpture_humanart_14000000004373.jpg,1000,1995,0.5012531328320802
sculpture_humanart_14000000004374.jpg,901,900,1.001111111111111
sculpture_humanart_14000000004375.jpg,1334,1600,0.83375
sculpture_humanart_14000000004376.jpg,1032,1032,1.0
sculpture_humanart_14000000004378.jpg,950,950,1.0
sculpture_humanart_14000000004379.jpg,2417,2417,1.0
sculpture_humanart_14000000004380.jpg,1000,1777,0.5627462014631401
sculpture_humanart_14000000004382.jpg,1954,1954,1.0
sculpture_humanart_14000000004384.jpg,820,1118,0.7334525939177102
sculpture_humanart_14000000004385.jpg,475,713,0.6661991584852734
sculpture_humanart_14000000004386.jpg,4000,6000,0.6666666666666666
sculpture_humanart_14000000004388.jpg,480,800,0.6
sculpture_humanart_14000000004389.jpg,600,839,0.7151370679380215
sculpture_humanart_14000000004391.jpg,469,700,0.67
sculpture_humanart_14000000004392.jpg,1125,1500,0.75
sculpture_humanart_14000000004393.jpg,467,600,0.7783333333333333
sculpture_humanart_14000000004394.jpg,475,713,0.6661991584852734
sculpture_humanart_14000000004395.jpg,660,827,0.7980652962515115
sculpture_humanart_14000000004396.jpg,768,768,1.0
sculpture_humanart_14000000004397.jpg,709,1024,0.6923828125
sculpture_humanart_14000000004398.jpg,1336,2000,0.668
sculpture_humanart_14000000004399.jpg,800,1412,0.56657223796034
sculpture_humanart_14000000004400.jpg,2355,2355,1.0
sculpture_humanart_14000000004401.jpg,526,1280,0.4109375
sculpture_humanart_14000000004403.jpg,1280,1280,1.0
sculpture_humanart_14000000004406.jpg,1407,1407,1.0
sculpture_humanart_14000000004407.jpg,1200,1200,1.0
sculpture_humanart_14000000004408.jpg,1784,2457,0.7260887260887261
sculpture_humanart_14000000004409.jpg,1654,2480,0.6669354838709678
sculpture_humanart_14000000004410.jpg,1000,1500,0.6666666666666666
sculpture_humanart_14000000004414.jpg,3000,3000,1.0
sculpture_humanart_14000000004415.jpg,1280,1920,0.6666666666666666
sculpture_humanart_14000000004418.jpg,2250,3000,0.75
sculpture_humanart_14000000004420.jpg,1336,2000,0.668
sculpture_humanart_14000000004422.jpg,1000,1500,0.6666666666666666
sculpture_humanart_14000000004423.jpg,1366,1366,1.0
sculpture_humanart_14000000004424.jpg,1838,4163,0.4415085275042037
sculpture_humanart_14000000004426.jpg,640,640,1.0
sculpture_humanart_14000000004427.jpg,1024,1546,0.6623544631306598
sculpture_humanart_14000000004430.jpg,500,331,1.5105740181268883
sculpture_humanart_14000000004432.jpg,334,500,0.668
sculpture_humanart_14000000004433.jpg,640,640,1.0
sculpture_humanart_14000000004434.jpg,1085,1200,0.9041666666666667
sculpture_humanart_14000000004435.jpg,464,700,0.6628571428571428
sculpture_humanart_14000000004436.jpg,650,650,1.0
sculpture_humanart_14000000004437.jpg,600,1100,0.5454545454545454
sculpture_humanart_14000000004439.jpg,300,300,1.0
sculpture_humanart_14000000004442.jpg,640,640,1.0
sculpture_humanart_14000000004443.jpg,750,750,1.0
sculpture_humanart_14000000004444.jpg,1012,1000,1.012
sculpture_humanart_14000000004445.jpg,350,350,1.0
sculpture_humanart_14000000004446.jpg,640,640,1.0
sculpture_humanart_14000000004447.jpg,640,640,1.0
sculpture_humanart_14000000004449.jpg,300,300,1.0
sculpture_humanart_14000000004452.jpg,400,400,1.0
sculpture_humanart_14000000004453.jpg,640,640,1.0
sculpture_humanart_14000000004454.jpg,393,700,0.5614285714285714
sculpture_humanart_14000000004455.jpg,640,640,1.0
sculpture_humanart_14000000004456.jpg,640,640,1.0
sculpture_humanart_14000000004459.jpg,1920,2189,0.8771128369118318
sculpture_humanart_14000000004462.jpg,900,1107,0.8130081300813008
sculpture_humanart_14000000004465.jpg,1080,2548,0.423861852433281
sculpture_humanart_14000000004466.jpg,1080,1397,0.7730851825340014
sculpture_humanart_14000000004467.jpg,1540,1800,0.8555555555555555
sculpture_humanart_14000000004473.jpg,960,720,1.3333333333333333
sculpture_humanart_14000000004474.jpg,1600,1156,1.3840830449826989
sculpture_humanart_14000000004475.jpg,682,1023,0.6666666666666666
sculpture_humanart_14000000004476.jpg,960,636,1.509433962264151
sculpture_humanart_14000000004477.jpg,960,623,1.5409309791332264
sculpture_humanart_14000000004478.jpg,800,600,1.3333333333333333
sculpture_humanart_14000000004479.jpg,1440,1578,0.9125475285171103
sculpture_humanart_14000000004480.jpg,1620,2328,0.6958762886597938
sculpture_humanart_14000000004481.jpg,721,991,0.727547931382442
sculpture_humanart_14000000004483.jpg,930,514,1.8093385214007782
sculpture_humanart_14000000004485.jpg,1540,1800,0.8555555555555555
sculpture_humanart_14000000004486.jpg,2181,2000,1.0905
sculpture_humanart_14000000004488.jpg,1440,1920,0.75
sculpture_humanart_14000000004489.jpg,800,533,1.5009380863039399
sculpture_humanart_14000000004490.jpg,1920,1920,1.0
sculpture_humanart_14000000004491.jpg,750,937,0.80042689434365
sculpture_humanart_14000000004492.jpg,1080,1389,0.7775377969762419
sculpture_humanart_14000000004494.jpg,600,900,0.6666666666666666
sculpture_humanart_14000000004495.jpg,640,428,1.4953271028037383
sculpture_humanart_14000000004496.jpg,400,285,1.4035087719298245
sculpture_humanart_14000000004497.jpg,750,675,1.1111111111111112
sculpture_humanart_14000000004498.jpg,412,550,0.7490909090909091
sculpture_humanart_14000000004499.jpg,480,640,0.75
sculpture_humanart_14000000004501.jpg,1024,1024,1.0
sculpture_humanart_14000000004502.jpg,750,1000,0.75
sculpture_humanart_14000000004503.jpg,1000,955,1.0471204188481675
sculpture_humanart_14000000004504.jpg,220,303,0.7260726072607261
sculpture_humanart_14000000004506.jpg,700,484,1.4462809917355373
sculpture_humanart_14000000004509.jpg,682,1023,0.6666666666666666
sculpture_humanart_14000000004512.jpg,1080,1441,0.7494795281054824
sculpture_humanart_14000000004513.jpg,750,750,1.0
sculpture_humanart_14000000004514.jpg,500,281,1.7793594306049823
sculpture_humanart_14000000004515.jpg,1080,1441,0.7494795281054824
sculpture_humanart_14000000004516.jpg,538,900,0.5977777777777777
sculpture_humanart_14000000004517.jpg,960,960,1.0
sculpture_humanart_14000000004518.jpg,460,694,0.6628242074927954
sculpture_humanart_14000000004519.jpg,750,750,1.0
sculpture_humanart_14000000004520.jpg,667,1137,0.5866314863676341
sculpture_humanart_14000000004521.jpg,565,815,0.6932515337423313
sculpture_humanart_14000000004522.jpg,762,1016,0.75
sculpture_humanart_14000000004524.jpg,1500,2229,0.6729475100942126
sculpture_humanart_14000000004525.jpg,750,1013,0.7403751233958539
sculpture_humanart_14000000004526.jpg,600,600,1.0
sculpture_humanart_14000000004528.jpg,2084,2000,1.042
sculpture_humanart_14000000004529.jpg,750,750,1.0
sculpture_humanart_14000000004530.jpg,1080,810,1.3333333333333333
sculpture_humanart_14000000004531.jpg,800,800,1.0
sculpture_humanart_14000000004533.jpg,828,2145,0.386013986013986
sculpture_humanart_14000000004534.jpg,800,800,1.0
sculpture_humanart_14000000004536.jpg,152,270,0.562962962962963
sculpture_humanart_14000000004537.jpg,682,1023,0.6666666666666666
sculpture_humanart_14000000004538.jpg,435,613,0.7096247960848288
sculpture_humanart_14000000004539.jpg,274,879,0.3117178612059158
sculpture_humanart_14000000004541.jpg,2736,3648,0.75
sculpture_humanart_14000000004542.jpg,200,300,0.6666666666666666
sculpture_humanart_14000000004543.jpg,750,750,1.0
sculpture_humanart_14000000004545.jpg,375,500,0.75
sculpture_humanart_14000000004546.jpg,300,200,1.5
sculpture_humanart_14000000004547.jpg,564,1057,0.533585619678335
sculpture_humanart_14000000004548.jpg,300,300,1.0
sculpture_humanart_14000000004549.jpg,450,450,1.0
sculpture_humanart_14000000004550.jpg,689,1025,0.6721951219512196
sculpture_humanart_14000000004551.jpg,666,1000,0.666
sculpture_humanart_14000000004552.jpg,480,720,0.6666666666666666
sculpture_humanart_14000000004553.jpg,1540,1800,0.8555555555555555
sculpture_humanart_14000000004556.jpg,1100,1650,0.6666666666666666
sculpture_humanart_14000000004557.jpg,459,720,0.6375
sculpture_humanart_14000000004558.jpg,350,350,1.0
sculpture_humanart_14000000004559.jpg,283,350,0.8085714285714286
sculpture_humanart_14000000004560.jpg,1500,2241,0.6693440428380187
sculpture_humanart_14000000004562.jpg,667,1000,0.667
sculpture_humanart_14000000004564.jpg,440,957,0.45977011494252873
sculpture_humanart_14000000004565.jpg,1540,1800,0.8555555555555555
