metadata_row,file_name,caption_chars,caption_words
1,images/painting_humanart_10000000001781.jpg,374,57
2,images/danbooru_anime_11921260.jpg,482,82
3,images/painting_humanart_2000000003043.jpg,472,71
4,images/coco_214127_425405.jpg,274,44
5,images/real_human_humanart_17000000002392.jpg,520,85
6,images/coco_162362_crowd.jpg,514,77
7,images/sculpture_humanart_14000000001642.jpg,655,97
8,images/coco_285645_496575.jpg,455,73
9,images/sculpture_humanart_14000000004483.jpg,626,88
10,images/coco_168811_crowd.jpg,416,67
11,images/painting_humanart_9000000002550.jpg,509,82
12,images/painting_humanart_2000000000532.jpg,576,95
13,images/coco_320715_451679.jpg,406,67
14,images/real_human_humanart_15000000001321.jpg,602,93
15,images/coco_510152_427923.jpg,364,58
16,images/painting_humanart_10000000002014.jpg,491,80
17,images/real_human_humanart_15000000002292.jpg,502,77
18,images/painting_humanart_2000000001479.jpg,571,90
19,images/coco_186095_190009.jpg,379,60
20,images/danbooru_anime_11917024.jpg,342,55
21,images/painting_humanart_9000000000289.jpg,434,70
22,images/coco_286124_548943.jpg,358,60
23,images/painting_humanart_2000000002742.jpg,528,74
24,images/coco_246004_476382.jpg,274,44
25,images/sculpture_humanart_14000000000196.jpg,423,63
26,images/real_human_humanart_15000000001311.jpg,327,52
27,images/painting_humanart_9000000000151.jpg,352,53
28,images/coco_293148_500431.jpg,584,95
29,images/real_human_humanart_15000000002152.jpg,698,110
30,images/danbooru_anime_11913551.jpg,477,75
31,images/painting_humanart_10000000004766.jpg,351,55
32,images/coco_128830_crowd.jpg,292,49
33,images/painting_humanart_2000000003279.jpg,616,98
34,images/coco_174145_crowd.jpg,445,74
35,images/real_human_humanart_15000000001514.jpg,360,58
36,images/painting_humanart_6000000001989.jpg,298,47
37,images/danbooru_anime_11921027.jpg,367,62
38,images/painting_humanart_6000000001361.jpg,623,109
39,images/painting_humanart_2000000002711.jpg,526,90
40,images/painting_humanart_9000000001302.jpg,450,73
41,images/painting_humanart_2000000001614.jpg,621,97
42,images/coco_74135_crowd.jpg,436,66
43,images/real_human_humanart_15000000000063.jpg,608,101
44,images/coco_498627_432009.jpg,435,68
45,images/sculpture_humanart_14000000001870.jpg,643,99
46,images/coco_214871_1707990.jpg,419,71
47,images/real_human_humanart_15000000001886.jpg,906,140
48,images/sculpture_humanart_14000000000519.jpg,377,55
49,images/danbooru_anime_11920207.jpg,480,72
50,images/danbooru_anime_11908664.jpg,299,49
51,images/real_human_humanart_15000000002370.jpg,669,101
52,images/painting_humanart_9000000001215.jpg,300,45
53,images/coco_4731_crowd.jpg,443,74
54,images/coco_436676_210771.jpg,267,45
55,images/painting_humanart_10000000000804.jpg,333,53
56,images/coco_487607_crowd.jpg,307,54
57,images/real_human_humanart_15000000000360.jpg,459,71
58,images/painting_humanart_9000000000578.jpg,436,76
59,images/painting_humanart_2000000002189.jpg,490,76
60,images/coco_121534_crowd.jpg,382,65
61,images/sculpture_humanart_14000000001355.jpg,542,80
62,images/painting_humanart_10000000003872.jpg,501,81
63,images/painting_humanart_6000000003190.jpg,574,89
64,images/painting_humanart_9000000001564.jpg,363,55
65,images/coco_496090_512454.jpg,444,69
66,images/coco_93068_205938.jpg,417,69
67,images/painting_humanart_9000000000430.jpg,250,40
68,images/painting_humanart_6000000002765.jpg,608,99
69,images/coco_281829_crowd.jpg,399,68
70,images/real_human_humanart_17000000001210.jpg,648,104
71,images/real_human_humanart_17000000001768.jpg,615,93
72,images/painting_humanart_2000000001780.jpg,347,57
73,images/danbooru_anime_11910334.jpg,687,111
74,images/painting_humanart_6000000001103.jpg,777,131
75,images/coco_146723_445208.jpg,299,52
76,images/painting_humanart_1000000002116.jpg,391,57
77,images/painting_humanart_9000000001542.jpg,616,97
78,images/painting_humanart_2000000001998.jpg,460,74
79,images/coco_376549_430463.jpg,374,60
80,images/sculpture_humanart_14000000001300.jpg,345,59
81,images/danbooru_anime_11920762.jpg,772,124
82,images/painting_humanart_2000000001907.jpg,595,99
83,images/danbooru_anime_11912733.jpg,319,53
84,images/coco_140087_479004.jpg,383,62
85,images/real_human_humanart_17000000001038.jpg,529,87
86,images/painting_humanart_1000000000574.jpg,415,64
87,images/coco_265151_195328.jpg,673,115
88,images/coco_285437_482139.jpg,603,92
89,images/painting_humanart_10000000000871.jpg,498,78
90,images/real_human_humanart_15000000000822.jpg,709,107
91,images/sculpture_humanart_14000000003974.jpg,732,109
92,images/real_human_humanart_15000000001338.jpg,755,122
93,images/painting_humanart_9000000002534.jpg,286,42
94,images/danbooru_anime_11917575.jpg,406,64
95,images/painting_humanart_2000000002505.jpg,364,56
96,images/painting_humanart_9000000000807.jpg,601,97
97,images/coco_145734_crowd.jpg,509,80
98,images/coco_517570_196929.jpg,389,62
99,images/sculpture_humanart_14000000004503.jpg,707,106
100,images/danbooru_anime_11915714.jpg,657,105
101,images/painting_humanart_10000000000396.jpg,404,62
102,images/real_human_humanart_17000000001102.jpg,778,114
103,images/real_human_humanart_15000000001741.jpg,480,78
104,images/coco_123570_crowd.jpg,461,77
105,images/danbooru_anime_11920005.jpg,429,74
106,images/painting_humanart_2000000001559.jpg,565,86
107,images/painting_humanart_1000000005265.jpg,607,99
108,images/danbooru_anime_11917107.jpg,616,93
109,images/painting_humanart_2000000000522.jpg,548,84
110,images/coco_476894_crowd.jpg,385,62
111,images/painting_humanart_10000000005494.jpg,291,48
112,images/coco_386968_crowd.jpg,446,74
113,images/real_human_humanart_17000000001547.jpg,758,122
114,images/painting_humanart_10000000002388.jpg,487,77
115,images/coco_55981_496176.jpg,583,96
116,images/painting_humanart_6000000001436.jpg,351,56
117,images/painting_humanart_10000000000317.jpg,208,27
118,images/coco_457254_183797.jpg,474,77
119,images/painting_humanart_2000000000988.jpg,661,105
120,images/painting_humanart_9000000002310.jpg,772,126
121,images/real_human_humanart_15000000002029.jpg,1014,163
122,images/danbooru_anime_11903000.jpg,520,79
123,images/painting_humanart_1000000001911.jpg,601,94
124,images/danbooru_anime_11916451.jpg,623,97
125,images/coco_488_crowd.jpg,386,67
126,images/painting_humanart_2000000001573.jpg,477,73
127,images/real_human_humanart_17000000001355.jpg,642,99
128,images/danbooru_anime_11910660.jpg,416,69
129,images/coco_106073_427113.jpg,504,84
130,images/danbooru_anime_11904267.jpg,527,81
131,images/painting_humanart_9000000001415.jpg,434,64
132,images/coco_578292_455088.jpg,312,50
133,images/danbooru_anime_11921062.jpg,441,70
134,images/coco_193622_203419.jpg,266,45
135,images/coco_203085_252626.jpg,624,101
136,images/danbooru_anime_11913403.jpg,347,50
137,images/coco_129100_crowd.jpg,348,63
138,images/coco_121716_451543.jpg,358,53
139,images/painting_humanart_9000000001012.jpg,532,86
140,images/coco_207019_468566.jpg,437,71
141,images/painting_humanart_6000000000720.jpg,326,54
142,images/coco_540207_471019.jpg,424,67
143,images/danbooru_anime_11902742.jpg,380,62
144,images/painting_humanart_6000000002186.jpg,462,79
145,images/painting_humanart_2000000002877.jpg,655,101
146,images/coco_455956_crowd.jpg,438,71
147,images/real_human_humanart_17000000000729.jpg,741,121
148,images/painting_humanart_9000000001845.jpg,436,65
149,images/painting_humanart_6000000001270.jpg,450,67
150,images/danbooru_anime_11915036.jpg,556,96
151,images/real_human_humanart_15000000001218.jpg,478,78
152,images/painting_humanart_2000000002190.jpg,747,117
153,images/painting_humanart_9000000002623.jpg,292,49
154,images/coco_484450_crowd.jpg,410,68
155,images/real_human_humanart_15000000000338.jpg,659,108
156,images/danbooru_anime_11917511.jpg,635,95
157,images/danbooru_anime_11907503.jpg,250,40
158,images/danbooru_anime_11900075.jpg,301,46
159,images/painting_humanart_10000000000153.jpg,524,79
160,images/coco_106228_crowd.jpg,523,84
161,images/coco_85247_432307.jpg,286,50
162,images/real_human_humanart_17000000001301.jpg,546,84
163,images/real_human_humanart_17000000000807.jpg,607,96
164,images/sculpture_humanart_14000000001745.jpg,561,84
165,images/painting_humanart_9000000000232.jpg,329,51
166,images/painting_humanart_1000000006416.jpg,294,48
167,images/coco_495183_188987.jpg,303,48
168,images/coco_467107_crowd.jpg,397,71
169,images/real_human_humanart_15000000001191.jpg,506,84
170,images/real_human_humanart_15000000001952.jpg,867,133
171,images/danbooru_anime_11919249.jpg,531,88
172,images/real_human_humanart_15000000002267.jpg,727,110
173,images/painting_humanart_10000000000238.jpg,304,45
174,images/sculpture_humanart_14000000001792.jpg,543,80
175,images/danbooru_anime_11907352.jpg,418,64
176,images/danbooru_anime_11907362.jpg,469,75
177,images/painting_humanart_9000000000216.jpg,614,97
178,images/painting_humanart_1000000004232.jpg,377,63
179,images/real_human_humanart_15000000001788.jpg,439,66
180,images/sculpture_humanart_14000000004436.jpg,396,56
181,images/real_human_humanart_15000000000367.jpg,570,81
182,images/painting_humanart_9000000000110.jpg,471,72
183,images/danbooru_anime_11919434.jpg,728,117
184,images/coco_176288_497022.jpg,337,54
185,images/danbooru_anime_11920973.jpg,494,83
186,images/painting_humanart_6000000002156.jpg,657,106
187,images/coco_108056_491704.jpg,409,69
188,images/painting_humanart_6000000000323.jpg,315,52
189,images/sculpture_humanart_14000000001874.jpg,674,102
190,images/coco_233233_467899.jpg,353,57
191,images/real_human_humanart_15000000001102.jpg,668,104
192,images/painting_humanart_2000000000299.jpg,658,109
193,images/coco_450263_crowd.jpg,351,64
194,images/coco_84533_183545.jpg,356,60
195,images/coco_559062_451812.jpg,400,69
196,images/real_human_humanart_17000000001536.jpg,697,111
197,images/painting_humanart_2000000003327.jpg,484,72
198,images/coco_394050_crowd.jpg,440,70
199,images/painting_humanart_10000000000789.jpg,443,69
200,images/painting_humanart_6000000000004.jpg,489,85
201,images/painting_humanart_10000000001353.jpg,468,73
202,images/real_human_humanart_17000000001481.jpg,582,92
203,images/painting_humanart_2000000002242.jpg,556,82
204,images/painting_humanart_6000000001363.jpg,408,62
205,images/painting_humanart_2000000002933.jpg,554,89
206,images/painting_humanart_9000000000098.jpg,315,51
207,images/sculpture_humanart_14000000000280.jpg,635,105
208,images/coco_285583_crowd.jpg,436,74
209,images/painting_humanart_2000000000178.jpg,650,98
210,images/painting_humanart_2000000001312.jpg,718,111
211,images/coco_548878_540729.jpg,587,87
212,images/danbooru_anime_11920752.jpg,456,75
213,images/sculpture_humanart_14000000003783.jpg,543,80
214,images/coco_502644_484696.jpg,322,53
215,images/painting_humanart_10000000003252.jpg,624,93
216,images/danbooru_anime_11905455.jpg,724,118
217,images/real_human_humanart_17000000002480.jpg,634,90
218,images/painting_humanart_10000000002804.jpg,503,78
219,images/sculpture_humanart_14000000003853.jpg,556,87
220,images/sculpture_humanart_14000000001484.jpg,547,87
221,images/coco_200717_432734.jpg,536,89
222,images/danbooru_anime_11919562.jpg,403,66
223,images/painting_humanart_10000000002985.jpg,666,106
224,images/coco_357743_crowd.jpg,313,47
225,images/painting_humanart_9000000002223.jpg,464,69
226,images/coco_447613_446733.jpg,410,69
227,images/painting_humanart_6000000002993.jpg,367,68
228,images/coco_426542_crowd.jpg,444,73
229,images/coco_554669_crowd.jpg,492,77
230,images/coco_346175_435363.jpg,329,55
231,images/painting_humanart_2000000000327.jpg,568,83
232,images/real_human_humanart_17000000001991.jpg,752,113
233,images/painting_humanart_9000000000583.jpg,390,56
234,images/coco_483038_206763.jpg,427,69
235,images/real_human_humanart_15000000001143.jpg,578,95
236,images/danbooru_anime_11918881.jpg,346,55
237,images/painting_humanart_10000000000418.jpg,328,48
238,images/painting_humanart_9000000002613.jpg,374,57
239,images/painting_humanart_9000000001770.jpg,473,67
240,images/real_human_humanart_17000000001778.jpg,685,109
241,images/sculpture_humanart_14000000004250.jpg,763,110
242,images/coco_134618_474368.jpg,488,80
243,images/real_human_humanart_15000000000522.jpg,617,96
244,images/coco_538092_468944.jpg,389,66
245,images/painting_humanart_1000000002302.jpg,665,109
246,images/painting_humanart_2000000003283.jpg,340,54
247,images/painting_humanart_9000000001179.jpg,193,33
248,images/painting_humanart_6000000000417.jpg,613,105
249,images/danbooru_anime_11920505.jpg,686,110
250,images/painting_humanart_9000000002596.jpg,319,55
251,images/real_human_humanart_17000000001492.jpg,555,95
252,images/painting_humanart_1000000002708.jpg,563,84
253,images/sculpture_humanart_14000000004509.jpg,509,80
254,images/coco_31699_crowd.jpg,349,61
255,images/coco_545155_213988.jpg,428,66
256,images/danbooru_anime_11900261.jpg,334,54
257,images/coco_52314_crowd.jpg,383,60
258,images/coco_304186_crowd.jpg,279,42
259,images/painting_humanart_10000000003558.jpg,397,64
260,images/painting_humanart_9000000000486.jpg,537,84
261,images/painting_humanart_6000000003065.jpg,496,83
262,images/painting_humanart_10000000003000.jpg,488,80
263,images/coco_136501_431948.jpg,412,65
264,images/coco_343401_crowd.jpg,494,76
265,images/painting_humanart_2000000001960.jpg,544,89
266,images/danbooru_anime_11903805.jpg,347,55
267,images/sculpture_humanart_14000000000928.jpg,266,41
268,images/real_human_humanart_17000000002518.jpg,433,66
269,images/sculpture_humanart_14000000004382.jpg,317,47
270,images/painting_humanart_2000000002567.jpg,420,71
271,images/real_human_humanart_15000000001752.jpg,721,113
272,images/painting_humanart_2000000001386.jpg,451,68
273,images/painting_humanart_1000000006914.jpg,524,82
274,images/painting_humanart_1000000007309.jpg,306,52
275,images/painting_humanart_2000000001899.jpg,368,55
276,images/danbooru_anime_11916491.jpg,514,75
277,images/painting_humanart_10000000001597.jpg,503,74
278,images/danbooru_anime_11915730.jpg,460,71
279,images/coco_426815_187746.jpg,290,49
280,images/sculpture_humanart_14000000000489.jpg,599,103
281,images/sculpture_humanart_14000000000592.jpg,715,115
282,images/painting_humanart_9000000000802.jpg,337,53
283,images/coco_453481_crowd.jpg,587,103
284,images/painting_humanart_1000000002481.jpg,709,116
285,images/danbooru_anime_11917286.jpg,336,53
286,images/painting_humanart_6000000000344.jpg,459,79
287,images/painting_humanart_10000000003884.jpg,389,59
288,images/coco_33055_423747.jpg,377,59
289,images/painting_humanart_10000000000943.jpg,678,104
290,images/painting_humanart_9000000001271.jpg,339,51
291,images/painting_humanart_9000000002348.jpg,305,50
292,images/real_human_humanart_17000000000717.jpg,445,71
293,images/painting_humanart_9000000000816.jpg,529,86
294,images/painting_humanart_2000000000169.jpg,439,67
295,images/painting_humanart_9000000002373.jpg,722,118
296,images/coco_235340_432439.jpg,413,62
297,images/painting_humanart_9000000000309.jpg,362,57
298,images/sculpture_humanart_14000000000218.jpg,433,71
299,images/painting_humanart_10000000002049.jpg,478,76
300,images/coco_557923_crowd.jpg,318,50
301,images/painting_humanart_1000000002267.jpg,568,93
302,images/real_human_humanart_17000000001317.jpg,968,151
303,images/real_human_humanart_17000000000307.jpg,699,104
304,images/painting_humanart_2000000001178.jpg,532,87
305,images/danbooru_anime_11920779.jpg,353,54
306,images/real_human_humanart_15000000000283.jpg,685,108
307,images/danbooru_anime_11920429.jpg,275,46
308,images/danbooru_anime_11921214.jpg,463,65
309,images/coco_326702_crowd.jpg,498,79
310,images/painting_humanart_6000000003204.jpg,500,82
311,images/real_human_humanart_15000000001790.jpg,693,112
312,images/painting_humanart_10000000002021.jpg,270,43
313,images/danbooru_anime_11921239.jpg,493,80
314,images/coco_151159_crowd.jpg,432,74
315,images/real_human_humanart_15000000002354.jpg,907,150
316,images/real_human_humanart_17000000001192.jpg,560,86
317,images/sculpture_humanart_14000000001358.jpg,638,97
318,images/painting_humanart_2000000001950.jpg,482,81
319,images/sculpture_humanart_14000000003756.jpg,577,87
320,images/painting_humanart_10000000000333.jpg,575,92
321,images/coco_469232_449187.jpg,296,50
322,images/painting_humanart_2000000000048.jpg,370,61
323,images/coco_378667_438084.jpg,431,68
324,images/danbooru_anime_11901004.jpg,316,48
325,images/painting_humanart_2000000001490.jpg,589,92
326,images/coco_62858_442902.jpg,407,66
327,images/coco_280370_crowd.jpg,400,70
328,images/coco_99477_193436.jpg,618,106
329,images/coco_137992_474833.jpg,442,66
330,images/coco_169028_462839.jpg,289,51
331,images/painting_humanart_9000000001075.jpg,476,73
332,images/danbooru_anime_11921347.jpg,608,94
333,images/painting_humanart_6000000002486.jpg,536,88
334,images/danbooru_anime_11911792.jpg,725,115
335,images/real_human_humanart_15000000000292.jpg,564,86
336,images/sculpture_humanart_14000000001855.jpg,721,111
337,images/real_human_humanart_15000000000660.jpg,530,78
338,images/painting_humanart_9000000002221.jpg,415,64
339,images/coco_401411_445789.jpg,594,99
340,images/painting_humanart_2000000000414.jpg,602,90
341,images/painting_humanart_10000000000364.jpg,433,70
342,images/danbooru_anime_11909461.jpg,519,84
343,images/coco_410272_464465.jpg,432,66
344,images/real_human_humanart_17000000001478.jpg,563,96
345,images/coco_29656_crowd.jpg,551,89
346,images/painting_humanart_10000000000464.jpg,430,60
347,images/coco_21240_431968.jpg,351,57
348,images/sculpture_humanart_14000000004068.jpg,571,95
349,images/danbooru_anime_11910817.jpg,330,53
350,images/real_human_humanart_17000000002373.jpg,622,90
351,images/real_human_humanart_15000000001189.jpg,443,71
352,images/painting_humanart_1000000001588.jpg,484,68
353,images/sculpture_humanart_14000000001546.jpg,731,108
354,images/painting_humanart_10000000004017.jpg,419,68
355,images/sculpture_humanart_14000000001238.jpg,709,111
356,images/coco_75001_crowd.jpg,683,103
357,images/real_human_humanart_17000000002538.jpg,673,102
358,images/painting_humanart_10000000005786.jpg,449,68
359,images/real_human_humanart_17000000000242.jpg,638,95
360,images/painting_humanart_2000000003150.jpg,585,90
361,images/coco_206268_193101.jpg,318,53
362,images/real_human_humanart_17000000000842.jpg,609,99
363,images/sculpture_humanart_14000000000806.jpg,264,44
364,images/sculpture_humanart_14000000001493.jpg,606,89
365,images/painting_humanart_1000000000521.jpg,691,114
366,images/coco_237463_453678.jpg,569,96
367,images/sculpture_humanart_14000000004063.jpg,700,109
368,images/painting_humanart_2000000000717.jpg,358,58
369,images/painting_humanart_6000000002804.jpg,457,78
370,images/danbooru_anime_11918009.jpg,494,73
371,images/real_human_humanart_17000000001790.jpg,413,66
372,images/sculpture_humanart_14000000001889.jpg,552,77
373,images/painting_humanart_9000000000818.jpg,711,110
374,images/danbooru_anime_11905501.jpg,554,89
375,images/real_human_humanart_15000000000611.jpg,655,101
376,images/coco_460454_crowd.jpg,413,71
377,images/sculpture_humanart_14000000000192.jpg,640,94
378,images/painting_humanart_10000000001220.jpg,430,74
379,images/painting_humanart_9000000002643.jpg,461,76
380,images/painting_humanart_1000000001051.jpg,469,79
381,images/sculpture_humanart_14000000004180.jpg,741,108
382,images/real_human_humanart_17000000000478.jpg,719,115
383,images/painting_humanart_10000000000498.jpg,277,44
384,images/painting_humanart_10000000000964.jpg,424,70
385,images/sculpture_humanart_14000000001117.jpg,582,93
386,images/coco_157352_crowd.jpg,310,49
387,images/real_human_humanart_15000000001570.jpg,554,93
388,images/sculpture_humanart_14000000002051.jpg,231,32
389,images/painting_humanart_2000000001435.jpg,412,67
390,images/painting_humanart_2000000002838.jpg,457,75
391,images/danbooru_anime_11902538.jpg,363,59
392,images/painting_humanart_6000000002954.jpg,477,78
393,images/painting_humanart_6000000001747.jpg,447,79
394,images/painting_humanart_10000000006227.jpg,414,64
395,images/real_human_humanart_17000000001073.jpg,581,94
396,images/painting_humanart_10000000000640.jpg,434,72
397,images/painting_humanart_2000000002569.jpg,521,84
398,images/coco_163518_449479.jpg,557,84
399,images/real_human_humanart_17000000002530.jpg,679,114
400,images/sculpture_humanart_14000000004319.jpg,610,98
401,images/painting_humanart_1000000007522.jpg,435,71
402,images/real_human_humanart_15000000000554.jpg,599,93
403,images/painting_humanart_2000000001945.jpg,602,98
404,images/painting_humanart_9000000001301.jpg,329,52
405,images/coco_148526_crowd.jpg,621,99
406,images/painting_humanart_9000000000912.jpg,377,56
407,images/coco_16817_474744.jpg,546,83
408,images/real_human_humanart_17000000001523.jpg,611,93
409,images/coco_498350_196999.jpg,308,52
410,images/real_human_humanart_15000000001999.jpg,508,75
411,images/painting_humanart_9000000000340.jpg,360,62
412,images/danbooru_anime_11917877.jpg,335,49
413,images/painting_humanart_10000000004992.jpg,390,61
414,images/painting_humanart_10000000000354.jpg,431,64
415,images/coco_280073_196566.jpg,369,65
416,images/painting_humanart_9000000002511.jpg,305,50
417,images/painting_humanart_10000000003991.jpg,537,83
418,images/danbooru_anime_11919819.jpg,627,101
419,images/sculpture_humanart_14000000004455.jpg,647,101
420,images/painting_humanart_9000000001414.jpg,388,59
421,images/painting_humanart_2000000001823.jpg,564,87
422,images/sculpture_humanart_14000000001552.jpg,605,92
423,images/painting_humanart_2000000001218.jpg,533,84
424,images/danbooru_anime_11920664.jpg,501,82
425,images/sculpture_humanart_14000000001505.jpg,695,104
426,images/painting_humanart_10000000005698.jpg,528,86
427,images/painting_humanart_10000000002134.jpg,628,98
428,images/danbooru_anime_11907364.jpg,569,86
429,images/danbooru_anime_11917786.jpg,528,79
430,images/coco_568623_crowd.jpg,503,82
431,images/sculpture_humanart_14000000001480.jpg,670,101
432,images/real_human_humanart_15000000001774.jpg,534,86
433,images/painting_humanart_10000000002391.jpg,666,106
434,images/danbooru_anime_11919464.jpg,388,58
435,images/real_human_humanart_15000000000231.jpg,639,95
436,images/danbooru_anime_11919133.jpg,501,79
437,images/painting_humanart_6000000002110.jpg,392,58
438,images/painting_humanart_6000000000111.jpg,516,78
439,images/sculpture_humanart_14000000001290.jpg,450,76
440,images/sculpture_humanart_14000000004110.jpg,565,88
441,images/painting_humanart_6000000003188.jpg,784,130
442,images/painting_humanart_2000000003321.jpg,673,100
443,images/painting_humanart_10000000004027.jpg,335,55
444,images/painting_humanart_1000000000190.jpg,329,54
445,images/real_human_humanart_17000000000223.jpg,563,89
446,images/danbooru_anime_11917345.jpg,637,103
447,images/coco_138675_2153120.jpg,579,91
448,images/painting_humanart_9000000000541.jpg,376,55
449,images/real_human_humanart_17000000000186.jpg,514,83
450,images/sculpture_humanart_14000000000890.jpg,409,68
451,images/painting_humanart_2000000002995.jpg,539,83
452,images/painting_humanart_2000000001396.jpg,555,82
453,images/painting_humanart_2000000002829.jpg,539,86
454,images/painting_humanart_9000000001388.jpg,478,76
455,images/danbooru_anime_11905229.jpg,613,95
456,images/coco_440093_464410.jpg,539,86
457,images/painting_humanart_9000000001817.jpg,474,67
458,images/painting_humanart_2000000000738.jpg,778,120
459,images/sculpture_humanart_14000000004481.jpg,589,93
460,images/coco_199404_1727460.jpg,744,128
461,images/real_human_humanart_17000000000436.jpg,710,103
462,images/real_human_humanart_15000000001978.jpg,575,84
463,images/painting_humanart_10000000003951.jpg,329,50
464,images/real_human_humanart_17000000001428.jpg,755,118
465,images/coco_337453_440302.jpg,499,75
466,images/painting_humanart_9000000001365.jpg,534,87
467,images/real_human_humanart_17000000002388.jpg,495,75
468,images/sculpture_humanart_14000000003687.jpg,420,61
469,images/danbooru_anime_11917358.jpg,407,59
470,images/real_human_humanart_15000000001758.jpg,621,90
471,images/coco_44347_crowd.jpg,666,116
472,images/painting_humanart_1000000005893.jpg,536,88
473,images/painting_humanart_6000000001203.jpg,644,99
474,images/danbooru_anime_11921090.jpg,296,43
475,images/painting_humanart_6000000002084.jpg,588,92
476,images/painting_humanart_6000000003008.jpg,503,89
477,images/painting_humanart_2000000001656.jpg,612,91
478,images/painting_humanart_10000000000730.jpg,589,89
479,images/danbooru_anime_11920090.jpg,503,83
480,images/real_human_humanart_15000000002388.jpg,572,87
481,images/real_human_humanart_15000000002377.jpg,524,84
482,images/painting_humanart_1000000005790.jpg,657,114
483,images/real_human_humanart_17000000000003.jpg,662,104
484,images/painting_humanart_10000000003846.jpg,391,60
485,images/coco_240213_447605.jpg,446,70
486,images/danbooru_anime_11902944.jpg,718,101
487,images/coco_177938_crowd.jpg,321,52
488,images/painting_humanart_6000000002083.jpg,634,105
489,images/real_human_humanart_15000000000127.jpg,538,83
490,images/painting_humanart_2000000002816.jpg,732,106
491,images/painting_humanart_6000000000964.jpg,562,89
492,images/real_human_humanart_15000000001414.jpg,496,80
493,images/painting_humanart_10000000004523.jpg,362,57
494,images/sculpture_humanart_14000000001627.jpg,615,92
495,images/coco_87617_crowd.jpg,425,73
496,images/coco_46331_crowd.jpg,404,66
497,images/sculpture_humanart_14000000001341.jpg,695,108
498,images/coco_141651_crowd.jpg,299,54
499,images/painting_humanart_1000000000669.jpg,248,43
500,images/painting_humanart_1000000005661.jpg,459,72
501,images/coco_318543_435915.jpg,452,72
502,images/painting_humanart_2000000000710.jpg,617,93
503,images/coco_389738_crowd.jpg,565,94
504,images/real_human_humanart_17000000000431.jpg,546,80
505,images/coco_402328_crowd.jpg,762,127
506,images/coco_227221_crowd.jpg,584,96
507,images/painting_humanart_9000000002509.jpg,505,80
508,images/real_human_humanart_15000000001466.jpg,724,114
509,images/real_human_humanart_15000000001156.jpg,554,81
510,images/real_human_humanart_17000000000612.jpg,631,95
511,images/painting_humanart_9000000002508.jpg,256,38
512,images/coco_310035_422038.jpg,406,69
513,images/coco_96638_2026312.jpg,337,55
514,images/real_human_humanart_17000000001117.jpg,602,90
515,images/real_human_humanart_17000000000589.jpg,681,101
516,images/coco_560757_478519.jpg,224,34
517,images/painting_humanart_10000000003765.jpg,360,58
518,images/danbooru_anime_11920428.jpg,544,91
519,images/sculpture_humanart_14000000000724.jpg,607,96
520,images/sculpture_humanart_14000000000065.jpg,634,95
521,images/real_human_humanart_15000000001279.jpg,540,90
522,images/coco_303321_206687.jpg,353,62
523,images/real_human_humanart_15000000002259.jpg,794,130
524,images/real_human_humanart_17000000000235.jpg,346,48
525,images/sculpture_humanart_14000000004103.jpg,675,108
526,images/sculpture_humanart_14000000000424.jpg,544,85
527,images/coco_227882_crowd.jpg,420,68
528,images/painting_humanart_1000000003116.jpg,455,78
529,images/danbooru_anime_11900723.jpg,444,71
530,images/real_human_humanart_15000000001363.jpg,466,69
531,images/painting_humanart_1000000001896.jpg,546,88
532,images/sculpture_humanart_14000000000882.jpg,574,89
533,images/sculpture_humanart_14000000001136.jpg,409,67
534,images/coco_435136_438536.jpg,337,53
535,images/sculpture_humanart_14000000003930.jpg,597,97
536,images/danbooru_anime_11918989.jpg,520,92
537,images/danbooru_anime_11917710.jpg,865,142
538,images/painting_humanart_9000000000240.jpg,415,63
539,images/coco_221282_crowd.jpg,586,94
540,images/coco_105974_452683.jpg,289,47
541,images/painting_humanart_6000000001397.jpg,332,60
542,images/coco_190689_446643.jpg,323,53
543,images/real_human_humanart_17000000000618.jpg,683,105
544,images/coco_382801_437803.jpg,454,73
545,images/real_human_humanart_15000000000699.jpg,634,100
546,images/real_human_humanart_17000000000829.jpg,696,115
547,images/danbooru_anime_11921326.jpg,561,89
548,images/coco_387463_507831.jpg,472,77
549,images/painting_humanart_6000000002834.jpg,454,72
550,images/danbooru_anime_11921181.jpg,450,73
551,images/real_human_humanart_17000000000698.jpg,388,61
552,images/painting_humanart_6000000002193.jpg,744,116
553,images/painting_humanart_6000000003447.jpg,348,62
554,images/danbooru_anime_11919398.jpg,359,57
555,images/painting_humanart_6000000002124.jpg,505,81
556,images/real_human_humanart_17000000002473.jpg,734,115
557,images/painting_humanart_2000000002850.jpg,568,82
558,images/coco_54763_494740.jpg,466,73
559,images/danbooru_anime_11921405.jpg,384,66
560,images/danbooru_anime_11910352.jpg,294,46
561,images/real_human_humanart_17000000002272.jpg,640,101
562,images/real_human_humanart_15000000002174.jpg,813,126
563,images/coco_533452_186966.jpg,332,56
564,images/sculpture_humanart_14000000000050.jpg,695,108
565,images/painting_humanart_9000000000130.jpg,262,40
566,images/danbooru_anime_11905562.jpg,266,40
567,images/painting_humanart_2000000001585.jpg,708,105
568,images/painting_humanart_6000000002213.jpg,567,96
569,images/coco_167273_1718257.jpg,291,46
570,images/real_human_humanart_15000000000228.jpg,549,88
571,images/painting_humanart_9000000001453.jpg,623,99
572,images/coco_263136_206842.jpg,231,40
573,images/painting_humanart_1000000005581.jpg,300,48
574,images/painting_humanart_1000000000335.jpg,638,103
575,images/coco_413320_crowd.jpg,507,81
576,images/sculpture_humanart_14000000004173.jpg,554,85
577,images/painting_humanart_10000000000383.jpg,368,57
578,images/painting_humanart_1000000001903.jpg,500,78
579,images/coco_445567_2158025.jpg,283,47
580,images/painting_humanart_10000000002715.jpg,413,66
581,images/painting_humanart_10000000002335.jpg,533,80
582,images/real_human_humanart_17000000001360.jpg,545,84
583,images/real_human_humanart_17000000000171.jpg,776,115
584,images/painting_humanart_1000000008342.jpg,321,53
585,images/painting_humanart_10000000000041.jpg,353,60
586,images/coco_369393_crowd.jpg,344,55
587,images/sculpture_humanart_14000000004251.jpg,638,94
588,images/coco_461884_211668.jpg,293,51
589,images/painting_humanart_10000000003146.jpg,599,92
590,images/danbooru_anime_11920732.jpg,505,78
591,images/coco_322029_crowd.jpg,512,81
592,images/danbooru_anime_11919732.jpg,655,98
593,images/coco_325473_443012.jpg,451,71
594,images/painting_humanart_10000000000882.jpg,555,82
595,images/danbooru_anime_11908984.jpg,388,64
596,images/real_human_humanart_15000000001458.jpg,608,93
597,images/painting_humanart_10000000000084.jpg,488,71
598,images/real_human_humanart_15000000001769.jpg,660,100
599,images/painting_humanart_10000000002202.jpg,461,69
600,images/sculpture_humanart_14000000000871.jpg,454,75
601,images/painting_humanart_9000000001114.jpg,360,58
602,images/real_human_humanart_15000000001034.jpg,679,103
603,images/painting_humanart_2000000000569.jpg,592,101
604,images/coco_531815_445906.jpg,445,72
605,images/painting_humanart_1000000001875.jpg,566,82
606,images/coco_489023_crowd.jpg,648,112
607,images/painting_humanart_1000000001535.jpg,325,53
608,images/danbooru_anime_11921215.jpg,640,101
609,images/painting_humanart_2000000001526.jpg,558,84
610,images/coco_53788_443765.jpg,316,42
611,images/real_human_humanart_15000000000034.jpg,529,77
612,images/danbooru_anime_11919174.jpg,409,63
613,images/painting_humanart_2000000001940.jpg,553,84
614,images/painting_humanart_6000000003419.jpg,555,83
615,images/real_human_humanart_17000000002421.jpg,641,101
616,images/danbooru_anime_11917373.jpg,497,81
617,images/coco_575904_459537.jpg,576,96
618,images/danbooru_anime_11916816.jpg,519,84
619,images/painting_humanart_10000000002948.jpg,444,70
620,images/danbooru_anime_11919696.jpg,346,54
621,images/coco_397352_crowd.jpg,638,105
622,images/danbooru_anime_11911737.jpg,228,39
623,images/coco_350668_422161.jpg,332,53
624,images/coco_220531_460948.jpg,324,55
625,images/real_human_humanart_17000000001147.jpg,635,97
626,images/real_human_humanart_17000000001599.jpg,596,89
627,images/real_human_humanart_17000000002070.jpg,503,76
628,images/painting_humanart_9000000000537.jpg,486,73
629,images/danbooru_anime_11910423.jpg,416,66
630,images/painting_humanart_9000000000053.jpg,532,81
631,images/coco_420411_464987.jpg,335,56
632,images/painting_humanart_6000000002829.jpg,478,78
633,images/real_human_humanart_15000000000206.jpg,850,128
634,images/painting_humanart_10000000003881.jpg,253,40
635,images/danbooru_anime_11921183.jpg,614,93
636,images/danbooru_anime_11910358.jpg,378,58
637,images/painting_humanart_6000000002726.jpg,395,64
638,images/real_human_humanart_17000000001722.jpg,607,94
639,images/painting_humanart_2000000002116.jpg,446,71
640,images/coco_351140_1724933.jpg,377,63
641,images/danbooru_anime_11909537.jpg,433,69
642,images/sculpture_humanart_14000000001315.jpg,538,79
643,images/coco_409221_1745691.jpg,358,60
644,images/danbooru_anime_11909395.jpg,375,61
645,images/painting_humanart_9000000000472.jpg,514,76
646,images/painting_humanart_2000000002174.jpg,679,108
647,images/painting_humanart_10000000000996.jpg,395,64
648,images/sculpture_humanart_14000000000719.jpg,581,84
649,images/coco_187795_crowd.jpg,552,94
650,images/painting_humanart_6000000000183.jpg,508,88
651,images/sculpture_humanart_14000000000131.jpg,653,109
652,images/sculpture_humanart_14000000004434.jpg,509,72
653,images/painting_humanart_2000000002646.jpg,683,110
654,images/painting_humanart_1000000002866.jpg,288,47
655,images/sculpture_humanart_14000000001834.jpg,446,70
656,images/danbooru_anime_11901707.jpg,308,50
657,images/danbooru_anime_11912616.jpg,520,81
658,images/coco_166255_crowd.jpg,495,85
659,images/coco_287335_463039.jpg,487,80
660,images/real_human_humanart_15000000000566.jpg,498,79
661,images/painting_humanart_2000000001622.jpg,363,55
662,images/painting_humanart_1000000003290.jpg,292,47
663,images/danbooru_anime_11920073.jpg,498,85
664,images/painting_humanart_10000000000823.jpg,392,62
665,images/coco_369913_470250.jpg,700,112
666,images/real_human_humanart_15000000001944.jpg,629,99
667,images/danbooru_anime_11907220.jpg,432,67
668,images/coco_53677_crowd.jpg,296,47
669,images/painting_humanart_9000000002018.jpg,461,73
670,images/painting_humanart_2000000001876.jpg,486,76
671,images/real_human_humanart_17000000002103.jpg,652,104
672,images/sculpture_humanart_14000000000465.jpg,343,57
673,images/coco_140388_1711113.jpg,453,78
674,images/danbooru_anime_11911086.jpg,476,79
675,images/painting_humanart_1000000007426.jpg,499,74
676,images/real_human_humanart_15000000000731.jpg,861,131
677,images/coco_294307_1748947.jpg,315,53
678,images/sculpture_humanart_14000000001633.jpg,649,99
679,images/painting_humanart_10000000004051.jpg,486,82
680,images/painting_humanart_9000000001307.jpg,349,58
681,images/real_human_humanart_15000000000016.jpg,634,99
682,images/coco_405529_1729174.jpg,268,46
683,images/painting_humanart_9000000001909.jpg,715,120
684,images/coco_429726_crowd.jpg,474,78
685,images/real_human_humanart_15000000001497.jpg,556,89
686,images/danbooru_anime_11908785.jpg,378,60
687,images/coco_235864_crowd.jpg,363,61
688,images/painting_humanart_1000000002946.jpg,570,92
689,images/painting_humanart_1000000004353.jpg,394,65
690,images/danbooru_anime_11920743.jpg,580,99
691,images/painting_humanart_9000000000183.jpg,300,47
692,images/coco_233868_191816.jpg,469,74
693,images/painting_humanart_2000000002387.jpg,532,85
694,images/painting_humanart_10000000000992.jpg,452,71
695,images/danbooru_anime_11902409.jpg,570,88
696,images/coco_181677_crowd.jpg,463,77
697,images/coco_320461_422340.jpg,387,63
698,images/real_human_humanart_17000000002179.jpg,696,105
699,images/real_human_humanart_17000000000177.jpg,882,132
700,images/painting_humanart_2000000000270.jpg,623,95
701,images/coco_456465_441273.jpg,542,86
702,images/danbooru_anime_11921313.jpg,594,89
703,images/danbooru_anime_11903761.jpg,461,72
704,images/painting_humanart_2000000001867.jpg,591,96
705,images/painting_humanart_2000000000869.jpg,450,76
706,images/painting_humanart_6000000001128.jpg,326,53
707,images/painting_humanart_10000000000015.jpg,409,64
708,images/coco_243341_431916.jpg,240,41
709,images/sculpture_humanart_14000000000343.jpg,606,96
710,images/coco_574141_452336.jpg,432,70
711,images/painting_humanart_10000000006626.jpg,355,57
712,images/real_human_humanart_15000000000375.jpg,529,81
713,images/coco_162855_487908.jpg,452,73
714,images/sculpture_humanart_14000000000187.jpg,490,72
715,images/sculpture_humanart_14000000004525.jpg,582,89
716,images/painting_humanart_1000000006585.jpg,462,77
717,images/painting_humanart_10000000005934.jpg,393,62
718,images/painting_humanart_2000000000091.jpg,725,114
719,images/coco_183677_crowd.jpg,656,103
720,images/coco_418907_439756.jpg,369,63
721,images/painting_humanart_2000000000890.jpg,627,99
722,images/real_human_humanart_17000000001238.jpg,531,81
723,images/real_human_humanart_15000000000657.jpg,726,115
724,images/danbooru_anime_11916569.jpg,456,76
725,images/danbooru_anime_11920686.jpg,458,73
726,images/real_human_humanart_15000000000262.jpg,618,95
727,images/coco_414435_2156266.jpg,512,81
728,images/danbooru_anime_11919666.jpg,330,56
729,images/danbooru_anime_11917475.jpg,434,74
730,images/painting_humanart_9000000002083.jpg,378,63
731,images/danbooru_anime_11905366.jpg,411,70
732,images/painting_humanart_10000000000450.jpg,406,60
733,images/painting_humanart_6000000000271.jpg,364,58
734,images/sculpture_humanart_14000000003961.jpg,628,101
735,images/painting_humanart_9000000001748.jpg,525,85
736,images/danbooru_anime_11919884.jpg,948,146
737,images/sculpture_humanart_14000000001038.jpg,658,91
738,images/coco_279818_crowd.jpg,593,105
739,images/coco_573571_471644.jpg,301,47
740,images/danbooru_anime_11916976.jpg,604,93
741,images/coco_136770_crowd.jpg,621,104
742,images/coco_311902_1725059.jpg,340,52
743,images/painting_humanart_9000000000911.jpg,345,57
744,images/painting_humanart_2000000002092.jpg,632,107
745,images/painting_humanart_9000000002630.jpg,502,83
746,images/danbooru_anime_11917876.jpg,602,95
747,images/painting_humanart_10000000006144.jpg,350,56
748,images/coco_64611_475260.jpg,328,52
749,images/danbooru_anime_11903027.jpg,292,42
750,images/coco_308128_472901.jpg,241,43
751,images/danbooru_anime_11919559.jpg,413,65
752,images/real_human_humanart_15000000000975.jpg,610,100
753,images/painting_humanart_9000000001491.jpg,519,80
754,images/coco_51181_498495.jpg,252,45
755,images/real_human_humanart_15000000001430.jpg,678,101
756,images/coco_319073_482451.jpg,271,44
757,images/sculpture_humanart_14000000001377.jpg,556,88
758,images/real_human_humanart_17000000000392.jpg,692,103
759,images/painting_humanart_9000000001332.jpg,292,48
760,images/painting_humanart_1000000000586.jpg,482,76
761,images/sculpture_humanart_14000000000974.jpg,540,86
762,images/coco_223256_crowd.jpg,424,74
763,images/painting_humanart_6000000000649.jpg,521,84
764,images/coco_167074_468753.jpg,309,56
765,images/coco_245182_crowd.jpg,350,54
766,images/danbooru_anime_11917401.jpg,386,61
767,images/sculpture_humanart_14000000003795.jpg,361,54
768,images/painting_humanart_1000000001560.jpg,359,58
769,images/painting_humanart_1000000004978.jpg,321,50
770,images/real_human_humanart_17000000001500.jpg,839,123
771,images/real_human_humanart_17000000001684.jpg,693,106
772,images/danbooru_anime_11919899.jpg,489,79
773,images/sculpture_humanart_14000000003668.jpg,761,108
774,images/painting_humanart_2000000001919.jpg,630,88
775,images/painting_humanart_6000000002036.jpg,353,57
776,images/real_human_humanart_17000000000126.jpg,735,115
777,images/coco_475407_212821.jpg,638,103
778,images/coco_204525_466308.jpg,416,65
779,images/real_human_humanart_17000000000980.jpg,766,122
780,images/painting_humanart_6000000003533.jpg,477,83
781,images/real_human_humanart_15000000001445.jpg,604,98
782,images/danbooru_anime_11916306.jpg,458,77
783,images/painting_humanart_6000000002000.jpg,530,86
784,images/danbooru_anime_11909283.jpg,430,70
785,images/coco_10393_207348.jpg,628,99
786,images/painting_humanart_1000000004658.jpg,457,72
787,images/painting_humanart_9000000000186.jpg,476,73
788,images/coco_23741_189748.jpg,577,92
789,images/painting_humanart_1000000000160.jpg,532,88
790,images/painting_humanart_2000000000888.jpg,572,88
791,images/painting_humanart_9000000002057.jpg,635,108
792,images/danbooru_anime_11919920.jpg,554,85
793,images/painting_humanart_10000000000112.jpg,288,43
794,images/painting_humanart_2000000002496.jpg,555,92
795,images/painting_humanart_6000000001266.jpg,297,54
796,images/sculpture_humanart_14000000000766.jpg,784,120
797,images/painting_humanart_1000000001226.jpg,629,102
798,images/painting_humanart_2000000000793.jpg,371,56
799,images/coco_53344_183541.jpg,345,53
800,images/painting_humanart_1000000001138.jpg,294,50
801,images/sculpture_humanart_14000000001528.jpg,362,54
802,images/real_human_humanart_15000000000814.jpg,589,91
803,images/painting_humanart_10000000000889.jpg,564,92
804,images/coco_530033_444694.jpg,391,61
805,images/coco_153631_crowd.jpg,429,74
806,images/danbooru_anime_11919204.jpg,597,90
807,images/painting_humanart_6000000000514.jpg,397,64
808,images/coco_429633_183516.jpg,618,98
809,images/painting_humanart_1000000007836.jpg,533,86
810,images/danbooru_anime_11916921.jpg,581,85
811,images/painting_humanart_2000000001639.jpg,601,97
812,images/coco_256769_crowd.jpg,487,77
813,images/real_human_humanart_17000000000139.jpg,351,61
814,images/danbooru_anime_11914635.jpg,517,82
815,images/painting_humanart_1000000001701.jpg,766,114
816,images/painting_humanart_9000000000311.jpg,514,79
817,images/painting_humanart_2000000001566.jpg,603,92
818,images/painting_humanart_1000000005711.jpg,459,73
819,images/danbooru_anime_11910195.jpg,416,62
820,images/real_human_humanart_17000000002049.jpg,706,108
821,images/real_human_humanart_15000000000454.jpg,447,69
822,images/coco_32300_crowd.jpg,474,76
823,images/coco_361860_477833.jpg,684,110
824,images/painting_humanart_10000000000973.jpg,578,87
825,images/painting_humanart_10000000000856.jpg,327,52
826,images/danbooru_anime_11920464.jpg,452,76
827,images/painting_humanart_1000000006858.jpg,512,79
828,images/painting_humanart_9000000000349.jpg,579,86
829,images/painting_humanart_9000000001680.jpg,382,56
830,images/painting_humanart_1000000007294.jpg,409,74
831,images/painting_humanart_2000000001304.jpg,485,77
832,images/danbooru_anime_11910351.jpg,312,53
833,images/painting_humanart_1000000000653.jpg,580,98
834,images/painting_humanart_9000000002458.jpg,624,88
835,images/real_human_humanart_15000000001003.jpg,348,54
836,images/real_human_humanart_17000000000600.jpg,513,82
837,images/real_human_humanart_17000000000456.jpg,667,101
838,images/painting_humanart_2000000002101.jpg,637,98
839,images/sculpture_humanart_14000000000005.jpg,577,84
840,images/real_human_humanart_15000000000979.jpg,684,106
841,images/painting_humanart_9000000001712.jpg,212,32
842,images/coco_470513_2163164.jpg,354,55
843,images/coco_532209_2156637.jpg,292,47
844,images/painting_humanart_1000000000872.jpg,390,61
845,images/real_human_humanart_15000000001259.jpg,918,145
846,images/coco_534210_423402.jpg,264,44
847,images/coco_491017_431698.jpg,334,56
848,images/danbooru_anime_11915348.jpg,461,71
849,images/painting_humanart_10000000000494.jpg,449,68
850,images/sculpture_humanart_14000000001426.jpg,637,106
851,images/real_human_humanart_17000000000185.jpg,771,117
852,images/real_human_humanart_17000000001775.jpg,403,62
853,images/real_human_humanart_17000000001160.jpg,670,115
854,images/coco_346154_215325.jpg,381,67
855,images/real_human_humanart_17000000000803.jpg,667,101
856,images/coco_45920_524479.jpg,287,46
857,images/painting_humanart_2000000000549.jpg,525,80
858,images/coco_540469_1735917.jpg,244,38
859,images/real_human_humanart_15000000000918.jpg,266,41
860,images/coco_99518_crowd.jpg,244,40
861,images/danbooru_anime_11906007.jpg,469,70
862,images/coco_298629_crowd.jpg,485,78
863,images/painting_humanart_6000000002511.jpg,491,83
864,images/danbooru_anime_11908760.jpg,500,81
865,images/painting_humanart_6000000001870.jpg,523,84
866,images/painting_humanart_10000000002031.jpg,605,96
867,images/coco_241318_crowd.jpg,204,35
868,images/painting_humanart_10000000003668.jpg,455,67
869,images/painting_humanart_1000000002615.jpg,412,67
870,images/painting_humanart_9000000001849.jpg,610,101
871,images/sculpture_humanart_14000000003752.jpg,626,97
872,images/real_human_humanart_15000000001874.jpg,690,101
873,images/coco_12754_crowd.jpg,495,87
874,images/painting_humanart_10000000005065.jpg,239,37
875,images/painting_humanart_6000000000255.jpg,595,90
876,images/painting_humanart_9000000001250.jpg,275,43
877,images/painting_humanart_2000000001889.jpg,460,69
878,images/painting_humanart_2000000001649.jpg,474,79
879,images/painting_humanart_2000000002473.jpg,703,108
880,images/real_human_humanart_15000000000784.jpg,863,133
881,images/danbooru_anime_11919268.jpg,316,52
882,images/coco_120340_crowd.jpg,414,72
883,images/real_human_humanart_17000000000610.jpg,464,74
884,images/painting_humanart_1000000000295.jpg,367,56
885,images/painting_humanart_2000000000999.jpg,650,106
886,images/painting_humanart_10000000001137.jpg,385,60
887,images/danbooru_anime_11920155.jpg,499,82
888,images/painting_humanart_10000000000424.jpg,368,56
889,images/real_human_humanart_15000000000987.jpg,254,38
890,images/coco_469235_462773.jpg,455,73
891,images/painting_humanart_9000000001261.jpg,423,63
892,images/real_human_humanart_17000000002377.jpg,557,88
893,images/painting_humanart_1000000007816.jpg,540,87
894,images/painting_humanart_10000000006405.jpg,299,45
895,images/coco_94319_188109.jpg,415,62
896,images/coco_392382_crowd.jpg,381,61
897,images/sculpture_humanart_14000000000964.jpg,641,103
898,images/painting_humanart_1000000000925.jpg,277,47
899,images/danbooru_anime_11903190.jpg,430,61
900,images/coco_248761_186396.jpg,544,82
901,images/real_human_humanart_17000000001688.jpg,600,91
902,images/painting_humanart_9000000002110.jpg,595,95
903,images/coco_119939_crowd.jpg,336,58
904,images/painting_humanart_9000000002686.jpg,383,60
905,images/coco_162774_437478.jpg,278,45
906,images/sculpture_humanart_14000000004298.jpg,319,47
907,images/real_human_humanart_15000000002231.jpg,798,126
908,images/danbooru_anime_11916615.jpg,413,68
909,images/painting_humanart_1000000003318.jpg,336,53
910,images/real_human_humanart_15000000000829.jpg,678,106
911,images/painting_humanart_10000000002653.jpg,462,70
912,images/danbooru_anime_11901468.jpg,467,72
913,images/danbooru_anime_11906682.jpg,405,63
914,images/coco_218183_196536.jpg,364,61
915,images/sculpture_humanart_14000000004384.jpg,321,50
916,images/coco_454143_436275.jpg,474,76
917,images/real_human_humanart_15000000000600.jpg,678,104
918,images/sculpture_humanart_14000000002104.jpg,549,81
919,images/painting_humanart_6000000001594.jpg,416,70
920,images/painting_humanart_6000000003600.jpg,426,71
921,images/sculpture_humanart_14000000004264.jpg,529,76
922,images/painting_humanart_2000000000430.jpg,618,106
923,images/painting_humanart_9000000000978.jpg,447,71
924,images/sculpture_humanart_14000000002113.jpg,574,86
925,images/coco_196458_428842.jpg,252,43
926,images/sculpture_humanart_14000000000244.jpg,724,122
927,images/danbooru_anime_11918560.jpg,320,53
928,images/real_human_humanart_15000000001246.jpg,590,104
929,images/real_human_humanart_17000000001486.jpg,554,82
930,images/real_human_humanart_15000000002149.jpg,839,129
931,images/coco_80260_crowd.jpg,581,91
932,images/painting_humanart_9000000002676.jpg,408,67
933,images/painting_humanart_6000000003379.jpg,416,67
934,images/painting_humanart_6000000001000.jpg,395,63
935,images/painting_humanart_10000000004268.jpg,496,86
936,images/sculpture_humanart_14000000000079.jpg,390,61
937,images/painting_humanart_6000000002609.jpg,628,101
938,images/real_human_humanart_15000000000358.jpg,562,89
939,images/painting_humanart_9000000000463.jpg,618,102
940,images/real_human_humanart_17000000001138.jpg,665,103
941,images/painting_humanart_1000000003972.jpg,496,76
942,images/painting_humanart_9000000000801.jpg,376,59
943,images/painting_humanart_9000000001121.jpg,437,67
944,images/coco_424933_crowd.jpg,247,39
945,images/real_human_humanart_15000000001683.jpg,341,54
946,images/painting_humanart_6000000001702.jpg,552,87
947,images/painting_humanart_9000000002052.jpg,558,86
948,images/real_human_humanart_15000000000166.jpg,646,96
949,images/real_human_humanart_15000000001585.jpg,530,80
950,images/painting_humanart_1000000003870.jpg,302,52
951,images/real_human_humanart_15000000002290.jpg,664,103
952,images/painting_humanart_2000000001127.jpg,558,91
953,images/real_human_humanart_17000000000209.jpg,841,128
954,images/painting_humanart_10000000000985.jpg,479,73
955,images/coco_423001_2198419.jpg,426,71
956,images/sculpture_humanart_14000000003963.jpg,576,94
957,images/real_human_humanart_15000000001820.jpg,771,112
958,images/painting_humanart_10000000001325.jpg,330,46
959,images/sculpture_humanart_14000000004016.jpg,578,85
960,images/painting_humanart_1000000006576.jpg,460,70
961,images/painting_humanart_2000000001325.jpg,473,75
962,images/danbooru_anime_11919443.jpg,428,74
963,images/painting_humanart_2000000002825.jpg,658,105
964,images/painting_humanart_10000000000506.jpg,420,65
965,images/real_human_humanart_15000000001236.jpg,484,74
966,images/painting_humanart_1000000000425.jpg,500,81
967,images/real_human_humanart_17000000002398.jpg,634,95
968,images/sculpture_humanart_14000000004065.jpg,625,103
969,images/painting_humanart_2000000003124.jpg,548,83
970,images/danbooru_anime_11921054.jpg,469,78
971,images/painting_humanart_10000000006456.jpg,572,90
972,images/painting_humanart_9000000000903.jpg,382,60
973,images/danbooru_anime_11901287.jpg,439,68
974,images/real_human_humanart_15000000001817.jpg,705,117
975,images/real_human_humanart_15000000001671.jpg,673,103
976,images/danbooru_anime_11911024.jpg,468,77
977,images/painting_humanart_1000000005092.jpg,617,98
978,images/painting_humanart_1000000008241.jpg,416,69
979,images/coco_160190_183953.jpg,363,56
980,images/painting_humanart_2000000000318.jpg,571,85
981,images/real_human_humanart_17000000001148.jpg,617,97
982,images/real_human_humanart_15000000000561.jpg,592,93
983,images/painting_humanart_10000000001195.jpg,398,70
984,images/real_human_humanart_17000000000584.jpg,548,79
985,images/real_human_humanart_17000000000426.jpg,798,122
986,images/coco_236023_crowd.jpg,285,47
987,images/coco_215482_crowd.jpg,439,71
988,images/coco_276215_crowd.jpg,570,87
989,images/danbooru_anime_11915273.jpg,429,70
990,images/painting_humanart_2000000002075.jpg,591,91
991,images/painting_humanart_2000000003195.jpg,420,66
992,images/painting_humanart_2000000002213.jpg,293,48
993,images/painting_humanart_2000000000844.jpg,643,107
994,images/painting_humanart_1000000001375.jpg,238,42
995,images/painting_humanart_9000000001614.jpg,753,129
996,images/painting_humanart_2000000001012.jpg,686,106
997,images/real_human_humanart_17000000001322.jpg,782,119
998,images/painting_humanart_10000000002310.jpg,460,69
999,images/danbooru_anime_11903222.jpg,545,86
1000,images/painting_humanart_2000000002577.jpg,518,80
1001,images/danbooru_anime_11902778.jpg,444,73
1002,images/danbooru_anime_11917691.jpg,832,127
1003,images/painting_humanart_9000000000795.jpg,510,79
1004,images/coco_416523_207386.jpg,591,93
1005,images/painting_humanart_2000000002918.jpg,604,95
1006,images/painting_humanart_2000000000965.jpg,479,75
1007,images/real_human_humanart_15000000001444.jpg,387,62
1008,images/sculpture_humanart_14000000002023.jpg,582,89
1009,images/painting_humanart_6000000000697.jpg,516,86
1010,images/painting_humanart_9000000000509.jpg,431,67
1011,images/painting_humanart_10000000004861.jpg,475,71
1012,images/coco_29833_1207723.jpg,431,69
1013,images/painting_humanart_2000000000158.jpg,616,92
1014,images/coco_305376_443016.jpg,431,72
1015,images/painting_humanart_9000000002007.jpg,364,59
1016,images/painting_humanart_10000000000599.jpg,588,87
1017,images/painting_humanart_10000000000625.jpg,373,53
1018,images/sculpture_humanart_14000000004194.jpg,701,106
1019,images/painting_humanart_10000000004675.jpg,285,44
1020,images/sculpture_humanart_14000000004136.jpg,519,80
1021,images/coco_46269_460310.jpg,557,93
1022,images/real_human_humanart_15000000000143.jpg,599,104
1023,images/danbooru_anime_11917405.jpg,448,80
1024,images/real_human_humanart_15000000000606.jpg,456,73
1025,images/danbooru_anime_11915604.jpg,322,54
1026,images/sculpture_humanart_14000000004015.jpg,769,119
1027,images/painting_humanart_10000000001391.jpg,316,47
1028,images/painting_humanart_6000000000171.jpg,553,96
1029,images/real_human_humanart_17000000000804.jpg,769,117
1030,images/painting_humanart_9000000001928.jpg,478,73
1031,images/painting_humanart_10000000000079.jpg,407,69
1032,images/painting_humanart_9000000001341.jpg,387,66
1033,images/real_human_humanart_17000000002449.jpg,540,85
1034,images/painting_humanart_9000000002738.jpg,349,61
1035,images/coco_349590_crowd.jpg,446,73
1036,images/coco_271759_423568.jpg,422,73
1037,images/coco_219525_217708.jpg,489,80
1038,images/painting_humanart_1000000001620.jpg,543,87
1039,images/real_human_humanart_15000000000643.jpg,657,94
1040,images/painting_humanart_2000000003180.jpg,299,41
1041,images/painting_humanart_9000000001482.jpg,537,86
1042,images/real_human_humanart_17000000002458.jpg,270,43
1043,images/danbooru_anime_11903498.jpg,364,57
1044,images/coco_411484_494253.jpg,549,90
1045,images/painting_humanart_9000000001810.jpg,245,41
1046,images/coco_27519_crowd.jpg,576,80
1047,images/painting_humanart_2000000001931.jpg,688,104
1048,images/painting_humanart_2000000003277.jpg,641,98
1049,images/painting_humanart_10000000004926.jpg,293,47
1050,images/painting_humanart_1000000000717.jpg,569,90
1051,images/painting_humanart_6000000002521.jpg,494,74
1052,images/coco_243212_184286.jpg,328,55
1053,images/real_human_humanart_15000000000527.jpg,747,117
1054,images/painting_humanart_2000000001397.jpg,298,47
1055,images/painting_humanart_10000000000668.jpg,224,39
1056,images/danbooru_anime_11919641.jpg,609,101
1057,images/painting_humanart_6000000000680.jpg,322,54
1058,images/real_human_humanart_17000000002210.jpg,598,82
1059,images/coco_196212_442485.jpg,323,50
1060,images/danbooru_anime_11910848.jpg,414,66
1061,images/danbooru_anime_11920637.jpg,718,110
1062,images/sculpture_humanart_14000000001617.jpg,411,63
1063,images/sculpture_humanart_14000000002082.jpg,668,104
1064,images/danbooru_anime_11901586.jpg,325,49
1065,images/coco_381925_438518.jpg,279,49
1066,images/painting_humanart_9000000000936.jpg,418,68
1067,images/sculpture_humanart_14000000004548.jpg,563,87
1068,images/painting_humanart_6000000000736.jpg,444,73
1069,images/real_human_humanart_17000000002358.jpg,482,73
1070,images/coco_455528_crowd.jpg,656,99
1071,images/painting_humanart_2000000000652.jpg,475,69
1072,images/painting_humanart_6000000003495.jpg,635,101
1073,images/danbooru_anime_11917339.jpg,488,75
1074,images/real_human_humanart_15000000002367.jpg,422,61
1075,images/painting_humanart_2000000001598.jpg,816,130
1076,images/coco_38726_461126.jpg,332,57
1077,images/painting_humanart_6000000001028.jpg,572,97
1078,images/painting_humanart_6000000000613.jpg,544,91
1079,images/painting_humanart_2000000000491.jpg,452,72
1080,images/danbooru_anime_11912898.jpg,559,90
1081,images/real_human_humanart_17000000002364.jpg,637,94
1082,images/real_human_humanart_17000000001351.jpg,704,113
1083,images/danbooru_anime_11917186.jpg,505,78
1084,images/painting_humanart_6000000001279.jpg,359,58
1085,images/coco_416059_crowd.jpg,387,64
1086,images/sculpture_humanart_14000000000073.jpg,416,65
1087,images/coco_344005_crowd.jpg,365,65
1088,images/painting_humanart_6000000000709.jpg,487,77
1089,images/real_human_humanart_17000000001976.jpg,552,82
1090,images/real_human_humanart_17000000002032.jpg,535,86
1091,images/sculpture_humanart_14000000001482.jpg,672,106
1092,images/painting_humanart_10000000004158.jpg,327,48
1093,images/real_human_humanart_17000000000400.jpg,731,114
1094,images/sculpture_humanart_14000000000814.jpg,650,101
1095,images/real_human_humanart_17000000000116.jpg,932,137
1096,images/real_human_humanart_15000000002380.jpg,737,114
1097,images/real_human_humanart_15000000002134.jpg,900,141
1098,images/coco_449102_530481.jpg,510,80
1099,images/painting_humanart_9000000000445.jpg,686,109
1100,images/coco_283186_521503.jpg,477,71
1101,images/painting_humanart_9000000000673.jpg,384,58
1102,images/painting_humanart_10000000001738.jpg,500,79
1103,images/painting_humanart_2000000001290.jpg,745,117
1104,images/coco_37209_crowd.jpg,256,41
1105,images/painting_humanart_10000000004788.jpg,571,96
1106,images/painting_humanart_2000000002931.jpg,571,91
1107,images/coco_483897_200466.jpg,391,66
1108,images/danbooru_anime_11915536.jpg,587,97
1109,images/danbooru_anime_11905410.jpg,501,84
1110,images/sculpture_humanart_14000000001573.jpg,660,105
1111,images/real_human_humanart_15000000002176.jpg,580,95
1112,images/real_human_humanart_17000000000397.jpg,681,106
1113,images/painting_humanart_2000000000118.jpg,504,74
1114,images/coco_425369_432759.jpg,334,59
1115,images/real_human_humanart_17000000000921.jpg,334,49
1116,images/coco_300214_492777.jpg,288,50
1117,images/coco_242510_crowd.jpg,400,72
1118,images/real_human_humanart_15000000000652.jpg,639,99
1119,images/coco_328397_427964.jpg,452,74
1120,images/coco_478723_2164196.jpg,517,76
1121,images/painting_humanart_9000000001546.jpg,439,74
1122,images/real_human_humanart_15000000001801.jpg,668,102
1123,images/coco_10779_199503.jpg,347,60
1124,images/coco_154861_439889.jpg,314,54
1125,images/coco_363048_crowd.jpg,443,75
1126,images/coco_363403_455150.jpg,579,97
1127,images/painting_humanart_1000000001660.jpg,451,68
1128,images/painting_humanart_6000000003203.jpg,327,51
1129,images/sculpture_humanart_14000000001369.jpg,647,94
1130,images/painting_humanart_10000000000544.jpg,334,48
1131,images/danbooru_anime_11911965.jpg,565,92
1132,images/painting_humanart_2000000000711.jpg,644,93
1133,images/painting_humanart_9000000002114.jpg,416,66
1134,images/sculpture_humanart_14000000000058.jpg,514,82
1135,images/real_human_humanart_17000000002498.jpg,713,112
1136,images/sculpture_humanart_14000000001567.jpg,377,56
1137,images/painting_humanart_9000000001226.jpg,353,54
1138,images/painting_humanart_1000000000528.jpg,406,68
1139,images/painting_humanart_9000000000933.jpg,563,85
1140,images/coco_190907_crowd.jpg,637,105
1141,images/coco_310442_210196.jpg,381,60
1142,images/coco_505242_1255085.jpg,406,65
1143,images/painting_humanart_1000000004064.jpg,324,56
1144,images/coco_556341_424788.jpg,395,68
1145,images/painting_humanart_9000000002629.jpg,446,70
1146,images/painting_humanart_10000000000930.jpg,290,38
1147,images/sculpture_humanart_14000000003906.jpg,647,99
1148,images/real_human_humanart_15000000001628.jpg,720,111
1149,images/painting_humanart_6000000001097.jpg,505,84
1150,images/real_human_humanart_15000000002468.jpg,602,90
1151,images/danbooru_anime_11921300.jpg,611,95
1152,images/danbooru_anime_11921420.jpg,348,55
1153,images/sculpture_humanart_14000000000892.jpg,741,121
1154,images/painting_humanart_6000000000931.jpg,483,75
1155,images/real_human_humanart_17000000001601.jpg,654,104
1156,images/coco_522163_437150.jpg,609,98
1157,images/painting_humanart_6000000002888.jpg,541,89
1158,images/real_human_humanart_17000000002537.jpg,549,85
1159,images/coco_485758_crowd.jpg,483,84
1160,images/painting_humanart_9000000001357.jpg,589,92
1161,images/painting_humanart_10000000000196.jpg,357,56
1162,images/real_human_humanart_17000000000087.jpg,597,89
1163,images/coco_428985_crowd.jpg,308,48
1164,images/sculpture_humanart_14000000002124.jpg,726,114
1165,images/danbooru_anime_11906418.jpg,240,40
1166,images/real_human_humanart_15000000000286.jpg,637,97
1167,images/painting_humanart_2000000000268.jpg,517,84
1168,images/real_human_humanart_17000000000439.jpg,480,73
1169,images/painting_humanart_2000000002428.jpg,741,114
1170,images/real_human_humanart_15000000000021.jpg,598,92
1171,images/coco_237075_crowd.jpg,334,52
1172,images/painting_humanart_10000000003855.jpg,497,75
1173,images/sculpture_humanart_14000000003759.jpg,600,93
1174,images/painting_humanart_9000000001881.jpg,513,78
1175,images/coco_167270_422120.jpg,180,32
1176,images/real_human_humanart_15000000001184.jpg,538,81
1177,images/painting_humanart_9000000001035.jpg,255,40
1178,images/painting_humanart_10000000006505.jpg,355,53
1179,images/coco_360716_479465.jpg,265,44
1180,images/painting_humanart_9000000002405.jpg,251,37
1181,images/sculpture_humanart_14000000003771.jpg,686,98
1182,images/painting_humanart_2000000000698.jpg,679,112
1183,images/real_human_humanart_17000000002124.jpg,397,63
1184,images/real_human_humanart_17000000001436.jpg,563,86
1185,images/danbooru_anime_11917516.jpg,361,52
1186,images/danbooru_anime_11909296.jpg,596,86
1187,images/painting_humanart_6000000002438.jpg,559,93
1188,images/sculpture_humanart_14000000001332.jpg,632,100
1189,images/real_human_humanart_17000000001906.jpg,661,102
1190,images/coco_250258_crowd.jpg,470,75
1191,images/danbooru_anime_11920774.jpg,267,43
1192,images/danbooru_anime_11907438.jpg,307,48
1193,images/danbooru_anime_11920790.jpg,472,74
1194,images/real_human_humanart_17000000002409.jpg,689,107
1195,images/danbooru_anime_11917740.jpg,425,67
1196,images/painting_humanart_6000000000538.jpg,512,78
1197,images/coco_435387_crowd.jpg,373,63
1198,images/painting_humanart_2000000001338.jpg,786,115
1199,images/real_human_humanart_17000000001156.jpg,542,86
1200,images/sculpture_humanart_14000000001376.jpg,666,98
1201,images/sculpture_humanart_14000000001574.jpg,351,49
1202,images/painting_humanart_6000000000231.jpg,456,74
1203,images/painting_humanart_1000000003726.jpg,440,73
1204,images/painting_humanart_6000000000603.jpg,345,59
1205,images/coco_424819_455288.jpg,355,55
1206,images/danbooru_anime_11908018.jpg,508,78
1207,images/painting_humanart_9000000000750.jpg,371,53
1208,images/danbooru_anime_11916504.jpg,330,53
1209,images/painting_humanart_10000000000907.jpg,457,74
1210,images/coco_255662_193405.jpg,410,72
1211,images/real_human_humanart_17000000001040.jpg,658,103
1212,images/real_human_humanart_15000000002446.jpg,788,123
1213,images/real_human_humanart_15000000000129.jpg,659,99
1214,images/painting_humanart_2000000002294.jpg,698,110
1215,images/real_human_humanart_15000000002260.jpg,466,70
1216,images/painting_humanart_10000000002622.jpg,517,83
1217,images/painting_humanart_1000000000857.jpg,428,64
1218,images/real_human_humanart_17000000001460.jpg,575,92
1219,images/real_human_humanart_17000000002145.jpg,632,98
1220,images/painting_humanart_1000000003417.jpg,452,73
1221,images/coco_116574_2207739.jpg,273,43
1222,images/painting_humanart_6000000002770.jpg,328,57
1223,images/painting_humanart_2000000001140.jpg,574,89
1224,images/real_human_humanart_17000000000527.jpg,776,119
1225,images/real_human_humanart_17000000000272.jpg,760,116
1226,images/coco_33044_517534.jpg,640,104
1227,images/danbooru_anime_11920172.jpg,494,78
1228,images/danbooru_anime_11909842.jpg,365,58
1229,images/real_human_humanart_15000000002390.jpg,571,91
1230,images/coco_331844_430860.jpg,497,76
1231,images/sculpture_humanart_14000000000051.jpg,699,111
1232,images/painting_humanart_9000000000263.jpg,435,68
1233,images/painting_humanart_6000000002854.jpg,438,66
1234,images/painting_humanart_2000000002071.jpg,670,102
1235,images/painting_humanart_9000000001391.jpg,613,94
1236,images/real_human_humanart_15000000002201.jpg,754,119
1237,images/coco_363640_2155553.jpg,246,39
1238,images/coco_88168_187608.jpg,431,68
1239,images/painting_humanart_2000000001994.jpg,500,76
1240,images/sculpture_humanart_14000000002008.jpg,610,89
1241,images/sculpture_humanart_14000000000905.jpg,399,62
1242,images/danbooru_anime_11918567.jpg,514,83
1243,images/danbooru_anime_11910590.jpg,450,69
1244,images/painting_humanart_6000000000095.jpg,433,70
1245,images/danbooru_anime_11904487.jpg,406,68
1246,images/real_human_humanart_17000000001055.jpg,682,103
1247,images/sculpture_humanart_14000000004477.jpg,404,63
1248,images/painting_humanart_1000000000183.jpg,696,116
1249,images/painting_humanart_10000000002127.jpg,299,45
1250,images/painting_humanart_2000000002804.jpg,278,44
1251,images/danbooru_anime_11920063.jpg,698,102
1252,images/coco_105448_423022.jpg,405,64
1253,images/danbooru_anime_11912825.jpg,698,114
1254,images/coco_141962_480221.jpg,459,78
1255,images/real_human_humanart_17000000002202.jpg,906,142
1256,images/coco_403995_crowd.jpg,545,88
1257,images/danbooru_anime_11914933.jpg,285,44
1258,images/real_human_humanart_17000000000861.jpg,620,100
1259,images/painting_humanart_1000000006980.jpg,130,24
1260,images/real_human_humanart_17000000001742.jpg,315,51
1261,images/sculpture_humanart_14000000001129.jpg,405,64
1262,images/real_human_humanart_15000000000941.jpg,501,76
1263,images/painting_humanart_2000000002957.jpg,535,87
1264,images/painting_humanart_6000000003549.jpg,353,63
1265,images/real_human_humanart_15000000002383.jpg,509,79
1266,images/painting_humanart_10000000002564.jpg,555,92
1267,images/coco_404710_195160.jpg,554,88
1268,images/painting_humanart_10000000002225.jpg,466,80
1269,images/coco_549063_199500.jpg,293,50
1270,images/sculpture_humanart_14000000004221.jpg,310,46
1271,images/painting_humanart_2000000001002.jpg,615,95
1272,images/coco_139140_189148.jpg,457,78
1273,images/painting_humanart_9000000001450.jpg,454,66
1274,images/coco_42737_crowd.jpg,457,73
1275,images/coco_330348_1233077.jpg,378,61
1276,images/painting_humanart_9000000001889.jpg,582,93
1277,images/danbooru_anime_11917082.jpg,730,113
1278,images/real_human_humanart_17000000001274.jpg,485,76
1279,images/coco_248224_455491.jpg,729,115
1280,images/coco_309510_431116.jpg,490,80
1281,images/painting_humanart_10000000004803.jpg,575,91
1282,images/painting_humanart_10000000004895.jpg,498,79
1283,images/sculpture_humanart_14000000000208.jpg,653,95
1284,images/coco_107227_206584.jpg,414,68
1285,images/painting_humanart_6000000000280.jpg,353,59
1286,images/sculpture_humanart_14000000001808.jpg,463,67
1287,images/coco_548090_2164943.jpg,477,74
1288,images/coco_435321_183038.jpg,522,84
1289,images/coco_257965_509695.jpg,380,54
1290,images/painting_humanart_2000000002506.jpg,799,122
1291,images/painting_humanart_9000000000408.jpg,250,39
1292,images/coco_491061_2161779.jpg,421,64
1293,images/coco_107964_441251.jpg,429,72
1294,images/coco_10644_crowd.jpg,524,82
1295,images/coco_142667_crowd.jpg,633,104
1296,images/coco_103431_crowd.jpg,292,42
1297,images/coco_383518_crowd.jpg,408,70
1298,images/painting_humanart_10000000000339.jpg,350,57
1299,images/sculpture_humanart_14000000001583.jpg,298,46
1300,images/real_human_humanart_15000000000277.jpg,657,99
1301,images/painting_humanart_9000000000047.jpg,422,69
1302,images/danbooru_anime_11918608.jpg,622,96
1303,images/coco_292156_447859.jpg,263,45
1304,images/coco_564366_1712219.jpg,457,76
1305,images/sculpture_humanart_14000000003642.jpg,429,73
1306,images/real_human_humanart_15000000002096.jpg,535,82
1307,images/real_human_humanart_15000000000551.jpg,749,116
1308,images/coco_459801_421888.jpg,204,34
1309,images/danbooru_anime_11901470.jpg,354,53
1310,images/painting_humanart_6000000000441.jpg,524,82
1311,images/real_human_humanart_17000000000115.jpg,588,91
1312,images/coco_528030_466106.jpg,395,64
1313,images/coco_499826_482909.jpg,353,56
1314,images/danbooru_anime_11909748.jpg,412,64
1315,images/danbooru_anime_11921078.jpg,475,72
1316,images/coco_408903_472896.jpg,404,71
1317,images/coco_490878_426842.jpg,391,61
1318,images/painting_humanart_6000000002746.jpg,466,82
1319,images/painting_humanart_9000000001674.jpg,731,108
1320,images/coco_264572_465246.jpg,396,60
1321,images/coco_204767_crowd.jpg,690,114
1322,images/painting_humanart_1000000003275.jpg,387,57
1323,images/sculpture_humanart_14000000002048.jpg,435,62
1324,images/painting_humanart_2000000000322.jpg,486,77
1325,images/real_human_humanart_17000000000664.jpg,520,79
1326,images/coco_519744_472437.jpg,429,70
1327,images/sculpture_humanart_14000000003749.jpg,620,89
1328,images/painting_humanart_2000000002259.jpg,381,58
1329,images/coco_530207_crowd.jpg,917,154
1330,images/coco_238065_488885.jpg,383,66
1331,images/coco_558457_453474.jpg,421,72
1332,images/real_human_humanart_15000000001660.jpg,632,105
1333,images/coco_442630_463062.jpg,495,81
1334,images/painting_humanart_10000000004867.jpg,385,60
1335,images/coco_209835_crowd.jpg,441,65
1336,images/coco_201899_195555.jpg,506,85
1337,images/sculpture_humanart_14000000004218.jpg,880,137
1338,images/coco_62198_191798.jpg,274,45
1339,images/coco_272440_432153.jpg,519,84
1340,images/painting_humanart_10000000002376.jpg,544,83
1341,images/coco_344862_crowd.jpg,430,68
1342,images/sculpture_humanart_14000000001958.jpg,564,83
1343,images/danbooru_anime_11910443.jpg,533,78
1344,images/danbooru_anime_11919038.jpg,447,75
1345,images/coco_355513_431940.jpg,274,45
1346,images/painting_humanart_9000000000878.jpg,570,89
1347,images/painting_humanart_10000000000304.jpg,426,61
1348,images/real_human_humanart_15000000002389.jpg,518,84
1349,images/real_human_humanart_15000000002146.jpg,740,117
1350,images/painting_humanart_10000000004665.jpg,490,88
1351,images/real_human_humanart_17000000001508.jpg,808,129
1352,images/painting_humanart_6000000000229.jpg,367,61
1353,images/painting_humanart_10000000000917.jpg,560,77
1354,images/danbooru_anime_11914925.jpg,413,62
1355,images/sculpture_humanart_14000000000561.jpg,654,107
1356,images/painting_humanart_1000000003224.jpg,321,52
1357,images/painting_humanart_2000000000475.jpg,542,89
1358,images/painting_humanart_6000000002512.jpg,531,86
1359,images/real_human_humanart_17000000000981.jpg,565,83
1360,images/painting_humanart_9000000001943.jpg,439,69
1361,images/real_human_humanart_17000000000109.jpg,492,81
1362,images/sculpture_humanart_14000000004096.jpg,661,99
1363,images/painting_humanart_6000000001286.jpg,226,35
1364,images/coco_428015_2032614.jpg,480,82
1365,images/real_human_humanart_15000000002384.jpg,625,99
1366,images/painting_humanart_1000000001167.jpg,529,94
1367,images/coco_262672_463662.jpg,315,55
1368,images/coco_97362_206385.jpg,331,54
1369,images/real_human_humanart_15000000000725.jpg,688,113
1370,images/painting_humanart_6000000002777.jpg,632,100
1371,images/painting_humanart_1000000002836.jpg,514,78
1372,images/danbooru_anime_11919300.jpg,532,82
1373,images/coco_472282_crowd.jpg,365,60
1374,images/real_human_humanart_17000000001890.jpg,596,98
1375,images/real_human_humanart_17000000000519.jpg,644,95
1376,images/real_human_humanart_15000000001398.jpg,695,104
1377,images/coco_168797_433467.jpg,451,63
1378,images/coco_230780_451814.jpg,642,102
1379,images/real_human_humanart_17000000001851.jpg,866,133
1380,images/danbooru_anime_11916419.jpg,325,52
1381,images/coco_325374_207845.jpg,533,92
1382,images/coco_191758_crowd.jpg,385,68
1383,images/painting_humanart_9000000000140.jpg,386,62
1384,images/real_human_humanart_15000000000648.jpg,659,106
1385,images/danbooru_anime_11919146.jpg,402,61
1386,images/real_human_humanart_15000000000077.jpg,409,65
1387,images/coco_66412_crowd.jpg,369,58
1388,images/coco_254919_crowd.jpg,267,42
1389,images/danbooru_anime_11909173.jpg,331,53
1390,images/painting_humanart_1000000000361.jpg,584,88
1391,images/coco_570579_crowd.jpg,712,120
1392,images/coco_230964_1225992.jpg,438,70
1393,images/real_human_humanart_15000000002274.jpg,788,119
1394,images/sculpture_humanart_14000000001960.jpg,659,99
1395,images/painting_humanart_10000000003754.jpg,540,90
1396,images/painting_humanart_2000000002067.jpg,663,109
1397,images/painting_humanart_10000000003499.jpg,414,65
1398,images/painting_humanart_9000000002359.jpg,198,30
1399,images/danbooru_anime_11919695.jpg,406,60
1400,images/danbooru_anime_11919889.jpg,639,107
1401,images/painting_humanart_1000000005011.jpg,621,94
1402,images/coco_7149_crowd.jpg,394,65
1403,images/real_human_humanart_17000000001598.jpg,640,99
1404,images/real_human_humanart_15000000001371.jpg,552,88
1405,images/coco_169500_470526.jpg,288,51
1406,images/danbooru_anime_11903784.jpg,552,91
1407,images/real_human_humanart_15000000000335.jpg,648,102
1408,images/painting_humanart_6000000000957.jpg,501,86
1409,images/painting_humanart_6000000002428.jpg,500,79
1410,images/real_human_humanart_15000000002062.jpg,628,99
1411,images/real_human_humanart_17000000001426.jpg,820,138
1412,images/coco_5443_435609.jpg,464,77
1413,images/painting_humanart_2000000000753.jpg,591,87
1414,images/painting_humanart_9000000002301.jpg,510,72
1415,images/painting_humanart_2000000000429.jpg,628,97
1416,images/painting_humanart_2000000002341.jpg,767,121
1417,images/sculpture_humanart_14000000000752.jpg,414,66
1418,images/coco_373424_2151290.jpg,461,78
1419,images/danbooru_anime_11916712.jpg,235,38
1420,images/painting_humanart_9000000000910.jpg,271,41
1421,images/painting_humanart_9000000001960.jpg,259,44
1422,images/coco_470536_crowd.jpg,506,81
1423,images/painting_humanart_6000000002912.jpg,533,80
1424,images/painting_humanart_10000000000435.jpg,433,61
1425,images/danbooru_anime_11914138.jpg,411,64
1426,images/painting_humanart_9000000002489.jpg,246,36
1427,images/painting_humanart_6000000003094.jpg,218,40
1428,images/painting_humanart_2000000002856.jpg,405,54
1429,images/real_human_humanart_17000000002271.jpg,482,77
1430,images/danbooru_anime_11911631.jpg,205,32
1431,images/coco_550013_183669.jpg,371,64
1432,images/real_human_humanart_17000000000715.jpg,566,88
1433,images/painting_humanart_2000000000419.jpg,475,76
1434,images/coco_578330_crowd.jpg,525,85
1435,images/painting_humanart_2000000002871.jpg,628,90
1436,images/sculpture_humanart_14000000000678.jpg,478,65
1437,images/coco_177064_469970.jpg,305,53
1438,images/coco_485709_crowd.jpg,315,53
1439,images/coco_351793_422249.jpg,318,52
1440,images/danbooru_anime_11909560.jpg,387,56
1441,images/coco_470313_191483.jpg,421,72
1442,images/painting_humanart_6000000000347.jpg,496,82
1443,images/sculpture_humanart_14000000001839.jpg,572,82
1444,images/real_human_humanart_15000000001345.jpg,356,52
1445,images/sculpture_humanart_14000000002010.jpg,583,88
1446,images/coco_355297_446061.jpg,408,62
1447,images/painting_humanart_10000000004184.jpg,566,91
1448,images/danbooru_anime_11912095.jpg,395,58
1449,images/coco_189936_crowd.jpg,564,90
1450,images/coco_550645_424490.jpg,602,103
1451,images/coco_498733_436343.jpg,489,83
1452,images/sculpture_humanart_14000000000545.jpg,478,71
1453,images/painting_humanart_9000000001977.jpg,443,70
1454,images/painting_humanart_2000000003159.jpg,456,70
1455,images/painting_humanart_10000000002026.jpg,321,45
1456,images/coco_109229_442795.jpg,394,64
1457,images/sculpture_humanart_14000000004449.jpg,780,107
1458,images/real_human_humanart_17000000001021.jpg,614,100
1459,images/painting_humanart_10000000001448.jpg,304,50
1460,images/coco_53668_473090.jpg,234,40
1461,images/sculpture_humanart_14000000001072.jpg,725,106
1462,images/danbooru_anime_11917783.jpg,324,52
1463,images/real_human_humanart_15000000000094.jpg,619,99
1464,images/painting_humanart_10000000002282.jpg,237,41
1465,images/danbooru_anime_11919552.jpg,308,47
1466,images/coco_399790_crowd.jpg,546,88
1467,images/coco_267200_497106.jpg,449,72
1468,images/painting_humanart_9000000002171.jpg,543,84
1469,images/painting_humanart_9000000000465.jpg,331,53
1470,images/real_human_humanart_15000000001441.jpg,735,117
1471,images/painting_humanart_9000000001634.jpg,630,97
1472,images/painting_humanart_1000000007791.jpg,408,60
1473,images/sculpture_humanart_14000000000107.jpg,703,112
1474,images/coco_181805_492933.jpg,336,55
1475,images/real_human_humanart_17000000000370.jpg,700,111
1476,images/coco_171546_506814.jpg,407,65
1477,images/danbooru_anime_11910338.jpg,541,85
1478,images/coco_429807_423999.jpg,302,52
1479,images/coco_429142_216965.jpg,479,74
1480,images/coco_49763_crowd.jpg,426,74
1481,images/real_human_humanart_15000000001556.jpg,643,101
1482,images/sculpture_humanart_14000000000709.jpg,531,83
1483,images/coco_237942_454507.jpg,354,61
1484,images/danbooru_anime_11916852.jpg,579,91
1485,images/painting_humanart_6000000003355.jpg,360,59
1486,images/painting_humanart_6000000001527.jpg,581,101
1487,images/real_human_humanart_17000000000435.jpg,649,98
1488,images/real_human_humanart_15000000000157.jpg,770,118
1489,images/painting_humanart_6000000001154.jpg,380,67
1490,images/coco_421566_2161445.jpg,618,98
1491,images/painting_humanart_10000000000060.jpg,300,43
1492,images/danbooru_anime_11916811.jpg,641,103
1493,images/painting_humanart_2000000001905.jpg,602,93
1494,images/danbooru_anime_11901289.jpg,471,74
1495,images/painting_humanart_9000000000908.jpg,236,42
1496,images/painting_humanart_1000000004240.jpg,508,86
1497,images/painting_humanart_9000000001570.jpg,280,48
1498,images/real_human_humanart_15000000001937.jpg,762,124
1499,images/painting_humanart_1000000004675.jpg,437,71
1500,images/sculpture_humanart_14000000004558.jpg,775,116
1501,images/real_human_humanart_15000000000478.jpg,665,100
1502,images/painting_humanart_9000000000373.jpg,292,45
1503,images/coco_468483_475729.jpg,591,101
1504,images/painting_humanart_2000000002455.jpg,718,118
1505,images/coco_98141_197681.jpg,436,70
1506,images/sculpture_humanart_14000000001250.jpg,402,58
1507,images/painting_humanart_10000000000600.jpg,449,68
1508,images/painting_humanart_10000000000733.jpg,423,62
1509,images/painting_humanart_2000000000638.jpg,400,62
1510,images/coco_554727_435858.jpg,348,57
1511,images/real_human_humanart_17000000001656.jpg,585,97
1512,images/danbooru_anime_11916117.jpg,469,75
1513,images/painting_humanart_10000000004260.jpg,315,50
1514,images/coco_467854_209235.jpg,437,74
1515,images/coco_555669_crowd.jpg,388,61
1516,images/painting_humanart_2000000002875.jpg,492,67
1517,images/painting_humanart_10000000000517.jpg,642,95
1518,images/danbooru_anime_11915101.jpg,539,86
1519,images/danbooru_anime_11920362.jpg,293,44
1520,images/danbooru_anime_11917014.jpg,445,67
1521,images/coco_304083_crowd.jpg,357,59
1522,images/coco_476709_2207184.jpg,356,56
1523,images/painting_humanart_2000000001153.jpg,560,88
1524,images/sculpture_humanart_14000000000802.jpg,687,105
1525,images/real_human_humanart_17000000001454.jpg,735,108
1526,images/sculpture_humanart_14000000003855.jpg,817,125
1527,images/danbooru_anime_11917027.jpg,378,63
1528,images/danbooru_anime_11919455.jpg,424,66
1529,images/painting_humanart_9000000000838.jpg,459,70
1530,images/coco_336245_426089.jpg,524,83
1531,images/real_human_humanart_17000000000303.jpg,670,112
1532,images/danbooru_anime_11919592.jpg,428,71
1533,images/painting_humanart_6000000003570.jpg,578,93
1534,images/real_human_humanart_15000000001645.jpg,619,96
1535,images/painting_humanart_10000000000445.jpg,473,70
1536,images/painting_humanart_10000000003664.jpg,286,46
1537,images/painting_humanart_9000000002681.jpg,461,73
1538,images/danbooru_anime_11920896.jpg,660,106
1539,images/painting_humanart_9000000000457.jpg,649,109
1540,images/real_human_humanart_15000000000928.jpg,486,70
1541,images/painting_humanart_10000000004047.jpg,470,72
1542,images/painting_humanart_1000000004772.jpg,626,102
1543,images/painting_humanart_10000000000658.jpg,474,71
1544,images/painting_humanart_10000000005143.jpg,328,50
1545,images/painting_humanart_10000000000200.jpg,509,82
1546,images/danbooru_anime_11910657.jpg,854,142
1547,images/sculpture_humanart_14000000000732.jpg,651,109
1548,images/real_human_humanart_17000000000983.jpg,548,85
1549,images/coco_419050_481955.jpg,310,50
1550,images/painting_humanart_9000000000146.jpg,440,68
1551,images/painting_humanart_9000000001945.jpg,544,91
1552,images/painting_humanart_2000000000374.jpg,704,110
1553,images/painting_humanart_2000000003112.jpg,278,47
1554,images/danbooru_anime_11902242.jpg,299,51
1555,images/coco_130240_438394.jpg,444,73
1556,images/coco_318200_crowd.jpg,329,58
1557,images/coco_439868_crowd.jpg,429,67
1558,images/painting_humanart_1000000002154.jpg,429,67
1559,images/real_human_humanart_15000000001650.jpg,761,117
1560,images/painting_humanart_2000000002807.jpg,489,72
1561,images/coco_195798_crowd.jpg,581,98
1562,images/real_human_humanart_17000000000605.jpg,725,107
1563,images/painting_humanart_1000000000310.jpg,409,65
1564,images/coco_149780_445988.jpg,310,51
1565,images/real_human_humanart_15000000000158.jpg,599,95
1566,images/coco_185639_463938.jpg,398,62
1567,images/danbooru_anime_11920863.jpg,626,107
1568,images/coco_183393_188283.jpg,589,99
1569,images/danbooru_anime_11909766.jpg,589,97
1570,images/painting_humanart_9000000002475.jpg,577,98
1571,images/painting_humanart_10000000005250.jpg,368,56
1572,images/coco_293891_480396.jpg,397,67
1573,images/real_human_humanart_15000000000682.jpg,665,107
1574,images/coco_32538_184866.jpg,378,67
1575,images/coco_407225_188002.jpg,444,69
1576,images/painting_humanart_10000000000167.jpg,295,45
1577,images/coco_345960_431267.jpg,491,83
1578,images/coco_65057_crowd.jpg,626,102
1579,images/painting_humanart_2000000001441.jpg,678,100
1580,images/painting_humanart_2000000002056.jpg,338,50
1581,images/coco_497960_crowd.jpg,487,76
1582,images/danbooru_anime_11920600.jpg,326,51
1583,images/painting_humanart_2000000000216.jpg,843,138
1584,images/real_human_humanart_15000000000332.jpg,597,93
1585,images/painting_humanart_6000000001732.jpg,773,132
1586,images/coco_16961_crowd.jpg,728,124
1587,images/painting_humanart_10000000000488.jpg,311,46
1588,images/danbooru_anime_11919518.jpg,696,104
1589,images/real_human_humanart_17000000001336.jpg,536,83
1590,images/painting_humanart_10000000003639.jpg,577,87
1591,images/coco_421908_2164189.jpg,284,44
1592,images/real_human_humanart_17000000001830.jpg,281,47
1593,images/painting_humanart_10000000002676.jpg,501,79
1594,images/danbooru_anime_11915241.jpg,618,99
1595,images/danbooru_anime_11921119.jpg,383,53
1596,images/danbooru_anime_11920534.jpg,641,107
1597,images/coco_64909_183841.jpg,493,81
1598,images/painting_humanart_2000000002459.jpg,716,110
1599,images/sculpture_humanart_14000000004565.jpg,486,74
1600,images/coco_433845_218273.jpg,341,54
1601,images/coco_386677_440873.jpg,374,62
1602,images/painting_humanart_10000000000637.jpg,539,88
1603,images/sculpture_humanart_14000000002072.jpg,516,75
1604,images/painting_humanart_1000000005124.jpg,348,54
1605,images/painting_humanart_10000000001218.jpg,494,78
1606,images/painting_humanart_10000000001034.jpg,545,81
1607,images/painting_humanart_2000000001371.jpg,510,82
1608,images/painting_humanart_10000000002569.jpg,276,44
1609,images/danbooru_anime_11919997.jpg,346,52
1610,images/coco_44421_crowd.jpg,553,87
1611,images/coco_306972_crowd.jpg,601,98
1612,images/sculpture_humanart_14000000003700.jpg,600,90
1613,images/sculpture_humanart_14000000000849.jpg,591,89
1614,images/painting_humanart_2000000001613.jpg,260,44
1615,images/sculpture_humanart_14000000004395.jpg,682,95
1616,images/coco_245301_193377.jpg,466,73
1617,images/coco_470070_crowd.jpg,700,119
1618,images/real_human_humanart_17000000000999.jpg,780,118
1619,images/coco_123360_crowd.jpg,622,105
1620,images/danbooru_anime_11920659.jpg,498,84
1621,images/coco_467130_crowd.jpg,540,96
1622,images/sculpture_humanart_14000000001047.jpg,625,98
1623,images/painting_humanart_2000000000471.jpg,606,91
1624,images/painting_humanart_6000000000371.jpg,408,68
1625,images/painting_humanart_10000000002040.jpg,517,88
1626,images/real_human_humanart_17000000000993.jpg,575,92
1627,images/real_human_humanart_17000000000110.jpg,475,73
1628,images/real_human_humanart_15000000000622.jpg,657,100
1629,images/real_human_humanart_15000000000502.jpg,702,107
1630,images/coco_216050_484946.jpg,757,121
1631,images/painting_humanart_6000000002257.jpg,647,108
1632,images/real_human_humanart_17000000000437.jpg,432,69
1633,images/real_human_humanart_15000000002018.jpg,717,108
1634,images/painting_humanart_6000000000611.jpg,466,84
1635,images/painting_humanart_2000000002201.jpg,532,91
1636,images/painting_humanart_10000000005443.jpg,335,46
1637,images/real_human_humanart_17000000002472.jpg,489,74
1638,images/coco_522198_183540.jpg,366,56
1639,images/coco_285462_crowd.jpg,434,71
1640,images/danbooru_anime_11920123.jpg,560,90
1641,images/painting_humanart_6000000000528.jpg,353,58
1642,images/painting_humanart_6000000003515.jpg,276,42
1643,images/coco_333730_218060.jpg,406,74
1644,images/sculpture_humanart_14000000001686.jpg,716,114
1645,images/coco_199540_423847.jpg,545,93
1646,images/painting_humanart_1000000006769.jpg,668,115
1647,images/painting_humanart_10000000005226.jpg,521,79
1648,images/painting_humanart_9000000002584.jpg,349,55
1649,images/real_human_humanart_17000000001450.jpg,585,89
1650,images/coco_159832_429095.jpg,352,56
1651,images/sculpture_humanart_14000000001488.jpg,576,85
1652,images/painting_humanart_1000000002701.jpg,499,83
1653,images/real_human_humanart_15000000001644.jpg,629,92
1654,images/danbooru_anime_11921296.jpg,572,95
1655,images/coco_280184_465696.jpg,314,50
1656,images/sculpture_humanart_14000000001705.jpg,442,66
1657,images/painting_humanart_1000000003202.jpg,404,72
1658,images/real_human_humanart_15000000001472.jpg,558,90
1659,images/real_human_humanart_15000000001823.jpg,889,132
1660,images/painting_humanart_2000000000108.jpg,478,75
1661,images/coco_246612_429713.jpg,494,79
1662,images/coco_260238_crowd.jpg,418,69
1663,images/real_human_humanart_17000000000187.jpg,485,76
1664,images/sculpture_humanart_14000000000759.jpg,619,99
1665,images/coco_518222_470649.jpg,394,59
1666,images/sculpture_humanart_14000000001135.jpg,344,48
1667,images/real_human_humanart_15000000000772.jpg,494,75
1668,images/danbooru_anime_11920632.jpg,394,55
1669,images/painting_humanart_1000000001542.jpg,381,60
1670,images/coco_176595_209656.jpg,404,63
1671,images/painting_humanart_9000000000432.jpg,801,135
1672,images/painting_humanart_10000000002794.jpg,284,47
1673,images/painting_humanart_10000000000709.jpg,480,73
1674,images/danbooru_anime_11917871.jpg,419,67
1675,images/coco_116712_186683.jpg,297,50
1676,images/painting_humanart_10000000000896.jpg,346,52
1677,images/painting_humanart_2000000003228.jpg,358,59
1678,images/real_human_humanart_15000000002491.jpg,769,119
1679,images/painting_humanart_10000000002726.jpg,412,65
1680,images/painting_humanart_2000000001925.jpg,436,68
1681,images/coco_326058_192833.jpg,381,65
1682,images/real_human_humanart_17000000001227.jpg,650,109
1683,images/painting_humanart_6000000003567.jpg,327,54
1684,images/painting_humanart_1000000001203.jpg,497,76
1685,images/painting_humanart_6000000000029.jpg,435,64
1686,images/sculpture_humanart_14000000002115.jpg,585,91
1687,images/real_human_humanart_17000000002098.jpg,849,131
1688,images/coco_215708_crowd.jpg,637,100
1689,images/danbooru_anime_11915660.jpg,482,71
1690,images/painting_humanart_2000000002515.jpg,648,92
1691,images/coco_237357_468589.jpg,421,69
1692,images/coco_236866_432680.jpg,199,35
1693,images/coco_276719_crowd.jpg,365,64
1694,images/danbooru_anime_11917810.jpg,705,103
1695,images/danbooru_anime_11920482.jpg,606,95
1696,images/real_human_humanart_17000000002305.jpg,705,110
1697,images/danbooru_anime_11918888.jpg,475,68
1698,images/real_human_humanart_15000000000670.jpg,823,126
1699,images/coco_198645_469576.jpg,546,87
1700,images/painting_humanart_2000000002322.jpg,600,96
1701,images/coco_364745_crowd.jpg,690,119
1702,images/real_human_humanart_15000000001299.jpg,726,107
1703,images/painting_humanart_9000000001322.jpg,388,63
1704,images/painting_humanart_9000000001363.jpg,375,56
1705,images/sculpture_humanart_14000000001558.jpg,707,111
1706,images/danbooru_anime_11903080.jpg,329,52
1707,images/painting_humanart_10000000002042.jpg,780,122
1708,images/real_human_humanart_15000000002415.jpg,919,143
1709,images/coco_211206_488819.jpg,523,83
1710,images/painting_humanart_9000000002269.jpg,486,75
1711,images/coco_529838_483793.jpg,521,84
1712,images/painting_humanart_1000000003917.jpg,450,72
1713,images/sculpture_humanart_14000000001577.jpg,314,49
1714,images/danbooru_anime_11918333.jpg,625,92
1715,images/danbooru_anime_11916450.jpg,366,59
1716,images/danbooru_anime_11917350.jpg,641,99
1717,images/danbooru_anime_11921417.jpg,349,51
1718,images/real_human_humanart_17000000001036.jpg,705,118
1719,images/coco_330387_439620.jpg,547,86
1720,images/painting_humanart_10000000004649.jpg,292,50
1721,images/sculpture_humanart_14000000002854.jpg,608,93
1722,images/painting_humanart_9000000002679.jpg,579,93
1723,images/painting_humanart_2000000000646.jpg,527,87
1724,images/sculpture_humanart_14000000002109.jpg,532,83
1725,images/coco_319275_483485.jpg,302,46
1726,images/painting_humanart_9000000001623.jpg,380,57
1727,images/danbooru_anime_11916763.jpg,281,45
1728,images/painting_humanart_2000000003148.jpg,900,138
1729,images/danbooru_anime_11915030.jpg,547,91
1730,images/painting_humanart_2000000003171.jpg,469,67
1731,images/coco_431113_crowd.jpg,499,76
1732,images/painting_humanart_9000000000480.jpg,400,62
1733,images/sculpture_humanart_14000000004424.jpg,463,73
1734,images/painting_humanart_2000000000342.jpg,780,121
1735,images/painting_humanart_9000000000056.jpg,254,37
1736,images/danbooru_anime_11905551.jpg,364,56
1737,images/painting_humanart_2000000000320.jpg,737,120
1738,images/real_human_humanart_15000000002160.jpg,764,120
1739,images/painting_humanart_2000000000984.jpg,430,67
1740,images/real_human_humanart_17000000001136.jpg,554,85
1741,images/real_human_humanart_15000000001513.jpg,635,107
1742,images/sculpture_humanart_14000000001927.jpg,544,78
1743,images/danbooru_anime_11919923.jpg,634,94
1744,images/coco_424270_183511.jpg,579,98
1745,images/real_human_humanart_17000000000205.jpg,626,93
1746,images/painting_humanart_10000000005517.jpg,304,42
1747,images/coco_160531_191294.jpg,414,65
1748,images/real_human_humanart_17000000001418.jpg,637,104
1749,images/real_human_humanart_15000000001875.jpg,678,109
1750,images/real_human_humanart_17000000000316.jpg,437,68
1751,images/real_human_humanart_17000000000707.jpg,659,109
1752,images/coco_312341_crowd.jpg,391,67
1753,images/coco_378163_194539.jpg,541,83
1754,images/painting_humanart_2000000002130.jpg,554,82
1755,images/coco_120099_183502.jpg,429,76
1756,images/coco_162429_crowd.jpg,400,60
1757,images/coco_317639_455969.jpg,598,93
1758,images/painting_humanart_2000000002925.jpg,336,57
1759,images/painting_humanart_2000000000849.jpg,617,102
1760,images/danbooru_anime_11906742.jpg,607,94
1761,images/painting_humanart_9000000001118.jpg,458,72
1762,images/painting_humanart_6000000001925.jpg,472,78
1763,images/coco_68950_207754.jpg,377,64
1764,images/painting_humanart_1000000005698.jpg,413,71
1765,images/coco_496383_crowd.jpg,327,56
1766,images/coco_269172_crowd.jpg,479,80
1767,images/danbooru_anime_11905101.jpg,485,79
1768,images/coco_3938_crowd.jpg,407,69
1769,images/danbooru_anime_11903856.jpg,544,89
1770,images/painting_humanart_6000000003332.jpg,662,109
1771,images/painting_humanart_1000000008316.jpg,193,33
1772,images/coco_287748_185830.jpg,380,63
1773,images/painting_humanart_2000000001932.jpg,553,94
1774,images/coco_247714_203223.jpg,427,71
1775,images/painting_humanart_1000000003784.jpg,224,37
1776,images/real_human_humanart_17000000000654.jpg,398,62
1777,images/painting_humanart_1000000001144.jpg,583,91
1778,images/coco_39202_481441.jpg,583,93
1779,images/danbooru_anime_11902207.jpg,639,106
1780,images/danbooru_anime_11910606.jpg,317,53
1781,images/danbooru_anime_11909043.jpg,491,72
1782,images/coco_540869_233082.jpg,516,84
1783,images/painting_humanart_2000000000000.jpg,548,92
1784,images/coco_240495_crowd.jpg,318,57
1785,images/painting_humanart_10000000001725.jpg,671,104
1786,images/real_human_humanart_17000000000650.jpg,321,50
1787,images/real_human_humanart_15000000000330.jpg,621,94
1788,images/painting_humanart_10000000000591.jpg,544,80
1789,images/danbooru_anime_11919689.jpg,365,53
1790,images/painting_humanart_10000000000693.jpg,336,51
1791,images/real_human_humanart_15000000001258.jpg,833,134
1792,images/coco_313762_1734018.jpg,382,58
1793,images/painting_humanart_10000000001858.jpg,501,82
1794,images/painting_humanart_10000000001970.jpg,404,65
1795,images/real_human_humanart_15000000000199.jpg,690,105
1796,images/painting_humanart_2000000000506.jpg,587,96
1797,images/coco_181786_428830.jpg,334,55
1798,images/real_human_humanart_17000000000667.jpg,643,100
1799,images/painting_humanart_6000000002805.jpg,370,60
1800,images/painting_humanart_10000000003159.jpg,485,79
1801,images/painting_humanart_9000000000197.jpg,525,79
1802,images/painting_humanart_2000000002141.jpg,303,46
1803,images/coco_205504_422043.jpg,787,129
1804,images/danbooru_anime_11920279.jpg,448,66
1805,images/coco_330845_194102.jpg,395,64
1806,images/sculpture_humanart_14000000004488.jpg,705,108
1807,images/sculpture_humanart_14000000003571.jpg,718,113
1808,images/danbooru_anime_11909939.jpg,629,94
1809,images/painting_humanart_1000000002558.jpg,367,56
1810,images/painting_humanart_1000000002680.jpg,330,51
1811,images/painting_humanart_1000000003340.jpg,695,116
1812,images/real_human_humanart_15000000002484.jpg,660,108
1813,images/danbooru_anime_11919528.jpg,583,95
1814,images/painting_humanart_6000000001217.jpg,352,56
1815,images/coco_498687_439045.jpg,247,37
1816,images/danbooru_anime_11907536.jpg,581,95
1817,images/real_human_humanart_15000000000150.jpg,686,104
1818,images/painting_humanart_1000000000729.jpg,485,76
1819,images/sculpture_humanart_14000000001409.jpg,686,106
1820,images/real_human_humanart_15000000001463.jpg,623,99
1821,images/coco_527060_crowd.jpg,343,61
1822,images/painting_humanart_6000000001665.jpg,489,81
1823,images/danbooru_anime_11902941.jpg,427,67
1824,images/coco_436387_465168.jpg,376,59
1825,images/coco_568107_195259.jpg,498,80
1826,images/painting_humanart_9000000002755.jpg,699,114
1827,images/sculpture_humanart_14000000003253.jpg,441,68
1828,images/painting_humanart_1000000001689.jpg,519,82
1829,images/danbooru_anime_11916367.jpg,414,63
1830,images/coco_303626_435721.jpg,649,98
1831,images/danbooru_anime_11915622.jpg,545,88
1832,images/real_human_humanart_15000000001669.jpg,484,72
1833,images/painting_humanart_6000000003457.jpg,331,51
1834,images/real_human_humanart_15000000001846.jpg,477,74
1835,images/danbooru_anime_11916904.jpg,419,64
1836,images/painting_humanart_1000000000800.jpg,336,50
1837,images/danbooru_anime_11900105.jpg,493,82
1838,images/sculpture_humanart_14000000003553.jpg,598,94
1839,images/coco_129706_447757.jpg,276,43
1840,images/coco_388422_crowd.jpg,323,52
1841,images/sculpture_humanart_14000000003690.jpg,576,91
1842,images/coco_160652_443661.jpg,440,76
1843,images/sculpture_humanart_14000000004549.jpg,603,92
1844,images/coco_224104_212284.jpg,311,52
1845,images/painting_humanart_2000000002267.jpg,452,73
1846,images/painting_humanart_9000000001067.jpg,369,55
1847,images/real_human_humanart_15000000002418.jpg,597,90
1848,images/painting_humanart_6000000001634.jpg,580,97
1849,images/painting_humanart_1000000000328.jpg,268,41
1850,images/coco_91336_452913.jpg,388,66
1851,images/painting_humanart_10000000003344.jpg,613,95
1852,images/painting_humanart_10000000000774.jpg,377,58
1853,images/coco_320864_479453.jpg,312,52
1854,images/painting_humanart_6000000002922.jpg,522,80
1855,images/painting_humanart_9000000002747.jpg,523,87
1856,images/real_human_humanart_15000000000702.jpg,660,104
1857,images/painting_humanart_2000000003316.jpg,384,59
1858,images/real_human_humanart_17000000001948.jpg,688,113
1859,images/painting_humanart_2000000003035.jpg,536,88
1860,images/real_human_humanart_15000000002286.jpg,423,63
1861,images/sculpture_humanart_14000000004033.jpg,580,96
1862,images/sculpture_humanart_14000000000720.jpg,645,97
1863,images/real_human_humanart_15000000000844.jpg,622,99
1864,images/danbooru_anime_11917235.jpg,317,54
1865,images/real_human_humanart_15000000001215.jpg,673,109
1866,images/painting_humanart_6000000000893.jpg,580,91
1867,images/painting_humanart_6000000001947.jpg,294,50
1868,images/real_human_humanart_17000000002534.jpg,731,111
1869,images/real_human_humanart_17000000002349.jpg,720,116
1870,images/painting_humanart_1000000000363.jpg,476,74
1871,images/coco_489207_431469.jpg,339,57
1872,images/painting_humanart_9000000001524.jpg,747,129
1873,images/real_human_humanart_17000000001205.jpg,557,90
1874,images/coco_514550_447635.jpg,296,49
1875,images/coco_451345_422906.jpg,376,59
1876,images/real_human_humanart_15000000001913.jpg,587,90
1877,images/coco_7125_crowd.jpg,420,72
1878,images/sculpture_humanart_14000000003880.jpg,649,102
1879,images/real_human_humanart_17000000000384.jpg,710,108
1880,images/coco_525106_453137.jpg,538,79
1881,images/sculpture_humanart_14000000003828.jpg,495,75
1882,images/real_human_humanart_15000000001512.jpg,647,96
1883,images/danbooru_anime_11902033.jpg,562,91
1884,images/real_human_humanart_17000000001999.jpg,549,84
1885,images/painting_humanart_6000000002042.jpg,831,150
1886,images/danbooru_anime_11920542.jpg,414,70
1887,images/painting_humanart_9000000001230.jpg,357,54
1888,images/danbooru_anime_11918111.jpg,575,91
1889,images/coco_8589_crowd.jpg,491,70
1890,images/danbooru_anime_11919026.jpg,479,74
1891,images/sculpture_humanart_14000000004197.jpg,389,63
1892,images/painting_humanart_9000000002532.jpg,580,94
1893,images/painting_humanart_2000000002069.jpg,725,119
1894,images/coco_152543_crowd.jpg,430,62
1895,images/painting_humanart_10000000003823.jpg,289,45
1896,images/coco_3209_crowd.jpg,302,51
1897,images/painting_humanart_1000000000229.jpg,485,77
1898,images/danbooru_anime_11906096.jpg,329,54
1899,images/painting_humanart_9000000001830.jpg,466,70
1900,images/sculpture_humanart_14000000001551.jpg,659,96
1901,images/sculpture_humanart_14000000004550.jpg,329,53
1902,images/danbooru_anime_11920247.jpg,608,91
1903,images/painting_humanart_10000000000377.jpg,526,84
1904,images/painting_humanart_2000000002099.jpg,555,89
1905,images/coco_43611_467658.jpg,575,87
1906,images/painting_humanart_9000000000671.jpg,630,86
1907,images/real_human_humanart_17000000002167.jpg,593,85
1908,images/danbooru_anime_11915829.jpg,687,107
1909,images/painting_humanart_6000000000385.jpg,617,100
1910,images/coco_204162_492272.jpg,416,68
1911,images/painting_humanart_2000000002178.jpg,463,71
1912,images/painting_humanart_10000000000095.jpg,508,81
1913,images/sculpture_humanart_14000000003655.jpg,528,83
1914,images/real_human_humanart_15000000001137.jpg,538,83
1915,images/coco_455414_445688.jpg,315,58
1916,images/painting_humanart_1000000000482.jpg,618,102
1917,images/painting_humanart_9000000002005.jpg,829,126
1918,images/danbooru_anime_11908597.jpg,257,40
1919,images/coco_201141_473135.jpg,433,71
1920,images/coco_39866_449189.jpg,381,63
1921,images/coco_143554_2160697.jpg,311,52
1922,images/painting_humanart_6000000000253.jpg,549,85
1923,images/sculpture_humanart_14000000004545.jpg,955,111
1924,images/painting_humanart_2000000000007.jpg,661,108
1925,images/painting_humanart_6000000000889.jpg,398,70
1926,images/painting_humanart_1000000000658.jpg,358,58
1927,images/painting_humanart_9000000001914.jpg,303,44
1928,images/real_human_humanart_17000000001442.jpg,667,109
1929,images/danbooru_anime_11919690.jpg,677,110
1930,images/painting_humanart_2000000000398.jpg,592,92
1931,images/danbooru_anime_11917342.jpg,705,106
1932,images/painting_humanart_2000000001326.jpg,658,105
1933,images/real_human_humanart_17000000000231.jpg,683,101
1934,images/danbooru_anime_11908562.jpg,692,103
1935,images/real_human_humanart_17000000002260.jpg,641,98
1936,images/painting_humanart_10000000000147.jpg,409,68
1937,images/painting_humanart_6000000000918.jpg,597,101
1938,images/real_human_humanart_15000000002463.jpg,727,112
1939,images/real_human_humanart_15000000002433.jpg,505,75
1940,images/danbooru_anime_11903847.jpg,618,91
1941,images/painting_humanart_2000000000682.jpg,487,77
1942,images/sculpture_humanart_14000000003902.jpg,851,130
1943,images/sculpture_humanart_14000000003848.jpg,652,99
1944,images/painting_humanart_9000000000094.jpg,498,80
1945,images/danbooru_anime_11910304.jpg,270,42
1946,images/danbooru_anime_11919397.jpg,708,108
1947,images/real_human_humanart_15000000000105.jpg,557,91
1948,images/real_human_humanart_15000000001522.jpg,573,90
1949,images/coco_196046_crowd.jpg,451,71
1950,images/danbooru_anime_11916988.jpg,470,74
1951,images/painting_humanart_2000000000695.jpg,714,111
1952,images/painting_humanart_9000000002585.jpg,360,55
1953,images/painting_humanart_9000000001932.jpg,363,60
1954,images/coco_253095_crowd.jpg,651,104
1955,images/painting_humanart_10000000005150.jpg,377,54
1956,images/painting_humanart_10000000001808.jpg,568,89
1957,images/danbooru_anime_11917818.jpg,359,52
1958,images/painting_humanart_2000000001928.jpg,518,78
1959,images/real_human_humanart_17000000000190.jpg,590,98
1960,images/painting_humanart_1000000001108.jpg,323,54
1961,images/coco_521943_1721317.jpg,517,87
1962,images/coco_539565_crowd.jpg,408,68
1963,images/painting_humanart_2000000001869.jpg,749,120
1964,images/painting_humanart_9000000000303.jpg,299,50
1965,images/painting_humanart_1000000000161.jpg,629,105
1966,images/painting_humanart_2000000002148.jpg,494,74
1967,images/painting_humanart_10000000002576.jpg,435,67
1968,images/coco_574804_489368.jpg,483,79
1969,images/painting_humanart_2000000000991.jpg,450,73
1970,images/real_human_humanart_15000000000776.jpg,787,114
1971,images/painting_humanart_10000000004123.jpg,413,60
1972,images/sculpture_humanart_14000000001586.jpg,362,51
1973,images/sculpture_humanart_14000000001524.jpg,574,89
1974,images/painting_humanart_6000000000024.jpg,596,98
1975,images/coco_558229_crowd.jpg,505,82
1976,images/real_human_humanart_17000000000590.jpg,623,91
1977,images/painting_humanart_9000000000982.jpg,571,88
1978,images/painting_humanart_6000000001746.jpg,441,69
1979,images/coco_173340_475815.jpg,583,95
1980,images/painting_humanart_6000000001924.jpg,482,74
1981,images/danbooru_anime_11916104.jpg,273,43
1982,images/real_human_humanart_15000000001061.jpg,723,111
1983,images/painting_humanart_2000000001081.jpg,549,87
1984,images/painting_humanart_9000000001396.jpg,783,124
1985,images/danbooru_anime_11909423.jpg,361,61
1986,images/real_human_humanart_15000000001804.jpg,648,95
1987,images/sculpture_humanart_14000000003738.jpg,593,95
1988,images/danbooru_anime_11919301.jpg,370,55
1989,images/coco_71986_crowd.jpg,333,50
1990,images/coco_273728_1202907.jpg,212,38
1991,images/sculpture_humanart_14000000001006.jpg,537,79
1992,images/danbooru_anime_11921229.jpg,394,60
1993,images/painting_humanart_9000000001669.jpg,349,56
1994,images/danbooru_anime_11902459.jpg,437,70
1995,images/real_human_humanart_17000000001653.jpg,462,73
1996,images/painting_humanart_1000000002371.jpg,560,95
1997,images/real_human_humanart_17000000000812.jpg,615,94
1998,images/painting_humanart_10000000004769.jpg,328,48
1999,images/sculpture_humanart_14000000000625.jpg,539,89
2000,images/real_human_humanart_17000000001049.jpg,630,99
2001,images/coco_66959_crowd.jpg,347,52
2002,images/coco_316795_190100.jpg,278,45
2003,images/coco_68205_488646.jpg,370,57
2004,images/sculpture_humanart_14000000004153.jpg,559,82
2005,images/painting_humanart_10000000000858.jpg,286,45
2006,images/real_human_humanart_15000000000837.jpg,679,99
2007,images/painting_humanart_2000000003156.jpg,521,86
2008,images/real_human_humanart_17000000000475.jpg,698,105
2009,images/painting_humanart_10000000004034.jpg,472,79
2010,images/coco_522232_195687.jpg,428,69
2011,images/painting_humanart_6000000000699.jpg,433,67
2012,images/painting_humanart_2000000000733.jpg,569,82
2013,images/painting_humanart_10000000000895.jpg,375,60
2014,images/real_human_humanart_17000000000992.jpg,328,51
2015,images/painting_humanart_2000000001615.jpg,547,91
2016,images/coco_377060_186631.jpg,356,60
2017,images/coco_377577_442590.jpg,401,64
2018,images/painting_humanart_6000000002980.jpg,614,99
2019,images/painting_humanart_10000000000920.jpg,402,58
2020,images/painting_humanart_2000000001046.jpg,746,111
2021,images/real_human_humanart_15000000001559.jpg,715,108
2022,images/danbooru_anime_11918472.jpg,262,40
2023,images/coco_200605_464518.jpg,456,70
2024,images/painting_humanart_2000000001434.jpg,753,114
2025,images/coco_228580_484643.jpg,301,51
2026,images/painting_humanart_9000000002351.jpg,466,72
2027,images/painting_humanart_6000000002718.jpg,598,94
2028,images/painting_humanart_9000000000822.jpg,324,52
2029,images/sculpture_humanart_14000000004259.jpg,415,67
2030,images/coco_574343_474608.jpg,437,63
2031,images/real_human_humanart_17000000002004.jpg,739,120
2032,images/painting_humanart_6000000002745.jpg,494,86
2033,images/real_human_humanart_17000000001240.jpg,773,113
2034,images/painting_humanart_2000000001171.jpg,564,89
2035,images/coco_74181_crowd.jpg,388,65
2036,images/danbooru_anime_11919928.jpg,432,65
2037,images/painting_humanart_2000000002206.jpg,439,72
2038,images/real_human_humanart_17000000001927.jpg,593,97
2039,images/painting_humanart_2000000000039.jpg,554,89
2040,images/coco_25005_435862.jpg,449,74
2041,images/real_human_humanart_15000000000651.jpg,572,90
2042,images/painting_humanart_1000000003215.jpg,507,80
2043,images/painting_humanart_1000000001102.jpg,718,119
2044,images/real_human_humanart_17000000000817.jpg,709,107
2045,images/coco_278290_crowd.jpg,392,60
2046,images/coco_515742_451381.jpg,296,52
2047,images/painting_humanart_10000000004986.jpg,369,58
2048,images/danbooru_anime_11916290.jpg,551,85
2049,images/coco_441287_crowd.jpg,529,83
2050,images/real_human_humanart_15000000001313.jpg,619,91
2051,images/painting_humanart_2000000000739.jpg,408,66
2052,images/coco_147346_crowd.jpg,702,123
2053,images/danbooru_anime_11916456.jpg,554,86
2054,images/real_human_humanart_15000000000395.jpg,585,90
2055,images/real_human_humanart_15000000002089.jpg,690,109
2056,images/coco_539787_crowd.jpg,370,64
2057,images/coco_306611_crowd.jpg,375,62
2058,images/real_human_humanart_15000000000903.jpg,627,93
2059,images/real_human_humanart_15000000002150.jpg,809,122
2060,images/painting_humanart_9000000001337.jpg,306,51
2061,images/painting_humanart_2000000003302.jpg,430,73
2062,images/real_human_humanart_17000000000840.jpg,747,118
2063,images/danbooru_anime_11906060.jpg,670,109
2064,images/coco_331686_crowd.jpg,258,39
2065,images/real_human_humanart_15000000001661.jpg,506,74
2066,images/painting_humanart_10000000003676.jpg,308,53
2067,images/painting_humanart_2000000002767.jpg,571,86
2068,images/sculpture_humanart_14000000004353.jpg,513,80
2069,images/coco_419777_crowd.jpg,314,51
2070,images/painting_humanart_10000000001803.jpg,366,54
2071,images/coco_181026_486073.jpg,360,56
2072,images/sculpture_humanart_14000000004284.jpg,519,78
2073,images/coco_346821_crowd.jpg,329,57
2074,images/painting_humanart_6000000002437.jpg,330,53
2075,images/painting_humanart_2000000000867.jpg,525,85
2076,images/coco_243825_crowd.jpg,562,90
2077,images/painting_humanart_6000000000139.jpg,332,55
2078,images/painting_humanart_10000000002390.jpg,436,65
2079,images/painting_humanart_2000000002080.jpg,611,98
2080,images/coco_496768_2153665.jpg,244,41
2081,images/coco_75713_1227618.jpg,569,96
2082,images/sculpture_humanart_14000000001748.jpg,518,77
2083,images/painting_humanart_10000000005369.jpg,465,77
2084,images/real_human_humanart_15000000001283.jpg,644,96
2085,images/sculpture_humanart_14000000000070.jpg,414,66
2086,images/painting_humanart_9000000000972.jpg,510,85
2087,images/painting_humanart_9000000000062.jpg,495,74
2088,images/coco_51203_crowd.jpg,373,64
2089,images/real_human_humanart_17000000002330.jpg,539,85
2090,images/coco_352027_422623.jpg,273,44
2091,images/real_human_humanart_15000000000736.jpg,674,106
2092,images/coco_559312_crowd.jpg,461,72
2093,images/sculpture_humanart_14000000001717.jpg,441,67
2094,images/sculpture_humanart_14000000004224.jpg,591,96
2095,images/painting_humanart_9000000002152.jpg,705,108
2096,images/danbooru_anime_11917544.jpg,501,81
2097,images/sculpture_humanart_14000000001894.jpg,501,73
2098,images/painting_humanart_1000000007976.jpg,367,62
2099,images/painting_humanart_1000000002591.jpg,661,104
2100,images/real_human_humanart_15000000001457.jpg,565,85
2101,images/coco_348594_crowd.jpg,237,38
2102,images/painting_humanart_9000000000137.jpg,416,64
2103,images/painting_humanart_9000000002119.jpg,369,64
2104,images/sculpture_humanart_14000000000906.jpg,504,83
2105,images/painting_humanart_10000000005916.jpg,439,69
2106,images/real_human_humanart_17000000000085.jpg,637,99
2107,images/coco_279256_217789.jpg,384,71
2108,images/painting_humanart_1000000004109.jpg,370,59
2109,images/coco_520289_183233.jpg,388,66
2110,images/painting_humanart_2000000000479.jpg,603,99
2111,images/real_human_humanart_17000000000515.jpg,804,124
2112,images/coco_121849_465697.jpg,395,63
2113,images/real_human_humanart_15000000000013.jpg,512,71
2114,images/painting_humanart_1000000006211.jpg,385,68
2115,images/danbooru_anime_11920840.jpg,395,63
2116,images/painting_humanart_2000000001522.jpg,518,80
2117,images/painting_humanart_2000000000230.jpg,493,77
2118,images/painting_humanart_2000000002273.jpg,517,80
2119,images/coco_411587_452386.jpg,296,48
2120,images/coco_69914_crowd.jpg,502,83
2121,images/coco_222648_493404.jpg,370,58
2122,images/painting_humanart_10000000000633.jpg,391,60
2123,images/coco_512455_1729567.jpg,298,49
2124,images/real_human_humanart_15000000001025.jpg,477,73
2125,images/danbooru_anime_11910581.jpg,446,72
2126,images/painting_humanart_10000000000072.jpg,471,80
2127,images/coco_405166_crowd.jpg,364,65
2128,images/sculpture_humanart_14000000003956.jpg,827,135
2129,images/painting_humanart_9000000001753.jpg,610,106
2130,images/coco_370890_443118.jpg,349,52
2131,images/real_human_humanart_15000000000060.jpg,499,69
2132,images/painting_humanart_9000000001446.jpg,237,35
2133,images/painting_humanart_1000000001509.jpg,324,52
2134,images/painting_humanart_9000000002746.jpg,550,88
2135,images/danbooru_anime_11918006.jpg,544,90
2136,images/painting_humanart_10000000000661.jpg,381,54
2137,images/real_human_humanart_17000000001170.jpg,559,80
2138,images/real_human_humanart_17000000001787.jpg,472,73
2139,images/real_human_humanart_17000000001187.jpg,605,98
2140,images/real_human_humanart_17000000002007.jpg,592,88
2141,images/painting_humanart_9000000000669.jpg,396,63
2142,images/danbooru_anime_11919901.jpg,663,116
2143,images/coco_578427_501108.jpg,316,50
2144,images/painting_humanart_10000000005174.jpg,556,91
2145,images/sculpture_humanart_14000000000432.jpg,497,81
2146,images/painting_humanart_9000000000049.jpg,353,54
2147,images/painting_humanart_6000000001272.jpg,275,46
2148,images/real_human_humanart_15000000000548.jpg,708,106
2149,images/coco_33645_474151.jpg,334,55
2150,images/coco_504452_crowd.jpg,371,59
2151,images/sculpture_humanart_14000000003864.jpg,495,78
2152,images/coco_501122_518105.jpg,481,79
2153,images/coco_33325_crowd.jpg,732,118
2154,images/sculpture_humanart_14000000002083.jpg,640,94
2155,images/sculpture_humanart_14000000000151.jpg,319,50
2156,images/danbooru_anime_11920013.jpg,492,78
2157,images/painting_humanart_6000000001906.jpg,655,100
2158,images/danbooru_anime_11909650.jpg,363,60
2159,images/real_human_humanart_17000000002115.jpg,598,100
2160,images/painting_humanart_1000000001811.jpg,464,78
2161,images/painting_humanart_2000000002912.jpg,656,102
2162,images/danbooru_anime_11920388.jpg,611,89
2163,images/painting_humanart_6000000001912.jpg,340,64
2164,images/painting_humanart_9000000000071.jpg,316,52
2165,images/real_human_humanart_17000000000978.jpg,418,71
2166,images/coco_487450_crowd.jpg,355,63
2167,images/coco_99707_483866.jpg,385,63
2168,images/painting_humanart_2000000003288.jpg,480,72
2169,images/sculpture_humanart_14000000004339.jpg,288,49
2170,images/sculpture_humanart_14000000002134.jpg,579,84
2171,images/coco_385912_225857.jpg,366,60
2172,images/painting_humanart_6000000000907.jpg,485,77
2173,images/real_human_humanart_15000000000170.jpg,636,107
2174,images/real_human_humanart_15000000000368.jpg,396,57
2175,images/painting_humanart_10000000001210.jpg,339,48
2176,images/painting_humanart_1000000001676.jpg,710,116
2177,images/coco_525667_crowd.jpg,535,88
2178,images/sculpture_humanart_14000000002103.jpg,644,96
2179,images/painting_humanart_2000000001179.jpg,565,87
2180,images/real_human_humanart_15000000000887.jpg,474,66
2181,images/sculpture_humanart_14000000003673.jpg,424,69
2182,images/coco_441511_208928.jpg,221,41
2183,images/coco_239093_crowd.jpg,327,54
2184,images/real_human_humanart_15000000001648.jpg,708,111
2185,images/sculpture_humanart_14000000001993.jpg,686,103
2186,images/painting_humanart_6000000002705.jpg,545,93
2187,images/painting_humanart_2000000001244.jpg,461,68
2188,images/coco_91326_203941.jpg,378,64
2189,images/painting_humanart_2000000001239.jpg,685,110
2190,images/coco_428263_crowd.jpg,415,65
2191,images/coco_73182_crowd.jpg,382,61
2192,images/sculpture_humanart_14000000003732.jpg,794,127
2193,images/real_human_humanart_15000000000873.jpg,547,85
2194,images/painting_humanart_2000000000346.jpg,300,49
2195,images/coco_448657_crowd.jpg,301,49
2196,images/real_human_humanart_17000000001109.jpg,636,101
2197,images/coco_515792_470839.jpg,231,42
2198,images/danbooru_anime_11909050.jpg,464,77
2199,images/painting_humanart_10000000006157.jpg,573,87
2200,images/real_human_humanart_17000000001898.jpg,657,108
2201,images/coco_18728_427604.jpg,511,79
2202,images/painting_humanart_1000000008352.jpg,524,89
2203,images/real_human_humanart_17000000002119.jpg,800,126
2204,images/coco_434467_195372.jpg,422,66
2205,images/painting_humanart_9000000002734.jpg,396,64
2206,images/painting_humanart_9000000001052.jpg,447,65
2207,images/coco_332292_crowd.jpg,437,75
2208,images/danbooru_anime_11920504.jpg,442,69
2209,images/danbooru_anime_11917341.jpg,581,96
2210,images/painting_humanart_2000000003037.jpg,269,40
2211,images/real_human_humanart_15000000000689.jpg,522,80
2212,images/painting_humanart_6000000000993.jpg,517,91
2213,images/danbooru_anime_11909633.jpg,344,54
2214,images/danbooru_anime_11917428.jpg,387,58
2215,images/painting_humanart_6000000003464.jpg,439,73
2216,images/painting_humanart_9000000002252.jpg,233,39
2217,images/painting_humanart_9000000000630.jpg,354,54
2218,images/sculpture_humanart_14000000000789.jpg,557,86
2219,images/painting_humanart_10000000002078.jpg,526,79
2220,images/real_human_humanart_15000000001701.jpg,699,117
2221,images/sculpture_humanart_14000000001946.jpg,629,95
2222,images/painting_humanart_10000000000348.jpg,480,74
2223,images/coco_512902_crowd.jpg,439,75
2224,images/real_human_humanart_15000000002294.jpg,848,128
2225,images/danbooru_anime_11917868.jpg,439,66
2226,images/coco_332844_225122.jpg,295,51
2227,images/coco_298784_crowd.jpg,335,56
2228,images/painting_humanart_9000000000200.jpg,259,43
2229,images/painting_humanart_1000000007196.jpg,538,98
2230,images/coco_336166_459442.jpg,409,65
2231,images/real_human_humanart_15000000000759.jpg,538,84
2232,images/painting_humanart_6000000003563.jpg,353,59
2233,images/danbooru_anime_11908667.jpg,448,72
2234,images/painting_humanart_10000000001136.jpg,562,81
2235,images/painting_humanart_10000000000984.jpg,305,49
2236,images/coco_10463_503497.jpg,397,58
2237,images/sculpture_humanart_14000000003862.jpg,706,111
2238,images/painting_humanart_9000000001924.jpg,487,72
2239,images/real_human_humanart_17000000001643.jpg,662,95
2240,images/painting_humanart_2000000001406.jpg,299,44
2241,images/real_human_humanart_17000000002389.jpg,494,78
2242,images/danbooru_anime_11919858.jpg,284,46
2243,images/painting_humanart_6000000002430.jpg,638,112
2244,images/coco_210883_crowd.jpg,405,65
2245,images/sculpture_humanart_14000000000059.jpg,698,109
2246,images/painting_humanart_1000000003208.jpg,283,46
2247,images/painting_humanart_6000000003150.jpg,443,77
2248,images/painting_humanart_9000000000394.jpg,304,48
2249,images/painting_humanart_10000000004800.jpg,571,90
2250,images/coco_493704_199700.jpg,237,43
2251,images/painting_humanart_9000000002173.jpg,638,97
2252,images/coco_232511_crowd.jpg,404,72
2253,images/real_human_humanart_15000000001588.jpg,617,94
2254,images/real_human_humanart_15000000000503.jpg,709,107
2255,images/sculpture_humanart_14000000001349.jpg,341,50
2256,images/coco_505792_471136.jpg,404,64
2257,images/painting_humanart_10000000001524.jpg,264,41
2258,images/painting_humanart_2000000001879.jpg,697,107
2259,images/danbooru_anime_11907880.jpg,451,69
2260,images/painting_humanart_6000000003460.jpg,232,38
2261,images/painting_humanart_10000000001393.jpg,398,64
2262,images/sculpture_humanart_14000000001249.jpg,586,88
2263,images/coco_374368_435936.jpg,393,69
2264,images/coco_12947_crowd.jpg,354,60
2265,images/coco_102928_447164.jpg,504,78
2266,images/real_human_humanart_17000000000277.jpg,512,83
2267,images/sculpture_humanart_14000000001194.jpg,887,144
2268,images/coco_401552_188584.jpg,431,67
2269,images/real_human_humanart_17000000001467.jpg,672,103
2270,images/painting_humanart_9000000000147.jpg,350,56
2271,images/coco_467843_449130.jpg,313,50
2272,images/painting_humanart_10000000004220.jpg,479,72
2273,images/real_human_humanart_15000000001022.jpg,578,85
2274,images/painting_humanart_9000000002580.jpg,521,82
2275,images/painting_humanart_2000000001119.jpg,380,57
2276,images/coco_115314_198441.jpg,414,62
2277,images/danbooru_anime_11900323.jpg,422,63
2278,images/coco_119308_442395.jpg,429,68
2279,images/real_human_humanart_15000000000593.jpg,417,72
2280,images/coco_323288_439537.jpg,550,82
2281,images/coco_433998_497615.jpg,621,99
2282,images/real_human_humanart_15000000001217.jpg,750,117
2283,images/painting_humanart_10000000000687.jpg,509,78
2284,images/painting_humanart_9000000001351.jpg,265,41
2285,images/coco_543193_196833.jpg,399,65
2286,images/danbooru_anime_11921187.jpg,512,79
2287,images/painting_humanart_10000000001510.jpg,464,75
2288,images/real_human_humanart_15000000001959.jpg,794,118
2289,images/coco_509459_471297.jpg,525,86
2290,images/coco_337375_crowd.jpg,346,57
2291,images/sculpture_humanart_14000000004504.jpg,460,71
2292,images/danbooru_anime_11918700.jpg,518,81
2293,images/danbooru_anime_11920981.jpg,528,79
2294,images/sculpture_humanart_14000000001708.jpg,645,95
2295,images/coco_268556_2203816.jpg,511,87
2296,images/real_human_humanart_17000000000926.jpg,750,121
2297,images/painting_humanart_9000000001648.jpg,480,74
2298,images/coco_303520_crowd.jpg,444,65
2299,images/painting_humanart_2000000001670.jpg,562,88
2300,images/painting_humanart_9000000001558.jpg,580,90
2301,images/painting_humanart_9000000000366.jpg,456,70
2302,images/real_human_humanart_17000000001331.jpg,596,88
2303,images/painting_humanart_9000000002758.jpg,496,71
2304,images/sculpture_humanart_14000000004008.jpg,648,107
2305,images/danbooru_anime_11920726.jpg,373,55
2306,images/danbooru_anime_11919570.jpg,566,84
2307,images/coco_404528_475774.jpg,414,69
2308,images/painting_humanart_10000000000887.jpg,450,68
2309,images/painting_humanart_10000000004434.jpg,536,89
2310,images/sculpture_humanart_14000000004430.jpg,494,77
2311,images/real_human_humanart_15000000000743.jpg,612,97
2312,images/painting_humanart_6000000003438.jpg,450,72
2313,images/painting_humanart_2000000002833.jpg,471,66
2314,images/coco_56187_crowd.jpg,259,44
2315,images/sculpture_humanart_14000000003921.jpg,567,85
2316,images/painting_humanart_10000000000314.jpg,323,52
2317,images/sculpture_humanart_14000000003822.jpg,539,91
2318,images/coco_564095_2155494.jpg,438,71
2319,images/coco_339676_crowd.jpg,529,84
2320,images/coco_484614_475950.jpg,394,65
2321,images/danbooru_anime_11900386.jpg,455,70
2322,images/painting_humanart_9000000002478.jpg,588,99
2323,images/painting_humanart_9000000000986.jpg,534,82
2324,images/coco_356827_422306.jpg,330,50
2325,images/real_human_humanart_15000000001654.jpg,549,85
2326,images/painting_humanart_1000000003396.jpg,573,97
2327,images/danbooru_anime_11909183.jpg,474,74
2328,images/real_human_humanart_17000000000538.jpg,396,60
2329,images/painting_humanart_9000000002443.jpg,382,58
2330,images/sculpture_humanart_14000000000185.jpg,560,88
2331,images/coco_103134_crowd.jpg,818,126
2332,images/painting_humanart_6000000000607.jpg,484,77
2333,images/sculpture_humanart_14000000000261.jpg,761,110
2334,images/painting_humanart_2000000001610.jpg,382,61
2335,images/sculpture_humanart_14000000004310.jpg,584,94
2336,images/sculpture_humanart_14000000003839.jpg,683,101
2337,images/painting_humanart_10000000003040.jpg,297,46
2338,images/painting_humanart_10000000000865.jpg,598,97
2339,images/painting_humanart_9000000000176.jpg,643,97
2340,images/painting_humanart_10000000002846.jpg,497,80
2341,images/painting_humanart_9000000000040.jpg,349,59
2342,images/danbooru_anime_11914423.jpg,412,62
2343,images/painting_humanart_6000000003360.jpg,444,74
2344,images/painting_humanart_10000000005486.jpg,296,42
2345,images/coco_434930_460343.jpg,534,88
2346,images/sculpture_humanart_14000000003812.jpg,491,73
2347,images/painting_humanart_2000000002354.jpg,660,101
2348,images/painting_humanart_6000000003002.jpg,584,95
2349,images/painting_humanart_10000000002199.jpg,448,71
2350,images/painting_humanart_6000000000454.jpg,548,90
2351,images/danbooru_anime_11911798.jpg,421,68
2352,images/danbooru_anime_11914219.jpg,396,61
2353,images/painting_humanart_10000000000297.jpg,319,50
2354,images/sculpture_humanart_14000000002076.jpg,580,97
2355,images/painting_humanart_9000000001002.jpg,559,91
2356,images/real_human_humanart_17000000000929.jpg,619,105
2357,images/danbooru_anime_11900196.jpg,310,51
2358,images/danbooru_anime_11903560.jpg,507,81
2359,images/coco_382683_crowd.jpg,517,84
2360,images/painting_humanart_6000000000310.jpg,533,86
2361,images/real_human_humanart_15000000001252.jpg,618,100
2362,images/coco_372113_crowd.jpg,781,123
2363,images/real_human_humanart_17000000000749.jpg,546,82
2364,images/painting_humanart_2000000000877.jpg,356,57
2365,images/sculpture_humanart_14000000003374.jpg,668,107
2366,images/real_human_humanart_17000000000308.jpg,627,105
2367,images/painting_humanart_1000000000299.jpg,617,103
2368,images/coco_354685_422995.jpg,383,58
2369,images/coco_428754_459020.jpg,353,64
2370,images/painting_humanart_2000000002299.jpg,338,55
2371,images/coco_246746_205192.jpg,740,66
2372,images/painting_humanart_9000000001122.jpg,437,65
2373,images/painting_humanart_10000000006220.jpg,313,50
2374,images/sculpture_humanart_14000000003682.jpg,602,94
2375,images/real_human_humanart_17000000000485.jpg,609,95
2376,images/painting_humanart_10000000000773.jpg,333,47
2377,images/painting_humanart_6000000001088.jpg,415,69
2378,images/real_human_humanart_17000000000192.jpg,824,123
2379,images/painting_humanart_2000000000293.jpg,617,96
2380,images/coco_350386_crowd.jpg,530,94
2381,images/danbooru_anime_11919079.jpg,584,96
2382,images/real_human_humanart_15000000000820.jpg,561,88
2383,images/coco_359851_crowd.jpg,407,64
2384,images/danbooru_anime_11919583.jpg,426,64
2385,images/coco_530875_500088.jpg,354,58
2386,images/sculpture_humanart_14000000000032.jpg,709,115
2387,images/real_human_humanart_17000000000572.jpg,915,149
2388,images/danbooru_anime_11916050.jpg,321,50
2389,images/painting_humanart_10000000000419.jpg,368,59
2390,images/painting_humanart_10000000000612.jpg,376,61
2391,images/danbooru_anime_11912560.jpg,453,73
2392,images/coco_51773_259434.jpg,260,42
2393,images/real_human_humanart_17000000000365.jpg,900,136
2394,images/danbooru_anime_11909161.jpg,596,94
2395,images/sculpture_humanart_14000000001860.jpg,685,111
2396,images/coco_384114_crowd.jpg,582,99
2397,images/painting_humanart_1000000005697.jpg,474,76
2398,images/real_human_humanart_17000000000970.jpg,685,111
2399,images/real_human_humanart_15000000001140.jpg,843,134
2400,images/real_human_humanart_15000000001893.jpg,482,79
2401,images/painting_humanart_9000000001726.jpg,497,75
2402,images/painting_humanart_1000000002669.jpg,481,75
2403,images/real_human_humanart_15000000001474.jpg,519,83
2404,images/danbooru_anime_11901377.jpg,544,91
2405,images/sculpture_humanart_14000000000875.jpg,631,102
2406,images/coco_380979_480091.jpg,519,83
2407,images/painting_humanart_9000000000854.jpg,442,71
2408,images/sculpture_humanart_14000000001422.jpg,400,54
2409,images/danbooru_anime_11916776.jpg,405,66
2410,images/danbooru_anime_11918075.jpg,609,87
2411,images/painting_humanart_2000000001161.jpg,667,107
2412,images/sculpture_humanart_14000000002866.jpg,630,94
2413,images/coco_453792_484729.jpg,623,93
2414,images/real_human_humanart_17000000002126.jpg,543,89
2415,images/painting_humanart_9000000002004.jpg,394,63
2416,images/sculpture_humanart_14000000003914.jpg,357,53
2417,images/real_human_humanart_15000000000931.jpg,509,77
2418,images/danbooru_anime_11916984.jpg,619,96
2419,images/danbooru_anime_11920370.jpg,293,44
2420,images/painting_humanart_6000000003305.jpg,458,79
2421,images/painting_humanart_1000000007198.jpg,501,84
2422,images/painting_humanart_10000000006212.jpg,517,79
2423,images/real_human_humanart_17000000002193.jpg,647,94
2424,images/coco_23802_193105.jpg,313,54
2425,images/real_human_humanart_15000000000733.jpg,657,105
2426,images/danbooru_anime_11919115.jpg,368,54
2427,images/coco_546658_511285.jpg,464,71
2428,images/painting_humanart_6000000000710.jpg,451,76
2429,images/coco_38601_450444.jpg,396,61
2430,images/sculpture_humanart_14000000003714.jpg,636,97
2431,images/real_human_humanart_17000000000162.jpg,627,98
2432,images/coco_434083_1743392.jpg,294,53
2433,images/painting_humanart_9000000001046.jpg,308,48
2434,images/sculpture_humanart_14000000004239.jpg,704,101
2435,images/painting_humanart_2000000001897.jpg,428,64
2436,images/painting_humanart_10000000000010.jpg,572,90
2437,images/real_human_humanart_17000000000388.jpg,762,124
2438,images/painting_humanart_6000000001882.jpg,459,74
2439,images/painting_humanart_2000000001957.jpg,472,73
2440,images/coco_143103_crowd.jpg,304,54
2441,images/real_human_humanart_15000000000187.jpg,350,55
2442,images/painting_humanart_10000000002601.jpg,439,71
2443,images/sculpture_humanart_14000000004171.jpg,308,48
2444,images/painting_humanart_2000000000261.jpg,613,97
2445,images/real_human_humanart_15000000001633.jpg,777,116
2446,images/painting_humanart_6000000000290.jpg,432,69
2447,images/painting_humanart_6000000000635.jpg,663,105
2448,images/painting_humanart_2000000001322.jpg,829,138
2449,images/danbooru_anime_11917343.jpg,586,99
2450,images/painting_humanart_2000000000923.jpg,481,79
2451,images/sculpture_humanart_14000000004350.jpg,633,87
2452,images/painting_humanart_9000000001192.jpg,317,48
2453,images/real_human_humanart_17000000000761.jpg,554,88
2454,images/coco_119502_423694.jpg,466,75
2455,images/painting_humanart_9000000000615.jpg,435,66
2456,images/danbooru_anime_11909618.jpg,606,103
2457,images/painting_humanart_10000000002070.jpg,282,46
2458,images/danbooru_anime_11918450.jpg,351,57
2459,images/danbooru_anime_11919595.jpg,508,85
2460,images/coco_401403_472724.jpg,339,53
2461,images/danbooru_anime_11919063.jpg,473,73
2462,images/coco_472509_447262.jpg,280,45
2463,images/painting_humanart_10000000002482.jpg,558,84
2464,images/coco_270420_490021.jpg,470,73
2465,images/danbooru_anime_11910212.jpg,570,86
2466,images/painting_humanart_1000000001831.jpg,384,65
2467,images/coco_517987_459047.jpg,327,57
2468,images/sculpture_humanart_14000000000452.jpg,519,84
2469,images/painting_humanart_1000000000007.jpg,859,124
2470,images/painting_humanart_9000000001936.jpg,695,104
2471,images/coco_252091_427313.jpg,636,95
2472,images/danbooru_anime_11906633.jpg,427,68
2473,images/coco_519479_460167.jpg,549,88
2474,images/danbooru_anime_11903322.jpg,327,55
2475,images/danbooru_anime_11907419.jpg,463,74
2476,images/painting_humanart_2000000001374.jpg,478,77
2477,images/painting_humanart_2000000000248.jpg,432,73
2478,images/coco_215151_crowd.jpg,502,84
2479,images/coco_418680_crowd.jpg,354,56
2480,images/painting_humanart_1000000007020.jpg,894,148
2481,images/danbooru_anime_11915667.jpg,228,38
2482,images/danbooru_anime_11903858.jpg,568,86
2483,images/danbooru_anime_11901993.jpg,477,77
2484,images/coco_361265_481782.jpg,537,84
2485,images/danbooru_anime_11921444.jpg,275,47
2486,images/coco_400062_484798.jpg,493,76
2487,images/coco_417216_493302.jpg,416,74
2488,images/real_human_humanart_17000000000409.jpg,666,98
2489,images/real_human_humanart_15000000000519.jpg,674,110
2490,images/real_human_humanart_15000000002115.jpg,942,151
2491,images/real_human_humanart_17000000002350.jpg,554,79
2492,images/painting_humanart_1000000000755.jpg,572,96
2493,images/real_human_humanart_15000000001539.jpg,811,134
2494,images/painting_humanart_1000000006327.jpg,246,39
2495,images/painting_humanart_9000000001148.jpg,493,78
2496,images/danbooru_anime_11919754.jpg,383,58
2497,images/coco_105053_448498.jpg,298,44
2498,images/coco_553330_crowd.jpg,229,40
2499,images/real_human_humanart_15000000001077.jpg,562,88
2500,images/painting_humanart_2000000001787.jpg,667,110
2501,images/coco_23991_crowd.jpg,485,78
2502,images/coco_113975_crowd.jpg,542,88
2503,images/sculpture_humanart_14000000004138.jpg,651,107
2504,images/coco_105303_450705.jpg,493,82
2505,images/coco_89032_456623.jpg,316,51
2506,images/painting_humanart_10000000005322.jpg,384,62
2507,images/danbooru_anime_11918231.jpg,522,84
2508,images/painting_humanart_1000000005718.jpg,342,57
2509,images/painting_humanart_9000000000330.jpg,528,85
2510,images/painting_humanart_9000000001030.jpg,394,66
2511,images/real_human_humanart_15000000002157.jpg,628,98
2512,images/real_human_humanart_15000000000255.jpg,822,131
2513,images/danbooru_anime_11913368.jpg,460,77
2514,images/real_human_humanart_17000000000466.jpg,860,131
2515,images/coco_301746_crowd.jpg,403,59
2516,images/painting_humanart_2000000000919.jpg,387,61
2517,images/real_human_humanart_17000000000002.jpg,749,113
2518,images/sculpture_humanart_14000000004332.jpg,291,46
2519,images/painting_humanart_1000000005994.jpg,438,79
2520,images/coco_281040_560390.jpg,305,48
2521,images/real_human_humanart_15000000000343.jpg,608,96
2522,images/real_human_humanart_17000000000502.jpg,773,117
2523,images/painting_humanart_9000000001649.jpg,414,68
2524,images/painting_humanart_10000000004222.jpg,473,72
2525,images/coco_557829_crowd.jpg,474,74
2526,images/real_human_humanart_15000000000780.jpg,539,75
2527,images/sculpture_humanart_14000000001556.jpg,597,88
2528,images/coco_307943_crowd.jpg,465,76
2529,images/coco_436317_462050.jpg,286,46
2530,images/painting_humanart_10000000001343.jpg,594,87
2531,images/painting_humanart_9000000001852.jpg,281,40
2532,images/coco_384462_1207955.jpg,269,43
2533,images/sculpture_humanart_14000000003702.jpg,452,66
2534,images/real_human_humanart_17000000001128.jpg,763,125
2535,images/danbooru_anime_11912965.jpg,252,45
2536,images/coco_175864_crowd.jpg,641,106
2537,images/danbooru_anime_11921003.jpg,257,40
2538,images/real_human_humanart_17000000000994.jpg,577,95
2539,images/painting_humanart_1000000000182.jpg,533,90
2540,images/danbooru_anime_11921065.jpg,568,90
2541,images/danbooru_anime_11906067.jpg,504,80
2542,images/coco_380088_207682.jpg,361,56
2543,images/real_human_humanart_15000000000019.jpg,914,140
2544,images/coco_346774_crowd.jpg,500,85
2545,images/painting_humanart_9000000001244.jpg,599,94
2546,images/painting_humanart_9000000000940.jpg,407,64
2547,images/painting_humanart_6000000000075.jpg,387,64
2548,images/painting_humanart_1000000000682.jpg,471,73
2549,images/painting_humanart_9000000000557.jpg,368,57
2550,images/painting_humanart_9000000002418.jpg,428,65
2551,images/painting_humanart_2000000002136.jpg,454,65
2552,images/real_human_humanart_15000000001121.jpg,511,85
2553,images/coco_477924_435508.jpg,320,50
2554,images/coco_497002_crowd.jpg,690,108
2555,images/painting_humanart_1000000005078.jpg,245,39
2556,images/painting_humanart_9000000001014.jpg,388,59
2557,images/real_human_humanart_17000000002501.jpg,578,85
2558,images/danbooru_anime_11920942.jpg,381,58
2559,images/painting_humanart_9000000000144.jpg,443,67
2560,images/painting_humanart_9000000000188.jpg,328,54
2561,images/painting_humanart_10000000004508.jpg,557,82
2562,images/coco_438723_536721.jpg,371,54
2563,images/coco_295409_crowd.jpg,328,57
2564,images/real_human_humanart_17000000000127.jpg,622,93
2565,images/coco_259513_190779.jpg,460,80
2566,images/painting_humanart_1000000005574.jpg,279,47
2567,images/danbooru_anime_11906871.jpg,475,79
2568,images/painting_humanart_10000000001519.jpg,602,98
2569,images/real_human_humanart_15000000002358.jpg,668,107
2570,images/painting_humanart_6000000000569.jpg,576,92
2571,images/painting_humanart_10000000003311.jpg,409,64
2572,images/painting_humanart_9000000000372.jpg,595,94
2573,images/coco_199387_438359.jpg,722,121
2574,images/sculpture_humanart_14000000003650.jpg,675,99
2575,images/real_human_humanart_17000000001390.jpg,716,109
2576,images/danbooru_anime_11906675.jpg,591,93
2577,images/coco_449466_426321.jpg,331,52
2578,images/real_human_humanart_15000000001620.jpg,717,109
2579,images/real_human_humanart_15000000002085.jpg,550,81
2580,images/danbooru_anime_11917808.jpg,275,43
2581,images/real_human_humanart_15000000000432.jpg,483,72
2582,images/painting_humanart_9000000002116.jpg,395,61
2583,images/real_human_humanart_15000000002305.jpg,544,86
2584,images/painting_humanart_2000000002450.jpg,610,102
2585,images/real_human_humanart_15000000001026.jpg,468,76
2586,images/coco_399178_crowd.jpg,345,55
2587,images/real_human_humanart_15000000001503.jpg,558,86
2588,images/painting_humanart_10000000000855.jpg,340,55
2589,images/real_human_humanart_15000000001284.jpg,861,135
2590,images/painting_humanart_6000000003212.jpg,470,77
2591,images/coco_531909_crowd.jpg,398,59
2592,images/danbooru_anime_11920206.jpg,558,93
2593,images/danbooru_anime_11915257.jpg,301,50
2594,images/coco_116389_454299.jpg,329,57
2595,images/real_human_humanart_17000000001648.jpg,641,105
2596,images/real_human_humanart_17000000002312.jpg,727,116
2597,images/painting_humanart_1000000003305.jpg,224,37
2598,images/real_human_humanart_15000000000504.jpg,677,100
2599,images/real_human_humanart_17000000002015.jpg,712,117
2600,images/painting_humanart_10000000004113.jpg,664,97
2601,images/real_human_humanart_15000000000538.jpg,619,100
2602,images/painting_humanart_2000000001387.jpg,390,59
2603,images/danbooru_anime_11919722.jpg,463,74
2604,images/real_human_humanart_17000000001864.jpg,454,69
2605,images/danbooru_anime_11906180.jpg,480,76
2606,images/coco_18426_221205.jpg,705,108
2607,images/painting_humanart_9000000001108.jpg,364,57
2608,images/danbooru_anime_11919622.jpg,384,63
2609,images/painting_humanart_6000000002245.jpg,570,100
2610,images/coco_348087_crowd.jpg,572,91
2611,images/danbooru_anime_11899972.jpg,555,88
2612,images/painting_humanart_9000000001174.jpg,444,73
2613,images/sculpture_humanart_14000000003782.jpg,748,114
2614,images/painting_humanart_9000000002186.jpg,500,82
2615,images/coco_24247_201558.jpg,254,44
2616,images/painting_humanart_10000000002446.jpg,364,59
2617,images/danbooru_anime_11920901.jpg,450,76
2618,images/sculpture_humanart_14000000004129.jpg,566,88
2619,images/painting_humanart_6000000001886.jpg,394,60
2620,images/real_human_humanart_15000000001649.jpg,679,104
2621,images/painting_humanart_2000000001274.jpg,788,125
2622,images/danbooru_anime_11910683.jpg,508,82
2623,images/painting_humanart_2000000001688.jpg,536,84
2624,images/coco_291251_465315.jpg,315,50
2625,images/sculpture_humanart_14000000003791.jpg,893,140
2626,images/painting_humanart_9000000000613.jpg,407,60
2627,images/real_human_humanart_17000000001578.jpg,528,78
2628,images/painting_humanart_10000000000816.jpg,527,81
2629,images/painting_humanart_10000000000617.jpg,530,76
2630,images/painting_humanart_9000000001640.jpg,414,61
2631,images/painting_humanart_9000000001871.jpg,433,64
2632,images/coco_315705_489068.jpg,428,73
2633,images/danbooru_anime_11910652.jpg,261,40
2634,images/painting_humanart_9000000002034.jpg,642,96
2635,images/danbooru_anime_11920071.jpg,429,73
2636,images/real_human_humanart_15000000000100.jpg,647,94
2637,images/danbooru_anime_11919637.jpg,563,87
2638,images/danbooru_anime_11920807.jpg,320,52
2639,images/painting_humanart_10000000000087.jpg,436,61
2640,images/real_human_humanart_17000000001777.jpg,583,84
2641,images/sculpture_humanart_14000000000690.jpg,613,94
2642,images/sculpture_humanart_14000000001773.jpg,570,85
2643,images/coco_332607_487262.jpg,373,63
2644,images/coco_313627_crowd.jpg,379,63
2645,images/danbooru_anime_11917156.jpg,697,104
2646,images/danbooru_anime_11917203.jpg,595,92
2647,images/painting_humanart_2000000001588.jpg,552,84
2648,images/danbooru_anime_11920015.jpg,393,68
2649,images/danbooru_anime_11919875.jpg,560,90
2650,images/coco_425964_crowd.jpg,475,85
2651,images/painting_humanart_10000000002955.jpg,729,119
2652,images/painting_humanart_2000000003041.jpg,539,84
2653,images/painting_humanart_2000000002149.jpg,519,85
2654,images/coco_72657_187971.jpg,307,54
2655,images/painting_humanart_1000000004187.jpg,329,54
2656,images/sculpture_humanart_14000000000268.jpg,644,95
2657,images/real_human_humanart_17000000002148.jpg,578,90
2658,images/sculpture_humanart_14000000004164.jpg,495,70
2659,images/coco_88335_crowd.jpg,413,66
2660,images/coco_478980_438220.jpg,519,81
2661,images/painting_humanart_10000000004710.jpg,345,53
2662,images/coco_572811_2158557.jpg,447,70
2663,images/painting_humanart_10000000001475.jpg,304,50
2664,images/painting_humanart_10000000000555.jpg,571,83
2665,images/painting_humanart_2000000001699.jpg,425,74
2666,images/danbooru_anime_11903835.jpg,662,104
2667,images/coco_114291_crowd.jpg,311,50
2668,images/painting_humanart_10000000000904.jpg,549,78
2669,images/sculpture_humanart_14000000001653.jpg,668,99
2670,images/danbooru_anime_11908698.jpg,319,48
2671,images/coco_301574_crowd.jpg,318,48
2672,images/painting_humanart_10000000000715.jpg,253,44
2673,images/sculpture_humanart_14000000000887.jpg,660,97
2674,images/painting_humanart_2000000000962.jpg,433,73
2675,images/painting_humanart_2000000000365.jpg,579,86
2676,images/danbooru_anime_11902804.jpg,246,39
2677,images/painting_humanart_9000000000459.jpg,610,89
2678,images/real_human_humanart_15000000002159.jpg,563,89
2679,images/sculpture_humanart_14000000004366.jpg,686,106
2680,images/real_human_humanart_17000000000484.jpg,688,109
2681,images/coco_303413_451828.jpg,206,37
2682,images/painting_humanart_6000000001144.jpg,538,84
2683,images/painting_humanart_1000000000751.jpg,594,93
2684,images/real_human_humanart_17000000000068.jpg,719,113
2685,images/coco_259099_471315.jpg,375,63
2686,images/painting_humanart_9000000001372.jpg,558,90
2687,images/coco_98656_crowd.jpg,718,118
2688,images/painting_humanart_10000000000846.jpg,385,60
2689,images/sculpture_humanart_14000000004278.jpg,558,90
2690,images/real_human_humanart_15000000002296.jpg,860,133
2691,images/coco_295377_426048.jpg,370,61
2692,images/coco_524061_1246046.jpg,519,83
2693,images/danbooru_anime_11916989.jpg,374,63
2694,images/coco_64015_497222.jpg,531,88
2695,images/real_human_humanart_17000000000482.jpg,738,111
2696,images/painting_humanart_6000000002605.jpg,346,56
2697,images/danbooru_anime_11909431.jpg,479,73
2698,images/coco_555622_crowd.jpg,691,98
2699,images/painting_humanart_2000000001679.jpg,596,92
2700,images/danbooru_anime_11919993.jpg,487,78
2701,images/coco_200563_480814.jpg,302,45
2702,images/painting_humanart_10000000000818.jpg,663,111
2703,images/real_human_humanart_15000000000045.jpg,749,115
2704,images/painting_humanart_2000000001143.jpg,618,102
2705,images/painting_humanart_2000000000277.jpg,524,83
2706,images/danbooru_anime_11910129.jpg,283,46
2707,images/coco_362778_crowd.jpg,522,86
2708,images/painting_humanart_9000000002474.jpg,547,94
2709,images/painting_humanart_9000000000778.jpg,212,35
2710,images/painting_humanart_1000000000950.jpg,523,87
2711,images/painting_humanart_2000000000600.jpg,580,93
2712,images/painting_humanart_2000000000079.jpg,592,99
2713,images/real_human_humanart_17000000001872.jpg,514,77
2714,images/danbooru_anime_11915938.jpg,548,89
2715,images/painting_humanart_2000000002806.jpg,398,58
2716,images/sculpture_humanart_14000000004062.jpg,521,84
2717,images/painting_humanart_6000000003583.jpg,865,144
2718,images/sculpture_humanart_14000000000312.jpg,481,76
2719,images/painting_humanart_1000000002413.jpg,402,69
2720,images/painting_humanart_1000000007586.jpg,390,64
2721,images/painting_humanart_9000000001099.jpg,566,99
2722,images/painting_humanart_9000000002253.jpg,373,56
2723,images/coco_15968_434955.jpg,251,42
2724,images/painting_humanart_6000000001542.jpg,461,70
2725,images/coco_560620_crowd.jpg,295,49
2726,images/painting_humanart_10000000001811.jpg,603,103
2727,images/sculpture_humanart_14000000004422.jpg,300,45
2728,images/painting_humanart_9000000002466.jpg,444,77
2729,images/painting_humanart_6000000001145.jpg,649,108
2730,images/sculpture_humanart_14000000004465.jpg,780,117
2731,images/coco_498327_1728097.jpg,637,101
2732,images/painting_humanart_1000000008385.jpg,422,68
2733,images/danbooru_anime_11920826.jpg,622,93
2734,images/painting_humanart_2000000002133.jpg,467,66
2735,images/coco_53754_465243.jpg,349,56
2736,images/coco_153803_crowd.jpg,591,95
2737,images/coco_446359_1227152.jpg,246,38
2738,images/painting_humanart_9000000002026.jpg,479,79
2739,images/painting_humanart_6000000003214.jpg,526,95
2740,images/danbooru_anime_11903364.jpg,378,59
2741,images/painting_humanart_9000000001124.jpg,490,82
2742,images/coco_511363_crowd.jpg,283,45
2743,images/coco_100438_crowd.jpg,505,82
2744,images/painting_humanart_10000000003222.jpg,242,40
2745,images/coco_417031_crowd.jpg,731,131
2746,images/coco_175737_186439.jpg,442,74
2747,images/coco_61897_crowd.jpg,501,77
2748,images/painting_humanart_10000000002544.jpg,564,91
2749,images/danbooru_anime_11920095.jpg,411,69
2750,images/painting_humanart_10000000003470.jpg,372,65
2751,images/painting_humanart_6000000003173.jpg,380,61
2752,images/painting_humanart_6000000003086.jpg,388,61
2753,images/sculpture_humanart_14000000000546.jpg,784,122
2754,images/painting_humanart_2000000003289.jpg,605,97
2755,images/coco_316605_crowd.jpg,422,63
2756,images/real_human_humanart_17000000000623.jpg,824,122
2757,images/real_human_humanart_17000000000356.jpg,682,105
2758,images/coco_465877_2162460.jpg,436,72
2759,images/painting_humanart_6000000002543.jpg,485,82
2760,images/painting_humanart_6000000001014.jpg,646,103
2761,images/danbooru_anime_11921164.jpg,487,75
2762,images/coco_168355_476084.jpg,397,65
2763,images/danbooru_anime_11920569.jpg,430,77
2764,images/coco_230679_190737.jpg,657,105
2765,images/real_human_humanart_15000000001223.jpg,468,78
2766,images/painting_humanart_6000000002590.jpg,347,51
2767,images/sculpture_humanart_14000000003726.jpg,599,89
2768,images/coco_540614_498912.jpg,255,42
2769,images/danbooru_anime_11904798.jpg,476,76
2770,images/danbooru_anime_11920346.jpg,384,63
2771,images/painting_humanart_10000000004654.jpg,460,78
2772,images/real_human_humanart_15000000002478.jpg,682,109
2773,images/danbooru_anime_11920174.jpg,618,93
2774,images/painting_humanart_10000000001557.jpg,330,50
2775,images/sculpture_humanart_14000000000270.jpg,774,121
2776,images/coco_104751_465120.jpg,335,53
2777,images/real_human_humanart_17000000000326.jpg,629,96
2778,images/coco_315620_crowd.jpg,545,83
2779,images/coco_228135_481941.jpg,448,73
2780,images/painting_humanart_10000000000764.jpg,538,75
2781,images/painting_humanart_6000000000647.jpg,411,61
2782,images/painting_humanart_9000000000038.jpg,486,76
2783,images/real_human_humanart_17000000001748.jpg,635,103
2784,images/painting_humanart_9000000001245.jpg,486,79
2785,images/danbooru_anime_11920254.jpg,401,69
2786,images/sculpture_humanart_14000000004479.jpg,708,111
2787,images/real_human_humanart_15000000000506.jpg,765,118
2788,images/danbooru_anime_11904168.jpg,479,81
2789,images/sculpture_humanart_14000000000241.jpg,506,77
2790,images/painting_humanart_10000000005019.jpg,295,46
2791,images/painting_humanart_6000000003551.jpg,237,41
2792,images/coco_63144_441787.jpg,237,41
2793,images/real_human_humanart_17000000002130.jpg,838,128
2794,images/painting_humanart_6000000001356.jpg,467,78
2795,images/painting_humanart_6000000001157.jpg,450,71
2796,images/danbooru_anime_11916902.jpg,404,66
2797,images/painting_humanart_10000000004214.jpg,381,64
2798,images/painting_humanart_10000000006525.jpg,466,71
2799,images/coco_424147_crowd.jpg,615,103
2800,images/sculpture_humanart_14000000002043.jpg,675,96
2801,images/danbooru_anime_11916583.jpg,339,55
2802,images/painting_humanart_10000000000834.jpg,534,83
2803,images/painting_humanart_10000000003557.jpg,376,62
2804,images/painting_humanart_9000000000567.jpg,359,57
2805,images/real_human_humanart_15000000000352.jpg,651,104
2806,images/painting_humanart_1000000002278.jpg,526,88
2807,images/real_human_humanart_15000000001066.jpg,429,64
2808,images/painting_humanart_6000000001946.jpg,388,61
2809,images/painting_humanart_2000000002340.jpg,706,104
2810,images/painting_humanart_1000000001014.jpg,455,70
2811,images/painting_humanart_9000000000079.jpg,400,66
2812,images/painting_humanart_9000000000783.jpg,347,53
2813,images/sculpture_humanart_14000000000474.jpg,706,112
2814,images/painting_humanart_9000000000727.jpg,399,63
2815,images/painting_humanart_6000000003594.jpg,510,78
2816,images/coco_484279_186960.jpg,437,72
2817,images/coco_84447_186848.jpg,754,121
2818,images/painting_humanart_6000000002268.jpg,334,56
2819,images/real_human_humanart_15000000000586.jpg,353,55
2820,images/real_human_humanart_17000000002359.jpg,340,51
2821,images/real_human_humanart_15000000001421.jpg,682,98
2822,images/painting_humanart_10000000000292.jpg,269,42
2823,images/real_human_humanart_15000000000431.jpg,539,82
2824,images/danbooru_anime_11918699.jpg,411,58
2825,images/danbooru_anime_11916428.jpg,342,52
2826,images/painting_humanart_1000000002155.jpg,343,59
2827,images/painting_humanart_6000000003036.jpg,462,71
2828,images/real_human_humanart_15000000001546.jpg,588,94
2829,images/painting_humanart_2000000001944.jpg,434,64
2830,images/real_human_humanart_15000000000549.jpg,619,98
2831,images/real_human_humanart_15000000000308.jpg,578,86
2832,images/real_human_humanart_17000000000440.jpg,745,110
2833,images/coco_314880_crowd.jpg,414,66
2834,images/painting_humanart_10000000000409.jpg,443,67
2835,images/painting_humanart_9000000000111.jpg,549,83
2836,images/painting_humanart_1000000002577.jpg,494,73
2837,images/real_human_humanart_15000000000775.jpg,693,109
2838,images/painting_humanart_1000000002682.jpg,395,67
2839,images/coco_15810_crowd.jpg,506,78
2840,images/coco_260221_221577.jpg,488,78
2841,images/painting_humanart_6000000000657.jpg,610,101
2842,images/danbooru_anime_11917225.jpg,399,63
2843,images/real_human_humanart_17000000001087.jpg,641,101
2844,images/coco_370657_crowd.jpg,375,56
2845,images/real_human_humanart_15000000000602.jpg,860,133
2846,images/danbooru_anime_11903349.jpg,648,100
2847,images/danbooru_anime_11910336.jpg,475,74
2848,images/real_human_humanart_17000000001410.jpg,689,109
2849,images/coco_171880_442195.jpg,364,69
2850,images/danbooru_anime_11911352.jpg,287,44
2851,images/sculpture_humanart_14000000000164.jpg,498,82
2852,images/painting_humanart_6000000003471.jpg,331,54
2853,images/painting_humanart_9000000002002.jpg,604,101
2854,images/real_human_humanart_17000000002253.jpg,509,69
2855,images/danbooru_anime_11918105.jpg,403,67
2856,images/coco_350840_1733464.jpg,275,44
2857,images/real_human_humanart_15000000001962.jpg,743,114
2858,images/coco_390731_crowd.jpg,290,51
2859,images/coco_95770_crowd.jpg,472,74
2860,images/sculpture_humanart_14000000002060.jpg,603,88
2861,images/coco_423093_194834.jpg,420,67
2862,images/painting_humanart_6000000003589.jpg,619,106
2863,images/coco_575964_crowd.jpg,309,47
2864,images/painting_humanart_2000000001261.jpg,488,75
2865,images/coco_135846_crowd.jpg,439,72
2866,images/danbooru_anime_11911238.jpg,463,73
2867,images/coco_44743_450808.jpg,604,89
2868,images/painting_humanart_9000000001462.jpg,479,78
2869,images/real_human_humanart_17000000000962.jpg,675,107
2870,images/painting_humanart_9000000001525.jpg,861,135
2871,images/painting_humanart_2000000000422.jpg,413,64
2872,images/coco_45110_185200.jpg,456,73
2873,images/danbooru_anime_11915975.jpg,405,65
2874,images/painting_humanart_10000000000639.jpg,403,61
2875,images/painting_humanart_9000000001529.jpg,491,85
2876,images/real_human_humanart_17000000002268.jpg,699,115
2877,images/real_human_humanart_15000000000840.jpg,736,119
2878,images/painting_humanart_6000000001599.jpg,318,48
2879,images/coco_209544_426038.jpg,381,66
2880,images/danbooru_anime_11916942.jpg,469,70
2881,images/painting_humanart_1000000000725.jpg,468,70
2882,images/painting_humanart_6000000003519.jpg,793,132
2883,images/sculpture_humanart_14000000003658.jpg,442,66
2884,images/painting_humanart_6000000000519.jpg,439,74
2885,images/painting_humanart_9000000000745.jpg,298,44
2886,images/painting_humanart_2000000000117.jpg,375,68
2887,images/danbooru_anime_11919365.jpg,562,88
2888,images/coco_56504_crowd.jpg,612,107
2889,images/coco_402662_455197.jpg,429,63
2890,images/coco_101491_crowd.jpg,463,68
2891,images/painting_humanart_2000000000545.jpg,363,56
2892,images/painting_humanart_9000000000169.jpg,455,72
2893,images/sculpture_humanart_14000000004452.jpg,649,105
2894,images/painting_humanart_6000000002722.jpg,321,50
2895,images/painting_humanart_6000000002291.jpg,384,63
2896,images/painting_humanart_1000000003501.jpg,467,78
2897,images/danbooru_anime_11920995.jpg,347,52
2898,images/painting_humanart_10000000000667.jpg,287,46
2899,images/sculpture_humanart_14000000000717.jpg,648,99
2900,images/danbooru_anime_11914073.jpg,412,63
2901,images/sculpture_humanart_14000000000686.jpg,326,54
2902,images/danbooru_anime_11915299.jpg,584,85
2903,images/painting_humanart_9000000000620.jpg,308,43
2904,images/painting_humanart_1000000006638.jpg,430,70
2905,images/painting_humanart_9000000001554.jpg,574,92
2906,images/painting_humanart_9000000001471.jpg,452,73
2907,images/painting_humanart_10000000000130.jpg,402,60
2908,images/real_human_humanart_17000000000709.jpg,881,127
2909,images/sculpture_humanart_14000000002044.jpg,624,94
2910,images/danbooru_anime_11900805.jpg,710,110
2911,images/coco_440940_192034.jpg,468,73
2912,images/painting_humanart_10000000003540.jpg,572,90
2913,images/real_human_humanart_17000000000736.jpg,875,143
2914,images/coco_572226_crowd.jpg,501,76
2915,images/coco_97479_1220149.jpg,630,103
2916,images/painting_humanart_9000000000584.jpg,522,83
2917,images/danbooru_anime_11909004.jpg,521,75
2918,images/painting_humanart_1000000004431.jpg,325,53
2919,images/coco_376449_2158561.jpg,248,37
2920,images/sculpture_humanart_14000000004447.jpg,574,89
2921,images/painting_humanart_1000000008111.jpg,480,76
2922,images/real_human_humanart_17000000002365.jpg,640,95
2923,images/painting_humanart_2000000001913.jpg,389,56
2924,images/painting_humanart_9000000000290.jpg,307,52
2925,images/painting_humanart_6000000003348.jpg,358,58
2926,images/painting_humanart_6000000000031.jpg,285,45
2927,images/painting_humanart_10000000005636.jpg,502,78
2928,images/painting_humanart_6000000002541.jpg,423,76
2929,images/painting_humanart_9000000001175.jpg,376,59
2930,images/painting_humanart_6000000001842.jpg,315,51
2931,images/painting_humanart_1000000001639.jpg,313,46
2932,images/sculpture_humanart_14000000000755.jpg,509,80
2933,images/sculpture_humanart_14000000003829.jpg,385,59
2934,images/painting_humanart_6000000001460.jpg,395,65
2935,images/danbooru_anime_11909186.jpg,257,40
2936,images/real_human_humanart_17000000002302.jpg,685,107
2937,images/real_human_humanart_15000000002493.jpg,519,81
2938,images/painting_humanart_6000000001188.jpg,489,77
2939,images/sculpture_humanart_14000000000586.jpg,621,103
2940,images/sculpture_humanart_14000000004115.jpg,611,92
2941,images/danbooru_anime_11906099.jpg,708,107
2942,images/danbooru_anime_11916647.jpg,508,81
2943,images/danbooru_anime_11915849.jpg,392,67
2944,images/coco_25997_1726130.jpg,244,37
2945,images/painting_humanart_1000000002900.jpg,405,71
2946,images/danbooru_anime_11919957.jpg,526,82
2947,images/sculpture_humanart_14000000003925.jpg,754,115
2948,images/sculpture_humanart_14000000004459.jpg,470,73
2949,images/coco_330053_crowd.jpg,589,100
2950,images/coco_444719_427336.jpg,466,74
2951,images/coco_391940_crowd.jpg,444,73
2952,images/painting_humanart_10000000002895.jpg,454,75
2953,images/sculpture_humanart_14000000004426.jpg,607,94
2954,images/real_human_humanart_15000000001475.jpg,659,94
2955,images/painting_humanart_10000000000058.jpg,487,75
2956,images/coco_438077_190869.jpg,475,76
2957,images/real_human_humanart_17000000001039.jpg,537,79
2958,images/coco_95106_crowd.jpg,546,91
2959,images/danbooru_anime_11911874.jpg,794,134
2960,images/painting_humanart_2000000001689.jpg,515,86
2961,images/danbooru_anime_11921406.jpg,577,88
2962,images/painting_humanart_9000000000167.jpg,433,66
2963,images/danbooru_anime_11918216.jpg,582,97
2964,images/painting_humanart_9000000001024.jpg,396,58
2965,images/coco_464317_446853.jpg,631,104
2966,images/real_human_humanart_17000000001580.jpg,553,85
2967,images/real_human_humanart_17000000001783.jpg,573,94
2968,images/coco_226173_467208.jpg,312,52
2969,images/danbooru_anime_11921394.jpg,324,50
2970,images/painting_humanart_2000000003046.jpg,735,110
2971,images/coco_208476_451741.jpg,264,45
2972,images/painting_humanart_10000000000522.jpg,405,58
2973,images/coco_63934_505639.jpg,409,67
2974,images/coco_487282_421546.jpg,386,66
2975,images/painting_humanart_6000000002756.jpg,491,83
2976,images/coco_330091_1212417.jpg,418,67
2977,images/real_human_humanart_17000000001668.jpg,412,70
2978,images/danbooru_anime_11901467.jpg,379,59
2979,images/coco_530631_2205750.jpg,605,91
2980,images/real_human_humanart_15000000001505.jpg,740,115
2981,images/sculpture_humanart_14000000000114.jpg,544,81
2982,images/coco_105996_192826.jpg,435,73
2983,images/coco_114790_434462.jpg,302,48
2984,images/danbooru_anime_11919482.jpg,633,97
2985,images/painting_humanart_2000000002710.jpg,575,94
2986,images/coco_524536_crowd.jpg,431,71
2987,images/real_human_humanart_17000000000055.jpg,360,53
2988,images/danbooru_anime_11916912.jpg,572,90
2989,images/danbooru_anime_11908080.jpg,276,44
2990,images/painting_humanart_10000000001327.jpg,664,104
2991,images/coco_456552_445953.jpg,710,108
2992,images/painting_humanart_10000000004141.jpg,268,42
2993,images/sculpture_humanart_14000000003160.jpg,625,95
2994,images/painting_humanart_2000000001662.jpg,422,69
2995,images/danbooru_anime_11911328.jpg,468,73
2996,images/real_human_humanart_17000000000480.jpg,862,130
2997,images/coco_123137_crowd.jpg,436,73
2998,images/painting_humanart_10000000000851.jpg,227,35
2999,images/real_human_humanart_17000000001693.jpg,582,90
3000,images/painting_humanart_9000000002189.jpg,520,80
3001,images/coco_65604_210724.jpg,505,82
3002,images/real_human_humanart_15000000001945.jpg,487,70
3003,images/painting_humanart_6000000001799.jpg,411,61
3004,images/real_human_humanart_17000000001549.jpg,467,72
3005,images/painting_humanart_1000000001444.jpg,455,75
3006,images/painting_humanart_1000000000192.jpg,431,72
3007,images/sculpture_humanart_14000000003534.jpg,785,122
3008,images/coco_314383_crowd.jpg,486,78
3009,images/painting_humanart_6000000002140.jpg,357,54
3010,images/painting_humanart_10000000003135.jpg,453,70
3011,images/sculpture_humanart_14000000001523.jpg,459,65
3012,images/painting_humanart_1000000003912.jpg,436,74
3013,images/danbooru_anime_11912432.jpg,507,87
3014,images/painting_humanart_10000000001433.jpg,665,110
3015,images/painting_humanart_6000000002346.jpg,560,89
3016,images/coco_121788_487284.jpg,371,56
3017,images/painting_humanart_2000000001920.jpg,432,59
3018,images/coco_581328_438103.jpg,436,73
3019,images/coco_220187_crowd.jpg,483,81
3020,images/coco_26209_202485.jpg,502,81
3021,images/real_human_humanart_15000000001049.jpg,651,106
3022,images/coco_449828_218436.jpg,300,49
3023,images/coco_315641_534809.jpg,295,45
3024,images/painting_humanart_6000000002202.jpg,755,122
3025,images/painting_humanart_10000000004554.jpg,659,89
3026,images/real_human_humanart_17000000000848.jpg,811,126
3027,images/coco_400401_1709234.jpg,424,71
3028,images/painting_humanart_6000000000206.jpg,427,74
3029,images/painting_humanart_2000000002072.jpg,537,82
3030,images/coco_287570_2156946.jpg,293,43
3031,images/real_human_humanart_15000000001902.jpg,682,114
3032,images/painting_humanart_10000000000557.jpg,362,53
3033,images/coco_283698_crowd.jpg,396,57
3034,images/real_human_humanart_17000000001652.jpg,739,117
3035,images/painting_humanart_9000000000021.jpg,311,48
3036,images/danbooru_anime_11921457.jpg,416,69
3037,images/coco_419265_199150.jpg,546,94
3038,images/real_human_humanart_15000000001831.jpg,703,109
3039,images/painting_humanart_10000000000705.jpg,357,55
3040,images/sculpture_humanart_14000000004513.jpg,456,67
3041,images/real_human_humanart_17000000001239.jpg,688,113
3042,images/real_human_humanart_15000000001032.jpg,585,90
3043,images/danbooru_anime_11917285.jpg,505,76
3044,images/coco_216863_crowd.jpg,627,98
3045,images/painting_humanart_6000000003611.jpg,599,91
3046,images/real_human_humanart_15000000000186.jpg,738,119
3047,images/coco_215755_crowd.jpg,433,72
3048,images/real_human_humanart_17000000000324.jpg,626,90
3049,images/painting_humanart_6000000002552.jpg,514,81
3050,images/coco_278172_183361.jpg,358,64
3051,images/danbooru_anime_11911681.jpg,311,51
3052,images/coco_233405_438515.jpg,371,58
3053,images/sculpture_humanart_14000000001704.jpg,484,73
3054,images/real_human_humanart_17000000002207.jpg,561,87
3055,images/coco_503108_187358.jpg,585,95
3056,images/coco_322056_188505.jpg,300,58
3057,images/painting_humanart_9000000001481.jpg,449,70
3058,images/coco_234251_213139.jpg,344,54
3059,images/painting_humanart_10000000004593.jpg,488,76
3060,images/real_human_humanart_15000000001587.jpg,512,77
3061,images/real_human_humanart_15000000001125.jpg,644,102
3062,images/painting_humanart_6000000002563.jpg,1004,160
3063,images/coco_71573_422077.jpg,545,84
3064,images/real_human_humanart_15000000000676.jpg,624,100
3065,images/danbooru_anime_11910316.jpg,552,85
3066,images/painting_humanart_10000000005349.jpg,550,88
3067,images/painting_humanart_6000000003465.jpg,799,131
3068,images/danbooru_anime_11910146.jpg,689,115
3069,images/painting_humanart_9000000000305.jpg,341,58
3070,images/coco_246064_183209.jpg,271,45
3071,images/real_human_humanart_17000000001110.jpg,680,102
3072,images/danbooru_anime_11902672.jpg,354,58
3073,images/painting_humanart_6000000000490.jpg,240,41
3074,images/painting_humanart_10000000003173.jpg,273,42
3075,images/painting_humanart_6000000002940.jpg,368,63
3076,images/painting_humanart_9000000002049.jpg,784,127
3077,images/painting_humanart_10000000005986.jpg,607,92
3078,images/real_human_humanart_17000000002018.jpg,884,137
3079,images/painting_humanart_2000000002547.jpg,396,62
3080,images/painting_humanart_10000000006171.jpg,598,92
3081,images/real_human_humanart_17000000001919.jpg,670,103
3082,images/painting_humanart_1000000000524.jpg,312,53
3083,images/painting_humanart_9000000001503.jpg,432,67
3084,images/coco_534817_210215.jpg,335,57
3085,images/painting_humanart_6000000002945.jpg,427,69
3086,images/coco_554114_425233.jpg,413,66
3087,images/sculpture_humanart_14000000004291.jpg,409,71
3088,images/sculpture_humanart_14000000004022.jpg,598,94
3089,images/sculpture_humanart_14000000001640.jpg,340,53
3090,images/painting_humanart_6000000001950.jpg,440,69
3091,images/painting_humanart_10000000000832.jpg,572,86
3092,images/painting_humanart_10000000000875.jpg,343,51
3093,images/painting_humanart_2000000000373.jpg,452,72
3094,images/sculpture_humanart_14000000001815.jpg,750,110
3095,images/danbooru_anime_11918549.jpg,386,65
3096,images/real_human_humanart_15000000001792.jpg,410,64
3097,images/danbooru_anime_11901892.jpg,513,77
3098,images/coco_87889_crowd.jpg,561,92
3099,images/painting_humanart_2000000002889.jpg,479,72
3100,images/painting_humanart_2000000001847.jpg,455,70
3101,images/danbooru_anime_11911048.jpg,646,99
3102,images/danbooru_anime_11919445.jpg,326,49
3103,images/painting_humanart_6000000003414.jpg,278,44
3104,images/painting_humanart_10000000006545.jpg,484,75
3105,images/sculpture_humanart_14000000000064.jpg,794,116
3106,images/coco_486172_468140.jpg,464,76
3107,images/real_human_humanart_15000000001785.jpg,684,111
3108,images/coco_148243_crowd.jpg,525,83
3109,images/coco_380330_456074.jpg,372,58
3110,images/real_human_humanart_15000000000746.jpg,558,81
3111,images/painting_humanart_2000000001061.jpg,586,93
3112,images/danbooru_anime_11919164.jpg,495,81
3113,images/painting_humanart_10000000003521.jpg,588,90
3114,images/real_human_humanart_15000000001285.jpg,642,100
3115,images/painting_humanart_1000000003487.jpg,546,91
3116,images/real_human_humanart_17000000001126.jpg,669,97
3117,images/coco_261603_198873.jpg,570,92
3118,images/painting_humanart_2000000001764.jpg,646,109
3119,images/painting_humanart_6000000001548.jpg,446,80
3120,images/painting_humanart_1000000007338.jpg,315,54
3121,images/danbooru_anime_11902633.jpg,827,127
3122,images/sculpture_humanart_14000000001331.jpg,374,58
3123,images/painting_humanart_6000000003547.jpg,607,103
3124,images/real_human_humanart_15000000000895.jpg,520,84
3125,images/sculpture_humanart_14000000003804.jpg,399,61
3126,images/sculpture_humanart_14000000004400.jpg,552,83
3127,images/coco_256260_430024.jpg,291,45
3128,images/coco_426070_212223.jpg,541,87
3129,images/real_human_humanart_17000000000688.jpg,544,80
3130,images/real_human_humanart_17000000000351.jpg,759,114
3131,images/coco_28194_466558.jpg,258,40
3132,images/painting_humanart_2000000003082.jpg,459,76
3133,images/painting_humanart_6000000002071.jpg,429,72
3134,images/real_human_humanart_15000000001449.jpg,846,134
3135,images/painting_humanart_9000000001682.jpg,524,79
3136,images/real_human_humanart_17000000000754.jpg,485,76
3137,images/painting_humanart_10000000005360.jpg,447,78
3138,images/coco_32464_1751822.jpg,486,76
3139,images/painting_humanart_2000000002442.jpg,837,137
3140,images/real_human_humanart_17000000000118.jpg,434,67
3141,images/sculpture_humanart_14000000003911.jpg,889,129
3142,images/painting_humanart_2000000001295.jpg,456,75
3143,images/coco_552075_462040.jpg,342,56
3144,images/sculpture_humanart_14000000003960.jpg,328,45
3145,images/sculpture_humanart_14000000000663.jpg,539,78
3146,images/coco_324285_191520.jpg,355,57
3147,images/painting_humanart_9000000001205.jpg,574,88
3148,images/sculpture_humanart_14000000003754.jpg,683,104
3149,images/painting_humanart_9000000000934.jpg,307,48
3150,images/coco_13296_crowd.jpg,271,44
3151,images/danbooru_anime_11919520.jpg,454,70
3152,images/painting_humanart_10000000000829.jpg,327,48
3153,images/coco_392781_538000.jpg,519,83
3154,images/painting_humanart_10000000001099.jpg,604,98
3155,images/real_human_humanart_17000000001640.jpg,561,89
3156,images/coco_569841_crowd.jpg,501,82
3157,images/painting_humanart_2000000002239.jpg,505,85
3158,images/coco_302290_crowd.jpg,255,39
3159,images/real_human_humanart_17000000002442.jpg,589,91
3160,images/sculpture_humanart_14000000000933.jpg,585,88
3161,images/painting_humanart_10000000000841.jpg,648,101
3162,images/danbooru_anime_11921288.jpg,364,62
3163,images/real_human_humanart_17000000000974.jpg,728,110
3164,images/real_human_humanart_17000000002118.jpg,912,137
3165,images/painting_humanart_9000000000565.jpg,629,93
3166,images/real_human_humanart_15000000001989.jpg,1050,170
3167,images/real_human_humanart_15000000001395.jpg,536,84
3168,images/coco_348838_2164053.jpg,317,50
3169,images/painting_humanart_9000000001981.jpg,444,67
3170,images/danbooru_anime_11913182.jpg,826,121
3171,images/danbooru_anime_11915588.jpg,469,70
3172,images/real_human_humanart_15000000001387.jpg,528,78
3173,images/painting_humanart_10000000000897.jpg,403,65
3174,images/coco_430054_451272.jpg,286,47
3175,images/real_human_humanart_17000000000615.jpg,673,97
3176,images/danbooru_anime_11919102.jpg,402,66
3177,images/painting_humanart_9000000002024.jpg,564,88
3178,images/coco_320480_crowd.jpg,576,93
3179,images/real_human_humanart_15000000001470.jpg,595,86
3180,images/coco_463836_441196.jpg,455,70
3181,images/painting_humanart_6000000002434.jpg,323,52
3182,images/painting_humanart_2000000000054.jpg,661,101
3183,images/coco_437347_1726965.jpg,295,47
3184,images/coco_281429_437776.jpg,393,65
3185,images/painting_humanart_1000000000754.jpg,930,137
3186,images/real_human_humanart_15000000000364.jpg,642,95
3187,images/coco_298225_219360.jpg,291,46
3188,images/danbooru_anime_11915631.jpg,455,69
3189,images/coco_410942_crowd.jpg,379,56
3190,images/coco_209925_457675.jpg,343,53
3191,images/danbooru_anime_11915591.jpg,552,83
3192,images/sculpture_humanart_14000000002007.jpg,557,86
3193,images/real_human_humanart_17000000000942.jpg,629,104
3194,images/coco_296994_crowd.jpg,330,58
3195,images/sculpture_humanart_14000000001905.jpg,403,56
3196,images/painting_humanart_10000000001913.jpg,505,79
3197,images/real_human_humanart_15000000002379.jpg,476,74
3198,images/real_human_humanart_17000000001437.jpg,406,66
3199,images/coco_147653_468009.jpg,220,36
3200,images/painting_humanart_10000000000577.jpg,404,59
3201,images/coco_423484_crowd.jpg,412,64
3202,images/painting_humanart_6000000000151.jpg,383,64
3203,images/danbooru_anime_11919416.jpg,459,69
3204,images/real_human_humanart_15000000001355.jpg,562,84
3205,images/painting_humanart_2000000003209.jpg,461,76
3206,images/coco_162021_crowd.jpg,427,67
3207,images/danbooru_anime_11917254.jpg,460,70
3208,images/painting_humanart_1000000008123.jpg,641,115
3209,images/sculpture_humanart_14000000000826.jpg,476,79
3210,images/sculpture_humanart_14000000000327.jpg,591,86
3211,images/painting_humanart_9000000000623.jpg,320,56
3212,images/painting_humanart_2000000001872.jpg,531,82
3213,images/danbooru_anime_11915351.jpg,611,90
3214,images/sculpture_humanart_14000000004076.jpg,452,74
3215,images/coco_131018_512474.jpg,316,49
3216,images/real_human_humanart_17000000000738.jpg,785,124
3217,images/painting_humanart_6000000002427.jpg,632,105
3218,images/coco_386035_482217.jpg,427,69
3219,images/coco_381416_1210434.jpg,272,45
3220,images/painting_humanart_1000000003211.jpg,531,81
3221,images/painting_humanart_9000000001469.jpg,435,74
3222,images/real_human_humanart_17000000000724.jpg,942,150
3223,images/painting_humanart_2000000002122.jpg,328,52
3224,images/sculpture_humanart_14000000001626.jpg,640,94
3225,images/painting_humanart_1000000000281.jpg,247,43
3226,images/painting_humanart_10000000000663.jpg,551,85
3227,images/danbooru_anime_11917311.jpg,403,59
3228,images/painting_humanart_6000000002287.jpg,350,59
3229,images/real_human_humanart_17000000000198.jpg,537,75
3230,images/sculpture_humanart_14000000001850.jpg,637,96
3231,images/painting_humanart_6000000002565.jpg,492,79
3232,images/coco_102837_471724.jpg,337,51
3233,images/real_human_humanart_17000000000339.jpg,516,77
3234,images/coco_431256_489218.jpg,296,44
3235,images/coco_551959_2198209.jpg,337,57
3236,images/painting_humanart_10000000001535.jpg,400,68
3237,images/coco_468953_crowd.jpg,450,74
3238,images/danbooru_anime_11918353.jpg,260,40
3239,images/sculpture_humanart_14000000004324.jpg,501,72
3240,images/painting_humanart_6000000000738.jpg,493,88
3241,images/real_human_humanart_17000000000405.jpg,486,79
3242,images/danbooru_anime_11917800.jpg,579,88
3243,images/painting_humanart_10000000000651.jpg,543,84
3244,images/painting_humanart_2000000000101.jpg,405,67
3245,images/danbooru_anime_11919558.jpg,631,104
3246,images/coco_296848_495030.jpg,331,55
3247,images/painting_humanart_1000000004883.jpg,585,99
3248,images/painting_humanart_9000000002468.jpg,594,92
3249,images/real_human_humanart_15000000001099.jpg,719,113
3250,images/real_human_humanart_17000000001947.jpg,528,75
3251,images/coco_448181_186653.jpg,465,77
3252,images/danbooru_anime_11909622.jpg,368,55
3253,images/sculpture_humanart_14000000000713.jpg,620,98
3254,images/painting_humanart_6000000003518.jpg,509,82
3255,images/painting_humanart_1000000008156.jpg,515,95
3256,images/danbooru_anime_11900309.jpg,387,68
3257,images/painting_humanart_1000000001453.jpg,550,86
3258,images/danbooru_anime_11921110.jpg,405,64
3259,images/painting_humanart_10000000006259.jpg,583,88
3260,images/real_human_humanart_17000000001320.jpg,672,98
3261,images/danbooru_anime_11919992.jpg,304,46
3262,images/danbooru_anime_11918324.jpg,662,108
3263,images/painting_humanart_9000000000379.jpg,339,54
3264,images/coco_14600_2164640.jpg,313,48
3265,images/painting_humanart_6000000002137.jpg,536,97
3266,images/painting_humanart_9000000000680.jpg,286,49
3267,images/painting_humanart_9000000001209.jpg,341,55
3268,images/real_human_humanart_15000000002130.jpg,923,145
3269,images/coco_6748_465186.jpg,482,76
3270,images/coco_442136_217892.jpg,406,70
3271,images/painting_humanart_6000000001578.jpg,396,63
3272,images/real_human_humanart_15000000001977.jpg,707,105
3273,images/painting_humanart_2000000000068.jpg,514,76
3274,images/sculpture_humanart_14000000004052.jpg,771,118
3275,images/coco_143143_crowd.jpg,366,64
3276,images/painting_humanart_9000000002033.jpg,600,94
3277,images/danbooru_anime_11899980.jpg,389,63
3278,images/painting_humanart_6000000000129.jpg,384,65
3279,images/real_human_humanart_15000000000390.jpg,743,112
3280,images/painting_humanart_6000000000174.jpg,519,82
3281,images/painting_humanart_9000000002663.jpg,547,86
3282,images/real_human_humanart_17000000001646.jpg,616,96
3283,images/real_human_humanart_15000000000295.jpg,628,102
3284,images/coco_217312_crowd.jpg,464,72
3285,images/sculpture_humanart_14000000004494.jpg,436,67
3286,images/sculpture_humanart_14000000000436.jpg,707,106
3287,images/danbooru_anime_11903472.jpg,333,53
3288,images/painting_humanart_6000000000954.jpg,482,80
3289,images/real_human_humanart_15000000001118.jpg,770,125
3290,images/real_human_humanart_15000000001749.jpg,499,72
3291,images/coco_212116_crowd.jpg,184,30
3292,images/painting_humanart_9000000001383.jpg,373,59
3293,images/coco_43344_crowd.jpg,456,77
3294,images/real_human_humanart_15000000001818.jpg,542,87
3295,images/painting_humanart_9000000000677.jpg,266,42
3296,images/real_human_humanart_15000000000018.jpg,605,87
3297,images/real_human_humanart_15000000001642.jpg,682,115
3298,images/painting_humanart_2000000002514.jpg,651,101
3299,images/painting_humanart_9000000000255.jpg,391,62
3300,images/danbooru_anime_11917991.jpg,403,64
3301,images/danbooru_anime_11917100.jpg,600,96
3302,images/coco_377111_423918.jpg,427,66
3303,images/real_human_humanart_15000000001850.jpg,720,114
3304,images/sculpture_humanart_14000000001479.jpg,664,105
3305,images/sculpture_humanart_14000000003965.jpg,600,91
3306,images/coco_310788_194377.jpg,431,70
3307,images/danbooru_anime_11912681.jpg,287,47
3308,images/coco_179199_1211644.jpg,391,61
3309,images/real_human_humanart_17000000002399.jpg,626,94
3310,images/danbooru_anime_11919646.jpg,349,58
3311,images/painting_humanart_9000000001853.jpg,417,59
3312,images/real_human_humanart_15000000002442.jpg,628,95
3313,images/danbooru_anime_11901939.jpg,435,67
3314,images/painting_humanart_9000000000853.jpg,335,51
3315,images/coco_57086_crowd.jpg,449,72
3316,images/painting_humanart_10000000000486.jpg,293,48
3317,images/coco_92985_crowd.jpg,510,84
3318,images/painting_humanart_1000000001859.jpg,304,51
3319,images/danbooru_anime_11904348.jpg,591,96
3320,images/danbooru_anime_11912639.jpg,187,31
3321,images/coco_5247_crowd.jpg,466,75
3322,images/painting_humanart_10000000000576.jpg,402,67
3323,images/real_human_humanart_15000000001662.jpg,663,107
3324,images/real_human_humanart_17000000002300.jpg,728,118
3325,images/painting_humanart_1000000001207.jpg,654,105
3326,images/danbooru_anime_11906861.jpg,453,75
3327,images/real_human_humanart_17000000001735.jpg,614,94
3328,images/danbooru_anime_11908489.jpg,570,84
3329,images/painting_humanart_2000000001961.jpg,573,92
3330,images/real_human_humanart_15000000002424.jpg,645,106
3331,images/painting_humanart_10000000000679.jpg,308,46
3332,images/real_human_humanart_15000000001510.jpg,655,99
3333,images/danbooru_anime_11901107.jpg,285,44
3334,images/sculpture_humanart_14000000003946.jpg,648,96
3335,images/coco_343062_423737.jpg,651,102
3336,images/danbooru_anime_11916434.jpg,391,65
3337,images/painting_humanart_2000000000575.jpg,548,80
3338,images/painting_humanart_6000000002774.jpg,517,84
3339,images/real_human_humanart_17000000001825.jpg,480,73
3340,images/painting_humanart_9000000002668.jpg,532,90
3341,images/danbooru_anime_11906998.jpg,768,133
3342,images/danbooru_anime_11920462.jpg,663,104
3343,images/real_human_humanart_15000000000326.jpg,577,89
3344,images/painting_humanart_9000000000941.jpg,382,59
3345,images/real_human_humanart_17000000002100.jpg,698,108
3346,images/coco_326938_crowd.jpg,446,77
3347,images/real_human_humanart_17000000001023.jpg,474,73
3348,images/coco_444028_189734.jpg,778,132
3349,images/sculpture_humanart_14000000001497.jpg,663,103
3350,images/sculpture_humanart_14000000002028.jpg,593,94
3351,images/danbooru_anime_11916462.jpg,323,50
3352,images/painting_humanart_1000000002175.jpg,667,116
3353,images/real_human_humanart_17000000000919.jpg,382,59
3354,images/real_human_humanart_17000000000841.jpg,891,139
3355,images/danbooru_anime_11921291.jpg,310,46
3356,images/danbooru_anime_11920589.jpg,419,71
3357,images/sculpture_humanart_14000000003993.jpg,689,106
3358,images/painting_humanart_2000000000407.jpg,527,84
3359,images/painting_humanart_2000000001437.jpg,637,102
3360,images/painting_humanart_9000000000275.jpg,558,81
3361,images/real_human_humanart_15000000002466.jpg,494,75
3362,images/painting_humanart_10000000002714.jpg,301,47
3363,images/painting_humanart_1000000001473.jpg,486,75
3364,images/real_human_humanart_17000000001115.jpg,679,101
3365,images/sculpture_humanart_14000000001659.jpg,447,63
3366,images/painting_humanart_10000000002461.jpg,555,96
3367,images/coco_548361_457443.jpg,403,71
3368,images/sculpture_humanart_14000000000214.jpg,435,69
3369,images/real_human_humanart_15000000000140.jpg,375,62
3370,images/real_human_humanart_17000000000548.jpg,641,96
3371,images/real_human_humanart_17000000002455.jpg,862,134
3372,images/painting_humanart_2000000000418.jpg,361,62
3373,images/painting_humanart_6000000000026.jpg,466,72
3374,images/coco_360208_crowd.jpg,394,62
3375,images/painting_humanart_1000000003050.jpg,356,61
3376,images/sculpture_humanart_14000000003755.jpg,601,89
3377,images/real_human_humanart_17000000001987.jpg,646,103
3378,images/painting_humanart_10000000006441.jpg,376,63
3379,images/coco_122161_crowd.jpg,575,91
3380,images/painting_humanart_2000000003125.jpg,450,74
3381,images/danbooru_anime_11909941.jpg,620,102
3382,images/painting_humanart_2000000003232.jpg,591,91
3383,images/painting_humanart_10000000003546.jpg,432,73
3384,images/painting_humanart_6000000003393.jpg,536,92
3385,images/painting_humanart_9000000001775.jpg,404,68
3386,images/real_human_humanart_17000000001471.jpg,592,89
3387,images/painting_humanart_9000000000617.jpg,522,79
3388,images/coco_458103_471703.jpg,359,64
3389,images/coco_110052_1713165.jpg,631,106
3390,images/painting_humanart_2000000001684.jpg,284,45
3391,images/real_human_humanart_15000000000974.jpg,705,111
3392,images/painting_humanart_10000000002532.jpg,422,72
3393,images/painting_humanart_9000000000190.jpg,441,71
3394,images/danbooru_anime_11919497.jpg,430,72
3395,images/coco_81303_478372.jpg,388,62
3396,images/painting_humanart_2000000003040.jpg,461,70
3397,images/painting_humanart_1000000008237.jpg,397,66
3398,images/coco_163260_crowd.jpg,435,78
3399,images/real_human_humanart_17000000000112.jpg,688,111
3400,images/painting_humanart_2000000000461.jpg,664,106
3401,images/real_human_humanart_15000000000571.jpg,604,93
3402,images/sculpture_humanart_14000000004176.jpg,532,87
3403,images/real_human_humanart_17000000000858.jpg,725,114
3404,images/coco_489248_203049.jpg,386,64
3405,images/painting_humanart_10000000003610.jpg,451,74
3406,images/coco_149669_crowd.jpg,486,74
3407,images/painting_humanart_1000000008326.jpg,273,48
3408,images/painting_humanart_10000000001516.jpg,652,106
3409,images/coco_367953_500216.jpg,429,71
3410,images/painting_humanart_6000000002392.jpg,521,75
3411,images/painting_humanart_2000000001139.jpg,328,49
3412,images/coco_147979_185410.jpg,288,44
3413,images/danbooru_anime_11921399.jpg,409,70
3414,images/coco_11316_483796.jpg,389,68
3415,images/painting_humanart_10000000000824.jpg,501,78
3416,images/painting_humanart_2000000002763.jpg,549,80
3417,images/coco_274418_461652.jpg,610,97
3418,images/painting_humanart_2000000001200.jpg,586,97
3419,images/real_human_humanart_17000000000281.jpg,695,105
3420,images/coco_9801_195875.jpg,569,97
3421,images/painting_humanart_10000000003562.jpg,434,71
3422,images/coco_516998_crowd.jpg,768,128
3423,images/coco_579362_212502.jpg,383,67
3424,images/real_human_humanart_15000000001596.jpg,659,95
3425,images/real_human_humanart_17000000000786.jpg,1015,159
3426,images/coco_146676_450352.jpg,756,122
3427,images/real_human_humanart_15000000001579.jpg,719,119
3428,images/painting_humanart_10000000006519.jpg,295,43
3429,images/coco_298186_crowd.jpg,305,51
3430,images/real_human_humanart_17000000000015.jpg,568,84
3431,images/painting_humanart_9000000002296.jpg,319,50
3432,images/coco_576305_455769.jpg,311,48
3433,images/coco_384995_449205.jpg,470,73
3434,images/coco_330754_crowd.jpg,444,74
3435,images/painting_humanart_9000000001840.jpg,612,96
3436,images/painting_humanart_2000000000288.jpg,217,33
3437,images/painting_humanart_2000000003022.jpg,629,104
3438,images/danbooru_anime_11920402.jpg,393,65
3439,images/painting_humanart_2000000001857.jpg,405,63
3440,images/sculpture_humanart_14000000004512.jpg,219,31
3441,images/coco_526778_481240.jpg,373,63
3442,images/painting_humanart_1000000006796.jpg,269,42
3443,images/coco_220511_crowd.jpg,365,59
3444,images/danbooru_anime_11901725.jpg,494,80
3445,images/sculpture_humanart_14000000001973.jpg,611,96
3446,images/real_human_humanart_17000000000263.jpg,492,78
3447,images/danbooru_anime_11918559.jpg,606,95
3448,images/coco_333737_198350.jpg,381,62
3449,images/painting_humanart_9000000000170.jpg,353,55
3450,images/painting_humanart_10000000000785.jpg,291,49
3451,images/coco_384723_518103.jpg,266,46
3452,images/painting_humanart_1000000005088.jpg,449,72
3453,images/real_human_humanart_15000000002148.jpg,946,148
3454,images/painting_humanart_1000000003267.jpg,238,40
3455,images/danbooru_anime_11905457.jpg,305,47
3456,images/sculpture_humanart_14000000000818.jpg,610,91
3457,images/painting_humanart_10000000003889.jpg,357,58
3458,images/coco_147393_455425.jpg,402,61
3459,images/coco_467887_205907.jpg,404,67
3460,images/real_human_humanart_17000000000510.jpg,691,110
3461,images/painting_humanart_2000000002318.jpg,529,85
3462,images/sculpture_humanart_14000000000966.jpg,373,56
3463,images/painting_humanart_1000000000534.jpg,378,54
3464,images/danbooru_anime_11917626.jpg,337,52
3465,images/danbooru_anime_11916578.jpg,610,94
3466,images/real_human_humanart_15000000000550.jpg,656,104
3467,images/coco_165419_461362.jpg,248,44
3468,images/danbooru_anime_11920460.jpg,455,72
3469,images/danbooru_anime_11906223.jpg,601,98
3470,images/painting_humanart_6000000003003.jpg,498,81
3471,images/danbooru_anime_11920356.jpg,523,81
3472,images/painting_humanart_6000000001068.jpg,477,80
3473,images/real_human_humanart_17000000001372.jpg,620,99
3474,images/painting_humanart_2000000003160.jpg,517,82
3475,images/sculpture_humanart_14000000000924.jpg,855,127
3476,images/real_human_humanart_15000000001254.jpg,672,101
3477,images/real_human_humanart_15000000000436.jpg,559,86
3478,images/painting_humanart_10000000003255.jpg,293,48
3479,images/real_human_humanart_15000000000959.jpg,475,71
3480,images/painting_humanart_2000000002497.jpg,523,85
3481,images/real_human_humanart_15000000002435.jpg,768,113
3482,images/painting_humanart_9000000000927.jpg,442,69
3483,images/coco_248007_423665.jpg,382,66
3484,images/coco_531069_462273.jpg,492,74
3485,images/coco_565693_crowd.jpg,380,62
3486,images/painting_humanart_2000000002499.jpg,546,95
3487,images/coco_366502_446386.jpg,379,58
3488,images/painting_humanart_9000000001199.jpg,356,55
3489,images/coco_442962_210747.jpg,520,89
3490,images/danbooru_anime_11919692.jpg,487,77
3491,images/painting_humanart_9000000000697.jpg,519,76
3492,images/painting_humanart_10000000006189.jpg,446,71
3493,images/coco_173400_1707079.jpg,382,67
3494,images/sculpture_humanart_14000000001247.jpg,574,98
3495,images/real_human_humanart_15000000000257.jpg,591,94
3496,images/painting_humanart_2000000002338.jpg,527,87
3497,images/painting_humanart_10000000000898.jpg,527,83
3498,images/painting_humanart_1000000001694.jpg,213,34
3499,images/real_human_humanart_15000000001103.jpg,651,99
3500,images/real_human_humanart_15000000000572.jpg,666,105
3501,images/real_human_humanart_15000000001016.jpg,623,101
3502,images/painting_humanart_6000000000501.jpg,563,86
3503,images/painting_humanart_9000000002701.jpg,476,73
3504,images/sculpture_humanart_14000000000652.jpg,459,73
3505,images/coco_260036_438218.jpg,277,46
3506,images/sculpture_humanart_14000000000567.jpg,659,99
3507,images/painting_humanart_1000000001483.jpg,300,44
3508,images/danbooru_anime_11911587.jpg,418,66
3509,images/painting_humanart_2000000001176.jpg,605,94
3510,images/real_human_humanart_17000000001286.jpg,544,92
3511,images/painting_humanart_6000000000007.jpg,551,86
3512,images/painting_humanart_10000000001619.jpg,473,72
3513,images/real_human_humanart_17000000001163.jpg,682,103
3514,images/painting_humanart_9000000001574.jpg,517,89
3515,images/danbooru_anime_11916926.jpg,358,59
3516,images/coco_211690_crowd.jpg,307,48
3517,images/coco_103579_crowd.jpg,409,71
3518,images/danbooru_anime_11904897.jpg,582,90
3519,images/coco_341041_421397.jpg,383,60
3520,images/painting_humanart_10000000002559.jpg,573,89
3521,images/coco_507935_470185.jpg,386,62
3522,images/danbooru_anime_11917019.jpg,582,101
3523,images/painting_humanart_10000000000106.jpg,522,81
3524,images/painting_humanart_6000000002782.jpg,683,118
3525,images/real_human_humanart_15000000001271.jpg,662,109
3526,images/painting_humanart_9000000001463.jpg,646,91
3527,images/sculpture_humanart_14000000001218.jpg,770,119
3528,images/danbooru_anime_11917116.jpg,524,87
3529,images/coco_519055_crowd.jpg,442,72
3530,images/painting_humanart_9000000001772.jpg,890,147
3531,images/sculpture_humanart_14000000001869.jpg,574,90
3532,images/coco_365752_crowd.jpg,325,54
3533,images/sculpture_humanart_14000000004201.jpg,485,71
3534,images/real_human_humanart_15000000000839.jpg,714,114
3535,images/sculpture_humanart_14000000003691.jpg,434,67
3536,images/danbooru_anime_11919533.jpg,289,43
3537,images/real_human_humanart_15000000001799.jpg,598,98
3538,images/painting_humanart_2000000002799.jpg,612,95
3539,images/painting_humanart_2000000000582.jpg,347,56
3540,images/coco_345665_437970.jpg,382,70
3541,images/coco_361992_crowd.jpg,323,50
3542,images/sculpture_humanart_14000000000795.jpg,785,122
3543,images/painting_humanart_6000000003446.jpg,415,70
3544,images/coco_580983_1288640.jpg,466,71
3545,images/real_human_humanart_15000000000091.jpg,893,143
3546,images/real_human_humanart_17000000001729.jpg,488,72
3547,images/real_human_humanart_17000000001046.jpg,735,120
3548,images/coco_362122_crowd.jpg,310,48
3549,images/sculpture_humanart_14000000001949.jpg,348,51
3550,images/painting_humanart_1000000000475.jpg,559,87
3551,images/painting_humanart_9000000000989.jpg,261,40
3552,images/real_human_humanart_15000000002268.jpg,479,71
3553,images/real_human_humanart_15000000001867.jpg,530,87
3554,images/coco_78627_crowd.jpg,282,46
3555,images/real_human_humanart_17000000002316.jpg,823,136
3556,images/painting_humanart_9000000001473.jpg,487,77
3557,images/danbooru_anime_11910499.jpg,422,70
3558,images/painting_humanart_6000000002244.jpg,693,109
3559,images/painting_humanart_9000000001159.jpg,493,82
3560,images/danbooru_anime_11909211.jpg,298,49
3561,images/coco_171351_196090.jpg,353,60
3562,images/coco_106172_202939.jpg,458,72
3563,images/painting_humanart_2000000002147.jpg,375,60
3564,images/sculpture_humanart_14000000004524.jpg,637,94
3565,images/coco_483108_188213.jpg,782,133
3566,images/danbooru_anime_11921168.jpg,665,96
3567,images/real_human_humanart_15000000001880.jpg,1074,174
3568,images/painting_humanart_10000000003658.jpg,543,84
3569,images/coco_281475_203409.jpg,280,44
3570,images/coco_147471_crowd.jpg,516,90
3571,images/coco_295945_199305.jpg,403,67
3572,images/painting_humanart_1000000006856.jpg,599,98
3573,images/danbooru_anime_11920193.jpg,616,91
3574,images/real_human_humanart_15000000002264.jpg,683,111
3575,images/coco_292901_1215660.jpg,423,64
3576,images/painting_humanart_1000000003366.jpg,286,44
3577,images/painting_humanart_6000000001846.jpg,506,85
3578,images/painting_humanart_9000000002547.jpg,514,82
3579,images/coco_393513_434431.jpg,439,68
3580,images/painting_humanart_10000000004531.jpg,527,77
3581,images/painting_humanart_1000000003246.jpg,492,72
3582,images/painting_humanart_10000000002016.jpg,421,70
3583,images/coco_372191_crowd.jpg,340,51
3584,images/painting_humanart_2000000002464.jpg,616,104
3585,images/painting_humanart_9000000001018.jpg,382,53
3586,images/danbooru_anime_11919629.jpg,616,95
3587,images/painting_humanart_1000000003350.jpg,621,98
3588,images/painting_humanart_6000000000845.jpg,587,96
3589,images/real_human_humanart_15000000000003.jpg,714,116
3590,images/coco_368565_crowd.jpg,265,44
3591,images/painting_humanart_10000000001364.jpg,287,37
3592,images/painting_humanart_10000000000184.jpg,347,51
3593,images/danbooru_anime_11903677.jpg,323,50
3594,images/painting_humanart_6000000001495.jpg,497,80
3595,images/real_human_humanart_17000000000811.jpg,686,106
3596,images/danbooru_anime_11903465.jpg,368,62
3597,images/painting_humanart_1000000003653.jpg,317,53
3598,images/painting_humanart_10000000000878.jpg,572,91
3599,images/danbooru_anime_11915833.jpg,638,104
3600,images/painting_humanart_10000000003579.jpg,289,44
3601,images/sculpture_humanart_14000000003656.jpg,646,94
3602,images/coco_115584_490518.jpg,360,58
3603,images/painting_humanart_6000000002163.jpg,711,117
3604,images/real_human_humanart_17000000001604.jpg,590,86
3605,images/coco_326368_193636.jpg,274,48
3606,images/sculpture_humanart_14000000001674.jpg,481,76
3607,images/painting_humanart_6000000002762.jpg,429,71
3608,images/sculpture_humanart_14000000004515.jpg,403,62
3609,images/real_human_humanart_15000000000524.jpg,502,76
3610,images/painting_humanart_2000000002654.jpg,678,113
3611,images/real_human_humanart_17000000001104.jpg,664,102
3612,images/danbooru_anime_11905430.jpg,464,77
3613,images/painting_humanart_9000000001228.jpg,575,93
3614,images/danbooru_anime_11917707.jpg,465,69
3615,images/painting_humanart_6000000001492.jpg,515,83
3616,images/sculpture_humanart_14000000001143.jpg,555,88
3617,images/coco_217440_191293.jpg,501,80
3618,images/coco_109889_462962.jpg,284,49
3619,images/real_human_humanart_17000000000010.jpg,719,119
3620,images/coco_368844_520031.jpg,573,93
3621,images/painting_humanart_1000000004126.jpg,477,76
3622,images/real_human_humanart_17000000001541.jpg,623,86
3623,images/painting_humanart_6000000002594.jpg,230,43
3624,images/painting_humanart_2000000003021.jpg,408,71
3625,images/danbooru_anime_11920528.jpg,880,123
3626,images/real_human_humanart_17000000002437.jpg,559,87
3627,images/danbooru_anime_11916137.jpg,418,62
3628,images/painting_humanart_6000000002622.jpg,412,58
3629,images/sculpture_humanart_14000000001062.jpg,680,102
3630,images/real_human_humanart_15000000000634.jpg,698,111
3631,images/danbooru_anime_11901836.jpg,577,88
3632,images/coco_205134_506473.jpg,422,67
3633,images/real_human_humanart_15000000001194.jpg,634,104
3634,images/sculpture_humanart_14000000000718.jpg,1115,183
3635,images/sculpture_humanart_14000000000303.jpg,668,93
3636,images/real_human_humanart_17000000000196.jpg,617,98
3637,images/coco_54766_1751845.jpg,386,68
3638,images/painting_humanart_6000000001292.jpg,536,87
3639,images/coco_149962_444159.jpg,860,138
3640,images/sculpture_humanart_14000000003854.jpg,592,90
3641,images/coco_149014_2160586.jpg,393,62
3642,images/real_human_humanart_17000000000608.jpg,456,71
3643,images/real_human_humanart_15000000002322.jpg,518,75
3644,images/painting_humanart_1000000002304.jpg,374,63
3645,images/coco_312175_429227.jpg,665,110
3646,images/real_human_humanart_15000000001169.jpg,656,97
3647,images/real_human_humanart_15000000001178.jpg,531,83
3648,images/danbooru_anime_11916869.jpg,453,77
3649,images/danbooru_anime_11920235.jpg,349,57
3650,images/danbooru_anime_11917402.jpg,267,42
3651,images/painting_humanart_10000000005444.jpg,653,107
3652,images/coco_19157_crowd.jpg,278,45
3653,images/painting_humanart_10000000001977.jpg,187,30
3654,images/painting_humanart_1000000003395.jpg,427,69
3655,images/painting_humanart_10000000000270.jpg,465,69
3656,images/danbooru_anime_11918747.jpg,547,86
3657,images/painting_humanart_10000000002459.jpg,610,105
3658,images/painting_humanart_10000000002069.jpg,577,94
3659,images/painting_humanart_6000000000440.jpg,562,98
3660,images/painting_humanart_10000000004798.jpg,441,72
3661,images/coco_493218_crowd.jpg,361,51
3662,images/danbooru_anime_11921409.jpg,261,40
3663,images/painting_humanart_10000000000537.jpg,378,60
3664,images/danbooru_anime_11912054.jpg,473,65
3665,images/sculpture_humanart_14000000004519.jpg,671,103
3666,images/danbooru_anime_11916944.jpg,722,115
3667,images/real_human_humanart_17000000001776.jpg,544,87
3668,images/coco_304217_231952.jpg,380,62
3669,images/real_human_humanart_17000000001449.jpg,505,73
3670,images/coco_224220_crowd.jpg,475,76
3671,images/coco_121381_440512.jpg,328,52
3672,images/real_human_humanart_15000000000514.jpg,717,112
3673,images/coco_197492_440074.jpg,407,69
3674,images/painting_humanart_9000000000906.jpg,233,39
3675,images/painting_humanart_2000000001110.jpg,488,77
3676,images/painting_humanart_2000000003246.jpg,640,105
3677,images/painting_humanart_9000000001646.jpg,477,79
3678,images/painting_humanart_2000000003038.jpg,386,65
3679,images/painting_humanart_10000000000643.jpg,311,45
3680,images/painting_humanart_1000000000526.jpg,284,45
3681,images/real_human_humanart_17000000000092.jpg,655,107
3682,images/painting_humanart_6000000003466.jpg,365,63
3683,images/real_human_humanart_15000000001498.jpg,430,68
3684,images/painting_humanart_1000000001817.jpg,636,100
3685,images/real_human_humanart_17000000002214.jpg,518,79
3686,images/painting_humanart_1000000006442.jpg,263,41
3687,images/painting_humanart_1000000002565.jpg,344,56
3688,images/coco_412437_crowd.jpg,656,108
3689,images/painting_humanart_2000000000235.jpg,701,115
3690,images/sculpture_humanart_14000000000796.jpg,657,100
3691,images/painting_humanart_2000000002620.jpg,388,58
3692,images/painting_humanart_1000000002045.jpg,350,49
3693,images/coco_75283_crowd.jpg,679,113
3694,images/painting_humanart_1000000001837.jpg,355,60
3695,images/real_human_humanart_17000000001519.jpg,605,98
3696,images/painting_humanart_2000000001253.jpg,353,53
3697,images/sculpture_humanart_14000000001502.jpg,591,84
3698,images/sculpture_humanart_14000000004364.jpg,644,100
3699,images/painting_humanart_1000000001679.jpg,390,64
3700,images/danbooru_anime_11919049.jpg,258,42
3701,images/coco_220382_482479.jpg,247,41
3702,images/real_human_humanart_15000000001138.jpg,413,66
3703,images/coco_103163_crowd.jpg,466,76
3704,images/real_human_humanart_15000000000062.jpg,543,84
3705,images/painting_humanart_9000000001496.jpg,456,72
3706,images/coco_427561_crowd.jpg,351,64
3707,images/painting_humanart_9000000000970.jpg,465,77
3708,images/coco_159372_535531.jpg,305,52
3709,images/sculpture_humanart_14000000003937.jpg,683,114
3710,images/painting_humanart_10000000000695.jpg,308,43
3711,images/coco_232597_473884.jpg,521,92
3712,images/sculpture_humanart_14000000000358.jpg,632,97
3713,images/painting_humanart_9000000001019.jpg,399,62
3714,images/painting_humanart_1000000002178.jpg,461,75
3715,images/real_human_humanart_17000000000111.jpg,757,120
3716,images/coco_75552_1719276.jpg,387,60
3717,images/sculpture_humanart_14000000003762.jpg,678,104
3718,images/danbooru_anime_11909217.jpg,472,77
3719,images/painting_humanart_2000000003261.jpg,298,57
3720,images/sculpture_humanart_14000000004184.jpg,493,72
3721,images/painting_humanart_10000000000532.jpg,490,78
3722,images/danbooru_anime_11920011.jpg,311,53
3723,images/painting_humanart_1000000000879.jpg,548,92
3724,images/painting_humanart_6000000001873.jpg,382,64
3725,images/painting_humanart_1000000003124.jpg,295,53
3726,images/painting_humanart_9000000001102.jpg,665,104
3727,images/real_human_humanart_15000000001448.jpg,748,123
3728,images/painting_humanart_6000000002649.jpg,572,89
3729,images/coco_243912_crowd.jpg,418,76
3730,images/coco_28174_crowd.jpg,634,99
3731,images/real_human_humanart_17000000001035.jpg,790,123
3732,images/painting_humanart_9000000000607.jpg,582,86
3733,images/painting_humanart_6000000002564.jpg,547,92
3734,images/real_human_humanart_15000000001158.jpg,724,105
3735,images/danbooru_anime_11904179.jpg,554,91
3736,images/danbooru_anime_11901924.jpg,558,89
3737,images/sculpture_humanart_14000000004495.jpg,498,75
3738,images/danbooru_anime_11919802.jpg,378,58
3739,images/coco_114946_crowd.jpg,262,44
3740,images/coco_391933_223290.jpg,409,68
3741,images/coco_468471_crowd.jpg,519,81
3742,images/coco_545002_439492.jpg,394,65
3743,images/real_human_humanart_17000000000802.jpg,715,108
3744,images/painting_humanart_10000000000283.jpg,444,66
3745,images/real_human_humanart_15000000000269.jpg,399,57
3746,images/coco_188308_crowd.jpg,258,46
3747,images/coco_396972_crowd.jpg,603,97
3748,images/coco_404517_449441.jpg,366,62
3749,images/painting_humanart_2000000002921.jpg,392,57
3750,images/danbooru_anime_11920086.jpg,450,79
3751,images/real_human_humanart_17000000001116.jpg,704,112
3752,images/painting_humanart_10000000005181.jpg,262,39
3753,images/painting_humanart_9000000000661.jpg,576,90
3754,images/coco_167792_crowd.jpg,317,50
3755,images/painting_humanart_2000000002446.jpg,597,91
3756,images/painting_humanart_2000000002782.jpg,442,65
3757,images/danbooru_anime_11920146.jpg,575,88
3758,images/coco_276260_208086.jpg,361,59
3759,images/real_human_humanart_15000000000441.jpg,585,87
3760,images/real_human_humanart_15000000000290.jpg,654,97
3761,images/danbooru_anime_11917153.jpg,323,50
3762,images/coco_208517_crowd.jpg,466,76
3763,images/danbooru_anime_11915086.jpg,313,50
3764,images/real_human_humanart_17000000001539.jpg,600,93
3765,images/painting_humanart_6000000001991.jpg,530,92
3766,images/real_human_humanart_15000000000076.jpg,505,66
3767,images/painting_humanart_6000000003087.jpg,465,76
3768,images/painting_humanart_1000000005668.jpg,582,93
3769,images/painting_humanart_6000000003577.jpg,588,93
3770,images/coco_562519_220600.jpg,457,73
3771,images/painting_humanart_1000000007063.jpg,580,95
3772,images/painting_humanart_1000000000343.jpg,442,70
3773,images/painting_humanart_1000000000635.jpg,469,75
3774,images/coco_270815_crowd.jpg,450,74
3775,images/painting_humanart_10000000005808.jpg,726,103
3776,images/danbooru_anime_11911698.jpg,616,97
3777,images/coco_553078_2152475.jpg,423,66
3778,images/painting_humanart_2000000002858.jpg,302,46
3779,images/real_human_humanart_15000000000965.jpg,939,148
3780,images/coco_517061_474566.jpg,246,37
3781,images/painting_humanart_2000000000492.jpg,567,91
3782,images/coco_241837_188950.jpg,372,64
3783,images/sculpture_humanart_14000000000082.jpg,829,138
3784,images/danbooru_anime_11917133.jpg,572,82
3785,images/painting_humanart_6000000002218.jpg,274,43
3786,images/painting_humanart_6000000002076.jpg,401,68
3787,images/painting_humanart_10000000002434.jpg,543,85
3788,images/sculpture_humanart_14000000002828.jpg,572,90
3789,images/painting_humanart_10000000000966.jpg,387,57
3790,images/painting_humanart_2000000003320.jpg,263,46
3791,images/painting_humanart_2000000003304.jpg,368,59
3792,images/sculpture_humanart_14000000001350.jpg,495,70
3793,images/real_human_humanart_17000000000299.jpg,728,110
3794,images/coco_111825_crowd.jpg,693,111
3795,images/coco_326555_crowd.jpg,336,55
3796,images/coco_388829_2155171.jpg,410,61
3797,images/coco_403943_crowd.jpg,370,57
3798,images/painting_humanart_9000000000599.jpg,417,65
3799,images/painting_humanart_10000000000778.jpg,505,77
3800,images/coco_510734_crowd.jpg,297,49
3801,images/coco_547224_466641.jpg,525,84
3802,images/coco_63565_crowd.jpg,352,54
3803,images/danbooru_anime_11906082.jpg,273,43
3804,images/coco_568148_491046.jpg,457,75
3805,images/danbooru_anime_11910032.jpg,667,103
3806,images/coco_240537_215555.jpg,236,40
3807,images/painting_humanart_2000000000662.jpg,383,63
3808,images/painting_humanart_9000000000477.jpg,239,37
3809,images/painting_humanart_6000000000120.jpg,594,95
3810,images/danbooru_anime_11917332.jpg,595,98
3811,images/sculpture_humanart_14000000001926.jpg,392,58
3812,images/sculpture_humanart_14000000000042.jpg,744,108
3813,images/danbooru_anime_11905088.jpg,312,53
3814,images/coco_392612_crowd.jpg,292,44
3815,images/painting_humanart_6000000001953.jpg,293,47
3816,images/painting_humanart_2000000002648.jpg,700,109
3817,images/sculpture_humanart_14000000001375.jpg,733,112
3818,images/real_human_humanart_17000000001738.jpg,641,99
3819,images/sculpture_humanart_14000000001103.jpg,349,53
3820,images/danbooru_anime_11913927.jpg,370,58
3821,images/painting_humanart_6000000003510.jpg,684,98
3822,images/coco_465692_1738830.jpg,345,54
3823,images/sculpture_humanart_14000000003861.jpg,676,109
3824,images/sculpture_humanart_14000000002021.jpg,684,105
3825,images/painting_humanart_9000000001806.jpg,428,70
3826,images/painting_humanart_1000000005780.jpg,305,48
3827,images/coco_249687_421934.jpg,269,45
3828,images/danbooru_anime_11920786.jpg,331,50
3829,images/danbooru_anime_11903352.jpg,345,59
3830,images/sculpture_humanart_14000000003745.jpg,705,107
3831,images/painting_humanart_9000000000839.jpg,306,48
3832,images/danbooru_anime_11918148.jpg,375,59
3833,images/real_human_humanart_17000000001341.jpg,444,72
3834,images/real_human_humanart_15000000001787.jpg,530,79
3835,images/painting_humanart_10000000000195.jpg,486,81
3836,images/painting_humanart_10000000004019.jpg,432,72
3837,images/painting_humanart_10000000000099.jpg,289,45
3838,images/painting_humanart_9000000001622.jpg,566,91
3839,images/coco_208871_207393.jpg,386,66
3840,images/coco_508288_199502.jpg,368,66
3841,images/coco_310553_crowd.jpg,425,68
3842,images/real_human_humanart_17000000002095.jpg,673,106
3843,images/danbooru_anime_11914290.jpg,358,56
3844,images/coco_412510_427378.jpg,451,66
3845,images/painting_humanart_9000000001369.jpg,372,57
3846,images/coco_51258_crowd.jpg,592,99
3847,images/coco_120745_2149090.jpg,329,53
3848,images/danbooru_anime_11904031.jpg,695,110
3849,images/coco_189368_423373.jpg,300,49
3850,images/real_human_humanart_15000000001635.jpg,626,95
3851,images/painting_humanart_6000000001623.jpg,370,62
3852,images/sculpture_humanart_14000000001847.jpg,738,109
3853,images/real_human_humanart_17000000001606.jpg,653,103
3854,images/painting_humanart_9000000000061.jpg,325,51
3855,images/coco_14041_428879.jpg,621,98
3856,images/coco_508949_214681.jpg,318,52
3857,images/real_human_humanart_15000000002209.jpg,911,140
3858,images/real_human_humanart_17000000000357.jpg,573,85
3859,images/coco_460059_crowd.jpg,317,56
3860,images/painting_humanart_10000000000287.jpg,500,85
3861,images/danbooru_anime_11917060.jpg,554,89
3862,images/coco_71306_483450.jpg,455,78
3863,images/real_human_humanart_15000000001450.jpg,626,98
3864,images/painting_humanart_6000000001892.jpg,724,121
3865,images/painting_humanart_6000000002371.jpg,325,54
3866,images/painting_humanart_2000000002944.jpg,421,65
3867,images/painting_humanart_9000000001896.jpg,455,77
3868,images/sculpture_humanart_14000000004219.jpg,723,110
3869,images/sculpture_humanart_14000000003409.jpg,561,89
3870,images/danbooru_anime_11920433.jpg,444,66
3871,images/real_human_humanart_17000000001725.jpg,587,87
3872,images/painting_humanart_9000000002237.jpg,466,69
3873,images/coco_154263_crowd.jpg,470,68
3874,images/real_human_humanart_15000000002087.jpg,810,125
3875,images/coco_576463_436200.jpg,771,116
3876,images/coco_17018_crowd.jpg,449,74
3877,images/real_human_humanart_15000000002151.jpg,507,80
3878,images/painting_humanart_6000000002286.jpg,540,92
3879,images/coco_475466_208945.jpg,407,64
3880,images/painting_humanart_1000000004442.jpg,521,88
3881,images/coco_477940_216197.jpg,281,52
3882,images/real_human_humanart_17000000000883.jpg,641,105
3883,images/painting_humanart_10000000005173.jpg,305,48
3884,images/coco_501311_crowd.jpg,410,65
3885,images/real_human_humanart_17000000001880.jpg,573,87
3886,images/real_human_humanart_15000000001541.jpg,835,130
3887,images/painting_humanart_10000000000523.jpg,443,67
3888,images/coco_20254_431085.jpg,395,64
3889,images/painting_humanart_1000000008563.jpg,314,46
3890,images/painting_humanart_9000000001234.jpg,273,47
3891,images/coco_386718_196900.jpg,456,74
3892,images/coco_401068_196118.jpg,383,67
3893,images/painting_humanart_2000000003066.jpg,486,70
3894,images/real_human_humanart_15000000000744.jpg,636,99
3895,images/sculpture_humanart_14000000002127.jpg,533,85
3896,images/real_human_humanart_17000000002522.jpg,624,95
3897,images/real_human_humanart_15000000001776.jpg,882,143
3898,images/coco_279634_crowd.jpg,413,68
3899,images/coco_477780_428153.jpg,337,56
3900,images/danbooru_anime_11920233.jpg,369,56
3901,images/sculpture_humanart_14000000004478.jpg,395,60
3902,images/painting_humanart_6000000002704.jpg,433,70
3903,images/painting_humanart_6000000000615.jpg,372,57
3904,images/real_human_humanart_17000000000875.jpg,718,113
3905,images/real_human_humanart_15000000002266.jpg,662,104
3906,images/sculpture_humanart_14000000000838.jpg,490,79
3907,images/painting_humanart_1000000000218.jpg,769,124
3908,images/painting_humanart_1000000002244.jpg,575,87
3909,images/danbooru_anime_11910245.jpg,454,69
3910,images/sculpture_humanart_14000000004232.jpg,637,97
3911,images/danbooru_anime_11916265.jpg,524,83
3912,images/coco_404476_crowd.jpg,449,72
3913,images/coco_203239_crowd.jpg,408,68
3914,images/coco_307873_crowd.jpg,402,68
3915,images/real_human_humanart_17000000000452.jpg,709,106
3916,images/coco_22979_crowd.jpg,653,108
3917,images/sculpture_humanart_14000000000861.jpg,546,81
3918,images/real_human_humanart_15000000000833.jpg,635,100
3919,images/danbooru_anime_11919532.jpg,704,120
3920,images/danbooru_anime_11909042.jpg,359,59
3921,images/coco_185838_421698.jpg,300,47
3922,images/danbooru_anime_11920325.jpg,365,59
3923,images/painting_humanart_10000000002234.jpg,552,91
3924,images/sculpture_humanart_14000000004142.jpg,686,108
3925,images/real_human_humanart_17000000002178.jpg,588,86
3926,images/real_human_humanart_17000000001079.jpg,940,133
3927,images/real_human_humanart_17000000002131.jpg,718,110
3928,images/coco_272958_444398.jpg,256,42
3929,images/danbooru_anime_11901391.jpg,462,75
3930,images/danbooru_anime_11910662.jpg,573,86
3931,images/coco_63397_crowd.jpg,472,74
3932,images/real_human_humanart_17000000001269.jpg,591,90
3933,images/coco_114579_426649.jpg,500,79
3934,images/painting_humanart_9000000000202.jpg,471,70
3935,images/painting_humanart_2000000000209.jpg,593,103
3936,images/real_human_humanart_17000000000446.jpg,629,95
3937,images/painting_humanart_2000000001529.jpg,495,81
3938,images/real_human_humanart_17000000001967.jpg,647,105
3939,images/painting_humanart_2000000003217.jpg,267,46
3940,images/painting_humanart_2000000000589.jpg,687,102
3941,images/coco_566173_443695.jpg,343,54
3942,images/painting_humanart_1000000000763.jpg,682,106
3943,images/coco_357322_crowd.jpg,653,107
3944,images/coco_321258_439000.jpg,343,55
3945,images/danbooru_anime_11920374.jpg,441,68
3946,images/sculpture_humanart_14000000003844.jpg,711,112
3947,images/real_human_humanart_15000000000382.jpg,575,90
3948,images/painting_humanart_10000000001594.jpg,411,67
3949,images/danbooru_anime_11915327.jpg,425,69
3950,images/painting_humanart_1000000003064.jpg,400,63
3951,images/painting_humanart_2000000001227.jpg,783,127
3952,images/coco_234518_427976.jpg,322,57
3953,images/real_human_humanart_15000000002080.jpg,543,87
3954,images/coco_354241_189235.jpg,291,52
3955,images/real_human_humanart_17000000000479.jpg,778,123
3956,images/sculpture_humanart_14000000003835.jpg,527,86
3957,images/real_human_humanart_17000000000714.jpg,434,72
3958,images/painting_humanart_2000000002423.jpg,479,77
3959,images/coco_402250_crowd.jpg,302,51
3960,images/real_human_humanart_15000000002205.jpg,563,85
3961,images/real_human_humanart_17000000000262.jpg,314,49
3962,images/real_human_humanart_17000000001863.jpg,563,82
3963,images/coco_517967_2157944.jpg,550,86
3964,images/coco_544522_465401.jpg,565,90
3965,images/painting_humanart_10000000002688.jpg,577,89
3966,images/painting_humanart_9000000000538.jpg,481,67
3967,images/real_human_humanart_15000000001303.jpg,655,104
3968,images/real_human_humanart_15000000000249.jpg,604,96
3969,images/painting_humanart_9000000002513.jpg,434,71
3970,images/coco_206356_crowd.jpg,531,90
3971,images/painting_humanart_1000000002800.jpg,590,90
3972,images/coco_96832_463118.jpg,277,43
3973,images/painting_humanart_10000000000811.jpg,473,74
3974,images/coco_328409_465374.jpg,407,67
3975,images/painting_humanart_9000000002608.jpg,502,75
3976,images/painting_humanart_9000000001455.jpg,716,110
3977,images/painting_humanart_9000000001654.jpg,565,89
3978,images/painting_humanart_2000000001267.jpg,384,59
3979,images/painting_humanart_6000000002692.jpg,596,89
3980,images/painting_humanart_10000000002366.jpg,332,51
3981,images/real_human_humanart_17000000002000.jpg,612,100
3982,images/sculpture_humanart_14000000000339.jpg,671,104
3983,images/coco_138937_1748858.jpg,390,68
3984,images/painting_humanart_1000000008214.jpg,355,62
3985,images/painting_humanart_10000000003488.jpg,709,111
3986,images/coco_392967_crowd.jpg,518,85
3987,images/coco_175506_crowd.jpg,492,84
3988,images/painting_humanart_10000000004322.jpg,529,84
3989,images/painting_humanart_10000000004488.jpg,332,55
3990,images/sculpture_humanart_14000000003988.jpg,266,49
3991,images/coco_203345_crowd.jpg,686,122
3992,images/sculpture_humanart_14000000001693.jpg,538,84
3993,images/sculpture_humanart_14000000000930.jpg,589,93
3994,images/painting_humanart_1000000003623.jpg,379,58
3995,images/real_human_humanart_15000000000273.jpg,680,106
3996,images/coco_326088_crowd.jpg,354,58
3997,images/painting_humanart_10000000000441.jpg,329,50
3998,images/coco_297669_195495.jpg,314,55
3999,images/painting_humanart_9000000000376.jpg,274,39
4000,images/coco_48044_198026.jpg,510,81
4001,images/danbooru_anime_11920049.jpg,417,70
4002,images/real_human_humanart_17000000000773.jpg,717,110
4003,images/sculpture_humanart_14000000000347.jpg,679,113
4004,images/real_human_humanart_17000000000621.jpg,627,106
4005,images/coco_274240_423849.jpg,374,56
4006,images/danbooru_anime_11902319.jpg,470,75
4007,images/sculpture_humanart_14000000001886.jpg,634,93
4008,images/coco_119964_2162942.jpg,446,78
4009,images/real_human_humanart_17000000000473.jpg,845,125
4010,images/real_human_humanart_17000000001789.jpg,374,52
4011,images/danbooru_anime_11918835.jpg,262,42
4012,images/danbooru_anime_11916806.jpg,588,90
4013,images/sculpture_humanart_14000000003957.jpg,649,102
4014,images/painting_humanart_2000000000580.jpg,715,110
4015,images/painting_humanart_10000000002510.jpg,357,60
4016,images/coco_361106_crowd.jpg,419,73
4017,images/painting_humanart_6000000001942.jpg,509,77
4018,images/danbooru_anime_11916808.jpg,469,71
4019,images/coco_28692_431043.jpg,604,106
4020,images/coco_292169_228933.jpg,339,57
4021,images/danbooru_anime_11915456.jpg,318,45
4022,images/sculpture_humanart_14000000003958.jpg,702,110
4023,images/sculpture_humanart_14000000003731.jpg,367,55
4024,images/painting_humanart_1000000002678.jpg,541,76
4025,images/coco_420669_1727016.jpg,314,54
4026,images/sculpture_humanart_14000000004212.jpg,417,58
4027,images/painting_humanart_9000000001982.jpg,357,54
4028,images/painting_humanart_6000000002348.jpg,462,73
4029,images/coco_436456_crowd.jpg,363,55
4030,images/coco_42620_458440.jpg,416,65
4031,images/real_human_humanart_17000000001602.jpg,600,103
4032,images/coco_418548_446538.jpg,395,65
4033,images/danbooru_anime_11917314.jpg,401,64
4034,images/coco_248701_508917.jpg,266,42
4035,images/danbooru_anime_11920176.jpg,468,78
4036,images/painting_humanart_10000000004152.jpg,289,48
4037,images/real_human_humanart_15000000002050.jpg,731,114
4038,images/danbooru_anime_11919277.jpg,366,56
4039,images/sculpture_humanart_14000000003789.jpg,722,108
4040,images/painting_humanart_6000000002238.jpg,497,86
4041,images/painting_humanart_1000000007864.jpg,462,70
4042,images/real_human_humanart_15000000000346.jpg,337,49
4043,images/sculpture_humanart_14000000001572.jpg,555,86
4044,images/coco_570107_202574.jpg,571,97
4045,images/coco_185598_432361.jpg,283,48
4046,images/painting_humanart_2000000001458.jpg,560,90
4047,images/painting_humanart_10000000005378.jpg,452,69
4048,images/painting_humanart_1000000003316.jpg,387,60
4049,images/coco_5535_445514.jpg,649,110
4050,images/painting_humanart_9000000001511.jpg,613,85
4051,images/painting_humanart_6000000000378.jpg,555,94
4052,images/painting_humanart_10000000001469.jpg,417,61
4053,images/real_human_humanart_15000000002444.jpg,507,79
4054,images/painting_humanart_10000000003154.jpg,288,44
4055,images/painting_humanart_2000000000821.jpg,619,92
4056,images/real_human_humanart_15000000001180.jpg,606,85
4057,images/painting_humanart_1000000000598.jpg,578,93
4058,images/painting_humanart_2000000003251.jpg,492,83
4059,images/real_human_humanart_15000000001167.jpg,742,127
4060,images/painting_humanart_1000000000854.jpg,461,72
4061,images/danbooru_anime_11903223.jpg,526,82
4062,images/real_human_humanart_17000000002315.jpg,719,113
4063,images/painting_humanart_2000000001476.jpg,607,87
4064,images/coco_337354_crowd.jpg,272,43
4065,images/real_human_humanart_15000000000193.jpg,1078,161
4066,images/danbooru_anime_11919921.jpg,497,82
4067,images/painting_humanart_9000000000851.jpg,331,51
4068,images/real_human_humanart_17000000002231.jpg,560,82
4069,images/danbooru_anime_11912943.jpg,492,79
4070,images/coco_35313_445403.jpg,467,65
4071,images/coco_512667_crowd.jpg,283,50
4072,images/danbooru_anime_11921008.jpg,558,95
4073,images/painting_humanart_2000000000690.jpg,641,98
4074,images/sculpture_humanart_14000000001412.jpg,697,98
4075,images/coco_86448_crowd.jpg,385,67
4076,images/painting_humanart_2000000000349.jpg,542,90
4077,images/danbooru_anime_11903302.jpg,390,62
4078,images/sculpture_humanart_14000000004290.jpg,420,65
4079,images/real_human_humanart_17000000000204.jpg,575,90
4080,images/danbooru_anime_11900925.jpg,785,123
4081,images/coco_382715_crowd.jpg,440,74
4082,images/coco_229889_451576.jpg,504,80
4083,images/sculpture_humanart_14000000003666.jpg,713,108
4084,images/coco_425100_crowd.jpg,444,71
4085,images/painting_humanart_1000000003684.jpg,376,61
4086,images/painting_humanart_10000000006555.jpg,423,62
4087,images/real_human_humanart_17000000000652.jpg,858,131
4088,images/real_human_humanart_17000000002396.jpg,431,67
4089,images/real_human_humanart_17000000000240.jpg,677,107
4090,images/real_human_humanart_15000000000223.jpg,803,119
4091,images/coco_163929_crowd.jpg,380,58
4092,images/danbooru_anime_11916007.jpg,551,91
4093,images/coco_332869_crowd.jpg,315,53
4094,images/danbooru_anime_11905471.jpg,358,55
4095,images/real_human_humanart_15000000001151.jpg,559,83
4096,images/real_human_humanart_17000000000404.jpg,657,98
4097,images/real_human_humanart_15000000000354.jpg,642,96
4098,images/painting_humanart_6000000002806.jpg,581,99
4099,images/painting_humanart_10000000000040.jpg,345,53
4100,images/coco_232654_476199.jpg,310,56
4101,images/danbooru_anime_11917125.jpg,437,68
4102,images/painting_humanart_2000000002551.jpg,334,50
4103,images/painting_humanart_1000000004958.jpg,685,109
4104,images/coco_281837_crowd.jpg,581,94
4105,images/real_human_humanart_17000000002273.jpg,855,145
4106,images/real_human_humanart_15000000001314.jpg,711,115
4107,images/painting_humanart_10000000005707.jpg,586,86
4108,images/painting_humanart_10000000006141.jpg,432,65
4109,images/painting_humanart_6000000003340.jpg,411,65
4110,images/sculpture_humanart_14000000004241.jpg,553,91
4111,images/painting_humanart_1000000006676.jpg,526,76
4112,images/painting_humanart_2000000003024.jpg,797,126
4113,images/danbooru_anime_11918163.jpg,531,85
4114,images/coco_347982_crowd.jpg,478,76
4115,images/painting_humanart_6000000001327.jpg,433,72
4116,images/coco_560626_451373.jpg,256,42
4117,images/painting_humanart_1000000000473.jpg,514,89
4118,images/coco_344125_crowd.jpg,538,85
4119,images/painting_humanart_9000000000369.jpg,364,60
4120,images/danbooru_anime_11917356.jpg,527,76
4121,images/danbooru_anime_11919462.jpg,445,70
4122,images/coco_64240_crowd.jpg,437,69
4123,images/coco_566941_crowd.jpg,360,59
4124,images/coco_205002_229246.jpg,310,48
4125,images/real_human_humanart_15000000000403.jpg,418,68
4126,images/sculpture_humanart_14000000003734.jpg,544,79
4127,images/danbooru_anime_11909632.jpg,470,70
4128,images/painting_humanart_10000000002682.jpg,415,64
4129,images/coco_389974_1733705.jpg,604,94
4130,images/sculpture_humanart_14000000003137.jpg,299,44
4131,images/painting_humanart_10000000006184.jpg,575,88
4132,images/coco_355342_crowd.jpg,447,68
4133,images/real_human_humanart_15000000000341.jpg,730,118
4134,images/painting_humanart_10000000005943.jpg,452,75
4135,images/painting_humanart_2000000000112.jpg,400,65
4136,images/painting_humanart_2000000000114.jpg,504,76
4137,images/painting_humanart_2000000002929.jpg,564,85
4138,images/sculpture_humanart_14000000000532.jpg,689,115
4139,images/painting_humanart_10000000000526.jpg,718,105
4140,images/coco_579760_186131.jpg,360,59
4141,images/painting_humanart_10000000002169.jpg,327,53
4142,images/coco_13943_1733354.jpg,497,80
4143,images/danbooru_anime_11905859.jpg,509,82
4144,images/coco_133869_crowd.jpg,562,85
4145,images/coco_143101_428852.jpg,463,71
4146,images/coco_100977_crowd.jpg,429,72
4147,images/painting_humanart_9000000001247.jpg,591,92
4148,images/sculpture_humanart_14000000000417.jpg,286,44
4149,images/sculpture_humanart_14000000000198.jpg,688,108
4150,images/coco_462640_crowd.jpg,465,72
4151,images/danbooru_anime_11918840.jpg,523,86
4152,images/painting_humanart_9000000002740.jpg,629,99
4153,images/painting_humanart_2000000002086.jpg,532,83
4154,images/coco_350099_508416.jpg,424,72
4155,images/danbooru_anime_11920533.jpg,408,64
4156,images/painting_humanart_6000000002251.jpg,588,94
4157,images/painting_humanart_6000000002058.jpg,537,87
4158,images/painting_humanart_9000000000191.jpg,583,92
4159,images/sculpture_humanart_14000000003884.jpg,694,102
4160,images/danbooru_anime_11919684.jpg,359,54
4161,images/coco_331185_192677.jpg,331,54
4162,images/coco_190995_500908.jpg,539,89
4163,images/sculpture_humanart_14000000000014.jpg,823,124
4164,images/real_human_humanart_15000000001110.jpg,686,104
4165,images/painting_humanart_9000000000223.jpg,326,48
4166,images/danbooru_anime_11920908.jpg,633,101
4167,images/painting_humanart_9000000000995.jpg,291,44
4168,images/danbooru_anime_11902109.jpg,505,76
4169,images/danbooru_anime_11920663.jpg,340,56
4170,images/danbooru_anime_11921049.jpg,534,88
4171,images/real_human_humanart_15000000001358.jpg,628,97
4172,images/real_human_humanart_17000000000625.jpg,860,132
4173,images/coco_488346_190871.jpg,413,67
4174,images/painting_humanart_1000000004530.jpg,590,91
4175,images/painting_humanart_2000000002134.jpg,456,65
4176,images/danbooru_anime_11917259.jpg,399,57
4177,images/danbooru_anime_11919326.jpg,575,89
4178,images/sculpture_humanart_14000000001334.jpg,461,75
4179,images/painting_humanart_1000000001067.jpg,470,86
4180,images/painting_humanart_6000000002241.jpg,313,56
4181,images/coco_205238_425389.jpg,462,72
4182,images/painting_humanart_9000000001577.jpg,783,128
4183,images/painting_humanart_6000000002279.jpg,448,68
4184,images/real_human_humanart_17000000001271.jpg,407,63
4185,images/real_human_humanart_17000000001844.jpg,619,97
4186,images/real_human_humanart_17000000001266.jpg,587,95
4187,images/sculpture_humanart_14000000003885.jpg,695,108
4188,images/painting_humanart_2000000000286.jpg,409,66
4189,images/painting_humanart_6000000003324.jpg,359,56
4190,images/painting_humanart_9000000002617.jpg,383,65
4191,images/painting_humanart_10000000005715.jpg,313,53
4192,images/danbooru_anime_11907181.jpg,399,67
4193,images/painting_humanart_2000000000786.jpg,693,119
4194,images/real_human_humanart_15000000000830.jpg,651,100
4195,images/sculpture_humanart_14000000001190.jpg,721,108
4196,images/painting_humanart_2000000003096.jpg,596,94
4197,images/painting_humanart_9000000002183.jpg,445,71
4198,images/painting_humanart_2000000002562.jpg,652,100
4199,images/sculpture_humanart_14000000003688.jpg,546,85
4200,images/coco_296492_196284.jpg,434,67
4201,images/sculpture_humanart_14000000003171.jpg,566,89
4202,images/coco_433787_219726.jpg,321,54
4203,images/danbooru_anime_11915049.jpg,572,82
4204,images/painting_humanart_1000000000805.jpg,328,53
4205,images/real_human_humanart_17000000000453.jpg,558,87
4206,images/danbooru_anime_11904942.jpg,472,79
4207,images/painting_humanart_9000000002424.jpg,417,67
4208,images/real_human_humanart_17000000001744.jpg,594,95
4209,images/painting_humanart_6000000002046.jpg,531,85
4210,images/painting_humanart_6000000003250.jpg,460,75
4211,images/sculpture_humanart_14000000002086.jpg,602,90
4212,images/painting_humanart_1000000005355.jpg,432,69
4213,images/painting_humanart_10000000001949.jpg,391,66
4214,images/painting_humanart_6000000001639.jpg,667,122
4215,images/painting_humanart_9000000001444.jpg,545,84
4216,images/painting_humanart_2000000002761.jpg,355,52
4217,images/painting_humanart_9000000000803.jpg,363,59
4218,images/painting_humanart_10000000001609.jpg,332,54
4219,images/painting_humanart_9000000000724.jpg,467,74
4220,images/real_human_humanart_15000000001589.jpg,280,43
4221,images/painting_humanart_2000000001781.jpg,645,95
4222,images/sculpture_humanart_14000000000857.jpg,552,83
4223,images/painting_humanart_10000000001154.jpg,415,63
4224,images/coco_211189_crowd.jpg,377,59
4225,images/danbooru_anime_11918230.jpg,426,65
4226,images/danbooru_anime_11916940.jpg,400,66
4227,images/sculpture_humanart_14000000003987.jpg,603,88
4228,images/painting_humanart_9000000002600.jpg,409,61
4229,images/sculpture_humanart_14000000000697.jpg,736,116
4230,images/real_human_humanart_15000000000675.jpg,701,108
4231,images/painting_humanart_10000000005258.jpg,551,90
4232,images/painting_humanart_9000000002393.jpg,475,78
4233,images/real_human_humanart_15000000001632.jpg,507,76
4234,images/sculpture_humanart_14000000004156.jpg,626,93
4235,images/painting_humanart_2000000002760.jpg,630,89
4236,images/painting_humanart_6000000002423.jpg,397,57
4237,images/coco_229765_crowd.jpg,370,68
4238,images/coco_537206_208244.jpg,363,59
4239,images/real_human_humanart_15000000000209.jpg,668,99
4240,images/coco_79860_crowd.jpg,277,49
4241,images/coco_231628_216850.jpg,362,59
4242,images/danbooru_anime_11916513.jpg,441,68
4243,images/coco_314812_221524.jpg,321,52
4244,images/danbooru_anime_11909352.jpg,536,85
4245,images/sculpture_humanart_14000000004552.jpg,430,64
4246,images/real_human_humanart_15000000001883.jpg,509,73
4247,images/painting_humanart_10000000000877.jpg,402,62
4248,images/coco_414578_457137.jpg,553,92
4249,images/painting_humanart_2000000002621.jpg,407,63
4250,images/painting_humanart_10000000002922.jpg,208,33
4251,images/painting_humanart_9000000000256.jpg,495,78
4252,images/coco_555582_477101.jpg,525,82
4253,images/painting_humanart_2000000000447.jpg,801,128
4254,images/painting_humanart_9000000001537.jpg,688,110
4255,images/coco_580972_2198435.jpg,469,71
4256,images/painting_humanart_2000000002772.jpg,511,86
4257,images/painting_humanart_10000000005436.jpg,633,100
4258,images/sculpture_humanart_14000000000656.jpg,973,148
4259,images/painting_humanart_2000000000573.jpg,584,94
4260,images/coco_499268_421564.jpg,290,46
4261,images/painting_humanart_1000000004970.jpg,439,70
4262,images/real_human_humanart_17000000001562.jpg,422,70
4263,images/painting_humanart_6000000002684.jpg,604,105
4264,images/real_human_humanart_17000000002183.jpg,599,86
4265,images/sculpture_humanart_14000000003979.jpg,651,101
4266,images/painting_humanart_10000000000225.jpg,201,31
4267,images/painting_humanart_9000000002020.jpg,780,123
4268,images/painting_humanart_6000000000021.jpg,553,89
4269,images/painting_humanart_6000000000550.jpg,437,71
4270,images/painting_humanart_10000000000611.jpg,458,71
4271,images/danbooru_anime_11921221.jpg,721,120
4272,images/coco_416911_2206554.jpg,443,70
4273,images/painting_humanart_9000000000868.jpg,607,96
4274,images/coco_109231_crowd.jpg,524,87
4275,images/coco_171016_2156022.jpg,394,61
4276,images/real_human_humanart_15000000000630.jpg,711,116
4277,images/painting_humanart_2000000000811.jpg,362,58
4278,images/danbooru_anime_11917418.jpg,358,60
4279,images/coco_484681_2167034.jpg,329,55
4280,images/real_human_humanart_17000000001028.jpg,628,100
4281,images/real_human_humanart_15000000002359.jpg,657,100
4282,images/sculpture_humanart_14000000003952.jpg,658,98
4283,images/real_human_humanart_15000000001697.jpg,758,119
4284,images/real_human_humanart_15000000000825.jpg,260,42
4285,images/painting_humanart_1000000002704.jpg,476,74
4286,images/coco_1592_438895.jpg,326,54
4287,images/painting_humanart_10000000000495.jpg,485,81
4288,images/painting_humanart_1000000001296.jpg,515,86
4289,images/sculpture_humanart_14000000000739.jpg,609,93
4290,images/danbooru_anime_11918956.jpg,430,66
4291,images/danbooru_anime_11912685.jpg,569,90
4292,images/coco_272323_crowd.jpg,202,36
4293,images/coco_520752_crowd.jpg,347,59
4294,images/real_human_humanart_15000000000969.jpg,511,79
4295,images/painting_humanart_9000000001107.jpg,336,57
4296,images/sculpture_humanart_14000000004100.jpg,873,128
4297,images/coco_121570_197138.jpg,414,68
4298,images/danbooru_anime_11903146.jpg,576,87
4299,images/painting_humanart_9000000001399.jpg,397,65
4300,images/real_human_humanart_15000000002026.jpg,721,110
4301,images/painting_humanart_9000000000032.jpg,582,80
4302,images/coco_127669_1246977.jpg,255,41
4303,images/coco_434805_463230.jpg,320,53
4304,images/painting_humanart_2000000002972.jpg,662,103
4305,images/painting_humanart_9000000001331.jpg,455,73
4306,images/coco_154139_458904.jpg,369,58
4307,images/painting_humanart_10000000002610.jpg,663,102
4308,images/painting_humanart_2000000000539.jpg,734,115
4309,images/painting_humanart_10000000000031.jpg,417,61
4310,images/painting_humanart_1000000001621.jpg,728,115
4311,images/painting_humanart_10000000000148.jpg,493,72
4312,images/coco_258915_220146.jpg,525,83
4313,images/coco_85192_1732587.jpg,332,55
4314,images/painting_humanart_10000000000066.jpg,449,66
4315,images/painting_humanart_9000000000843.jpg,425,65
4316,images/painting_humanart_1000000006542.jpg,237,40
4317,images/painting_humanart_6000000003240.jpg,298,52
4318,images/painting_humanart_2000000001444.jpg,528,77
4319,images/painting_humanart_1000000005048.jpg,255,38
4320,images/painting_humanart_2000000000486.jpg,559,87
4321,images/painting_humanart_2000000001527.jpg,568,93
4322,images/painting_humanart_10000000000847.jpg,317,47
4323,images/danbooru_anime_11916026.jpg,510,73
4324,images/real_human_humanart_17000000001590.jpg,616,89
4325,images/painting_humanart_10000000000076.jpg,390,61
4326,images/coco_440554_495120.jpg,407,67
4327,images/painting_humanart_9000000001095.jpg,279,46
4328,images/danbooru_anime_11917750.jpg,594,88
4329,images/coco_492246_482606.jpg,423,63
4330,images/danbooru_anime_11918582.jpg,690,99
4331,images/painting_humanart_10000000003213.jpg,480,79
4332,images/danbooru_anime_11919180.jpg,393,59
4333,images/painting_humanart_9000000001086.jpg,428,66
4334,images/painting_humanart_2000000000355.jpg,495,77
4335,images/sculpture_humanart_14000000000540.jpg,584,89
4336,images/coco_568956_crowd.jpg,646,101
4337,images/painting_humanart_2000000000860.jpg,487,81
4338,images/painting_humanart_6000000002599.jpg,558,91
4339,images/coco_82740_185446.jpg,356,56
4340,images/sculpture_humanart_14000000003686.jpg,368,52
4341,images/sculpture_humanart_14000000001979.jpg,348,53
4342,images/painting_humanart_9000000002263.jpg,554,87
4343,images/danbooru_anime_11921334.jpg,429,64
4344,images/painting_humanart_9000000002084.jpg,383,65
4345,images/sculpture_humanart_14000000002850.jpg,508,76
4346,images/sculpture_humanart_14000000003654.jpg,593,93
4347,images/coco_169972_255747.jpg,359,60
4348,images/coco_424246_462873.jpg,341,58
4349,images/coco_436972_crowd.jpg,528,84
4350,images/painting_humanart_2000000001480.jpg,605,92
4351,images/painting_humanart_10000000004428.jpg,274,44
4352,images/danbooru_anime_11919294.jpg,440,71
4353,images/coco_312020_187953.jpg,435,72
4354,images/danbooru_anime_11920873.jpg,328,53
4355,images/painting_humanart_10000000005860.jpg,555,82
4356,images/coco_62089_430479.jpg,579,89
4357,images/painting_humanart_2000000002835.jpg,724,109
4358,images/painting_humanart_2000000002641.jpg,490,71
4359,images/painting_humanart_9000000002575.jpg,650,107
4360,images/real_human_humanart_15000000000573.jpg,425,75
4361,images/coco_524638_511324.jpg,374,62
4362,images/painting_humanart_10000000004337.jpg,433,71
4363,images/danbooru_anime_11921303.jpg,569,95
4364,images/painting_humanart_2000000001250.jpg,687,102
4365,images/real_human_humanart_15000000000708.jpg,611,94
4366,images/coco_302252_455607.jpg,315,53
4367,images/coco_507633_516399.jpg,420,72
4368,images/painting_humanart_10000000001371.jpg,475,71
4369,images/painting_humanart_10000000000279.jpg,491,73
4370,images/danbooru_anime_11902738.jpg,337,53
4371,images/real_human_humanart_15000000002185.jpg,717,109
4372,images/painting_humanart_9000000001780.jpg,251,38
4373,images/painting_humanart_1000000003686.jpg,228,36
4374,images/danbooru_anime_11920623.jpg,533,77
4375,images/painting_humanart_9000000001863.jpg,621,98
4376,images/painting_humanart_9000000000085.jpg,529,79
4377,images/real_human_humanart_15000000001038.jpg,640,100
4378,images/danbooru_anime_11908912.jpg,438,71
4379,images/danbooru_anime_11917263.jpg,383,60
4380,images/coco_11538_187867.jpg,450,68
4381,images/painting_humanart_10000000005923.jpg,487,73
4382,images/painting_humanart_1000000006571.jpg,452,72
4383,images/real_human_humanart_17000000001388.jpg,302,46
4384,images/real_human_humanart_15000000001829.jpg,669,99
4385,images/sculpture_humanart_14000000001582.jpg,439,67
4386,images/danbooru_anime_11913007.jpg,260,41
4387,images/coco_263163_1709117.jpg,375,62
4388,images/coco_139969_crowd.jpg,397,64
4389,images/sculpture_humanart_14000000001366.jpg,304,47
4390,images/sculpture_humanart_14000000002001.jpg,503,77
4391,images/sculpture_humanart_14000000004442.jpg,499,74
4392,images/coco_320150_454944.jpg,587,99
4393,images/sculpture_humanart_14000000001997.jpg,752,106
4394,images/painting_humanart_10000000004329.jpg,429,65
4395,images/sculpture_humanart_14000000004075.jpg,705,111
4396,images/sculpture_humanart_14000000001397.jpg,674,100
4397,images/real_human_humanart_15000000002011.jpg,849,136
4398,images/painting_humanart_9000000000916.jpg,368,56
4399,images/painting_humanart_9000000001864.jpg,505,76
4400,images/real_human_humanart_15000000002311.jpg,628,90
4401,images/sculpture_humanart_14000000001215.jpg,662,108
4402,images/danbooru_anime_11915550.jpg,438,65
4403,images/painting_humanart_10000000000565.jpg,352,59
4404,images/coco_263696_450791.jpg,354,58
4405,images/real_human_humanart_17000000000072.jpg,642,97
4406,images/coco_181133_235868.jpg,290,47
4407,images/painting_humanart_9000000002350.jpg,550,86
4408,images/real_human_humanart_17000000002500.jpg,563,83
4409,images/real_human_humanart_15000000002043.jpg,774,123
4410,images/danbooru_anime_11921298.jpg,407,60
4411,images/coco_455610_crowd.jpg,287,47
4412,images/real_human_humanart_17000000000862.jpg,719,109
4413,images/painting_humanart_6000000000281.jpg,615,103
4414,images/real_human_humanart_17000000002425.jpg,745,113
4415,images/danbooru_anime_11903741.jpg,490,73
4416,images/real_human_humanart_15000000001056.jpg,493,76
4417,images/danbooru_anime_11921258.jpg,429,64
4418,images/danbooru_anime_11910196.jpg,781,124
4419,images/painting_humanart_9000000002105.jpg,477,70
4420,images/painting_humanart_6000000000744.jpg,603,99
4421,images/painting_humanart_6000000001806.jpg,331,56
4422,images/coco_278095_crowd.jpg,292,47
4423,images/danbooru_anime_11917126.jpg,412,65
4424,images/danbooru_anime_11920280.jpg,438,74
4425,images/danbooru_anime_11906188.jpg,681,106
4426,images/real_human_humanart_17000000000947.jpg,579,87
4427,images/real_human_humanart_15000000000372.jpg,595,88
4428,images/danbooru_anime_11919059.jpg,449,70
4429,images/real_human_humanart_17000000001194.jpg,630,101
4430,images/painting_humanart_9000000000734.jpg,464,78
4431,images/coco_539555_crowd.jpg,568,91
4432,images/real_human_humanart_17000000002175.jpg,766,108
4433,images/sculpture_humanart_14000000004520.jpg,684,101
4434,images/coco_249883_468332.jpg,318,54
4435,images/painting_humanart_10000000000627.jpg,547,85
4436,images/danbooru_anime_11915248.jpg,321,53
4437,images/danbooru_anime_11916570.jpg,468,67
4438,images/coco_57286_crowd.jpg,357,59
4439,images/painting_humanart_2000000001892.jpg,645,97
4440,images/danbooru_anime_11907389.jpg,430,68
4441,images/coco_468612_426347.jpg,442,81
4442,images/real_human_humanart_15000000000927.jpg,575,94
4443,images/sculpture_humanart_14000000001521.jpg,747,110
4444,images/real_human_humanart_15000000001059.jpg,654,96
4445,images/sculpture_humanart_14000000000289.jpg,844,131
4446,images/painting_humanart_6000000000117.jpg,530,84
4447,images/painting_humanart_2000000001324.jpg,406,68
4448,images/painting_humanart_1000000007914.jpg,536,86
4449,images/real_human_humanart_15000000002092.jpg,738,115
4450,images/coco_249301_crowd.jpg,514,79
4451,images/sculpture_humanart_14000000001466.jpg,579,95
4452,images/real_human_humanart_15000000002304.jpg,716,106
4453,images/painting_humanart_1000000001242.jpg,386,60
4454,images/painting_humanart_6000000003506.jpg,592,101
4455,images/real_human_humanart_17000000001253.jpg,859,122
4456,images/danbooru_anime_11909699.jpg,618,95
4457,images/painting_humanart_1000000003948.jpg,419,69
4458,images/sculpture_humanart_14000000000243.jpg,317,48
4459,images/sculpture_humanart_14000000003684.jpg,365,52
4460,images/painting_humanart_9000000002523.jpg,850,138
4461,images/painting_humanart_10000000000933.jpg,563,84
4462,images/real_human_humanart_17000000002109.jpg,676,110
4463,images/real_human_humanart_15000000000400.jpg,450,69
4464,images/coco_482172_473518.jpg,253,41
4465,images/coco_45627_498538.jpg,210,37
4466,images/coco_128586_crowd.jpg,477,84
4467,images/real_human_humanart_15000000000592.jpg,790,122
4468,images/danbooru_anime_11900387.jpg,627,98
4469,images/painting_humanart_2000000002143.jpg,569,91
4470,images/painting_humanart_10000000000812.jpg,532,76
4471,images/coco_401018_crowd.jpg,392,61
4472,images/painting_humanart_1000000004651.jpg,460,67
4473,images/painting_humanart_10000000000677.jpg,270,45
4474,images/coco_57550_192954.jpg,325,54
4475,images/danbooru_anime_11907576.jpg,767,124
4476,images/coco_183843_518810.jpg,411,66
4477,images/painting_humanart_1000000005931.jpg,580,101
4478,images/sculpture_humanart_14000000004502.jpg,689,111
4479,images/real_human_humanart_15000000002340.jpg,592,97
4480,images/painting_humanart_9000000001001.jpg,305,47
4481,images/real_human_humanart_17000000002229.jpg,579,89
4482,images/danbooru_anime_11919172.jpg,452,68
4483,images/real_human_humanart_15000000000919.jpg,1071,168
4484,images/coco_340308_423149.jpg,343,49
4485,images/painting_humanart_2000000003290.jpg,448,69
4486,images/real_human_humanart_17000000000206.jpg,690,99
4487,images/real_human_humanart_15000000001055.jpg,652,100
4488,images/coco_363036_crowd.jpg,559,90
4489,images/real_human_humanart_17000000001954.jpg,680,103
4490,images/sculpture_humanart_14000000004082.jpg,728,112
4491,images/real_human_humanart_17000000000407.jpg,626,104
4492,images/real_human_humanart_17000000000220.jpg,563,84
4493,images/coco_193349_crowd.jpg,471,76
4494,images/real_human_humanart_15000000002317.jpg,720,112
4495,images/painting_humanart_2000000000898.jpg,556,80
4496,images/sculpture_humanart_14000000003803.jpg,658,103
4497,images/coco_449560_207179.jpg,277,46
4498,images/painting_humanart_2000000000830.jpg,653,105
4499,images/painting_humanart_6000000000723.jpg,491,87
4500,images/sculpture_humanart_14000000000083.jpg,604,97
4501,images/painting_humanart_10000000000310.jpg,505,79
4502,images/coco_42667_433214.jpg,307,50
4503,images/coco_155644_crowd.jpg,459,76
4504,images/coco_339988_425985.jpg,650,111
4505,images/real_human_humanart_15000000001718.jpg,792,125
4506,images/coco_37655_1206342.jpg,381,68
4507,images/real_human_humanart_15000000000933.jpg,473,73
4508,images/sculpture_humanart_14000000000753.jpg,525,78
4509,images/painting_humanart_9000000002632.jpg,520,83
4510,images/sculpture_humanart_14000000004269.jpg,400,65
4511,images/painting_humanart_6000000000303.jpg,586,94
4512,images/coco_97434_crowd.jpg,381,67
4513,images/real_human_humanart_15000000001948.jpg,598,87
4514,images/real_human_humanart_17000000001416.jpg,913,136
4515,images/real_human_humanart_17000000001608.jpg,516,78
4516,images/painting_humanart_2000000001058.jpg,429,69
4517,images/sculpture_humanart_14000000000491.jpg,783,125
4518,images/real_human_humanart_17000000000031.jpg,718,114
4519,images/painting_humanart_1000000004927.jpg,361,54
4520,images/painting_humanart_2000000000417.jpg,472,73
4521,images/painting_humanart_9000000000321.jpg,310,49
4522,images/sculpture_humanart_14000000001164.jpg,863,140
4523,images/danbooru_anime_11907996.jpg,558,91
4524,images/coco_259056_crowd.jpg,386,64
4525,images/painting_humanart_10000000003724.jpg,362,55
4526,images/danbooru_anime_11917773.jpg,571,90
4527,images/real_human_humanart_17000000001554.jpg,671,107
4528,images/painting_humanart_10000000000890.jpg,712,106
4529,images/coco_212739_crowd.jpg,413,70
4530,images/danbooru_anime_11921230.jpg,346,58
4531,images/painting_humanart_10000000000299.jpg,575,94
4532,images/sculpture_humanart_14000000000105.jpg,539,83
4533,images/painting_humanart_9000000001580.jpg,790,123
4534,images/coco_491784_196449.jpg,742,122
4535,images/painting_humanart_9000000000731.jpg,411,67
4536,images/coco_355179_205188.jpg,362,56
4537,images/painting_humanart_10000000002395.jpg,535,88
4538,images/danbooru_anime_11919808.jpg,466,68
4539,images/sculpture_humanart_14000000001408.jpg,685,102
4540,images/real_human_humanart_15000000001277.jpg,730,113
4541,images/sculpture_humanart_14000000001700.jpg,503,77
4542,images/real_human_humanart_17000000001795.jpg,405,56
4543,images/painting_humanart_6000000003562.jpg,343,62
4544,images/real_human_humanart_17000000001806.jpg,595,90
4545,images/painting_humanart_6000000002966.jpg,627,107
4546,images/coco_450400_1229397.jpg,486,77
4547,images/painting_humanart_9000000000336.jpg,633,107
4548,images/coco_479078_crowd.jpg,502,83
4549,images/coco_297812_200794.jpg,594,98
4550,images/sculpture_humanart_14000000004179.jpg,419,67
4551,images/painting_humanart_2000000001453.jpg,399,60
4552,images/danbooru_anime_11918577.jpg,371,63
4553,images/real_human_humanart_15000000000259.jpg,618,98
4554,images/painting_humanart_9000000000082.jpg,607,99
4555,images/painting_humanart_2000000002792.jpg,667,99
4556,images/painting_humanart_2000000002088.jpg,452,71
4557,images/coco_445468_crowd.jpg,377,61
4558,images/painting_humanart_2000000001408.jpg,510,78
4559,images/danbooru_anime_11921082.jpg,291,44
4560,images/danbooru_anime_11920944.jpg,521,76
4561,images/painting_humanart_10000000000786.jpg,401,60
4562,images/real_human_humanart_17000000002236.jpg,407,60
4563,images/coco_475856_481542.jpg,267,46
4564,images/painting_humanart_1000000007308.jpg,441,69
4565,images/coco_171622_503737.jpg,253,37
4566,images/coco_191000_429954.jpg,482,78
4567,images/painting_humanart_10000000000215.jpg,450,64
4568,images/coco_523371_202800.jpg,393,62
4569,images/painting_humanart_6000000002711.jpg,472,75
4570,images/danbooru_anime_11916415.jpg,608,98
4571,images/painting_humanart_6000000000034.jpg,403,63
4572,images/painting_humanart_6000000002133.jpg,412,68
4573,images/real_human_humanart_15000000001923.jpg,465,72
4574,images/danbooru_anime_11910309.jpg,380,60
4575,images/painting_humanart_10000000000725.jpg,246,35
4576,images/painting_humanart_9000000002100.jpg,488,80
4577,images/real_human_humanart_15000000002261.jpg,841,133
4578,images/danbooru_anime_11921152.jpg,556,87
4579,images/real_human_humanart_15000000002343.jpg,660,100
4580,images/real_human_humanart_15000000000492.jpg,659,107
4581,images/painting_humanart_9000000000676.jpg,507,76
4582,images/danbooru_anime_11917325.jpg,412,64
4583,images/painting_humanart_1000000000351.jpg,549,88
4584,images/coco_15050_436331.jpg,648,98
4585,images/coco_63617_457253.jpg,359,65
4586,images/real_human_humanart_15000000000023.jpg,704,98
4587,images/real_human_humanart_15000000001685.jpg,529,81
4588,images/coco_444895_1721874.jpg,543,93
4589,images/danbooru_anime_11917421.jpg,617,92
4590,images/painting_humanart_2000000001474.jpg,373,60
4591,images/real_human_humanart_15000000001681.jpg,357,58
4592,images/coco_346717_crowd.jpg,508,79
4593,images/painting_humanart_10000000002707.jpg,459,71
4594,images/painting_humanart_9000000000829.jpg,565,83
4595,images/danbooru_anime_11915531.jpg,502,80
4596,images/sculpture_humanart_14000000000785.jpg,601,92
4597,images/sculpture_humanart_14000000001654.jpg,320,46
4598,images/coco_383397_1762333.jpg,440,71
4599,images/painting_humanart_1000000007982.jpg,426,66
4600,images/sculpture_humanart_14000000001892.jpg,268,39
4601,images/painting_humanart_10000000001069.jpg,291,44
4602,images/danbooru_anime_11919163.jpg,334,53
4603,images/painting_humanart_10000000000891.jpg,352,60
4604,images/coco_142386_crowd.jpg,436,71
4605,images/real_human_humanart_15000000002218.jpg,690,110
4606,images/coco_360818_463417.jpg,245,41
4607,images/painting_humanart_9000000002031.jpg,471,70
4608,images/danbooru_anime_11902814.jpg,445,70
4609,images/danbooru_anime_11920805.jpg,652,106
4610,images/sculpture_humanart_14000000003671.jpg,696,102
4611,images/sculpture_humanart_14000000004506.jpg,387,57
4612,images/real_human_humanart_17000000002192.jpg,859,133
4613,images/painting_humanart_10000000000178.jpg,443,73
4614,images/coco_89432_479319.jpg,487,74
4615,images/painting_humanart_1000000001221.jpg,356,61
4616,images/painting_humanart_9000000000528.jpg,339,57
4617,images/sculpture_humanart_14000000002087.jpg,596,92
4618,images/sculpture_humanart_14000000001853.jpg,586,84
4619,images/coco_380993_crowd.jpg,385,62
4620,images/real_human_humanart_15000000000175.jpg,640,98
4621,images/painting_humanart_6000000000511.jpg,628,101
4622,images/coco_38031_crowd.jpg,439,77
4623,images/danbooru_anime_11919465.jpg,322,50
4624,images/real_human_humanart_15000000001090.jpg,638,101
4625,images/coco_150834_crowd.jpg,465,74
4626,images/danbooru_anime_11910576.jpg,491,77
4627,images/coco_531234_204034.jpg,318,52
4628,images/painting_humanart_10000000000513.jpg,411,63
4629,images/coco_453757_crowd.jpg,439,72
4630,images/painting_humanart_10000000001668.jpg,407,67
4631,images/painting_humanart_10000000002478.jpg,485,75
4632,images/painting_humanart_10000000000616.jpg,659,109
4633,images/painting_humanart_6000000003103.jpg,636,103
4634,images/painting_humanart_10000000000190.jpg,527,81
4635,images/painting_humanart_2000000001005.jpg,575,90
4636,images/real_human_humanart_17000000000337.jpg,688,105
4637,images/coco_385877_187460.jpg,266,46
4638,images/painting_humanart_9000000001620.jpg,520,85
4639,images/danbooru_anime_11918258.jpg,562,87
4640,images/coco_445048_429731.jpg,245,39
4641,images/coco_170178_crowd.jpg,757,114
4642,images/real_human_humanart_17000000002265.jpg,967,161
4643,images/coco_27565_449036.jpg,346,54
4644,images/coco_560993_200972.jpg,265,48
4645,images/painting_humanart_1000000000711.jpg,480,82
4646,images/painting_humanart_6000000003433.jpg,267,44
4647,images/coco_347179_crowd.jpg,344,54
4648,images/coco_192039_454228.jpg,369,65
4649,images/real_human_humanart_17000000001054.jpg,577,94
4650,images/painting_humanart_9000000002638.jpg,515,83
4651,images/painting_humanart_2000000002907.jpg,681,105
4652,images/coco_320843_2164023.jpg,229,39
4653,images/painting_humanart_9000000002634.jpg,560,86
4654,images/painting_humanart_10000000000924.jpg,514,88
4655,images/painting_humanart_10000000000983.jpg,354,49
4656,images/real_human_humanart_17000000001193.jpg,633,100
4657,images/coco_540581_443977.jpg,493,78
4658,images/real_human_humanart_17000000000732.jpg,577,97
4659,images/danbooru_anime_11912941.jpg,495,82
4660,images/real_human_humanart_15000000001004.jpg,590,90
4661,images/coco_49450_crowd.jpg,509,79
4662,images/painting_humanart_10000000000425.jpg,516,77
4663,images/danbooru_anime_11916663.jpg,573,93
4664,images/real_human_humanart_17000000002479.jpg,528,76
4665,images/painting_humanart_9000000001891.jpg,585,93
4666,images/coco_231644_crowd.jpg,583,99
4667,images/painting_humanart_6000000001326.jpg,287,47
4668,images/sculpture_humanart_14000000001431.jpg,616,101
4669,images/real_human_humanart_15000000002471.jpg,464,76
4670,images/painting_humanart_6000000000068.jpg,434,70
4671,images/coco_463716_443853.jpg,494,77
4672,images/painting_humanart_10000000004785.jpg,452,75
4673,images/painting_humanart_10000000000485.jpg,379,56
4674,images/painting_humanart_10000000000461.jpg,353,50
4675,images/real_human_humanart_17000000001305.jpg,490,82
4676,images/painting_humanart_2000000002769.jpg,362,51
4677,images/painting_humanart_10000000006169.jpg,679,97
4678,images/coco_573214_crowd.jpg,363,59
4679,images/coco_568972_crowd.jpg,572,89
4680,images/real_human_humanart_15000000000095.jpg,643,90
4681,images/danbooru_anime_11917336.jpg,474,82
4682,images/sculpture_humanart_14000000003757.jpg,595,94
4683,images/painting_humanart_9000000000306.jpg,398,59
4684,images/painting_humanart_2000000002740.jpg,714,113
4685,images/real_human_humanart_15000000000315.jpg,922,140
4686,images/painting_humanart_6000000001371.jpg,460,85
4687,images/painting_humanart_6000000001881.jpg,473,79
4688,images/real_human_humanart_17000000001936.jpg,586,95
4689,images/painting_humanart_1000000001843.jpg,230,39
4690,images/painting_humanart_9000000000029.jpg,367,57
4691,images/real_human_humanart_15000000000036.jpg,556,91
4692,images/real_human_humanart_15000000000271.jpg,671,107
4693,images/painting_humanart_2000000000664.jpg,531,84
4694,images/coco_20788_442081.jpg,490,76
4695,images/real_human_humanart_17000000001191.jpg,380,57
4696,images/painting_humanart_10000000002495.jpg,455,67
4697,images/painting_humanart_1000000001669.jpg,592,97
4698,images/real_human_humanart_15000000001786.jpg,522,78
4699,images/painting_humanart_1000000002820.jpg,227,36
4700,images/sculpture_humanart_14000000004114.jpg,474,72
4701,images/painting_humanart_1000000001823.jpg,523,90
4702,images/painting_humanart_9000000001948.jpg,625,100
4703,images/danbooru_anime_11919937.jpg,689,116
4704,images/danbooru_anime_11920352.jpg,351,55
4705,images/sculpture_humanart_14000000003778.jpg,566,89
4706,images/painting_humanart_9000000001373.jpg,481,73
4707,images/real_human_humanart_15000000000940.jpg,526,88
4708,images/painting_humanart_2000000003103.jpg,383,58
4709,images/coco_143737_crowd.jpg,366,58
4710,images/real_human_humanart_17000000000462.jpg,549,89
4711,images/real_human_humanart_17000000002001.jpg,707,109
4712,images/painting_humanart_10000000006526.jpg,600,96
4713,images/painting_humanart_2000000002822.jpg,390,58
4714,images/danbooru_anime_11912656.jpg,467,72
4715,images/painting_humanart_2000000003239.jpg,628,91
4716,images/painting_humanart_1000000007144.jpg,584,110
4717,images/painting_humanart_2000000000533.jpg,631,103
4718,images/painting_humanart_6000000003319.jpg,350,60
4719,images/real_human_humanart_15000000000148.jpg,618,87
4720,images/danbooru_anime_11920345.jpg,258,39
4721,images/painting_humanart_6000000001490.jpg,479,77
4722,images/painting_humanart_1000000006485.jpg,294,48
4723,images/sculpture_humanart_14000000004427.jpg,749,110
4724,images/coco_227230_422439.jpg,375,60
4725,images/danbooru_anime_11907535.jpg,374,58
4726,images/coco_472610_190413.jpg,487,81
4727,images/painting_humanart_2000000002120.jpg,468,74
4728,images/painting_humanart_9000000001533.jpg,407,66
4729,images/coco_292988_2156052.jpg,333,52
4730,images/painting_humanart_9000000001746.jpg,483,76
4731,images/painting_humanart_6000000000418.jpg,552,94
4732,images/painting_humanart_2000000000296.jpg,580,86
4733,images/painting_humanart_10000000006194.jpg,347,57
4734,images/painting_humanart_10000000000325.jpg,537,81
4735,images/painting_humanart_10000000000863.jpg,481,75
4736,images/real_human_humanart_15000000001732.jpg,854,132
4737,images/painting_humanart_10000000000719.jpg,440,67
4738,images/real_human_humanart_15000000001168.jpg,635,101
4739,images/coco_427476_460730.jpg,396,63
4740,images/real_human_humanart_15000000001394.jpg,563,86
4741,images/real_human_humanart_15000000000071.jpg,646,101
4742,images/danbooru_anime_11918032.jpg,280,43
4743,images/painting_humanart_9000000000573.jpg,624,95
4744,images/danbooru_anime_11917884.jpg,686,107
4745,images/real_human_humanart_15000000000139.jpg,659,100
4746,images/painting_humanart_2000000001094.jpg,556,93
4747,images/painting_humanart_6000000003403.jpg,624,100
4748,images/coco_193605_424659.jpg,874,130
4749,images/real_human_humanart_17000000000313.jpg,495,73
4750,images/painting_humanart_10000000000393.jpg,353,52
4751,images/danbooru_anime_11910665.jpg,305,49
4752,images/coco_38586_crowd.jpg,596,99
4753,images/painting_humanart_2000000000607.jpg,626,107
4754,images/danbooru_anime_11917675.jpg,266,38
4755,images/real_human_humanart_15000000001782.jpg,704,105
4756,images/painting_humanart_6000000001422.jpg,493,76
4757,images/real_human_humanart_17000000002422.jpg,726,112
4758,images/danbooru_anime_11919248.jpg,600,99
4759,images/coco_181383_crowd.jpg,381,66
4760,images/real_human_humanart_15000000000756.jpg,785,128
4761,images/painting_humanart_9000000001774.jpg,634,89
4762,images/painting_humanart_10000000004953.jpg,438,71
4763,images/coco_556064_425698.jpg,451,71
4764,images/painting_humanart_9000000000988.jpg,888,121
4765,images/real_human_humanart_17000000001431.jpg,478,75
4766,images/coco_264375_crowd.jpg,552,95
4767,images/sculpture_humanart_14000000003810.jpg,861,129
4768,images/coco_281072_457255.jpg,544,85
4769,images/painting_humanart_2000000002301.jpg,504,77
4770,images/coco_547487_557318.jpg,585,89
4771,images/real_human_humanart_17000000001632.jpg,669,97
4772,images/painting_humanart_2000000001311.jpg,590,96
4773,images/painting_humanart_9000000000113.jpg,449,70
4774,images/painting_humanart_10000000001024.jpg,339,54
4775,images/coco_455210_483976.jpg,253,44
4776,images/coco_315338_2150724.jpg,435,67
4777,images/danbooru_anime_11921055.jpg,476,85
4778,images/real_human_humanart_15000000000404.jpg,427,75
4779,images/coco_453799_187840.jpg,355,59
4780,images/painting_humanart_10000000002320.jpg,469,75
4781,images/coco_509129_crowd.jpg,394,63
4782,images/sculpture_humanart_14000000001102.jpg,602,96
4783,images/painting_humanart_1000000000297.jpg,600,93
4784,images/coco_495252_crowd.jpg,494,79
4785,images/coco_412621_477581.jpg,463,73
4786,images/painting_humanart_2000000002977.jpg,579,89
4787,images/real_human_humanart_17000000002050.jpg,863,144
4788,images/painting_humanart_2000000002779.jpg,445,63
4789,images/sculpture_humanart_14000000001418.jpg,667,98
4790,images/real_human_humanart_17000000002527.jpg,537,82
4791,images/real_human_humanart_17000000000556.jpg,757,124
4792,images/painting_humanart_10000000005097.jpg,423,66
4793,images/real_human_humanart_15000000001308.jpg,622,95
4794,images/coco_523274_199980.jpg,351,56
4795,images/real_human_humanart_17000000001760.jpg,354,64
4796,images/painting_humanart_6000000000125.jpg,378,61
4797,images/danbooru_anime_11921337.jpg,416,61
4798,images/coco_471483_442762.jpg,265,44
4799,images/real_human_humanart_15000000002012.jpg,675,106
4800,images/painting_humanart_1000000000170.jpg,508,84
4801,images/danbooru_anime_11900589.jpg,422,66
4802,images/coco_321663_crowd.jpg,479,84
4803,images/painting_humanart_9000000000339.jpg,372,61
4804,images/real_human_humanart_15000000000647.jpg,518,76
4805,images/painting_humanart_6000000003031.jpg,681,111
4806,images/real_human_humanart_17000000001007.jpg,908,143
4807,images/painting_humanart_10000000000765.jpg,245,41
4808,images/painting_humanart_10000000005730.jpg,371,57
4809,images/coco_350930_crowd.jpg,832,130
4810,images/real_human_humanart_17000000000748.jpg,635,94
4811,images/painting_humanart_9000000002143.jpg,421,69
4812,images/painting_humanart_10000000000226.jpg,504,79
4813,images/painting_humanart_10000000000408.jpg,292,44
4814,images/coco_555456_427111.jpg,368,57
4815,images/danbooru_anime_11902044.jpg,473,76
4816,images/coco_104221_crowd.jpg,531,88
4817,images/sculpture_humanart_14000000001554.jpg,691,104
4818,images/danbooru_anime_11919639.jpg,606,94
4819,images/coco_457538_424434.jpg,547,90
4820,images/coco_452591_crowd.jpg,433,67
4821,images/painting_humanart_6000000000406.jpg,615,101
4822,images/painting_humanart_9000000001879.jpg,552,78
4823,images/painting_humanart_1000000002852.jpg,397,67
4824,images/painting_humanart_10000000000285.jpg,674,105
4825,images/coco_210522_crowd.jpg,465,81
4826,images/coco_175024_187786.jpg,381,63
4827,images/sculpture_humanart_14000000004143.jpg,683,103
4828,images/real_human_humanart_17000000000408.jpg,832,131
4829,images/coco_447009_430067.jpg,356,64
4830,images/sculpture_humanart_14000000002000.jpg,524,78
4831,images/painting_humanart_10000000006111.jpg,444,65
4832,images/coco_399879_422879.jpg,446,69
4833,images/real_human_humanart_17000000000432.jpg,560,85
4834,images/danbooru_anime_11910728.jpg,501,73
4835,images/painting_humanart_1000000005644.jpg,392,66
4836,images/danbooru_anime_11916736.jpg,513,81
4837,images/coco_299986_436539.jpg,273,45
4838,images/sculpture_humanart_14000000000191.jpg,563,82
4839,images/sculpture_humanart_14000000001711.jpg,459,67
4840,images/painting_humanart_1000000003235.jpg,414,68
4841,images/coco_80185_crowd.jpg,320,54
4842,images/coco_113756_crowd.jpg,406,70
4843,images/sculpture_humanart_14000000000215.jpg,574,86
4844,images/painting_humanart_9000000001992.jpg,419,68
4845,images/sculpture_humanart_14000000001743.jpg,451,67
4846,images/sculpture_humanart_14000000000118.jpg,707,110
4847,images/danbooru_anime_11917119.jpg,403,62
4848,images/coco_226380_crowd.jpg,518,82
4849,images/painting_humanart_6000000003195.jpg,571,95
4850,images/painting_humanart_1000000004261.jpg,696,110
4851,images/danbooru_anime_11918876.jpg,546,92
4852,images/painting_humanart_6000000000133.jpg,617,93
4853,images/danbooru_anime_11912953.jpg,592,98
4854,images/sculpture_humanart_14000000004497.jpg,544,82
4855,images/coco_385540_223732.jpg,522,81
4856,images/real_human_humanart_17000000002278.jpg,608,95
4857,images/coco_94619_435120.jpg,388,63
4858,images/coco_527102_crowd.jpg,448,69
4859,images/painting_humanart_2000000002457.jpg,683,108
4860,images/painting_humanart_2000000001624.jpg,592,89
4861,images/painting_humanart_6000000002660.jpg,322,55
4862,images/real_human_humanart_17000000002190.jpg,729,102
4863,images/coco_156636_443159.jpg,361,58
4864,images/coco_314986_203113.jpg,302,49
4865,images/coco_464857_crowd.jpg,393,70
4866,images/real_human_humanart_15000000001047.jpg,515,82
4867,images/painting_humanart_1000000003113.jpg,561,94
4868,images/real_human_humanart_15000000000392.jpg,620,90
4869,images/real_human_humanart_15000000002051.jpg,537,77
4870,images/danbooru_anime_11916657.jpg,472,78
4871,images/painting_humanart_6000000000126.jpg,534,87
4872,images/real_human_humanart_15000000001132.jpg,714,109
4873,images/painting_humanart_6000000002566.jpg,599,98
4874,images/painting_humanart_6000000000020.jpg,322,54
4875,images/painting_humanart_2000000000555.jpg,637,99
4876,images/real_human_humanart_17000000001212.jpg,758,121
4877,images/painting_humanart_10000000000939.jpg,409,61
4878,images/painting_humanart_10000000000286.jpg,503,80
4879,images/real_human_humanart_15000000000313.jpg,678,100
4880,images/danbooru_anime_11920582.jpg,400,73
4881,images/painting_humanart_6000000001874.jpg,546,88
4882,images/painting_humanart_6000000003417.jpg,419,64
4883,images/sculpture_humanart_14000000000856.jpg,585,89
4884,images/sculpture_humanart_14000000000473.jpg,595,99
4885,images/painting_humanart_10000000001716.jpg,389,62
4886,images/sculpture_humanart_14000000004047.jpg,523,79
4887,images/painting_humanart_6000000000578.jpg,412,70
4888,images/coco_141634_218410.jpg,269,40
4889,images/coco_380414_crowd.jpg,350,55
4890,images/coco_306619_crowd.jpg,479,79
4891,images/danbooru_anime_11920947.jpg,365,64
4892,images/coco_368528_545129.jpg,275,45
4893,images/danbooru_anime_11920540.jpg,557,88
4894,images/sculpture_humanart_14000000004473.jpg,637,99
4895,images/painting_humanart_2000000001605.jpg,601,92
4896,images/real_human_humanart_15000000000976.jpg,907,139
4897,images/painting_humanart_9000000001802.jpg,682,109
4898,images/sculpture_humanart_14000000002123.jpg,571,88
4899,images/painting_humanart_9000000001055.jpg,431,66
4900,images/danbooru_anime_11905328.jpg,458,74
4901,images/painting_humanart_10000000004567.jpg,297,45
4902,images/painting_humanart_10000000000305.jpg,421,62
4903,images/real_human_humanart_15000000001042.jpg,488,76
4904,images/danbooru_anime_11921262.jpg,629,98
4905,images/painting_humanart_6000000000443.jpg,514,83
4906,images/real_human_humanart_15000000001095.jpg,425,71
4907,images/sculpture_humanart_14000000003983.jpg,593,88
4908,images/real_human_humanart_17000000000594.jpg,693,103
4909,images/painting_humanart_10000000000415.jpg,609,91
4910,images/coco_69827_481683.jpg,608,100
4911,images/real_human_humanart_15000000002016.jpg,624,97
4912,images/painting_humanart_1000000004264.jpg,544,75
4913,images/painting_humanart_9000000000089.jpg,316,49
4914,images/real_human_humanart_15000000002111.jpg,655,101
4915,images/coco_44823_crowd.jpg,270,45
4916,images/painting_humanart_2000000001356.jpg,611,98
4917,images/real_human_humanart_17000000002085.jpg,626,92
4918,images/painting_humanart_9000000000106.jpg,393,59
4919,images/sculpture_humanart_14000000004141.jpg,402,62
4920,images/coco_232488_crowd.jpg,444,76
4921,images/danbooru_anime_11907375.jpg,439,68
4922,images/coco_548844_481289.jpg,395,63
4923,images/real_human_humanart_15000000000521.jpg,495,82
4924,images/coco_324135_1227251.jpg,509,79
4925,images/coco_505157_crowd.jpg,488,76
4926,images/painting_humanart_9000000000828.jpg,503,71
4927,images/danbooru_anime_11917000.jpg,411,61
4928,images/coco_143387_425238.jpg,407,67
4929,images/real_human_humanart_17000000002332.jpg,528,81
4930,images/real_human_humanart_15000000000035.jpg,554,86
4931,images/real_human_humanart_17000000000907.jpg,643,101
4932,images/real_human_humanart_15000000001614.jpg,500,74
4933,images/painting_humanart_6000000001770.jpg,530,88
4934,images/real_human_humanart_15000000000291.jpg,698,109
4935,images/danbooru_anime_11915721.jpg,604,94
4936,images/real_human_humanart_17000000001050.jpg,340,57
4937,images/painting_humanart_6000000001930.jpg,443,69
4938,images/coco_544713_187016.jpg,391,59
4939,images/coco_414522_439817.jpg,329,50
4940,images/real_human_humanart_15000000001800.jpg,708,109
4941,images/painting_humanart_9000000001355.jpg,615,94
4942,images/painting_humanart_2000000002631.jpg,522,82
4943,images/painting_humanart_6000000001192.jpg,506,80
4944,images/coco_428973_crowd.jpg,403,63
4945,images/danbooru_anime_11902338.jpg,350,55
4946,images/real_human_humanart_15000000000118.jpg,648,104
4947,images/real_human_humanart_15000000000254.jpg,649,95
4948,images/painting_humanart_1000000006136.jpg,221,40
4949,images/painting_humanart_2000000002947.jpg,426,65
4950,images/danbooru_anime_11912175.jpg,338,54
4951,images/danbooru_anime_11906695.jpg,441,67
4952,images/real_human_humanart_15000000000278.jpg,666,105
4953,images/coco_497907_1223269.jpg,468,75
4954,images/painting_humanart_9000000000587.jpg,399,65
4955,images/real_human_humanart_15000000000320.jpg,520,82
4956,images/coco_45367_195619.jpg,478,78
4957,images/coco_534736_crowd.jpg,382,60
4958,images/real_human_humanart_17000000001335.jpg,724,109
4959,images/painting_humanart_9000000002125.jpg,369,62
4960,images/painting_humanart_9000000002273.jpg,473,78
4961,images/painting_humanart_6000000000946.jpg,649,106
4962,images/painting_humanart_6000000002333.jpg,488,81
4963,images/danbooru_anime_11919173.jpg,326,48
4964,images/painting_humanart_10000000000416.jpg,406,59
4965,images/sculpture_humanart_14000000004359.jpg,563,87
4966,images/real_human_humanart_15000000001265.jpg,682,104
4967,images/painting_humanart_6000000001078.jpg,399,67
4968,images/sculpture_humanart_14000000003746.jpg,660,99
4969,images/real_human_humanart_17000000002078.jpg,669,102
4970,images/danbooru_anime_11919202.jpg,485,73
4971,images/painting_humanart_6000000002651.jpg,445,72
4972,images/sculpture_humanart_14000000004229.jpg,658,110
4973,images/coco_216417_187008.jpg,349,58
4974,images/danbooru_anime_11921025.jpg,328,50
4975,images/painting_humanart_9000000000772.jpg,326,63
4976,images/painting_humanart_9000000001362.jpg,663,108
4977,images/sculpture_humanart_14000000000982.jpg,527,84
4978,images/real_human_humanart_17000000001852.jpg,499,79
4979,images/real_human_humanart_15000000001625.jpg,589,96
4980,images/danbooru_anime_11920980.jpg,349,55
4981,images/painting_humanart_9000000000844.jpg,398,66
4982,images/sculpture_humanart_14000000000063.jpg,713,104
4983,images/real_human_humanart_17000000001707.jpg,459,73
4984,images/painting_humanart_6000000002267.jpg,282,47
4985,images/danbooru_anime_11919229.jpg,316,52
4986,images/real_human_humanart_15000000001553.jpg,617,91
4987,images/sculpture_humanart_14000000001594.jpg,660,94
4988,images/real_human_humanart_15000000002323.jpg,737,113
4989,images/danbooru_anime_11917192.jpg,263,44
4990,images/painting_humanart_2000000003091.jpg,673,101
4991,images/real_human_humanart_17000000000132.jpg,515,78
4992,images/painting_humanart_9000000001016.jpg,466,74
4993,images/painting_humanart_2000000001206.jpg,447,70
4994,images/painting_humanart_2000000002834.jpg,481,66
4995,images/painting_humanart_2000000000391.jpg,584,91
4996,images/painting_humanart_1000000006115.jpg,517,85
4997,images/danbooru_anime_11915594.jpg,633,105
4998,images/painting_humanart_1000000004265.jpg,291,45
4999,images/danbooru_anime_11909182.jpg,540,85
5000,images/sculpture_humanart_14000000001575.jpg,617,97
5001,images/coco_416271_crowd.jpg,541,88
5002,images/real_human_humanart_17000000001366.jpg,617,94
5003,images/sculpture_humanart_14000000003191.jpg,405,59
5004,images/painting_humanart_10000000002535.jpg,420,70
5005,images/painting_humanart_2000000000102.jpg,756,121
5006,images/coco_487181_222504.jpg,499,80
5007,images/coco_324155_crowd.jpg,442,66
5008,images/real_human_humanart_15000000000319.jpg,625,98
5009,images/real_human_humanart_15000000001771.jpg,443,68
5010,images/painting_humanart_2000000001776.jpg,547,84
5011,images/painting_humanart_9000000000139.jpg,420,68
5012,images/real_human_humanart_17000000001443.jpg,783,123
5013,images/painting_humanart_2000000001027.jpg,440,68
5014,images/painting_humanart_6000000000759.jpg,362,57
5015,images/painting_humanart_10000000003007.jpg,288,43
5016,images/coco_83682_crowd.jpg,493,76
5017,images/real_human_humanart_15000000001609.jpg,701,109
5018,images/painting_humanart_10000000005175.jpg,389,61
5019,images/painting_humanart_1000000002621.jpg,466,73
5020,images/painting_humanart_6000000002814.jpg,497,83
5021,images/sculpture_humanart_14000000000972.jpg,872,131
5022,images/painting_humanart_6000000000422.jpg,640,106
5023,images/danbooru_anime_11920638.jpg,688,106
5024,images/danbooru_anime_11921421.jpg,392,66
5025,images/coco_338847_453921.jpg,394,65
5026,images/painting_humanart_10000000001449.jpg,305,50
5027,images/sculpture_humanart_14000000003879.jpg,624,93
5028,images/painting_humanart_2000000001445.jpg,490,83
5029,images/sculpture_humanart_14000000001604.jpg,598,94
5030,images/painting_humanart_10000000001681.jpg,425,69
5031,images/painting_humanart_6000000000949.jpg,418,68
5032,images/painting_humanart_9000000001264.jpg,468,69
5033,images/real_human_humanart_17000000002042.jpg,621,102
5034,images/real_human_humanart_15000000000219.jpg,597,82
5035,images/coco_336101_1727495.jpg,511,83
5036,images/painting_humanart_9000000002053.jpg,414,70
5037,images/painting_humanart_9000000001023.jpg,412,64
5038,images/painting_humanart_9000000002633.jpg,295,47
5039,images/painting_humanart_10000000004634.jpg,420,68
5040,images/real_human_humanart_17000000001419.jpg,677,114
5041,images/coco_199876_crowd.jpg,330,52
5042,images/real_human_humanart_15000000000149.jpg,302,48
5043,images/painting_humanart_6000000000338.jpg,655,102
5044,images/painting_humanart_2000000001017.jpg,412,65
5045,images/sculpture_humanart_14000000000345.jpg,533,80
5046,images/coco_33441_517201.jpg,334,55
5047,images/sculpture_humanart_14000000003833.jpg,627,96
5048,images/painting_humanart_1000000000861.jpg,530,83
5049,images/painting_humanart_9000000000683.jpg,329,50
5050,images/painting_humanart_10000000004189.jpg,498,88
5051,images/painting_humanart_10000000005145.jpg,332,52
5052,images/painting_humanart_9000000001731.jpg,588,89
5053,images/painting_humanart_10000000005972.jpg,273,42
5054,images/painting_humanart_9000000002202.jpg,359,57
5055,images/coco_290416_440702.jpg,479,79
5056,images/coco_29573_434731.jpg,427,65
5057,images/painting_humanart_10000000006138.jpg,400,60
5058,images/coco_162627_187838.jpg,380,66
5059,images/sculpture_humanart_14000000004014.jpg,761,119
5060,images/real_human_humanart_15000000002426.jpg,690,109
5061,images/painting_humanart_2000000003075.jpg,569,92
5062,images/coco_73753_205693.jpg,488,83
5063,images/painting_humanart_10000000002313.jpg,435,68
5064,images/painting_humanart_1000000004600.jpg,493,73
5065,images/coco_436696_crowd.jpg,405,67
5066,images/coco_434580_201392.jpg,325,57
5067,images/painting_humanart_2000000001147.jpg,551,87
5068,images/danbooru_anime_11919007.jpg,438,73
5069,images/painting_humanart_10000000000870.jpg,411,57
5070,images/sculpture_humanart_14000000000028.jpg,642,93
5071,images/coco_304834_449471.jpg,621,97
5072,images/danbooru_anime_11917093.jpg,409,63
5073,images/real_human_humanart_15000000000099.jpg,489,76
5074,images/real_human_humanart_17000000001714.jpg,451,74
5075,images/real_human_humanart_15000000001117.jpg,701,100
5076,images/painting_humanart_10000000000463.jpg,467,72
5077,images/danbooru_anime_11915741.jpg,506,78
5078,images/sculpture_humanart_14000000000845.jpg,668,98
5079,images/coco_150088_470874.jpg,527,86
5080,images/painting_humanart_6000000000870.jpg,447,79
5081,images/coco_102555_crowd.jpg,540,91
5082,images/real_human_humanart_17000000001861.jpg,462,70
5083,images/painting_humanart_1000000001863.jpg,404,67
5084,images/painting_humanart_6000000000711.jpg,582,94
5085,images/real_human_humanart_15000000002357.jpg,538,85
5086,images/painting_humanart_9000000000312.jpg,548,80
5087,images/danbooru_anime_11915948.jpg,287,48
5088,images/coco_333314_crowd.jpg,333,54
5089,images/coco_144862_crowd.jpg,541,93
5090,images/coco_413377_426111.jpg,407,68
5091,images/real_human_humanart_15000000000646.jpg,660,107
5092,images/painting_humanart_6000000002429.jpg,481,82
5093,images/coco_424422_crowd.jpg,288,48
5094,images/sculpture_humanart_14000000002114.jpg,609,94
5095,images/real_human_humanart_15000000000293.jpg,571,98
5096,images/real_human_humanart_17000000002164.jpg,486,73
5097,images/sculpture_humanart_14000000001888.jpg,586,86
5098,images/painting_humanart_6000000001412.jpg,326,56
5099,images/painting_humanart_1000000007863.jpg,448,67
5100,images/painting_humanart_10000000005108.jpg,497,80
5101,images/painting_humanart_2000000002501.jpg,615,97
5102,images/real_human_humanart_15000000000123.jpg,548,80
5103,images/painting_humanart_9000000002080.jpg,731,115
5104,images/painting_humanart_6000000000172.jpg,504,78
5105,images/real_human_humanart_17000000000348.jpg,516,75
5106,images/real_human_humanart_15000000000373.jpg,464,65
5107,images/real_human_humanart_15000000000582.jpg,640,97
5108,images/sculpture_humanart_14000000001750.jpg,315,47
5109,images/sculpture_humanart_14000000000336.jpg,475,71
5110,images/real_human_humanart_15000000002202.jpg,512,79
5111,images/danbooru_anime_11917038.jpg,391,66
5112,images/coco_465323_477934.jpg,383,63
5113,images/real_human_humanart_15000000001809.jpg,732,114
5114,images/sculpture_humanart_14000000004152.jpg,608,98
5115,images/real_human_humanart_17000000002217.jpg,784,122
5116,images/danbooru_anime_11920125.jpg,273,44
5117,images/painting_humanart_6000000002293.jpg,457,80
5118,images/coco_93853_220092.jpg,461,76
5119,images/coco_78288_185702.jpg,282,46
5120,images/danbooru_anime_11920027.jpg,482,76
5121,images/danbooru_anime_11911842.jpg,604,96
5122,images/danbooru_anime_11906942.jpg,454,69
5123,images/painting_humanart_10000000000844.jpg,361,56
5124,images/coco_4243_456598.jpg,613,96
5125,images/coco_39267_510195.jpg,312,50
5126,images/painting_humanart_9000000001624.jpg,559,92
5127,images/painting_humanart_10000000003600.jpg,511,78
5128,images/painting_humanart_10000000005007.jpg,383,60
5129,images/sculpture_humanart_14000000004210.jpg,288,45
5130,images/real_human_humanart_17000000001430.jpg,641,95
5131,images/sculpture_humanart_14000000003940.jpg,800,118
5132,images/coco_208283_233714.jpg,296,55
5133,images/coco_295403_crowd.jpg,334,62
5134,images/painting_humanart_2000000002197.jpg,515,79
5135,images/danbooru_anime_11919698.jpg,374,62
5136,images/coco_288491_crowd.jpg,621,98
5137,images/painting_humanart_2000000001439.jpg,797,123
5138,images/real_human_humanart_17000000000253.jpg,572,88
5139,images/coco_43555_1742111.jpg,495,80
5140,images/real_human_humanart_15000000002039.jpg,688,107
5141,images/real_human_humanart_15000000000883.jpg,644,105
5142,images/coco_447978_446171.jpg,352,62
5143,images/real_human_humanart_17000000001041.jpg,478,75
5144,images/painting_humanart_6000000002694.jpg,331,62
5145,images/real_human_humanart_17000000002008.jpg,526,80
5146,images/painting_humanart_2000000002443.jpg,576,90
5147,images/painting_humanart_6000000000086.jpg,419,66
5148,images/painting_humanart_9000000001615.jpg,375,64
5149,images/real_human_humanart_15000000002349.jpg,642,106
5150,images/coco_91353_crowd.jpg,280,48
5151,images/real_human_humanart_15000000002490.jpg,824,124
5152,images/painting_humanart_9000000002081.jpg,434,72
5153,images/painting_humanart_10000000000194.jpg,656,106
5154,images/painting_humanart_9000000002431.jpg,409,63
5155,images/painting_humanart_10000000002357.jpg,252,42
5156,images/painting_humanart_10000000001929.jpg,450,72
5157,images/real_human_humanart_17000000002513.jpg,747,123
5158,images/sculpture_humanart_14000000001123.jpg,690,108
5159,images/real_human_humanart_15000000000197.jpg,505,78
5160,images/painting_humanart_9000000001862.jpg,522,83
5161,images/painting_humanart_10000000000619.jpg,603,95
5162,images/painting_humanart_10000000003111.jpg,412,58
5163,images/painting_humanart_9000000001920.jpg,588,80
5164,images/danbooru_anime_11917647.jpg,520,77
5165,images/painting_humanart_2000000002454.jpg,486,76
5166,images/painting_humanart_10000000004356.jpg,409,66
5167,images/danbooru_anime_11903750.jpg,341,52
5168,images/danbooru_anime_11910219.jpg,512,86
5169,images/coco_384038_192280.jpg,376,64
5170,images/painting_humanart_1000000003484.jpg,332,50
5171,images/coco_241373_195906.jpg,271,45
5172,images/painting_humanart_9000000001727.jpg,413,67
5173,images/painting_humanart_6000000001172.jpg,698,107
5174,images/coco_109539_1693850.jpg,300,44
5175,images/coco_474034_crowd.jpg,326,53
5176,images/painting_humanart_2000000003219.jpg,692,107
5177,images/sculpture_humanart_14000000000149.jpg,641,99
5178,images/painting_humanart_2000000003170.jpg,380,56
5179,images/danbooru_anime_11919608.jpg,283,47
5180,images/painting_humanart_9000000002011.jpg,650,99
5181,images/real_human_humanart_15000000001214.jpg,661,95
5182,images/sculpture_humanart_14000000000093.jpg,466,67
5183,images/painting_humanart_9000000000494.jpg,433,68
5184,images/coco_558794_crowd.jpg,406,64
5185,images/painting_humanart_10000000002909.jpg,414,67
5186,images/real_human_humanart_17000000000336.jpg,619,94
5187,images/sculpture_humanart_14000000004051.jpg,751,111
5188,images/painting_humanart_2000000000105.jpg,396,70
5189,images/painting_humanart_1000000002205.jpg,331,53
5190,images/painting_humanart_6000000001402.jpg,670,111
5191,images/painting_humanart_2000000002691.jpg,397,67
5192,images/danbooru_anime_11920619.jpg,758,119
5193,images/coco_301581_436578.jpg,421,65
5194,images/real_human_humanart_15000000000761.jpg,796,124
5195,images/painting_humanart_1000000008539.jpg,352,50
5196,images/danbooru_anime_11903214.jpg,589,97
5197,images/sculpture_humanart_14000000001534.jpg,693,106
5198,images/sculpture_humanart_14000000001467.jpg,622,96
5199,images/painting_humanart_2000000002538.jpg,654,107
5200,images/painting_humanart_10000000000061.jpg,440,65
5201,images/coco_144929_1726388.jpg,267,44
5202,images/painting_humanart_2000000002348.jpg,581,95
5203,images/painting_humanart_9000000001923.jpg,564,85
5204,images/painting_humanart_2000000001901.jpg,568,86
5205,images/painting_humanart_2000000002316.jpg,617,93
5206,images/coco_261779_441625.jpg,506,77
5207,images/painting_humanart_9000000001150.jpg,465,75
5208,images/coco_194440_188744.jpg,380,67
5209,images/coco_283264_431319.jpg,234,40
5210,images/painting_humanart_6000000001206.jpg,403,64
5211,images/real_human_humanart_17000000000949.jpg,547,93
5212,images/real_human_humanart_15000000001826.jpg,542,83
5213,images/danbooru_anime_11909585.jpg,548,86
5214,images/real_human_humanart_15000000000949.jpg,541,82
5215,images/danbooru_anime_11904396.jpg,383,59
5216,images/painting_humanart_6000000002658.jpg,536,89
5217,images/coco_476335_crowd.jpg,351,54
5218,images/danbooru_anime_11908215.jpg,711,117
5219,images/sculpture_humanart_14000000004101.jpg,347,51
5220,images/sculpture_humanart_14000000001049.jpg,773,125
5221,images/danbooru_anime_11921016.jpg,465,75
5222,images/painting_humanart_9000000001591.jpg,357,53
5223,images/sculpture_humanart_14000000001962.jpg,331,44
5224,images/real_human_humanart_15000000001270.jpg,625,107
5225,images/painting_humanart_6000000002890.jpg,543,88
5226,images/real_human_humanart_17000000001343.jpg,520,81
5227,images/coco_222711_crowd.jpg,442,68
5228,images/danbooru_anime_11900916.jpg,341,52
5229,images/painting_humanart_10000000004100.jpg,369,59
5230,images/painting_humanart_6000000003578.jpg,548,92
5231,images/danbooru_anime_11912209.jpg,713,119
5232,images/real_human_humanart_17000000001682.jpg,575,89
5233,images/painting_humanart_9000000002073.jpg,544,86
5234,images/sculpture_humanart_14000000003917.jpg,488,69
5235,images/real_human_humanart_17000000002194.jpg,551,82
5236,images/real_human_humanart_17000000000006.jpg,713,115
5237,images/coco_542510_471709.jpg,373,62
5238,images/painting_humanart_10000000000374.jpg,408,64
5239,images/real_human_humanart_17000000000723.jpg,674,103
5240,images/coco_307342_crowd.jpg,479,67
5241,images/sculpture_humanart_14000000000049.jpg,637,106
5242,images/painting_humanart_2000000000835.jpg,436,65
5243,images/coco_504977_519609.jpg,435,69
5244,images/painting_humanart_9000000001268.jpg,428,65
5245,images/real_human_humanart_17000000000083.jpg,640,107
5246,images/danbooru_anime_11915658.jpg,310,46
5247,images/painting_humanart_9000000000221.jpg,534,85
5248,images/real_human_humanart_17000000001048.jpg,455,77
5249,images/painting_humanart_1000000003196.jpg,348,62
5250,images/coco_345787_crowd.jpg,456,82
5251,images/painting_humanart_1000000005125.jpg,413,66
5252,images/danbooru_anime_11906819.jpg,555,88
5253,images/real_human_humanart_17000000002366.jpg,646,109
5254,images/painting_humanart_2000000001820.jpg,593,95
5255,images/danbooru_anime_11914008.jpg,454,75
5256,images/sculpture_humanart_14000000000081.jpg,569,86
5257,images/real_human_humanart_17000000001983.jpg,576,94
5258,images/real_human_humanart_15000000001839.jpg,722,104
5259,images/painting_humanart_10000000003902.jpg,427,61
5260,images/painting_humanart_1000000005777.jpg,470,83
5261,images/coco_574108_433518.jpg,229,40
5262,images/real_human_humanart_17000000001723.jpg,597,93
5263,images/danbooru_anime_11920084.jpg,372,60
5264,images/coco_70870_2159741.jpg,536,87
5265,images/painting_humanart_1000000001030.jpg,398,64
5266,images/real_human_humanart_15000000000074.jpg,794,118
5267,images/painting_humanart_9000000000231.jpg,501,75
5268,images/danbooru_anime_11909001.jpg,622,100
5269,images/real_human_humanart_15000000000339.jpg,780,125
5270,images/coco_111907_474705.jpg,557,89
5271,images/coco_364284_486123.jpg,346,53
5272,images/painting_humanart_1000000002869.jpg,495,80
5273,images/painting_humanart_6000000002591.jpg,553,88
5274,images/coco_139637_190415.jpg,299,54
5275,images/real_human_humanart_15000000000081.jpg,599,91
5276,images/sculpture_humanart_14000000001403.jpg,549,80
5277,images/real_human_humanart_15000000001331.jpg,563,85
5278,images/real_human_humanart_17000000000125.jpg,392,61
5279,images/painting_humanart_10000000003939.jpg,519,83
5280,images/real_human_humanart_17000000000915.jpg,400,59
5281,images/real_human_humanart_17000000002475.jpg,715,109
5282,images/real_human_humanart_15000000001494.jpg,483,78
5283,images/danbooru_anime_11900867.jpg,498,77
5284,images/painting_humanart_9000000000251.jpg,302,47
5285,images/painting_humanart_9000000002417.jpg,766,134
5286,images/real_human_humanart_15000000000678.jpg,474,74
5287,images/painting_humanart_2000000001300.jpg,527,82
5288,images/coco_292188_194492.jpg,391,68
5289,images/real_human_humanart_15000000001736.jpg,642,105
5290,images/real_human_humanart_17000000000809.jpg,910,140
5291,images/painting_humanart_9000000001500.jpg,267,46
5292,images/real_human_humanart_17000000000038.jpg,672,106
5293,images/sculpture_humanart_14000000000080.jpg,571,93
5294,images/danbooru_anime_11910898.jpg,310,53
5295,images/danbooru_anime_11918957.jpg,307,55
5296,images/real_human_humanart_15000000001148.jpg,565,100
5297,images/danbooru_anime_11914077.jpg,616,101
5298,images/painting_humanart_10000000001253.jpg,468,74
5299,images/danbooru_anime_11903397.jpg,610,97
5300,images/painting_humanart_1000000005840.jpg,398,58
5301,images/painting_humanart_10000000000692.jpg,773,125
5302,images/painting_humanart_2000000001187.jpg,661,102
5303,images/coco_337517_425865.jpg,380,59
5304,images/real_human_humanart_15000000000545.jpg,772,115
5305,images/painting_humanart_6000000003381.jpg,329,56
5306,images/danbooru_anime_11900222.jpg,547,94
5307,images/painting_humanart_10000000003382.jpg,415,68
5308,images/painting_humanart_9000000000789.jpg,637,97
5309,images/painting_humanart_9000000000998.jpg,399,63
5310,images/painting_humanart_10000000000338.jpg,333,49
5311,images/painting_humanart_6000000002995.jpg,519,79
5312,images/coco_184972_crowd.jpg,626,104
5313,images/coco_365711_441235.jpg,378,66
5314,images/coco_6033_crowd.jpg,755,124
5315,images/painting_humanart_1000000000633.jpg,364,56
5316,images/painting_humanart_2000000000130.jpg,489,74
5317,images/danbooru_anime_11909716.jpg,534,78
5318,images/coco_241340_203678.jpg,282,43
5319,images/coco_18358_2157234.jpg,308,44
5320,images/painting_humanart_10000000002449.jpg,414,69
5321,images/real_human_humanart_17000000001026.jpg,474,78
5322,images/painting_humanart_6000000002297.jpg,448,76
5323,images/real_human_humanart_15000000001555.jpg,606,100
5324,images/painting_humanart_9000000000205.jpg,253,38
5325,images/coco_5961_crowd.jpg,282,51
5326,images/painting_humanart_1000000002376.jpg,392,63
5327,images/painting_humanart_1000000000554.jpg,400,64
5328,images/painting_humanart_1000000002303.jpg,420,68
5329,images/real_human_humanart_15000000002399.jpg,800,129
5330,images/painting_humanart_10000000001096.jpg,379,59
5331,images/painting_humanart_9000000002000.jpg,518,78
5332,images/coco_576652_434637.jpg,328,52
5333,images/real_human_humanart_15000000000555.jpg,587,87
5334,images/real_human_humanart_17000000000632.jpg,677,109
5335,images/painting_humanart_2000000002843.jpg,472,74
5336,images/real_human_humanart_17000000000972.jpg,682,112
5337,images/coco_237496_493566.jpg,346,57
5338,images/painting_humanart_10000000006599.jpg,501,75
5339,images/danbooru_anime_11920008.jpg,656,99
5340,images/sculpture_humanart_14000000001513.jpg,749,116
5341,images/sculpture_humanart_14000000003845.jpg,557,91
5342,images/painting_humanart_10000000000071.jpg,450,69
5343,images/real_human_humanart_17000000002243.jpg,738,108
5344,images/coco_114055_crowd.jpg,274,45
5345,images/coco_361382_225380.jpg,350,58
5346,images/real_human_humanart_15000000001961.jpg,814,123
5347,images/coco_419444_438652.jpg,315,50
5348,images/painting_humanart_10000000006210.jpg,480,68
5349,images/sculpture_humanart_14000000001900.jpg,462,62
5350,images/coco_103697_435277.jpg,563,86
5351,images/painting_humanart_1000000000266.jpg,474,70
5352,images/real_human_humanart_15000000000440.jpg,558,87
5353,images/painting_humanart_10000000000144.jpg,235,36
5354,images/danbooru_anime_11909191.jpg,413,65
5355,images/coco_77345_421156.jpg,465,74
5356,images/coco_102746_crowd.jpg,485,75
5357,images/painting_humanart_2000000003314.jpg,537,83
5358,images/coco_426342_188666.jpg,404,65
5359,images/coco_212817_crowd.jpg,730,120
5360,images/painting_humanart_9000000000764.jpg,423,64
5361,images/danbooru_anime_11920739.jpg,304,48
5362,images/painting_humanart_10000000000586.jpg,411,60
5363,images/coco_486355_crowd.jpg,342,56
5364,images/coco_422677_433119.jpg,572,90
5365,images/painting_humanart_9000000000344.jpg,278,42
5366,images/sculpture_humanart_14000000000348.jpg,772,129
5367,images/sculpture_humanart_14000000001723.jpg,428,64
5368,images/real_human_humanart_15000000000570.jpg,521,81
5369,images/sculpture_humanart_14000000004289.jpg,871,127
5370,images/sculpture_humanart_14000000001876.jpg,671,102
5371,images/real_human_humanart_17000000002165.jpg,807,119
5372,images/sculpture_humanart_14000000004386.jpg,687,104
5373,images/real_human_humanart_15000000002431.jpg,521,83
5374,images/sculpture_humanart_14000000004466.jpg,456,70
5375,images/coco_88120_494234.jpg,287,46
5376,images/danbooru_anime_11920898.jpg,391,62
5377,images/painting_humanart_2000000001447.jpg,508,80
5378,images/painting_humanart_2000000002402.jpg,701,109
5379,images/coco_255795_482716.jpg,339,58
5380,images/danbooru_anime_11919366.jpg,295,48
5381,images/coco_95476_crowd.jpg,563,85
5382,images/painting_humanart_9000000002292.jpg,554,84
5383,images/real_human_humanart_17000000001613.jpg,535,83
5384,images/painting_humanart_6000000002273.jpg,504,81
5385,images/painting_humanart_2000000001355.jpg,457,70
5386,images/coco_417281_458916.jpg,310,52
5387,images/real_human_humanart_17000000002111.jpg,585,97
5388,images/real_human_humanart_17000000001246.jpg,623,93
5389,images/painting_humanart_1000000001743.jpg,457,69
5390,images/coco_122120_438078.jpg,385,60
5391,images/danbooru_anime_11920022.jpg,401,64
5392,images/painting_humanart_6000000002146.jpg,460,77
5393,images/coco_116173_446546.jpg,284,48
5394,images/coco_434581_185788.jpg,273,47
5395,images/coco_248427_crowd.jpg,786,133
5396,images/danbooru_anime_11907162.jpg,252,41
5397,images/real_human_humanart_17000000001942.jpg,755,109
5398,images/real_human_humanart_15000000001396.jpg,612,90
5399,images/painting_humanart_9000000001465.jpg,480,69
5400,images/danbooru_anime_11917036.jpg,467,75
5401,images/coco_90732_446989.jpg,267,41
5402,images/painting_humanart_9000000001938.jpg,712,117
5403,images/danbooru_anime_11919627.jpg,607,100
5404,images/coco_238074_429406.jpg,299,53
5405,images/real_human_humanart_15000000001889.jpg,850,139
5406,images/danbooru_anime_11919479.jpg,580,89
5407,images/painting_humanart_10000000000960.jpg,335,50
5408,images/painting_humanart_2000000000938.jpg,548,91
5409,images/coco_287469_crowd.jpg,684,111
5410,images/danbooru_anime_11916681.jpg,430,67
5411,images/real_human_humanart_15000000000803.jpg,660,103
5412,images/real_human_humanart_15000000000971.jpg,339,54
5413,images/real_human_humanart_15000000000468.jpg,613,99
5414,images/painting_humanart_10000000002670.jpg,642,100
5415,images/sculpture_humanart_14000000000969.jpg,831,135
5416,images/painting_humanart_6000000002518.jpg,506,81
5417,images/danbooru_anime_11921005.jpg,528,78
5418,images/painting_humanart_9000000002121.jpg,343,53
5419,images/danbooru_anime_11920134.jpg,563,90
5420,images/real_human_humanart_15000000000877.jpg,580,91
5421,images/painting_humanart_10000000000497.jpg,388,58
5422,images/real_human_humanart_15000000001537.jpg,587,99
5423,images/danbooru_anime_11918767.jpg,570,87
5424,images/coco_156375_479282.jpg,397,67
5425,images/painting_humanart_6000000003535.jpg,425,69
5426,images/painting_humanart_10000000000675.jpg,441,63
5427,images/real_human_humanart_15000000000515.jpg,593,87
5428,images/painting_humanart_6000000001428.jpg,427,76
5429,images/coco_577398_204332.jpg,347,58
5430,images/coco_538344_424558.jpg,313,49
5431,images/coco_168580_crowd.jpg,315,48
5432,images/painting_humanart_6000000001059.jpg,517,83
5433,images/danbooru_anime_11915636.jpg,380,60
5434,images/painting_humanart_6000000003481.jpg,517,80
5435,images/real_human_humanart_17000000001180.jpg,579,81
5436,images/coco_298526_486183.jpg,434,64
5437,images/painting_humanart_10000000000797.jpg,488,75
5438,images/painting_humanart_9000000002274.jpg,562,88
5439,images/painting_humanart_10000000005875.jpg,294,45
5440,images/coco_538858_crowd.jpg,371,60
5441,images/coco_307538_204170.jpg,790,121
5442,images/painting_humanart_1000000003906.jpg,203,35
5443,images/painting_humanart_9000000001212.jpg,339,60
5444,images/sculpture_humanart_14000000003728.jpg,621,96
5445,images/painting_humanart_1000000000659.jpg,612,96
5446,images/danbooru_anime_11920342.jpg,558,85
5447,images/painting_humanart_10000000000825.jpg,504,74
5448,images/coco_64974_438471.jpg,430,63
5449,images/coco_409178_2155451.jpg,517,82
5450,images/real_human_humanart_17000000001367.jpg,712,116
5451,images/painting_humanart_2000000001642.jpg,401,66
5452,images/coco_104563_510122.jpg,265,45
5453,images/danbooru_anime_11917002.jpg,447,69
5454,images/real_human_humanart_15000000001582.jpg,356,58
5455,images/painting_humanart_1000000002296.jpg,541,92
5456,images/real_human_humanart_17000000001811.jpg,751,118
5457,images/painting_humanart_2000000001882.jpg,373,58
5458,images/coco_132288_453843.jpg,267,42
5459,images/painting_humanart_10000000000769.jpg,416,67
5460,images/coco_446285_458565.jpg,431,63
5461,images/painting_humanart_9000000000119.jpg,372,61
5462,images/painting_humanart_2000000000762.jpg,674,114
5463,images/danbooru_anime_11912430.jpg,292,53
5464,images/painting_humanart_2000000000659.jpg,705,105
5465,images/sculpture_humanart_14000000004365.jpg,556,78
5466,images/real_human_humanart_15000000000632.jpg,641,98
5467,images/danbooru_anime_11904219.jpg,340,54
5468,images/real_human_humanart_15000000001534.jpg,692,103
5469,images/sculpture_humanart_14000000004104.jpg,559,81
5470,images/real_human_humanart_17000000002339.jpg,525,80
5471,images/coco_177567_481176.jpg,499,77
5472,images/painting_humanart_1000000008222.jpg,259,44
5473,images/painting_humanart_6000000000998.jpg,467,71
5474,images/painting_humanart_6000000002022.jpg,509,87
5475,images/sculpture_humanart_14000000000313.jpg,625,93
5476,images/danbooru_anime_11909383.jpg,385,57
5477,images/coco_296906_467591.jpg,269,45
5478,images/painting_humanart_9000000000636.jpg,407,70
5479,images/sculpture_humanart_14000000001356.jpg,695,106
5480,images/painting_humanart_6000000000011.jpg,524,80
5481,images/real_human_humanart_17000000001625.jpg,660,102
5482,images/danbooru_anime_11917033.jpg,463,79
5483,images/coco_348469_458105.jpg,273,44
5484,images/danbooru_anime_11918867.jpg,474,80
5485,images/coco_311309_crowd.jpg,443,71
5486,images/real_human_humanart_15000000000217.jpg,681,109
5487,images/real_human_humanart_15000000002019.jpg,771,119
5488,images/painting_humanart_9000000000487.jpg,583,91
5489,images/painting_humanart_9000000002332.jpg,230,35
5490,images/painting_humanart_6000000001262.jpg,754,130
5491,images/real_human_humanart_15000000001304.jpg,499,77
5492,images/coco_115243_crowd.jpg,467,75
5493,images/painting_humanart_1000000003589.jpg,233,43
5494,images/painting_humanart_6000000002178.jpg,683,111
5495,images/danbooru_anime_11906853.jpg,547,93
5496,images/painting_humanart_2000000002370.jpg,336,54
5497,images/coco_134285_458346.jpg,423,68
5498,images/painting_humanart_2000000001472.jpg,609,95
5499,images/painting_humanart_6000000002987.jpg,416,67
5500,images/sculpture_humanart_14000000003869.jpg,732,113
5501,images/coco_84540_crowd.jpg,289,44
5502,images/coco_192095_463010.jpg,503,81
5503,images/painting_humanart_2000000002886.jpg,443,69
5504,images/painting_humanart_9000000000976.jpg,388,66
5505,images/painting_humanart_10000000000444.jpg,394,65
5506,images/painting_humanart_1000000001622.jpg,447,62
5507,images/real_human_humanart_15000000000690.jpg,598,90
5508,images/danbooru_anime_11902058.jpg,607,89
5509,images/danbooru_anime_11915300.jpg,299,49
5510,images/coco_399759_421587.jpg,380,60
5511,images/real_human_humanart_15000000000041.jpg,619,92
5512,images/real_human_humanart_17000000001817.jpg,667,100
5513,images/painting_humanart_10000000000482.jpg,457,68
5514,images/painting_humanart_2000000001941.jpg,474,69
5515,images/danbooru_anime_11919553.jpg,489,82
5516,images/real_human_humanart_15000000000998.jpg,616,97
5517,images/coco_328284_457334.jpg,492,77
5518,images/painting_humanart_6000000000623.jpg,281,46
5519,images/coco_76956_431749.jpg,335,53
5520,images/real_human_humanart_15000000002000.jpg,843,128
5521,images/painting_humanart_2000000001067.jpg,555,88
5522,images/painting_humanart_10000000001407.jpg,593,95
5523,images/painting_humanart_10000000000700.jpg,614,101
5524,images/painting_humanart_6000000001915.jpg,298,47
5525,images/painting_humanart_10000000000857.jpg,553,85
5526,images/painting_humanart_2000000000536.jpg,781,119
5527,images/painting_humanart_9000000000848.jpg,290,43
5528,images/danbooru_anime_11917095.jpg,519,85
5529,images/danbooru_anime_11920080.jpg,603,98
5530,images/danbooru_anime_11914065.jpg,346,58
5531,images/painting_humanart_1000000003190.jpg,291,47
5532,images/sculpture_humanart_14000000000507.jpg,766,106
5533,images/real_human_humanart_17000000001957.jpg,644,98
5534,images/painting_humanart_2000000000215.jpg,418,69
5535,images/danbooru_anime_11914422.jpg,271,42
5536,images/danbooru_anime_11915707.jpg,393,63
5537,images/painting_humanart_9000000001472.jpg,465,81
5538,images/danbooru_anime_11915922.jpg,225,40
5539,images/real_human_humanart_17000000000581.jpg,1017,156
5540,images/real_human_humanart_15000000000894.jpg,499,78
5541,images/real_human_humanart_15000000002447.jpg,570,91
5542,images/painting_humanart_6000000001348.jpg,399,58
5543,images/coco_381527_1205389.jpg,434,70
5544,images/painting_humanart_9000000001929.jpg,417,63
5545,images/sculpture_humanart_14000000001476.jpg,503,78
5546,images/coco_116455_193389.jpg,340,58
5547,images/coco_106739_crowd.jpg,285,45
5548,images/painting_humanart_2000000003031.jpg,344,51
5549,images/real_human_humanart_17000000002411.jpg,569,83
5550,images/real_human_humanart_17000000001594.jpg,634,101
5551,images/coco_479379_461977.jpg,381,60
5552,images/painting_humanart_9000000000414.jpg,490,79
5553,images/coco_26176_439552.jpg,546,86
5554,images/danbooru_anime_11918972.jpg,407,62
5555,images/painting_humanart_10000000002603.jpg,608,94
5556,images/painting_humanart_10000000001830.jpg,573,89
5557,images/real_human_humanart_15000000000112.jpg,643,104
5558,images/coco_381991_188914.jpg,397,65
5559,images/sculpture_humanart_14000000004172.jpg,693,107
5560,images/painting_humanart_10000000000909.jpg,477,70
5561,images/danbooru_anime_11917403.jpg,326,52
5562,images/coco_99807_183413.jpg,435,69
5563,images/danbooru_anime_11918842.jpg,655,102
5564,images/painting_humanart_9000000001237.jpg,670,104
5565,images/painting_humanart_10000000001226.jpg,439,77
5566,images/painting_humanart_6000000001500.jpg,445,73
5567,images/real_human_humanart_17000000000780.jpg,598,99
5568,images/sculpture_humanart_14000000000355.jpg,505,80
5569,images/coco_230454_crowd.jpg,513,84
5570,images/coco_150342_crowd.jpg,596,86
5571,images/coco_182523_crowd.jpg,279,43
5572,images/painting_humanart_10000000004823.jpg,537,81
5573,images/painting_humanart_9000000000867.jpg,312,50
5574,images/coco_140465_218579.jpg,338,51
5575,images/painting_humanart_1000000002009.jpg,387,63
5576,images/sculpture_humanart_14000000003815.jpg,789,125
5577,images/danbooru_anime_11906557.jpg,364,57
5578,images/painting_humanart_2000000001014.jpg,413,65
5579,images/coco_112582_437271.jpg,415,63
5580,images/painting_humanart_9000000000391.jpg,323,51
5581,images/coco_297220_2150678.jpg,433,70
5582,images/painting_humanart_6000000001624.jpg,400,67
5583,images/danbooru_anime_11921272.jpg,477,74
5584,images/coco_463325_422563.jpg,997,158
5585,images/coco_34993_186329.jpg,377,61
5586,images/painting_humanart_9000000001844.jpg,459,73
5587,images/painting_humanart_9000000001566.jpg,625,101
5588,images/painting_humanart_1000000001383.jpg,535,84
5589,images/danbooru_anime_11919842.jpg,751,118
5590,images/painting_humanart_10000000001231.jpg,760,116
5591,images/painting_humanart_10000000003575.jpg,502,78
5592,images/painting_humanart_9000000002246.jpg,545,83
5593,images/coco_145025_184608.jpg,315,52
5594,images/sculpture_humanart_14000000001636.jpg,633,99
5595,images/painting_humanart_9000000000614.jpg,454,67
5596,images/painting_humanart_6000000001259.jpg,530,85
5597,images/painting_humanart_10000000006450.jpg,294,47
5598,images/sculpture_humanart_14000000004435.jpg,239,36
5599,images/real_human_humanart_15000000001111.jpg,808,130
5600,images/painting_humanart_6000000000301.jpg,380,63
5601,images/real_human_humanart_15000000001085.jpg,619,98
5602,images/painting_humanart_6000000000585.jpg,443,75
5603,images/coco_296459_431405.jpg,402,70
5604,images/painting_humanart_9000000002054.jpg,384,61
5605,images/painting_humanart_1000000000782.jpg,563,83
5606,images/real_human_humanart_17000000000493.jpg,680,109
5607,images/real_human_humanart_17000000000137.jpg,719,109
5608,images/painting_humanart_2000000001118.jpg,541,83
5609,images/real_human_humanart_17000000001458.jpg,472,67
5610,images/painting_humanart_10000000000636.jpg,304,44
5611,images/painting_humanart_1000000007291.jpg,389,64
5612,images/painting_humanart_10000000000603.jpg,315,47
5613,images/painting_humanart_10000000003559.jpg,566,91
5614,images/coco_326837_2155955.jpg,404,66
5615,images/coco_334240_191700.jpg,386,61
5616,images/painting_humanart_9000000002103.jpg,389,60
5617,images/coco_142718_crowd.jpg,330,53
5618,images/coco_383324_439296.jpg,451,72
5619,images/sculpture_humanart_14000000002084.jpg,568,81
5620,images/real_human_humanart_15000000001794.jpg,655,100
5621,images/painting_humanart_2000000001647.jpg,479,78
5622,images/painting_humanart_2000000000317.jpg,609,97
5623,images/painting_humanart_9000000001990.jpg,443,73
5624,images/painting_humanart_2000000002397.jpg,449,65
5625,images/sculpture_humanart_14000000004252.jpg,570,86
5626,images/danbooru_anime_11919368.jpg,498,79
5627,images/danbooru_anime_11917744.jpg,555,89
5628,images/real_human_humanart_17000000001092.jpg,814,123
5629,images/coco_371365_crowd.jpg,555,90
5630,images/danbooru_anime_11908621.jpg,434,67
5631,images/real_human_humanart_15000000001302.jpg,589,91
5632,images/painting_humanart_10000000000660.jpg,450,67
5633,images/danbooru_anime_11918606.jpg,358,57
5634,images/real_human_humanart_15000000002283.jpg,724,112
5635,images/coco_52661_crowd.jpg,466,75
5636,images/real_human_humanart_17000000001330.jpg,508,74
5637,images/real_human_humanart_17000000000428.jpg,713,109
5638,images/painting_humanart_6000000001745.jpg,626,98
5639,images/painting_humanart_1000000001577.jpg,367,55
5640,images/painting_humanart_10000000004082.jpg,407,65
5641,images/coco_348092_219830.jpg,643,102
5642,images/real_human_humanart_15000000001946.jpg,841,136
5643,images/real_human_humanart_17000000001509.jpg,761,132
5644,images/painting_humanart_2000000001611.jpg,597,90
5645,images/painting_humanart_6000000003064.jpg,530,93
5646,images/danbooru_anime_11914687.jpg,236,40
5647,images/real_human_humanart_15000000000905.jpg,612,94
5648,images/painting_humanart_1000000000225.jpg,504,79
5649,images/painting_humanart_9000000000603.jpg,302,48
5650,images/real_human_humanart_17000000001353.jpg,583,97
5651,images/coco_101088_crowd.jpg,490,78
5652,images/real_human_humanart_15000000002483.jpg,839,127
5653,images/sculpture_humanart_14000000004208.jpg,380,55
5654,images/danbooru_anime_11902110.jpg,570,83
5655,images/painting_humanart_9000000000171.jpg,593,99
5656,images/real_human_humanart_17000000002177.jpg,527,82
5657,images/coco_97036_crowd.jpg,413,71
5658,images/coco_49068_196510.jpg,266,44
5659,images/real_human_humanart_17000000002512.jpg,484,74
5660,images/painting_humanart_6000000001595.jpg,344,57
5661,images/painting_humanart_9000000001970.jpg,674,117
5662,images/danbooru_anime_11920699.jpg,525,79
5663,images/real_human_humanart_15000000000317.jpg,610,95
5664,images/real_human_humanart_17000000001543.jpg,600,94
5665,images/painting_humanart_6000000002030.jpg,426,69
5666,images/painting_humanart_9000000002215.jpg,791,117
5667,images/painting_humanart_9000000002519.jpg,844,133
5668,images/coco_509227_447427.jpg,365,59
5669,images/painting_humanart_1000000000321.jpg,206,34
5670,images/danbooru_anime_11913117.jpg,692,114
5671,images/painting_humanart_2000000000655.jpg,416,67
5672,images/real_human_humanart_17000000002390.jpg,625,99
5673,images/coco_314685_462437.jpg,407,60
5674,images/painting_humanart_9000000002691.jpg,542,85
5675,images/painting_humanart_9000000001846.jpg,571,89
5676,images/painting_humanart_10000000003570.jpg,356,56
5677,images/real_human_humanart_15000000001432.jpg,494,72
5678,images/danbooru_anime_11910510.jpg,485,77
5679,images/real_human_humanart_17000000002142.jpg,722,104
5680,images/coco_109308_455663.jpg,392,66
5681,images/painting_humanart_9000000000423.jpg,546,86
5682,images/coco_344741_crowd.jpg,252,42
5683,images/painting_humanart_9000000001029.jpg,339,54
5684,images/danbooru_anime_11909229.jpg,523,82
5685,images/real_human_humanart_17000000002277.jpg,471,72
5686,images/danbooru_anime_11900597.jpg,555,92
5687,images/real_human_humanart_15000000001743.jpg,329,55
5688,images/real_human_humanart_17000000000298.jpg,704,101
5689,images/coco_84460_488595.jpg,437,71
5690,images/coco_214727_430042.jpg,413,66
5691,images/sculpture_humanart_14000000004293.jpg,678,107
5692,images/painting_humanart_2000000002360.jpg,400,62
5693,images/painting_humanart_10000000005711.jpg,540,83
5694,images/painting_humanart_9000000001553.jpg,375,60
5695,images/painting_humanart_10000000001338.jpg,370,55
5696,images/danbooru_anime_11917351.jpg,588,85
5697,images/painting_humanart_10000000001373.jpg,499,77
5698,images/painting_humanart_10000000002763.jpg,529,80
5699,images/painting_humanart_1000000000865.jpg,285,43
5700,images/coco_380140_478723.jpg,365,59
5701,images/painting_humanart_6000000000905.jpg,452,80
5702,images/sculpture_humanart_14000000004546.jpg,585,88
5703,images/painting_humanart_2000000001750.jpg,552,84
5704,images/coco_33731_439052.jpg,383,59
5705,images/coco_66717_crowd.jpg,447,75
5706,images/real_human_humanart_15000000001437.jpg,729,114
5707,images/coco_551243_423130.jpg,482,79
5708,images/danbooru_anime_11909979.jpg,471,75
5709,images/sculpture_humanart_14000000001670.jpg,600,89
5710,images/real_human_humanart_15000000000674.jpg,416,63
5711,images/coco_446909_481633.jpg,436,73
5712,images/real_human_humanart_15000000002007.jpg,393,63
5713,images/coco_531917_228732.jpg,718,110
5714,images/real_human_humanart_17000000001175.jpg,643,94
5715,images/real_human_humanart_15000000001300.jpg,205,33
5716,images/painting_humanart_6000000000186.jpg,485,80
5717,images/danbooru_anime_11913548.jpg,468,73
5718,images/coco_575933_471429.jpg,497,79
5719,images/sculpture_humanart_14000000002852.jpg,500,82
5720,images/painting_humanart_9000000002185.jpg,597,97
5721,images/coco_114313_459479.jpg,491,83
5722,images/painting_humanart_10000000000686.jpg,284,43
5723,images/danbooru_anime_11920921.jpg,534,84
5724,images/painting_humanart_1000000001962.jpg,293,45
5725,images/real_human_humanart_15000000000567.jpg,658,111
5726,images/painting_humanart_1000000000020.jpg,553,91
5727,images/painting_humanart_2000000000861.jpg,706,103
5728,images/coco_119476_211515.jpg,819,129
5729,images/painting_humanart_2000000001421.jpg,487,81
5730,images/sculpture_humanart_14000000003763.jpg,427,63
5731,images/sculpture_humanart_14000000003742.jpg,461,67
5732,images/coco_114183_crowd.jpg,351,59
5733,images/painting_humanart_2000000003036.jpg,441,74
5734,images/painting_humanart_10000000000324.jpg,430,70
5735,images/sculpture_humanart_14000000003716.jpg,434,67
5736,images/painting_humanart_1000000003015.jpg,297,45
5737,images/sculpture_humanart_14000000001760.jpg,742,114
5738,images/painting_humanart_6000000002006.jpg,525,85
5739,images/sculpture_humanart_14000000003825.jpg,560,80
5740,images/painting_humanart_10000000004591.jpg,398,71
5741,images/painting_humanart_1000000001245.jpg,393,65
5742,images/coco_192181_475691.jpg,363,64
5743,images/painting_humanart_10000000004196.jpg,487,76
5744,images/coco_291930_183271.jpg,434,72
5745,images/painting_humanart_1000000001279.jpg,325,50
5746,images/real_human_humanart_17000000002270.jpg,664,104
5747,images/painting_humanart_6000000002447.jpg,548,92
5748,images/real_human_humanart_17000000002317.jpg,589,97
5749,images/painting_humanart_6000000002045.jpg,536,85
5750,images/painting_humanart_2000000002674.jpg,375,61
5751,images/painting_humanart_1000000004804.jpg,574,84
5752,images/coco_282680_470106.jpg,319,51
5753,images/real_human_humanart_15000000001716.jpg,701,110
5754,images/painting_humanart_9000000000398.jpg,437,67
5755,images/coco_32965_194299.jpg,461,77
5756,images/real_human_humanart_17000000000903.jpg,807,124
5757,images/painting_humanart_6000000001509.jpg,471,74
5758,images/painting_humanart_1000000001751.jpg,769,128
5759,images/sculpture_humanart_14000000003775.jpg,716,108
5760,images/painting_humanart_10000000000999.jpg,399,57
5761,images/real_human_humanart_15000000002401.jpg,502,84
5762,images/danbooru_anime_11907524.jpg,486,75
5763,images/real_human_humanart_15000000001155.jpg,474,73
5764,images/real_human_humanart_15000000000061.jpg,549,83
5765,images/coco_558253_2161701.jpg,511,88
5766,images/sculpture_humanart_14000000000184.jpg,478,77
5767,images/coco_103413_497545.jpg,508,79
5768,images/real_human_humanart_15000000001805.jpg,721,111
5769,images/coco_153013_crowd.jpg,443,72
5770,images/real_human_humanart_15000000001640.jpg,520,83
5771,images/sculpture_humanart_14000000003863.jpg,853,131
5772,images/painting_humanart_1000000003533.jpg,526,86
5773,images/real_human_humanart_17000000002515.jpg,574,83
5774,images/painting_humanart_10000000000749.jpg,393,58
5775,images/coco_564355_crowd.jpg,559,86
5776,images/painting_humanart_9000000002664.jpg,538,84
5777,images/real_human_humanart_17000000000476.jpg,798,128
5778,images/danbooru_anime_11920337.jpg,424,67
5779,images/real_human_humanart_15000000001469.jpg,577,92
5780,images/coco_551921_190122.jpg,309,51
5781,images/danbooru_anime_11917208.jpg,532,76
5782,images/coco_344498_crowd.jpg,281,48
5783,images/sculpture_humanart_14000000004398.jpg,679,107
5784,images/danbooru_anime_11903231.jpg,558,86
5785,images/painting_humanart_2000000002079.jpg,412,63
5786,images/real_human_humanart_15000000002082.jpg,462,71
5787,images/real_human_humanart_17000000001415.jpg,637,93
5788,images/sculpture_humanart_14000000003887.jpg,521,79
5789,images/coco_416098_crowd.jpg,471,79
5790,images/painting_humanart_10000000000373.jpg,314,46
5791,images/painting_humanart_10000000000793.jpg,589,83
5792,images/painting_humanart_10000000003636.jpg,499,78
5793,images/coco_255338_503343.jpg,406,60
5794,images/real_human_humanart_17000000000854.jpg,773,119
5795,images/sculpture_humanart_14000000000328.jpg,253,42
5796,images/painting_humanart_9000000000592.jpg,362,58
5797,images/danbooru_anime_11919391.jpg,603,99
5798,images/coco_4355_crowd.jpg,458,76
5799,images/painting_humanart_10000000003566.jpg,420,65
5800,images/coco_281111_438405.jpg,641,109
5801,images/coco_410019_191338.jpg,304,52
5802,images/painting_humanart_9000000002136.jpg,580,90
5803,images/painting_humanart_10000000005064.jpg,465,78
5804,images/real_human_humanart_17000000000995.jpg,821,133
5805,images/painting_humanart_2000000001213.jpg,587,97
5806,images/coco_465074_185280.jpg,453,71
5807,images/danbooru_anime_11910007.jpg,755,122
5808,images/coco_495131_crowd.jpg,433,70
5809,images/coco_303926_crowd.jpg,489,85
5810,images/real_human_humanart_15000000001577.jpg,551,85
5811,images/painting_humanart_10000000002506.jpg,453,75
5812,images/coco_513965_455583.jpg,416,69
5813,images/danbooru_anime_11919459.jpg,423,69
5814,images/sculpture_humanart_14000000002057.jpg,615,91
5815,images/coco_165986_crowd.jpg,304,50
5816,images/painting_humanart_1000000000700.jpg,496,74
5817,images/painting_humanart_2000000002719.jpg,632,100
5818,images/painting_humanart_2000000002650.jpg,581,85
5819,images/real_human_humanart_17000000001763.jpg,379,57
5820,images/coco_305050_2151477.jpg,452,73
5821,images/painting_humanart_10000000002855.jpg,562,92
5822,images/painting_humanart_6000000003051.jpg,556,91
5823,images/painting_humanart_10000000005497.jpg,589,93
5824,images/sculpture_humanart_14000000003823.jpg,651,101
5825,images/painting_humanart_9000000001841.jpg,428,69
5826,images/danbooru_anime_11917399.jpg,597,92
5827,images/real_human_humanart_15000000001841.jpg,880,135
5828,images/coco_106810_198201.jpg,409,69
5829,images/coco_524436_crowd.jpg,247,40
5830,images/painting_humanart_9000000002023.jpg,631,109
5831,images/coco_179584_crowd.jpg,301,53
5832,images/sculpture_humanart_14000000003187.jpg,595,93
5833,images/coco_348263_443790.jpg,546,95
5834,images/coco_380634_193445.jpg,341,54
5835,images/painting_humanart_1000000002233.jpg,576,94
5836,images/real_human_humanart_15000000001808.jpg,739,112
5837,images/painting_humanart_1000000000988.jpg,589,84
5838,images/danbooru_anime_11915125.jpg,887,148
5839,images/painting_humanart_2000000000222.jpg,439,71
5840,images/coco_60989_crowd.jpg,567,99
5841,images/real_human_humanart_17000000000756.jpg,499,77
5842,images/coco_341113_430746.jpg,444,69
5843,images/danbooru_anime_11914781.jpg,425,67
5844,images/sculpture_humanart_14000000004280.jpg,673,101
5845,images/painting_humanart_6000000001703.jpg,400,67
5846,images/danbooru_anime_11921284.jpg,598,94
5847,images/sculpture_humanart_14000000002068.jpg,448,65
5848,images/coco_345294_423705.jpg,271,46
5849,images/painting_humanart_1000000004318.jpg,201,35
5850,images/coco_332653_crowd.jpg,570,87
5851,images/danbooru_anime_11920591.jpg,374,62
5852,images/danbooru_anime_11915673.jpg,630,100
5853,images/painting_humanart_10000000000737.jpg,372,55
5854,images/coco_342675_205290.jpg,492,81
5855,images/real_human_humanart_15000000002109.jpg,663,106
5856,images/coco_374487_1728169.jpg,447,72
5857,images/real_human_humanart_17000000002394.jpg,485,72
5858,images/painting_humanart_1000000002594.jpg,498,70
5859,images/real_human_humanart_17000000000389.jpg,651,100
5860,images/real_human_humanart_15000000000852.jpg,880,141
5861,images/coco_288576_188886.jpg,379,66
5862,images/coco_565570_472507.jpg,500,83
5863,images/coco_264771_463649.jpg,429,64
5864,images/coco_273967_213668.jpg,402,66
5865,images/real_human_humanart_15000000001488.jpg,680,106
5866,images/coco_199883_crowd.jpg,373,60
5867,images/danbooru_anime_11905003.jpg,493,79
5868,images/real_human_humanart_17000000000354.jpg,549,89
5869,images/painting_humanart_2000000002516.jpg,601,96
5870,images/real_human_humanart_15000000002054.jpg,771,123
5871,images/danbooru_anime_11907566.jpg,663,101
5872,images/painting_humanart_10000000002263.jpg,318,49
5873,images/painting_humanart_10000000002910.jpg,681,108
5874,images/coco_201305_1722671.jpg,339,54
5875,images/sculpture_humanart_14000000001434.jpg,517,78
5876,images/sculpture_humanart_14000000002088.jpg,520,74
5877,images/sculpture_humanart_14000000000714.jpg,570,90
5878,images/danbooru_anime_11901448.jpg,525,90
5879,images/painting_humanart_10000000000258.jpg,323,50
5880,images/coco_47516_crowd.jpg,388,67
5881,images/painting_humanart_6000000002918.jpg,370,61
5882,images/real_human_humanart_15000000000871.jpg,872,131
5883,images/coco_974_crowd.jpg,395,68
5884,images/danbooru_anime_11919031.jpg,399,63
5885,images/danbooru_anime_11910354.jpg,355,56
5886,images/sculpture_humanart_14000000001974.jpg,675,101
5887,images/real_human_humanart_17000000002262.jpg,693,113
5888,images/danbooru_anime_11920430.jpg,491,79
5889,images/painting_humanart_9000000000335.jpg,349,58
5890,images/painting_humanart_2000000001348.jpg,717,113
5891,images/danbooru_anime_11920260.jpg,367,53
5892,images/real_human_humanart_15000000000948.jpg,702,109
5893,images/painting_humanart_10000000005230.jpg,366,54
5894,images/painting_humanart_6000000002206.jpg,372,56
5895,images/coco_508787_451690.jpg,293,52
5896,images/painting_humanart_2000000000685.jpg,426,70
5897,images/coco_266151_470273.jpg,544,98
5898,images/painting_humanart_6000000002816.jpg,331,52
5899,images/coco_530619_494572.jpg,263,42
5900,images/real_human_humanart_15000000001864.jpg,734,107
5901,images/coco_312803_crowd.jpg,476,70
5902,images/real_human_humanart_15000000000052.jpg,639,96
5903,images/sculpture_humanart_14000000001727.jpg,245,37
5904,images/painting_humanart_1000000006459.jpg,344,53
5905,images/painting_humanart_2000000003111.jpg,534,81
5906,images/coco_548843_434056.jpg,427,71
5907,images/painting_humanart_9000000002248.jpg,347,60
5908,images/danbooru_anime_11916907.jpg,559,77
5909,images/real_human_humanart_17000000001761.jpg,233,40
5910,images/danbooru_anime_11920858.jpg,416,69
5911,images/painting_humanart_6000000000802.jpg,563,86
5912,images/coco_69328_217983.jpg,373,61
5913,images/painting_humanart_2000000000354.jpg,668,104
5914,images/painting_humanart_10000000000271.jpg,483,78
5915,images/coco_474054_crowd.jpg,351,60
5916,images/coco_348447_crowd.jpg,576,90
5917,images/coco_405762_441587.jpg,322,53
5918,images/painting_humanart_6000000003089.jpg,384,64
5919,images/painting_humanart_6000000001129.jpg,455,72
5920,images/painting_humanart_9000000000563.jpg,629,104
5921,images/real_human_humanart_17000000002423.jpg,762,118
5922,images/danbooru_anime_11903687.jpg,477,74
5923,images/painting_humanart_6000000002501.jpg,530,91
5924,images/painting_humanart_10000000006281.jpg,620,86
5925,images/painting_humanart_10000000005861.jpg,566,80
5926,images/danbooru_anime_11919994.jpg,369,58
5927,images/real_human_humanart_17000000000271.jpg,698,107
5928,images/painting_humanart_6000000000048.jpg,328,53
5929,images/sculpture_humanart_14000000001398.jpg,448,67
5930,images/danbooru_anime_11916633.jpg,624,95
5931,images/coco_279265_213843.jpg,450,75
5932,images/painting_humanart_2000000002154.jpg,295,47
5933,images/coco_468162_432733.jpg,395,62
5934,images/sculpture_humanart_14000000001662.jpg,708,109
5935,images/painting_humanart_10000000003542.jpg,426,63
5936,images/real_human_humanart_15000000000426.jpg,637,106
5937,images/real_human_humanart_17000000001368.jpg,539,87
5938,images/danbooru_anime_11917136.jpg,501,77
5939,images/coco_448176_217106.jpg,614,103
5940,images/painting_humanart_2000000002118.jpg,578,89
5941,images/painting_humanart_9000000001560.jpg,520,88
5942,images/danbooru_anime_11907976.jpg,379,62
5943,images/coco_87052_crowd.jpg,476,81
5944,images/sculpture_humanart_14000000003982.jpg,731,110
5945,images/painting_humanart_9000000002074.jpg,461,77
5946,images/painting_humanart_10000000000758.jpg,475,68
5947,images/painting_humanart_1000000002871.jpg,673,101
5948,images/painting_humanart_6000000002943.jpg,380,60
5949,images/painting_humanart_10000000002354.jpg,212,36
5950,images/coco_346275_458311.jpg,381,53
5951,images/painting_humanart_2000000002800.jpg,569,91
5952,images/danbooru_anime_11911107.jpg,255,39
5953,images/real_human_humanart_15000000001755.jpg,664,100
5954,images/painting_humanart_1000000005354.jpg,582,94
5955,images/real_human_humanart_15000000000936.jpg,706,105
5956,images/coco_319647_430668.jpg,445,71
5957,images/sculpture_humanart_14000000001036.jpg,782,119
5958,images/coco_407443_crowd.jpg,316,53
5959,images/painting_humanart_9000000000227.jpg,420,61
5960,images/painting_humanart_2000000001466.jpg,565,82
5961,images/danbooru_anime_11917101.jpg,502,81
5962,images/coco_122199_crowd.jpg,384,55
5963,images/coco_77997_crowd.jpg,390,62
5964,images/painting_humanart_1000000006960.jpg,384,60
5965,images/coco_236865_452409.jpg,309,49
5966,images/danbooru_anime_11919823.jpg,498,78
5967,images/real_human_humanart_17000000000644.jpg,627,96
5968,images/coco_365851_455713.jpg,360,59
5969,images/danbooru_anime_11903226.jpg,471,76
5970,images/painting_humanart_9000000002682.jpg,621,103
5971,images/coco_113294_1719500.jpg,364,60
5972,images/danbooru_anime_11902380.jpg,403,67
5973,images/real_human_humanart_15000000002108.jpg,594,94
5974,images/danbooru_anime_11921159.jpg,337,54
5975,images/painting_humanart_6000000000458.jpg,439,77
5976,images/coco_472160_189778.jpg,424,64
5977,images/sculpture_humanart_14000000001228.jpg,538,85
5978,images/real_human_humanart_17000000000251.jpg,399,56
5979,images/real_human_humanart_17000000001461.jpg,725,114
5980,images/coco_49683_223671.jpg,380,65
5981,images/real_human_humanart_17000000001380.jpg,259,42
5982,images/real_human_humanart_15000000001078.jpg,704,114
5983,images/danbooru_anime_11921050.jpg,709,118
5984,images/real_human_humanart_15000000001717.jpg,658,101
5985,images/painting_humanart_10000000001540.jpg,498,81
5986,images/painting_humanart_6000000003302.jpg,615,110
5987,images/coco_465911_430088.jpg,431,73
5988,images/coco_432702_1224794.jpg,238,39
5989,images/painting_humanart_2000000001265.jpg,605,95
5990,images/real_human_humanart_15000000001146.jpg,593,92
5991,images/painting_humanart_10000000000045.jpg,617,98
5992,images/coco_435519_crowd.jpg,275,48
5993,images/coco_361245_crowd.jpg,745,129
5994,images/painting_humanart_9000000000699.jpg,259,38
5995,images/painting_humanart_1000000001847.jpg,504,79
5996,images/painting_humanart_10000000004739.jpg,352,60
5997,images/painting_humanart_1000000003412.jpg,345,62
5998,images/danbooru_anime_11916292.jpg,544,85
5999,images/danbooru_anime_11916058.jpg,428,69
6000,images/painting_humanart_2000000000949.jpg,351,57
6001,images/real_human_humanart_17000000000136.jpg,686,109
6002,images/coco_518116_443919.jpg,341,56
6003,images/painting_humanart_10000000002827.jpg,502,82
6004,images/real_human_humanart_15000000001181.jpg,504,78
6005,images/painting_humanart_6000000000820.jpg,420,71
6006,images/real_human_humanart_15000000001416.jpg,640,102
6007,images/coco_236189_crowd.jpg,283,49
6008,images/painting_humanart_10000000005112.jpg,480,77
6009,images/danbooru_anime_11917805.jpg,292,48
6010,images/coco_363577_205575.jpg,535,87
6011,images/painting_humanart_10000000005046.jpg,337,56
6012,images/real_human_humanart_17000000000512.jpg,759,122
6013,images/coco_456239_441649.jpg,332,55
6014,images/painting_humanart_9000000000039.jpg,545,78
6015,images/coco_115579_479993.jpg,634,101
6016,images/painting_humanart_6000000001317.jpg,491,81
6017,images/painting_humanart_10000000002973.jpg,547,88
6018,images/painting_humanart_9000000000427.jpg,570,88
6019,images/painting_humanart_2000000003213.jpg,533,82
6020,images/painting_humanart_1000000000816.jpg,562,90
6021,images/painting_humanart_10000000001815.jpg,524,78
6022,images/painting_humanart_6000000003235.jpg,539,103
6023,images/danbooru_anime_11902884.jpg,482,79
6024,images/real_human_humanart_17000000000053.jpg,499,79
6025,images/danbooru_anime_11912937.jpg,533,92
6026,images/real_human_humanart_15000000000318.jpg,545,86
6027,images/painting_humanart_6000000002988.jpg,204,34
6028,images/real_human_humanart_17000000000391.jpg,741,117
6029,images/painting_humanart_2000000002681.jpg,481,74
6030,images/painting_humanart_10000000003576.jpg,510,78
6031,images/real_human_humanart_15000000001552.jpg,652,96
6032,images/coco_210060_184435.jpg,415,68
6033,images/danbooru_anime_11920606.jpg,657,95
6034,images/painting_humanart_10000000000458.jpg,622,98
6035,images/coco_34222_189078.jpg,307,52
6036,images/painting_humanart_9000000001344.jpg,370,60
6037,images/danbooru_anime_11907868.jpg,664,105
6038,images/coco_433136_475591.jpg,337,51
6039,images/painting_humanart_10000000000810.jpg,595,95
6040,images/painting_humanart_2000000000119.jpg,520,82
6041,images/real_human_humanart_15000000000594.jpg,721,113
6042,images/painting_humanart_2000000000563.jpg,589,86
6043,images/danbooru_anime_11921328.jpg,310,53
6044,images/painting_humanart_10000000001241.jpg,405,64
6045,images/painting_humanart_6000000002470.jpg,392,61
6046,images/coco_361948_crowd.jpg,475,86
6047,images/danbooru_anime_11903449.jpg,457,70
6048,images/real_human_humanart_15000000001954.jpg,643,90
6049,images/painting_humanart_6000000000757.jpg,395,63
6050,images/coco_456184_crowd.jpg,678,109
6051,images/danbooru_anime_11901705.jpg,265,39
6052,images/coco_146193_462987.jpg,420,71
6053,images/sculpture_humanart_14000000004249.jpg,758,120
6054,images/danbooru_anime_11919509.jpg,496,80
6055,images/real_human_humanart_17000000000673.jpg,434,68
6056,images/coco_409117_crowd.jpg,367,55
6057,images/painting_humanart_10000000001778.jpg,463,73
6058,images/painting_humanart_10000000002796.jpg,435,69
6059,images/real_human_humanart_15000000001495.jpg,518,79
6060,images/coco_483867_222640.jpg,688,118
6061,images/coco_463771_537706.jpg,347,58
6062,images/coco_415647_crowd.jpg,463,76
6063,images/painting_humanart_2000000000952.jpg,609,93
6064,images/coco_91612_190453.jpg,313,53
6065,images/painting_humanart_6000000003226.jpg,593,109
6066,images/danbooru_anime_11906735.jpg,318,52
6067,images/coco_388464_475165.jpg,331,55
6068,images/sculpture_humanart_14000000004456.jpg,213,36
6069,images/real_human_humanart_17000000001821.jpg,660,106
6070,images/danbooru_anime_11914701.jpg,513,87
6071,images/coco_380828_crowd.jpg,576,90
6072,images/coco_574619_475099.jpg,178,30
6073,images/coco_270744_196543.jpg,513,79
6074,images/painting_humanart_10000000003594.jpg,347,52
6075,images/real_human_humanart_17000000000686.jpg,810,128
6076,images/danbooru_anime_11921257.jpg,354,57
6077,images/painting_humanart_1000000001421.jpg,468,75
6078,images/coco_452917_431626.jpg,408,63
6079,images/coco_404088_crowd.jpg,352,57
6080,images/painting_humanart_6000000002207.jpg,580,91
6081,images/danbooru_anime_11909762.jpg,513,85
6082,images/painting_humanart_2000000001536.jpg,486,76
6083,images/danbooru_anime_11917091.jpg,602,97
6084,images/real_human_humanart_15000000000046.jpg,661,95
6085,images/sculpture_humanart_14000000003998.jpg,657,98
6086,images/sculpture_humanart_14000000000265.jpg,731,115
6087,images/real_human_humanart_17000000000347.jpg,859,131
6088,images/painting_humanart_10000000006033.jpg,701,107
6089,images/painting_humanart_1000000004745.jpg,349,56
6090,images/danbooru_anime_11910179.jpg,600,91
6091,images/danbooru_anime_11906685.jpg,658,103
6092,images/sculpture_humanart_14000000003513.jpg,626,98
6093,images/painting_humanart_9000000001915.jpg,536,84
6094,images/painting_humanart_10000000000432.jpg,356,58
6095,images/painting_humanart_9000000000777.jpg,420,67
6096,images/painting_humanart_2000000001992.jpg,538,86
6097,images/coco_432488_431094.jpg,407,64
6098,images/sculpture_humanart_14000000003877.jpg,570,91
6099,images/painting_humanart_10000000000068.jpg,289,52
6100,images/coco_175863_465102.jpg,475,78
6101,images/sculpture_humanart_14000000002013.jpg,680,105
6102,images/painting_humanart_9000000001972.jpg,497,87
6103,images/painting_humanart_10000000004602.jpg,656,108
6104,images/painting_humanart_9000000002533.jpg,602,95
6105,images/painting_humanart_2000000002737.jpg,469,73
6106,images/painting_humanart_6000000000850.jpg,590,98
6107,images/painting_humanart_10000000000696.jpg,420,59
6108,images/painting_humanart_10000000003056.jpg,296,45
6109,images/danbooru_anime_11920122.jpg,675,109
6110,images/coco_54712_434239.jpg,460,78
6111,images/real_human_humanart_15000000001341.jpg,622,98
6112,images/coco_465820_439896.jpg,317,51
6113,images/coco_372233_1748249.jpg,522,85
6114,images/real_human_humanart_17000000001515.jpg,510,79
6115,images/real_human_humanart_17000000001683.jpg,829,126
6116,images/real_human_humanart_15000000001326.jpg,733,113
6117,images/coco_272110_crowd.jpg,370,54
6118,images/coco_110460_2155346.jpg,509,84
6119,images/coco_171371_crowd.jpg,409,65
6120,images/coco_247141_489776.jpg,367,59
6121,images/coco_482187_crowd.jpg,275,48
6122,images/painting_humanart_2000000002725.jpg,578,92
6123,images/painting_humanart_2000000000818.jpg,581,91
6124,images/painting_humanart_6000000002357.jpg,482,79
6125,images/painting_humanart_2000000003090.jpg,602,92
6126,images/coco_566518_464145.jpg,456,70
6127,images/painting_humanart_1000000007578.jpg,443,72
6128,images/danbooru_anime_11901393.jpg,301,45
6129,images/real_human_humanart_15000000001970.jpg,691,107
6130,images/coco_26374_503995.jpg,440,73
6131,images/painting_humanart_6000000000898.jpg,404,63
6132,images/painting_humanart_6000000000580.jpg,515,96
6133,images/painting_humanart_9000000000134.jpg,202,32
6134,images/danbooru_anime_11903724.jpg,578,86
6135,images/danbooru_anime_11903182.jpg,620,99
6136,images/danbooru_anime_11920386.jpg,728,117
6137,images/coco_399545_crowd.jpg,435,75
6138,images/coco_429042_crowd.jpg,608,102
6139,images/painting_humanart_10000000001313.jpg,386,58
6140,images/coco_334713_187655.jpg,410,68
6141,images/coco_491377_471614.jpg,300,53
6142,images/real_human_humanart_17000000001090.jpg,617,99
6143,images/painting_humanart_10000000005500.jpg,409,65
6144,images/painting_humanart_2000000000450.jpg,623,95
6145,images/coco_332851_424015.jpg,394,65
6146,images/painting_humanart_2000000000134.jpg,536,83
6147,images/sculpture_humanart_14000000004340.jpg,456,74
6148,images/painting_humanart_2000000003047.jpg,551,89
6149,images/real_human_humanart_15000000001676.jpg,494,82
6150,images/coco_300472_455532.jpg,535,88
6151,images/real_human_humanart_15000000000636.jpg,432,62
6152,images/painting_humanart_2000000001088.jpg,705,112
6153,images/coco_399822_crowd.jpg,583,90
6154,images/real_human_humanart_15000000002004.jpg,944,140
6155,images/painting_humanart_2000000003141.jpg,477,80
6156,images/coco_246040_442001.jpg,408,71
6157,images/coco_563015_433193.jpg,374,63
6158,images/painting_humanart_1000000008302.jpg,656,109
6159,images/painting_humanart_10000000000533.jpg,665,98
6160,images/painting_humanart_2000000000587.jpg,639,100
6161,images/real_human_humanart_15000000000169.jpg,609,93
6162,images/sculpture_humanart_14000000000784.jpg,629,99
6163,images/painting_humanart_6000000000995.jpg,360,60
6164,images/sculpture_humanart_14000000004357.jpg,470,73
6165,images/coco_256743_crowd.jpg,387,64
6166,images/painting_humanart_1000000004558.jpg,196,34
6167,images/painting_humanart_2000000001902.jpg,531,83
6168,images/real_human_humanart_17000000000170.jpg,760,119
6169,images/real_human_humanart_17000000000973.jpg,700,116
6170,images/sculpture_humanart_14000000001601.jpg,364,50
6171,images/real_human_humanart_17000000002353.jpg,569,94
6172,images/painting_humanart_9000000001007.jpg,518,86
6173,images/painting_humanart_1000000000575.jpg,648,97
6174,images/coco_113989_535870.jpg,335,47
6175,images/painting_humanart_2000000001525.jpg,648,97
6176,images/painting_humanart_10000000000476.jpg,413,61
6177,images/sculpture_humanart_14000000003706.jpg,447,74
6178,images/coco_428830_crowd.jpg,445,74
6179,images/real_human_humanart_15000000000088.jpg,569,81
6180,images/painting_humanart_6000000002881.jpg,476,82
6181,images/coco_434410_190318.jpg,536,83
6182,images/painting_humanart_10000000004817.jpg,445,73
6183,images/coco_261777_459412.jpg,275,44
6184,images/painting_humanart_1000000001806.jpg,390,64
6185,images/painting_humanart_9000000001576.jpg,450,72
6186,images/painting_humanart_9000000001721.jpg,535,82
6187,images/danbooru_anime_11921278.jpg,339,50
6188,images/painting_humanart_10000000004155.jpg,562,90
6189,images/painting_humanart_6000000000260.jpg,342,57
6190,images/real_human_humanart_17000000002128.jpg,594,95
6191,images/danbooru_anime_11917087.jpg,536,86
6192,images/coco_177953_crowd.jpg,382,65
6193,images/coco_393720_554186.jpg,393,58
6194,images/coco_160195_crowd.jpg,347,52
6195,images/coco_71738_crowd.jpg,527,90
6196,images/painting_humanart_9000000001287.jpg,511,83
6197,images/real_human_humanart_15000000002449.jpg,584,89
6198,images/real_human_humanart_17000000002034.jpg,543,83
6199,images/coco_249757_crowd.jpg,477,78
6200,images/real_human_humanart_17000000001672.jpg,622,95
6201,images/coco_246398_1209122.jpg,434,75
6202,images/real_human_humanart_17000000001781.jpg,400,60
6203,images/danbooru_anime_11920185.jpg,438,73
6204,images/coco_54516_421132.jpg,531,87
6205,images/sculpture_humanart_14000000003672.jpg,780,115
6206,images/painting_humanart_6000000003532.jpg,670,105
6207,images/real_human_humanart_17000000002108.jpg,715,114
6208,images/painting_humanart_6000000000988.jpg,460,77
6209,images/painting_humanart_9000000002050.jpg,550,88
6210,images/painting_humanart_9000000001116.jpg,497,84
6211,images/painting_humanart_9000000000077.jpg,587,98
6212,images/coco_361521_431100.jpg,591,95
6213,images/real_human_humanart_15000000000146.jpg,734,116
6214,images/coco_296243_472125.jpg,421,74
6215,images/painting_humanart_6000000002573.jpg,441,75
6216,images/painting_humanart_10000000000678.jpg,305,43
6217,images/danbooru_anime_11920612.jpg,426,72
6218,images/painting_humanart_9000000001478.jpg,541,79
6219,images/sculpture_humanart_14000000001381.jpg,635,96
6220,images/real_human_humanart_15000000000906.jpg,427,65
6221,images/coco_248051_2198620.jpg,379,62
6222,images/sculpture_humanart_14000000001048.jpg,787,120
6223,images/painting_humanart_9000000000760.jpg,338,51
6224,images/danbooru_anime_11919776.jpg,330,53
6225,images/real_human_humanart_17000000001295.jpg,469,75
6226,images/painting_humanart_6000000001296.jpg,413,65
6227,images/coco_374270_crowd.jpg,476,76
6228,images/danbooru_anime_11904228.jpg,525,82
6229,images/painting_humanart_9000000000092.jpg,315,48
6230,images/danbooru_anime_11909258.jpg,622,101
6231,images/painting_humanart_2000000000775.jpg,482,70
6232,images/painting_humanart_1000000000654.jpg,532,75
6233,images/coco_54679_478279.jpg,361,60
6234,images/painting_humanart_2000000001484.jpg,519,81
6235,images/painting_humanart_10000000000688.jpg,454,67
6236,images/real_human_humanart_17000000000643.jpg,490,82
6237,images/real_human_humanart_17000000000114.jpg,809,128
6238,images/painting_humanart_9000000000624.jpg,375,62
6239,images/real_human_humanart_17000000000181.jpg,671,109
6240,images/coco_193401_204678.jpg,264,45
6241,images/painting_humanart_9000000002294.jpg,468,82
6242,images/sculpture_humanart_14000000004476.jpg,622,83
6243,images/painting_humanart_2000000003105.jpg,489,80
6244,images/danbooru_anime_11914017.jpg,351,56
6245,images/coco_36333_501716.jpg,382,62
6246,images/painting_humanart_1000000003706.jpg,361,59
6247,images/painting_humanart_6000000003199.jpg,619,98
6248,images/real_human_humanart_17000000001306.jpg,624,96
6249,images/painting_humanart_9000000001955.jpg,583,69
6250,images/coco_266847_2198223.jpg,544,90
6251,images/sculpture_humanart_14000000001754.jpg,397,58
6252,images/sculpture_humanart_14000000001361.jpg,510,79
6253,images/painting_humanart_10000000001715.jpg,406,65
6254,images/painting_humanart_1000000000897.jpg,380,56
6255,images/painting_humanart_6000000001777.jpg,264,43
6256,images/danbooru_anime_11917230.jpg,290,48
6257,images/danbooru_anime_11903727.jpg,372,62
6258,images/coco_259037_422348.jpg,523,83
6259,images/real_human_humanart_17000000001294.jpg,715,108
6260,images/danbooru_anime_11915174.jpg,511,77
6261,images/real_human_humanart_15000000002417.jpg,729,110
6262,images/coco_537864_455799.jpg,521,79
6263,images/coco_454776_1733789.jpg,344,54
6264,images/real_human_humanart_17000000000631.jpg,897,145
6265,images/real_human_humanart_15000000000242.jpg,729,116
6266,images/danbooru_anime_11920424.jpg,367,55
6267,images/real_human_humanart_17000000002288.jpg,536,79
6268,images/coco_441518_212307.jpg,546,95
6269,images/coco_352361_crowd.jpg,395,65
6270,images/coco_175831_crowd.jpg,615,104
6271,images/real_human_humanart_15000000001280.jpg,721,113
6272,images/real_human_humanart_17000000001309.jpg,624,104
6273,images/painting_humanart_9000000001854.jpg,326,48
6274,images/painting_humanart_2000000000404.jpg,329,54
6275,images/real_human_humanart_17000000001642.jpg,534,89
6276,images/painting_humanart_2000000001888.jpg,373,61
6277,images/painting_humanart_9000000001848.jpg,313,55
6278,images/painting_humanart_9000000001487.jpg,361,60
6279,images/painting_humanart_10000000002694.jpg,282,47
6280,images/painting_humanart_9000000001352.jpg,488,79
6281,images/painting_humanart_2000000002241.jpg,282,45
6282,images/coco_430265_213326.jpg,376,66
6283,images/real_human_humanart_15000000000053.jpg,517,77
6284,images/real_human_humanart_17000000001045.jpg,631,95
6285,images/real_human_humanart_17000000002123.jpg,1000,154
6286,images/painting_humanart_2000000002898.jpg,691,104
6287,images/painting_humanart_9000000000020.jpg,308,47
6288,images/painting_humanart_1000000003955.jpg,556,86
6289,images/painting_humanart_10000000001818.jpg,428,72
6290,images/painting_humanart_1000000005723.jpg,287,45
6291,images/painting_humanart_10000000000918.jpg,301,46
6292,images/painting_humanart_1000000003379.jpg,388,64
6293,images/painting_humanart_6000000001109.jpg,557,96
6294,images/danbooru_anime_11917005.jpg,403,65
6295,images/sculpture_humanart_14000000003665.jpg,521,79
6296,images/painting_humanart_9000000000474.jpg,447,66
6297,images/real_human_humanart_15000000001811.jpg,820,124
6298,images/sculpture_humanart_14000000000141.jpg,439,72
6299,images/danbooru_anime_11911044.jpg,327,51
6300,images/painting_humanart_10000000001245.jpg,545,84
6301,images/painting_humanart_2000000001021.jpg,505,80
6302,images/painting_humanart_6000000000521.jpg,620,106
6303,images/danbooru_anime_11915629.jpg,354,54
6304,images/painting_humanart_6000000000074.jpg,566,84
6305,images/coco_207458_423088.jpg,407,67
6306,images/coco_315696_198182.jpg,421,72
6307,images/real_human_humanart_15000000000553.jpg,850,133
6308,images/danbooru_anime_11910123.jpg,582,92
6309,images/sculpture_humanart_14000000001688.jpg,661,101
6310,images/danbooru_anime_11908303.jpg,392,60
6311,images/painting_humanart_6000000002053.jpg,518,83
6312,images/coco_519351_204335.jpg,214,37
6313,images/painting_humanart_10000000002460.jpg,535,84
6314,images/coco_523597_crowd.jpg,268,43
6315,images/coco_37846_436281.jpg,374,61
6316,images/painting_humanart_1000000000638.jpg,567,94
6317,images/painting_humanart_10000000002929.jpg,305,43
6318,images/danbooru_anime_11919444.jpg,394,62
6319,images/danbooru_anime_11905475.jpg,506,80
6320,images/painting_humanart_2000000002709.jpg,473,76
6321,images/danbooru_anime_11920410.jpg,483,80
6322,images/danbooru_anime_11917210.jpg,441,70
6323,images/painting_humanart_10000000000236.jpg,233,36
6324,images/painting_humanart_10000000005976.jpg,407,65
6325,images/painting_humanart_1000000000424.jpg,584,90
6326,images/painting_humanart_10000000005385.jpg,405,63
6327,images/coco_32947_1717985.jpg,495,85
6328,images/painting_humanart_10000000001534.jpg,482,72
6329,images/painting_humanart_9000000001811.jpg,542,90
6330,images/painting_humanart_10000000001650.jpg,252,44
6331,images/sculpture_humanart_14000000004086.jpg,379,56
6332,images/real_human_humanart_15000000001694.jpg,831,124
6333,images/danbooru_anime_11912148.jpg,243,36
6334,images/coco_227852_1267123.jpg,423,70
6335,images/coco_386589_188611.jpg,628,103
6336,images/painting_humanart_10000000006453.jpg,481,75
6337,images/real_human_humanart_17000000002370.jpg,329,51
6338,images/coco_531633_467439.jpg,405,61
6339,images/coco_436273_195867.jpg,438,69
6340,images/painting_humanart_10000000002660.jpg,442,75
6341,images/danbooru_anime_11912949.jpg,587,96
6342,images/sculpture_humanart_14000000003259.jpg,423,71
6343,images/coco_221547_crowd.jpg,376,62
6344,images/painting_humanart_6000000003542.jpg,610,98
6345,images/coco_322261_crowd.jpg,330,56
6346,images/coco_161810_crowd.jpg,485,85
6347,images/real_human_humanart_17000000001236.jpg,787,117
6348,images/coco_145684_2151348.jpg,338,55
6349,images/coco_44612_212826.jpg,346,58
6350,images/coco_235302_crowd.jpg,715,123
6351,images/real_human_humanart_17000000001131.jpg,577,93
6352,images/coco_515424_472292.jpg,560,89
6353,images/danbooru_anime_11919246.jpg,490,74
6354,images/painting_humanart_9000000001627.jpg,626,99
6355,images/danbooru_anime_11916289.jpg,479,77
6356,images/painting_humanart_1000000008127.jpg,424,71
6357,images/painting_humanart_9000000000455.jpg,291,46
6358,images/danbooru_anime_11918167.jpg,372,60
6359,images/painting_humanart_6000000000150.jpg,381,62
6360,images/painting_humanart_10000000003276.jpg,577,99
6361,images/coco_439516_440227.jpg,257,41
6362,images/real_human_humanart_17000000002030.jpg,736,123
6363,images/painting_humanart_2000000002836.jpg,713,117
6364,images/coco_511463_451047.jpg,465,76
6365,images/painting_humanart_1000000000766.jpg,435,66
6366,images/danbooru_anime_11903769.jpg,593,97
6367,images/painting_humanart_2000000001783.jpg,479,74
6368,images/danbooru_anime_11911372.jpg,346,54
6369,images/coco_217009_crowd.jpg,384,70
6370,images/coco_152702_188979.jpg,555,91
6371,images/painting_humanart_2000000000648.jpg,700,119
6372,images/danbooru_anime_11910600.jpg,587,93
6373,images/sculpture_humanart_14000000000544.jpg,503,84
6374,images/painting_humanart_6000000002674.jpg,250,39
6375,images/coco_90991_426938.jpg,195,35
6376,images/coco_235126_crowd.jpg,252,39
6377,images/painting_humanart_10000000002938.jpg,274,45
6378,images/painting_humanart_10000000006517.jpg,683,101
6379,images/coco_341017_201864.jpg,280,49
6380,images/coco_205676_crowd.jpg,368,62
6381,images/coco_440763_484395.jpg,284,49
6382,images/sculpture_humanart_14000000002030.jpg,662,104
6383,images/painting_humanart_9000000001895.jpg,1004,165
6384,images/coco_562062_434395.jpg,467,77
6385,images/painting_humanart_10000000000755.jpg,450,67
6386,images/sculpture_humanart_14000000002017.jpg,530,80
6387,images/painting_humanart_10000000002403.jpg,461,70
6388,images/painting_humanart_10000000006334.jpg,534,83
6389,images/painting_humanart_10000000004915.jpg,304,50
6390,images/coco_378482_187588.jpg,444,68
6391,images/danbooru_anime_11917229.jpg,378,57
6392,images/painting_humanart_6000000000781.jpg,345,59
6393,images/real_human_humanart_15000000002129.jpg,537,83
6394,images/painting_humanart_1000000002828.jpg,638,102
6395,images/sculpture_humanart_14000000000940.jpg,675,103
6396,images/coco_29045_468344.jpg,364,58
6397,images/sculpture_humanart_14000000001296.jpg,365,52
6398,images/danbooru_anime_11911860.jpg,487,83
6399,images/painting_humanart_9000000002662.jpg,824,133
6400,images/sculpture_humanart_14000000004534.jpg,334,45
6401,images/danbooru_anime_11915258.jpg,274,42
6402,images/danbooru_anime_11919726.jpg,501,73
6403,images/danbooru_anime_11915634.jpg,295,44
6404,images/painting_humanart_10000000005704.jpg,501,74
6405,images/real_human_humanart_15000000002081.jpg,783,125
6406,images/real_human_humanart_15000000002118.jpg,663,102
6407,images/painting_humanart_2000000000264.jpg,661,100
6408,images/danbooru_anime_11919526.jpg,306,51
6409,images/painting_humanart_6000000001916.jpg,686,112
6410,images/coco_267683_431135.jpg,714,114
6411,images/danbooru_anime_11905265.jpg,339,54
6412,images/coco_294373_crowd.jpg,526,88
6413,images/painting_humanart_1000000004869.jpg,353,62
6414,images/coco_573058_440274.jpg,335,58
6415,images/coco_140785_crowd.jpg,345,59
6416,images/sculpture_humanart_14000000000430.jpg,742,113
6417,images/painting_humanart_10000000003650.jpg,492,79
6418,images/painting_humanart_10000000004381.jpg,487,79
6419,images/coco_151988_crowd.jpg,278,41
6420,images/painting_humanart_10000000000182.jpg,355,56
6421,images/painting_humanart_2000000001301.jpg,553,92
6422,images/painting_humanart_1000000000325.jpg,518,90
6423,images/coco_458323_crowd.jpg,393,66
6424,images/real_human_humanart_15000000001070.jpg,612,106
6425,images/real_human_humanart_17000000000330.jpg,402,61
6426,images/real_human_humanart_17000000000161.jpg,771,118
6427,images/real_human_humanart_17000000000882.jpg,787,128
6428,images/sculpture_humanart_14000000000768.jpg,833,126
6429,images/painting_humanart_1000000005304.jpg,509,87
6430,images/coco_150410_223089.jpg,323,55
6431,images/danbooru_anime_11917044.jpg,476,73
6432,images/coco_550007_204999.jpg,279,42
6433,images/painting_humanart_6000000000389.jpg,476,76
6434,images/painting_humanart_1000000001492.jpg,439,61
6435,images/painting_humanart_2000000002603.jpg,651,104
6436,images/coco_350974_crowd.jpg,639,98
6437,images/painting_humanart_2000000002735.jpg,637,96
6438,images/painting_humanart_9000000000736.jpg,478,75
6439,images/danbooru_anime_11905403.jpg,413,68
6440,images/sculpture_humanart_14000000001537.jpg,628,94
6441,images/danbooru_anime_11912589.jpg,475,80
6442,images/danbooru_anime_11919058.jpg,567,93
6443,images/coco_347620_192469.jpg,384,61
6444,images/coco_167724_1727254.jpg,417,70
6445,images/painting_humanart_10000000003764.jpg,722,110
6446,images/painting_humanart_10000000005161.jpg,621,95
6447,images/painting_humanart_9000000000387.jpg,325,52
6448,images/danbooru_anime_11900080.jpg,251,41
6449,images/painting_humanart_6000000000345.jpg,225,35
6450,images/painting_humanart_1000000003383.jpg,387,64
6451,images/sculpture_humanart_14000000000486.jpg,847,131
6452,images/danbooru_anime_11906137.jpg,655,107
6453,images/painting_humanart_10000000004169.jpg,459,78
6454,images/coco_73665_435284.jpg,317,54
6455,images/sculpture_humanart_14000000003758.jpg,341,51
6456,images/coco_92678_crowd.jpg,362,63
6457,images/sculpture_humanart_14000000001393.jpg,588,87
6458,images/painting_humanart_10000000001551.jpg,355,57
6459,images/real_human_humanart_17000000001797.jpg,688,106
6460,images/danbooru_anime_11900516.jpg,486,72
6461,images/sculpture_humanart_14000000000754.jpg,528,80
6462,images/painting_humanart_9000000001686.jpg,356,59
6463,images/painting_humanart_6000000000748.jpg,422,67
6464,images/danbooru_anime_11899930.jpg,324,51
6465,images/danbooru_anime_11910231.jpg,553,90
6466,images/painting_humanart_10000000000993.jpg,500,76
6467,images/painting_humanart_1000000005032.jpg,459,79
6468,images/real_human_humanart_17000000002150.jpg,562,90
6469,images/coco_290868_crowd.jpg,426,75
6470,images/coco_334321_crowd.jpg,424,72
6471,images/coco_456574_crowd.jpg,746,112
6472,images/painting_humanart_2000000000496.jpg,664,105
6473,images/real_human_humanart_17000000002221.jpg,730,119
6474,images/coco_431952_crowd.jpg,266,42
6475,images/real_human_humanart_15000000001293.jpg,711,114
6476,images/real_human_humanart_17000000001750.jpg,628,101
6477,images/coco_338041_crowd.jpg,328,58
6478,images/coco_146837_209577.jpg,267,42
6479,images/painting_humanart_6000000002750.jpg,711,120
6480,images/painting_humanart_10000000000223.jpg,573,95
6481,images/sculpture_humanart_14000000000360.jpg,531,86
6482,images/sculpture_humanart_14000000001005.jpg,831,124
6483,images/real_human_humanart_17000000000443.jpg,588,93
6484,images/coco_488206_crowd.jpg,227,38
6485,images/coco_419503_448825.jpg,966,136
6486,images/coco_475844_crowd.jpg,339,59
6487,images/sculpture_humanart_14000000000781.jpg,565,95
6488,images/sculpture_humanart_14000000000425.jpg,607,88
6489,images/real_human_humanart_17000000002429.jpg,654,95
6490,images/danbooru_anime_11920564.jpg,339,56
6491,images/coco_536166_185775.jpg,256,46
6492,images/painting_humanart_2000000000688.jpg,823,133
6493,images/real_human_humanart_17000000002286.jpg,571,85
6494,images/painting_humanart_6000000000211.jpg,463,70
6495,images/coco_49236_crowd.jpg,303,46
6496,images/sculpture_humanart_14000000000211.jpg,643,99
6497,images/painting_humanart_1000000004391.jpg,862,136
6498,images/real_human_humanart_15000000002366.jpg,659,95
6499,images/real_human_humanart_15000000000955.jpg,756,120
6500,images/sculpture_humanart_14000000001771.jpg,334,49
6501,images/real_human_humanart_15000000002391.jpg,553,84
6502,images/painting_humanart_9000000002517.jpg,572,87
6503,images/real_human_humanart_15000000001708.jpg,841,125
6504,images/danbooru_anime_11907925.jpg,498,79
6505,images/coco_324340_470996.jpg,303,48
6506,images/real_human_humanart_17000000002341.jpg,803,136
6507,images/danbooru_anime_11921438.jpg,415,67
6508,images/danbooru_anime_11907932.jpg,481,72
6509,images/sculpture_humanart_14000000001696.jpg,535,82
6510,images/sculpture_humanart_14000000003718.jpg,478,71
6511,images/coco_298586_crowd.jpg,399,51
6512,images/coco_566321_crowd.jpg,437,73
6513,images/coco_365687_1713999.jpg,559,90
6514,images/real_human_humanart_15000000000226.jpg,542,78
6515,images/sculpture_humanart_14000000000098.jpg,604,96
6516,images/painting_humanart_2000000000624.jpg,637,106
6517,images/sculpture_humanart_14000000003846.jpg,680,103
6518,images/coco_241889_502346.jpg,415,67
6519,images/coco_117690_432485.jpg,444,76
6520,images/real_human_humanart_17000000000394.jpg,769,122
6521,images/painting_humanart_10000000000665.jpg,270,42
6522,images/coco_133042_crowd.jpg,420,74
6523,images/painting_humanart_10000000000539.jpg,328,49
6524,images/painting_humanart_2000000002509.jpg,543,82
6525,images/painting_humanart_6000000000427.jpg,480,76
6526,images/painting_humanart_1000000001529.jpg,329,52
6527,images/sculpture_humanart_14000000002120.jpg,767,121
6528,images/real_human_humanart_15000000001377.jpg,623,99
6529,images/coco_229531_crowd.jpg,592,99
6530,images/painting_humanart_2000000001774.jpg,616,93
6531,images/danbooru_anime_11902213.jpg,383,63
6532,images/coco_383703_440840.jpg,575,98
6533,images/danbooru_anime_11921283.jpg,381,56
6534,images/sculpture_humanart_14000000001843.jpg,330,49
6535,images/painting_humanart_2000000001548.jpg,463,70
6536,images/danbooru_anime_11920627.jpg,716,108
6537,images/real_human_humanart_15000000001139.jpg,738,108
6538,images/coco_218721_421243.jpg,392,57
6539,images/danbooru_anime_11919672.jpg,551,85
6540,images/coco_248445_crowd.jpg,358,57
6541,images/danbooru_anime_11917097.jpg,710,117
6542,images/coco_237745_476181.jpg,394,63
6543,images/coco_158922_1218440.jpg,269,44
6544,images/painting_humanart_9000000000655.jpg,326,51
6545,images/real_human_humanart_15000000001532.jpg,649,106
6546,images/painting_humanart_2000000002034.jpg,435,68
6547,images/coco_536006_crowd.jpg,276,43
6548,images/coco_465422_466549.jpg,371,59
6549,images/painting_humanart_9000000000386.jpg,375,64
6550,images/danbooru_anime_11909456.jpg,313,49
6551,images/danbooru_anime_11904856.jpg,464,73
6552,images/painting_humanart_2000000002436.jpg,505,78
6553,images/painting_humanart_9000000001681.jpg,265,40
6554,images/danbooru_anime_11917567.jpg,502,80
6555,images/coco_551957_1717449.jpg,465,75
6556,images/danbooru_anime_11921295.jpg,594,90
6557,images/painting_humanart_1000000007893.jpg,209,38
6558,images/painting_humanart_6000000000258.jpg,559,84
6559,images/painting_humanart_10000000000731.jpg,272,43
6560,images/danbooru_anime_11911258.jpg,502,79
6561,images/painting_humanart_2000000001908.jpg,535,77
6562,images/coco_167082_1714224.jpg,447,76
6563,images/painting_humanart_1000000004849.jpg,329,54
6564,images/sculpture_humanart_14000000000900.jpg,466,63
6565,images/coco_449302_191100.jpg,334,53
6566,images/painting_humanart_9000000000695.jpg,488,72
6567,images/coco_278801_467423.jpg,278,46
6568,images/coco_518850_crowd.jpg,407,61
6569,images/painting_humanart_10000000003098.jpg,385,60
6570,images/sculpture_humanart_14000000003502.jpg,685,102
6571,images/sculpture_humanart_14000000001971.jpg,333,49
6572,images/danbooru_anime_11919439.jpg,412,64
6573,images/painting_humanart_1000000001223.jpg,438,72
6574,images/real_human_humanart_17000000001764.jpg,839,128
6575,images/painting_humanart_6000000000069.jpg,333,57
6576,images/real_human_humanart_15000000002329.jpg,509,77
6577,images/painting_humanart_2000000000482.jpg,221,38
6578,images/real_human_humanart_17000000000634.jpg,535,82
6579,images/coco_435562_427059.jpg,535,90
6580,images/coco_580613_crowd.jpg,413,65
6581,images/real_human_humanart_15000000001216.jpg,717,110
6582,images/coco_560718_448823.jpg,534,86
6583,images/coco_318219_crowd.jpg,445,73
6584,images/sculpture_humanart_14000000001478.jpg,424,64
6585,images/coco_328818_2155927.jpg,358,62
6586,images/real_human_humanart_15000000001316.jpg,462,81
6587,images/painting_humanart_2000000002046.jpg,449,77
6588,images/sculpture_humanart_14000000004307.jpg,583,86
6589,images/real_human_humanart_17000000001499.jpg,804,124
6590,images/real_human_humanart_17000000001701.jpg,367,62
6591,images/painting_humanart_10000000005928.jpg,505,74
6592,images/painting_humanart_9000000001051.jpg,234,41
6593,images/coco_453485_2151013.jpg,542,88
6594,images/coco_269015_482291.jpg,378,62
6595,images/real_human_humanart_15000000001526.jpg,578,91
6596,images/painting_humanart_1000000001941.jpg,519,82
6597,images/sculpture_humanart_14000000001530.jpg,608,89
6598,images/painting_humanart_10000000001931.jpg,324,53
6599,images/painting_humanart_10000000005208.jpg,332,52
6600,images/coco_310071_crowd.jpg,542,91
6601,images/coco_553869_436042.jpg,483,77
6602,images/painting_humanart_9000000002695.jpg,265,41
6603,images/painting_humanart_2000000002261.jpg,558,85
6604,images/real_human_humanart_17000000002474.jpg,449,66
6605,images/painting_humanart_1000000004290.jpg,332,54
6606,images/coco_198352_203728.jpg,322,52
6607,images/painting_humanart_10000000003790.jpg,394,63
6608,images/real_human_humanart_15000000001612.jpg,831,130
6609,images/painting_humanart_6000000001081.jpg,487,76
6610,images/danbooru_anime_11921422.jpg,847,134
6611,images/real_human_humanart_15000000000962.jpg,680,119
6612,images/painting_humanart_9000000001135.jpg,561,87
6613,images/coco_423173_191437.jpg,621,100
6614,images/coco_542910_crowd.jpg,323,55
6615,images/coco_132272_465680.jpg,404,73
6616,images/danbooru_anime_11919477.jpg,435,72
6617,images/painting_humanart_1000000001057.jpg,721,127
6618,images/coco_451275_crowd.jpg,497,84
6619,images/coco_104422_501299.jpg,768,124
6620,images/coco_262746_461512.jpg,487,80
6621,images/coco_423204_crowd.jpg,438,74
6622,images/danbooru_anime_11921306.jpg,596,98
6623,images/painting_humanart_9000000001858.jpg,256,42
6624,images/painting_humanart_1000000000288.jpg,626,102
6625,images/painting_humanart_10000000000623.jpg,640,99
6626,images/painting_humanart_6000000001772.jpg,635,99
6627,images/painting_humanart_1000000003262.jpg,310,46
6628,images/coco_301766_422055.jpg,695,113
6629,images/painting_humanart_2000000002451.jpg,680,104
6630,images/coco_326774_223255.jpg,310,52
6631,images/coco_90255_427373.jpg,394,69
6632,images/painting_humanart_10000000000474.jpg,302,45
6633,images/danbooru_anime_11917790.jpg,586,94
6634,images/painting_humanart_10000000004238.jpg,320,48
6635,images/painting_humanart_10000000000830.jpg,722,110
6636,images/painting_humanart_2000000000616.jpg,567,98
6637,images/painting_humanart_10000000001719.jpg,368,56
6638,images/painting_humanart_6000000002709.jpg,562,83
6639,images/painting_humanart_9000000001783.jpg,486,79
6640,images/painting_humanart_10000000000381.jpg,497,76
6641,images/real_human_humanart_17000000001704.jpg,685,106
6642,images/painting_humanart_9000000002483.jpg,577,86
6643,images/real_human_humanart_17000000002516.jpg,531,80
6644,images/real_human_humanart_17000000000498.jpg,684,105
6645,images/real_human_humanart_17000000000827.jpg,920,138
6646,images/painting_humanart_2000000001594.jpg,513,80
6647,images/real_human_humanart_15000000001351.jpg,491,75
6648,images/painting_humanart_9000000001975.jpg,300,46
6649,images/coco_295308_438821.jpg,476,76
6650,images/painting_humanart_1000000003089.jpg,404,72
6651,images/painting_humanart_10000000000777.jpg,433,71
6652,images/painting_humanart_6000000002760.jpg,461,73
6653,images/painting_humanart_9000000000904.jpg,524,83
6654,images/real_human_humanart_15000000001092.jpg,571,87
6655,images/coco_554273_crowd.jpg,347,56
6656,images/sculpture_humanart_14000000004475.jpg,625,93
6657,images/danbooru_anime_11921269.jpg,489,74
6658,images/coco_535106_222032.jpg,500,81
6659,images/coco_378652_455286.jpg,208,35
6660,images/painting_humanart_6000000002431.jpg,283,47
6661,images/danbooru_anime_11918528.jpg,436,65
6662,images/coco_180289_200392.jpg,356,57
6663,images/coco_26617_2154283.jpg,385,58
6664,images/coco_353001_crowd.jpg,671,99
6665,images/coco_477867_crowd.jpg,334,55
6666,images/sculpture_humanart_14000000001501.jpg,535,79
6667,images/real_human_humanart_15000000000435.jpg,730,119
6668,images/painting_humanart_2000000000727.jpg,450,77
6669,images/coco_199403_452019.jpg,329,48
6670,images/coco_589_2150702.jpg,290,50
6671,images/coco_350874_crowd.jpg,346,60
6672,images/real_human_humanart_17000000000727.jpg,841,127
6673,images/painting_humanart_6000000001164.jpg,555,80
6674,images/sculpture_humanart_14000000004036.jpg,550,89
6675,images/real_human_humanart_15000000000126.jpg,661,102
6676,images/real_human_humanart_17000000001611.jpg,513,79
6677,images/real_human_humanart_17000000000558.jpg,577,92
6678,images/painting_humanart_10000000004441.jpg,314,56
6679,images/danbooru_anime_11918832.jpg,637,100
6680,images/painting_humanart_1000000002373.jpg,267,46
6681,images/danbooru_anime_11917585.jpg,487,76
6682,images/painting_humanart_2000000000724.jpg,632,97
6683,images/sculpture_humanart_14000000001165.jpg,654,96
6684,images/coco_68120_crowd.jpg,343,51
6685,images/coco_490306_1282739.jpg,498,80
6686,images/danbooru_anime_11900019.jpg,612,101
6687,images/danbooru_anime_11903807.jpg,331,53
6688,images/real_human_humanart_17000000001963.jpg,583,86
6689,images/sculpture_humanart_14000000000947.jpg,617,98
6690,images/painting_humanart_6000000000076.jpg,530,90
6691,images/coco_304330_527492.jpg,404,66
6692,images/painting_humanart_2000000000059.jpg,666,102
6693,images/danbooru_anime_11920055.jpg,434,67
6694,images/danbooru_anime_11912946.jpg,323,48
6695,images/painting_humanart_6000000002440.jpg,551,90
6696,images/coco_430302_crowd.jpg,488,82
6697,images/danbooru_anime_11912834.jpg,691,108
6698,images/painting_humanart_10000000000089.jpg,446,64
6699,images/painting_humanart_2000000001948.jpg,308,49
6700,images/painting_humanart_6000000000312.jpg,602,97
6701,images/painting_humanart_2000000000201.jpg,465,75
6702,images/real_human_humanart_15000000000578.jpg,477,71
6703,images/sculpture_humanart_14000000003696.jpg,309,42
6704,images/real_human_humanart_17000000001589.jpg,440,69
6705,images/coco_343769_crowd.jpg,716,120
6706,images/painting_humanart_1000000000916.jpg,549,89
6707,images/painting_humanart_10000000003856.jpg,590,98
6708,images/real_human_humanart_15000000001561.jpg,283,49
6709,images/danbooru_anime_11919212.jpg,351,57
6710,images/painting_humanart_2000000001737.jpg,547,80
6711,images/painting_humanart_9000000001343.jpg,434,64
6712,images/painting_humanart_9000000001598.jpg,516,77
6713,images/real_human_humanart_15000000001105.jpg,599,92
6714,images/danbooru_anime_11917105.jpg,738,109
6715,images/real_human_humanart_17000000000140.jpg,717,101
6716,images/painting_humanart_1000000004169.jpg,432,70
6717,images/real_human_humanart_17000000000576.jpg,556,92
6718,images/painting_humanart_1000000002666.jpg,397,61
6719,images/painting_humanart_10000000000253.jpg,460,68
6720,images/painting_humanart_10000000000831.jpg,351,56
6721,images/danbooru_anime_11900722.jpg,407,62
6722,images/real_human_humanart_17000000000639.jpg,598,97
6723,images/painting_humanart_6000000002620.jpg,382,59
6724,images/painting_humanart_2000000002824.jpg,651,105
6725,images/painting_humanart_10000000003831.jpg,375,59
6726,images/painting_humanart_2000000002284.jpg,520,78
6727,images/real_human_humanart_17000000000487.jpg,517,79
6728,images/real_human_humanart_15000000000721.jpg,570,90
6729,images/sculpture_humanart_14000000001871.jpg,249,38
6730,images/sculpture_humanart_14000000000580.jpg,549,85
6731,images/painting_humanart_6000000002282.jpg,547,90
6732,images/real_human_humanart_15000000002122.jpg,531,83
6733,images/painting_humanart_6000000002546.jpg,318,50
6734,images/coco_250730_215719.jpg,348,58
6735,images/painting_humanart_6000000002871.jpg,410,69
6736,images/coco_558171_467799.jpg,496,78
6737,images/real_human_humanart_15000000001235.jpg,354,54
6738,images/sculpture_humanart_14000000003842.jpg,393,58
6739,images/real_human_humanart_15000000001130.jpg,336,58
6740,images/real_human_humanart_15000000001344.jpg,558,91
6741,images/danbooru_anime_11920052.jpg,1009,171
6742,images/danbooru_anime_11920351.jpg,413,60
6743,images/coco_357529_495323.jpg,460,75
6744,images/coco_556101_192442.jpg,333,57
6745,images/painting_humanart_1000000002383.jpg,380,63
6746,images/real_human_humanart_15000000000665.jpg,728,116
6747,images/real_human_humanart_17000000001755.jpg,594,93
6748,images/coco_576875_crowd.jpg,300,48
6749,images/painting_humanart_10000000005550.jpg,333,58
6750,images/real_human_humanart_17000000000846.jpg,737,113
6751,images/coco_116067_crowd.jpg,466,76
6752,images/real_human_humanart_15000000001425.jpg,492,73
6753,images/coco_309859_crowd.jpg,402,65
6754,images/painting_humanart_10000000003466.jpg,257,40
6755,images/coco_95051_2165257.jpg,382,65
6756,images/painting_humanart_6000000001980.jpg,660,111
6757,images/sculpture_humanart_14000000001945.jpg,733,107
6758,images/sculpture_humanart_14000000003882.jpg,716,112
6759,images/sculpture_humanart_14000000004222.jpg,645,98
6760,images/painting_humanart_10000000002738.jpg,517,84
6761,images/coco_509028_crowd.jpg,345,54
6762,images/painting_humanart_6000000000974.jpg,558,88
6763,images/real_human_humanart_15000000001429.jpg,542,85
6764,images/real_human_humanart_15000000001773.jpg,726,105
6765,images/danbooru_anime_11916514.jpg,638,97
6766,images/danbooru_anime_11920068.jpg,522,79
6767,images/real_human_humanart_15000000000662.jpg,368,58
6768,images/coco_147958_445781.jpg,552,85
6769,images/painting_humanart_10000000000980.jpg,519,74
6770,images/sculpture_humanart_14000000004445.jpg,310,49
6771,images/real_human_humanart_17000000001029.jpg,628,98
6772,images/painting_humanart_10000000001010.jpg,298,43
6773,images/painting_humanart_9000000000043.jpg,627,95
6774,images/coco_241317_497321.jpg,318,54
6775,images/painting_humanart_9000000002205.jpg,655,108
6776,images/painting_humanart_10000000000013.jpg,526,85
6777,images/real_human_humanart_15000000002059.jpg,748,112
6778,images/painting_humanart_9000000000924.jpg,355,50
6779,images/painting_humanart_6000000002254.jpg,424,68
6780,images/coco_137654_crowd.jpg,845,142
6781,images/coco_217323_454552.jpg,375,61
6782,images/painting_humanart_2000000000534.jpg,717,115
6783,images/danbooru_anime_11921388.jpg,555,88
6784,images/sculpture_humanart_14000000003578.jpg,438,67
6785,images/coco_408103_1203409.jpg,271,43
6786,images/coco_580591_1243589.jpg,340,56
6787,images/painting_humanart_6000000000083.jpg,535,83
6788,images/coco_421231_473549.jpg,448,75
6789,images/coco_413634_224227.jpg,235,39
6790,images/coco_486576_214796.jpg,456,73
6791,images/coco_97006_496427.jpg,357,61
6792,images/coco_290881_188124.jpg,303,49
6793,images/sculpture_humanart_14000000000957.jpg,580,90
6794,images/coco_467297_436400.jpg,629,105
6795,images/real_human_humanart_17000000001660.jpg,717,115
6796,images/painting_humanart_9000000001732.jpg,445,71
6797,images/painting_humanart_6000000001382.jpg,661,107
6798,images/danbooru_anime_11915534.jpg,280,44
6799,images/coco_220277_478060.jpg,458,72
6800,images/real_human_humanart_15000000001672.jpg,643,97
6801,images/real_human_humanart_17000000000987.jpg,548,84
6802,images/real_human_humanart_17000000000517.jpg,791,126
6803,images/painting_humanart_1000000001539.jpg,477,74
6804,images/danbooru_anime_11905025.jpg,493,76
6805,images/danbooru_anime_11920895.jpg,260,38
6806,images/real_human_humanart_17000000001794.jpg,682,100
6807,images/danbooru_anime_11919678.jpg,480,72
6808,images/painting_humanart_9000000000612.jpg,836,134
6809,images/danbooru_anime_11905484.jpg,396,61
6810,images/painting_humanart_9000000001375.jpg,451,70
6811,images/real_human_humanart_15000000002454.jpg,655,106
6812,images/real_human_humanart_15000000002497.jpg,740,114
6813,images/painting_humanart_9000000002644.jpg,494,81
6814,images/danbooru_anime_11920425.jpg,406,67
6815,images/painting_humanart_10000000001246.jpg,293,44
6816,images/danbooru_anime_11920128.jpg,383,63
6817,images/painting_humanart_10000000000008.jpg,492,75
6818,images/danbooru_anime_11914632.jpg,357,59
6819,images/real_human_humanart_17000000000662.jpg,743,118
6820,images/coco_117508_466984.jpg,357,54
6821,images/painting_humanart_10000000003926.jpg,494,82
6822,images/painting_humanart_9000000002446.jpg,507,85
6823,images/painting_humanart_6000000002679.jpg,627,98
6824,images/danbooru_anime_11916741.jpg,417,72
6825,images/real_human_humanart_17000000002127.jpg,534,81
6826,images/sculpture_humanart_14000000004331.jpg,702,103
6827,images/sculpture_humanart_14000000000929.jpg,368,61
6828,images/painting_humanart_10000000000465.jpg,821,134
6829,images/real_human_humanart_17000000000531.jpg,545,80
6830,images/sculpture_humanart_14000000003941.jpg,550,85
6831,images/real_human_humanart_17000000001557.jpg,572,97
6832,images/painting_humanart_6000000003066.jpg,287,44
6833,images/danbooru_anime_11921097.jpg,471,72
6834,images/danbooru_anime_11920156.jpg,654,115
6835,images/real_human_humanart_17000000001676.jpg,773,109
6836,images/coco_240147_472147.jpg,365,62
6837,images/sculpture_humanart_14000000004392.jpg,739,116
6838,images/real_human_humanart_15000000002126.jpg,712,110
6839,images/real_human_humanart_17000000001339.jpg,587,89
6840,images/painting_humanart_9000000001420.jpg,458,71
6841,images/real_human_humanart_15000000001227.jpg,746,114
6842,images/sculpture_humanart_14000000003954.jpg,669,97
6843,images/painting_humanart_2000000000311.jpg,427,62
6844,images/painting_humanart_2000000000980.jpg,426,65
6845,images/danbooru_anime_11919461.jpg,494,75
6846,images/coco_478430_crowd.jpg,459,77
6847,images/danbooru_anime_11917571.jpg,446,71
6848,images/real_human_humanart_17000000002073.jpg,712,111
6849,images/painting_humanart_2000000002686.jpg,368,62
6850,images/painting_humanart_6000000003049.jpg,364,59
6851,images/painting_humanart_1000000006453.jpg,256,43
6852,images/real_human_humanart_15000000000977.jpg,722,115
6853,images/coco_413948_1254139.jpg,425,66
6854,images/painting_humanart_10000000002269.jpg,273,41
6855,images/real_human_humanart_15000000000114.jpg,552,84
6856,images/real_human_humanart_15000000001824.jpg,354,56
6857,images/painting_humanart_6000000002844.jpg,416,63
6858,images/coco_195673_457752.jpg,259,43
6859,images/painting_humanart_6000000001346.jpg,415,70
6860,images/sculpture_humanart_14000000001885.jpg,582,86
6861,images/coco_464200_455130.jpg,330,52
6862,images/real_human_humanart_15000000000434.jpg,706,115
6863,images/coco_217393_192955.jpg,451,75
6864,images/coco_555461_457875.jpg,568,95
6865,images/coco_211141_487287.jpg,364,58
6866,images/painting_humanart_9000000002710.jpg,315,52
6867,images/painting_humanart_6000000002373.jpg,280,43
6868,images/painting_humanart_9000000001569.jpg,442,77
6869,images/sculpture_humanart_14000000001032.jpg,757,123
6870,images/painting_humanart_1000000000623.jpg,509,82
6871,images/danbooru_anime_11919647.jpg,531,78
6872,images/coco_27478_426337.jpg,383,62
6873,images/danbooru_anime_11911833.jpg,547,90
6874,images/painting_humanart_2000000002560.jpg,585,93
6875,images/painting_humanart_6000000003108.jpg,399,66
6876,images/painting_humanart_9000000002270.jpg,517,78
6877,images/coco_381262_crowd.jpg,811,125
6878,images/real_human_humanart_15000000002470.jpg,777,116
6879,images/painting_humanart_1000000002653.jpg,686,99
6880,images/coco_301541_1708710.jpg,447,74
6881,images/coco_364608_427791.jpg,478,75
6882,images/painting_humanart_1000000002950.jpg,362,52
6883,images/painting_humanart_10000000002268.jpg,360,59
6884,images/painting_humanart_2000000002781.jpg,547,78
6885,images/real_human_humanart_17000000001717.jpg,591,85
6886,images/painting_humanart_9000000000103.jpg,383,58
6887,images/painting_humanart_2000000000974.jpg,303,46
6888,images/painting_humanart_10000000001007.jpg,456,68
6889,images/coco_395621_crowd.jpg,341,53
6890,images/real_human_humanart_15000000000092.jpg,581,89
6891,images/coco_472216_crowd.jpg,742,124
6892,images/painting_humanart_2000000001650.jpg,495,82
6893,images/sculpture_humanart_14000000002094.jpg,424,61
6894,images/real_human_humanart_17000000000093.jpg,597,96
6895,images/painting_humanart_2000000002736.jpg,672,98
6896,images/painting_humanart_1000000000346.jpg,683,109
6897,images/danbooru_anime_11918756.jpg,434,71
6898,images/painting_humanart_2000000000920.jpg,318,51
6899,images/coco_183970_430732.jpg,314,49
6900,images/danbooru_anime_11904341.jpg,299,49
6901,images/coco_91527_447705.jpg,498,85
6902,images/coco_485413_crowd.jpg,436,71
6903,images/painting_humanart_9000000001978.jpg,397,67
6904,images/painting_humanart_6000000001821.jpg,414,69
6905,images/coco_264497_crowd.jpg,604,98
6906,images/painting_humanart_2000000000241.jpg,435,71
6907,images/real_human_humanart_15000000000765.jpg,614,102
6908,images/painting_humanart_9000000002295.jpg,564,91
6909,images/real_human_humanart_17000000001703.jpg,743,111
6910,images/painting_humanart_9000000002548.jpg,589,93
6911,images/painting_humanart_6000000000115.jpg,569,92
6912,images/painting_humanart_6000000003462.jpg,538,89
6913,images/coco_130419_466828.jpg,405,65
6914,images/coco_475685_2161547.jpg,375,60
6915,images/coco_180984_crowd.jpg,442,73
6916,images/painting_humanart_1000000000374.jpg,453,74
6917,images/coco_10249_468383.jpg,249,42
6918,images/painting_humanart_10000000003817.jpg,619,96
6919,images/painting_humanart_9000000000831.jpg,499,73
6920,images/real_human_humanart_15000000000000.jpg,558,95
6921,images/painting_humanart_9000000000827.jpg,306,51
6922,images/real_human_humanart_15000000000500.jpg,594,95
6923,images/sculpture_humanart_14000000001098.jpg,604,98
6924,images/sculpture_humanart_14000000004006.jpg,589,88
6925,images/painting_humanart_6000000000676.jpg,483,78
6926,images/coco_170147_446918.jpg,281,47
6927,images/real_human_humanart_17000000001921.jpg,698,108
6928,images/painting_humanart_9000000001816.jpg,456,72
6929,images/painting_humanart_6000000000789.jpg,691,112
6930,images/painting_humanart_10000000005952.jpg,544,88
6931,images/painting_humanart_10000000000732.jpg,322,50
6932,images/coco_576754_422467.jpg,364,59
6933,images/painting_humanart_10000000000822.jpg,375,57
6934,images/painting_humanart_2000000001938.jpg,443,69
6935,images/painting_humanart_1000000001288.jpg,365,62
6936,images/real_human_humanart_15000000000633.jpg,550,93
6937,images/coco_25864_423385.jpg,369,63
6938,images/sculpture_humanart_14000000004175.jpg,491,77
6939,images/painting_humanart_2000000002938.jpg,619,97
6940,images/coco_279521_crowd.jpg,514,92
6941,images/coco_287235_crowd.jpg,415,65
6942,images/danbooru_anime_11908744.jpg,496,79
6943,images/painting_humanart_2000000002440.jpg,477,79
6944,images/danbooru_anime_11915488.jpg,663,104
6945,images/coco_216861_186739.jpg,785,143
6946,images/painting_humanart_2000000002715.jpg,553,89
6947,images/danbooru_anime_11920493.jpg,572,94
6948,images/real_human_humanart_17000000001925.jpg,634,100
6949,images/painting_humanart_10000000000509.jpg,475,73
6950,images/sculpture_humanart_14000000001921.jpg,617,91
6951,images/coco_315939_crowd.jpg,439,77
6952,images/coco_212470_crowd.jpg,224,36
6953,images/real_human_humanart_15000000002028.jpg,866,137
6954,images/coco_173375_511930.jpg,307,50
6955,images/coco_239445_519017.jpg,313,53
6956,images/real_human_humanart_17000000000123.jpg,631,106
6957,images/coco_402711_425703.jpg,443,75
6958,images/real_human_humanart_17000000001657.jpg,794,117
6959,images/sculpture_humanart_14000000000397.jpg,527,79
6960,images/sculpture_humanart_14000000000001.jpg,528,84
6961,images/danbooru_anime_11908847.jpg,457,72
6962,images/real_human_humanart_15000000001919.jpg,726,107
6963,images/painting_humanart_2000000002708.jpg,423,69
6964,images/real_human_humanart_15000000000348.jpg,752,117
6965,images/danbooru_anime_11908505.jpg,474,70
6966,images/painting_humanart_2000000001056.jpg,487,72
6967,images/danbooru_anime_11910667.jpg,590,86
6968,images/painting_humanart_1000000004301.jpg,307,49
6969,images/coco_110618_429345.jpg,322,50
6970,images/coco_183176_crowd.jpg,381,65
6971,images/painting_humanart_1000000001844.jpg,591,98
6972,images/coco_515785_489072.jpg,291,50
6973,images/danbooru_anime_11915286.jpg,365,59
6974,images/real_human_humanart_15000000001748.jpg,731,118
6975,images/painting_humanart_2000000002210.jpg,392,58
6976,images/painting_humanart_1000000001474.jpg,452,68
6977,images/painting_humanart_6000000000279.jpg,562,93
6978,images/painting_humanart_2000000002463.jpg,593,92
6979,images/real_human_humanart_15000000000794.jpg,638,95
6980,images/real_human_humanart_17000000000306.jpg,748,123
6981,images/painting_humanart_10000000004871.jpg,375,59
6982,images/danbooru_anime_11920188.jpg,287,46
6983,images/painting_humanart_9000000001832.jpg,466,68
6984,images/coco_310121_crowd.jpg,421,67
6985,images/coco_73832_458404.jpg,401,64
6986,images/painting_humanart_2000000003222.jpg,424,65
6987,images/danbooru_anime_11912429.jpg,425,59
6988,images/danbooru_anime_11917656.jpg,567,85
6989,images/real_human_humanart_15000000000866.jpg,732,113
6990,images/coco_398992_190544.jpg,423,73
6991,images/coco_317939_449145.jpg,457,75
6992,images/painting_humanart_6000000000913.jpg,490,75
6993,images/coco_102908_430597.jpg,492,69
6994,images/painting_humanart_2000000000490.jpg,698,112
6995,images/coco_187132_1706953.jpg,376,61
6996,images/coco_108130_crowd.jpg,276,46
6997,images/real_human_humanart_15000000000481.jpg,835,131
6998,images/painting_humanart_10000000006392.jpg,458,69
6999,images/painting_humanart_10000000005987.jpg,467,72
7000,images/danbooru_anime_11919276.jpg,394,61
7001,images/real_human_humanart_15000000000379.jpg,729,114
7002,images/sculpture_humanart_14000000001003.jpg,517,80
7003,images/real_human_humanart_15000000001511.jpg,608,92
7004,images/real_human_humanart_17000000000124.jpg,634,100
7005,images/danbooru_anime_11913456.jpg,797,131
7006,images/painting_humanart_9000000001236.jpg,331,48
7007,images/sculpture_humanart_14000000004338.jpg,521,82
7008,images/real_human_humanart_17000000001479.jpg,669,103
7009,images/coco_44559_1732723.jpg,262,42
7010,images/painting_humanart_6000000003010.jpg,496,84
7011,images/painting_humanart_2000000002897.jpg,735,110
7012,images/painting_humanart_2000000001126.jpg,857,142
7013,images/painting_humanart_6000000001409.jpg,319,52
7014,images/painting_humanart_9000000000473.jpg,297,46
7015,images/coco_114481_crowd.jpg,458,80
7016,images/sculpture_humanart_14000000004522.jpg,202,32
7017,images/coco_235701_186092.jpg,545,92
7018,images/danbooru_anime_11916550.jpg,304,47
7019,images/painting_humanart_1000000001650.jpg,430,63
7020,images/painting_humanart_6000000001869.jpg,496,79
7021,images/coco_326664_521670.jpg,466,74
7022,images/real_human_humanart_15000000000585.jpg,627,103
7023,images/coco_517822_crowd.jpg,355,62
7024,images/painting_humanart_2000000003317.jpg,454,79
7025,images/sculpture_humanart_14000000000186.jpg,655,101
7026,images/painting_humanart_10000000005945.jpg,525,84
7027,images/painting_humanart_2000000003056.jpg,780,124
7028,images/real_human_humanart_17000000001588.jpg,711,115
7029,images/sculpture_humanart_14000000003693.jpg,716,102
7030,images/painting_humanart_1000000003962.jpg,553,92
7031,images/painting_humanart_9000000001213.jpg,393,66
7032,images/painting_humanart_10000000004846.jpg,560,86
7033,images/painting_humanart_10000000004054.jpg,509,79
7034,images/danbooru_anime_11917324.jpg,498,76
7035,images/painting_humanart_2000000003301.jpg,763,121
7036,images/painting_humanart_1000000001705.jpg,614,101
7037,images/coco_14470_crowd.jpg,370,69
7038,images/painting_humanart_6000000000298.jpg,578,94
7039,images/danbooru_anime_11917557.jpg,431,71
7040,images/real_human_humanart_15000000001434.jpg,639,99
7041,images/real_human_humanart_17000000002125.jpg,695,117
7042,images/coco_516902_crowd.jpg,394,67
7043,images/painting_humanart_9000000001435.jpg,458,75
7044,images/painting_humanart_9000000001671.jpg,669,101
7045,images/painting_humanart_9000000002334.jpg,485,80
7046,images/painting_humanart_2000000001342.jpg,424,73
7047,images/coco_561539_crowd.jpg,330,51
7048,images/real_human_humanart_17000000000731.jpg,625,97
7049,images/sculpture_humanart_14000000000161.jpg,227,42
7050,images/painting_humanart_2000000000454.jpg,578,92
7051,images/painting_humanart_1000000006362.jpg,351,51
7052,images/real_human_humanart_17000000002441.jpg,631,102
7053,images/coco_274451_crowd.jpg,391,63
7054,images/sculpture_humanart_14000000000074.jpg,722,115
7055,images/painting_humanart_6000000001574.jpg,509,85
7056,images/painting_humanart_9000000000206.jpg,518,75
7057,images/sculpture_humanart_14000000001996.jpg,484,74
7058,images/real_human_humanart_17000000000302.jpg,346,53
7059,images/painting_humanart_9000000002283.jpg,606,100
7060,images/real_human_humanart_15000000002406.jpg,770,123
7061,images/painting_humanart_2000000000586.jpg,522,83
7062,images/real_human_humanart_15000000000437.jpg,686,109
7063,images/painting_humanart_10000000000018.jpg,724,109
7064,images/danbooru_anime_11916658.jpg,422,67
7065,images/painting_humanart_9000000002266.jpg,436,63
7066,images/real_human_humanart_17000000000376.jpg,669,101
7067,images/coco_14029_461659.jpg,344,61
7068,images/painting_humanart_10000000001768.jpg,640,97
7069,images/painting_humanart_1000000001804.jpg,347,52
7070,images/real_human_humanart_15000000001698.jpg,427,70
7071,images/painting_humanart_6000000003358.jpg,407,66
7072,images/coco_163755_crowd.jpg,313,50
7073,images/danbooru_anime_11910134.jpg,649,98
7074,images/real_human_humanart_15000000000124.jpg,460,68
7075,images/painting_humanart_6000000002853.jpg,492,82
7076,images/painting_humanart_6000000002277.jpg,417,59
7077,images/sculpture_humanart_14000000000788.jpg,392,59
7078,images/real_human_humanart_15000000001868.jpg,788,122
7079,images/real_human_humanart_15000000002099.jpg,313,48
7080,images/painting_humanart_1000000005336.jpg,452,74
7081,images/coco_379784_2198424.jpg,436,73
7082,images/painting_humanart_10000000000662.jpg,253,41
7083,images/real_human_humanart_15000000000449.jpg,625,88
7084,images/real_human_humanart_17000000000711.jpg,740,113
7085,images/painting_humanart_2000000002045.jpg,481,81
7086,images/sculpture_humanart_14000000000302.jpg,532,83
7087,images/painting_humanart_9000000001769.jpg,581,88
7088,images/painting_humanart_10000000002825.jpg,432,63
7089,images/coco_402410_2151426.jpg,434,65
7090,images/coco_469634_457058.jpg,551,92
7091,images/real_human_humanart_15000000001320.jpg,722,113
7092,images/painting_humanart_1000000001614.jpg,498,79
7093,images/coco_551849_194769.jpg,252,42
7094,images/painting_humanart_9000000000576.jpg,284,47
7095,images/painting_humanart_2000000000806.jpg,576,89
7096,images/real_human_humanart_15000000000596.jpg,610,92
7097,images/painting_humanart_10000000002579.jpg,314,52
7098,images/real_human_humanart_17000000002137.jpg,674,104
7099,images/painting_humanart_1000000004597.jpg,529,90
7100,images/painting_humanart_2000000001621.jpg,550,85
7101,images/danbooru_anime_11916581.jpg,645,99
7102,images/real_human_humanart_17000000000142.jpg,697,112
7103,images/painting_humanart_10000000000336.jpg,390,61
7104,images/coco_225792_crowd.jpg,328,58
7105,images/painting_humanart_6000000000842.jpg,488,79
7106,images/painting_humanart_6000000001833.jpg,645,109
7107,images/painting_humanart_2000000001112.jpg,543,90
7108,images/sculpture_humanart_14000000001302.jpg,741,108
7109,images/painting_humanart_9000000002148.jpg,372,61
7110,images/coco_158466_479116.jpg,396,65
7111,images/sculpture_humanart_14000000000344.jpg,554,84
7112,images/sculpture_humanart_14000000001588.jpg,525,79
7113,images/coco_15032_422388.jpg,561,95
7114,images/real_human_humanart_15000000000991.jpg,680,110
7115,images/sculpture_humanart_14000000003813.jpg,433,64
7116,images/painting_humanart_6000000000411.jpg,516,81
7117,images/coco_166624_434824.jpg,297,47
7118,images/painting_humanart_6000000002587.jpg,612,105
7119,images/painting_humanart_9000000002242.jpg,509,84
7120,images/danbooru_anime_11916087.jpg,479,72
7121,images/painting_humanart_10000000000602.jpg,501,73
7122,images/danbooru_anime_11917396.jpg,624,94
7123,images/coco_143582_213182.jpg,412,64
7124,images/painting_humanart_10000000000743.jpg,541,82
7125,images/painting_humanart_9000000002477.jpg,442,73
7126,images/danbooru_anime_11920998.jpg,496,70
7127,images/real_human_humanart_17000000002152.jpg,677,106
7128,images/coco_306908_crowd.jpg,558,87
7129,images/painting_humanart_9000000001440.jpg,489,74
7130,images/painting_humanart_1000000001893.jpg,379,61
7131,images/coco_232073_crowd.jpg,287,46
7132,images/real_human_humanart_15000000001715.jpg,420,70
7133,images/sculpture_humanart_14000000004067.jpg,522,80
7134,images/sculpture_humanart_14000000003680.jpg,490,77
7135,images/coco_97502_476573.jpg,309,49
7136,images/coco_303607_crowd.jpg,344,53
7137,images/coco_106508_185226.jpg,626,92
7138,images/sculpture_humanart_14000000000031.jpg,558,88
7139,images/danbooru_anime_11909180.jpg,414,63
7140,images/real_human_humanart_17000000000573.jpg,554,81
7141,images/painting_humanart_10000000005466.jpg,338,52
7142,images/real_human_humanart_15000000001232.jpg,658,99
7143,images/painting_humanart_10000000000738.jpg,633,90
7144,images/painting_humanart_6000000000526.jpg,460,71
7145,images/coco_361964_191474.jpg,503,77
7146,images/painting_humanart_1000000000681.jpg,349,57
7147,images/painting_humanart_2000000000058.jpg,299,48
7148,images/coco_409496_469961.jpg,304,50
7149,images/painting_humanart_10000000005650.jpg,388,59
7150,images/coco_163127_2162148.jpg,234,39
7151,images/painting_humanart_1000000004666.jpg,534,78
7152,images/real_human_humanart_17000000001603.jpg,683,104
7153,images/painting_humanart_9000000001005.jpg,347,58
7154,images/sculpture_humanart_14000000003964.jpg,693,113
7155,images/coco_131661_457716.jpg,408,66
7156,images/coco_132554_crowd.jpg,356,58
7157,images/real_human_humanart_17000000002281.jpg,671,102
7158,images/real_human_humanart_17000000000728.jpg,852,134
7159,images/painting_humanart_10000000000109.jpg,369,54
7160,images/real_human_humanart_17000000002157.jpg,659,107
7161,images/sculpture_humanart_14000000001762.jpg,655,97
7162,images/real_human_humanart_15000000001399.jpg,756,114
7163,images/coco_425000_crowd.jpg,315,51
7164,images/danbooru_anime_11919885.jpg,585,95
7165,images/painting_humanart_2000000001958.jpg,324,52
7166,images/coco_108272_crowd.jpg,556,88
7167,images/coco_388654_463562.jpg,510,87
7168,images/coco_72368_486447.jpg,199,36
7169,images/painting_humanart_10000000001558.jpg,596,98
7170,images/coco_451463_crowd.jpg,534,83
7171,images/coco_36230_crowd.jpg,466,85
7172,images/painting_humanart_10000000001932.jpg,195,32
7173,images/real_human_humanart_15000000001247.jpg,644,108
7174,images/real_human_humanart_17000000001251.jpg,723,114
7175,images/painting_humanart_2000000000186.jpg,540,86
7176,images/painting_humanart_2000000000087.jpg,523,76
7177,images/coco_30534_1223012.jpg,358,60
7178,images/painting_humanart_2000000000885.jpg,495,69
7179,images/coco_171762_421113.jpg,356,53
7180,images/danbooru_anime_11918332.jpg,417,67
7181,images/danbooru_anime_11909773.jpg,379,61
7182,images/real_human_humanart_15000000001884.jpg,804,130
7183,images/painting_humanart_2000000000123.jpg,644,98
7184,images/painting_humanart_2000000002051.jpg,730,110
7185,images/danbooru_anime_11910126.jpg,518,88
7186,images/danbooru_anime_11908768.jpg,375,63
7187,images/coco_131804_212463.jpg,288,48
7188,images/real_human_humanart_17000000002117.jpg,766,121
7189,images/painting_humanart_9000000001437.jpg,493,76
7190,images/sculpture_humanart_14000000000260.jpg,673,104
7191,images/painting_humanart_9000000002188.jpg,629,92
7192,images/real_human_humanart_15000000002106.jpg,507,76
7193,images/painting_humanart_9000000000909.jpg,414,61
7194,images/real_human_humanart_17000000000350.jpg,635,100
7195,images/real_human_humanart_17000000001655.jpg,543,82
7196,images/painting_humanart_10000000001991.jpg,584,99
7197,images/painting_humanart_1000000002830.jpg,492,82
7198,images/painting_humanart_9000000000156.jpg,350,56
7199,images/coco_214468_187259.jpg,256,47
7200,images/coco_183905_1238988.jpg,404,63
7201,images/real_human_humanart_15000000001330.jpg,648,96
7202,images/coco_136285_crowd.jpg,367,65
7203,images/painting_humanart_10000000005255.jpg,480,78
7204,images/painting_humanart_6000000000854.jpg,269,47
7205,images/sculpture_humanart_14000000004017.jpg,630,98
7206,images/danbooru_anime_11917873.jpg,467,73
7207,images/danbooru_anime_11917122.jpg,352,51
7208,images/danbooru_anime_11909645.jpg,500,76
7209,images/danbooru_anime_11910418.jpg,395,63
7210,images/real_human_humanart_17000000000734.jpg,801,123
7211,images/painting_humanart_1000000008324.jpg,292,47
7212,images/danbooru_anime_11911900.jpg,569,97
7213,images/coco_560227_465861.jpg,464,78
7214,images/painting_humanart_2000000000986.jpg,286,45
7215,images/coco_552573_425406.jpg,226,35
7216,images/danbooru_anime_11920551.jpg,417,66
7217,images/real_human_humanart_17000000000825.jpg,750,111
7218,images/real_human_humanart_17000000000998.jpg,924,127
7219,images/painting_humanart_10000000004589.jpg,355,57
7220,images/painting_humanart_9000000001677.jpg,537,88
7221,images/painting_humanart_1000000000810.jpg,284,47
7222,images/sculpture_humanart_14000000001562.jpg,565,85
7223,images/danbooru_anime_11915527.jpg,342,52
7224,images/painting_humanart_10000000000888.jpg,391,60
7225,images/painting_humanart_6000000002113.jpg,676,110
7226,images/coco_361022_189486.jpg,371,63
7227,images/real_human_humanart_15000000002093.jpg,671,105
7228,images/danbooru_anime_11917084.jpg,323,51
7229,images/danbooru_anime_11906655.jpg,295,47
7230,images/danbooru_anime_11907032.jpg,329,53
7231,images/real_human_humanart_15000000002453.jpg,680,102
7232,images/painting_humanart_9000000000761.jpg,512,79
7233,images/painting_humanart_6000000001022.jpg,398,67
7234,images/coco_49688_443764.jpg,372,62
7235,images/danbooru_anime_11920554.jpg,504,88
7236,images/coco_195862_crowd.jpg,421,76
7237,images/coco_168781_189407.jpg,540,93
7238,images/painting_humanart_9000000000404.jpg,451,80
7239,images/painting_humanart_2000000002727.jpg,466,71
7240,images/real_human_humanart_17000000001534.jpg,531,86
7241,images/real_human_humanart_17000000001621.jpg,653,99
7242,images/danbooru_anime_11916831.jpg,542,88
7243,images/painting_humanart_10000000000840.jpg,273,43
7244,images/coco_536720_crowd.jpg,283,45
7245,images/coco_180283_458955.jpg,375,55
7246,images/painting_humanart_9000000002259.jpg,505,85
7247,images/danbooru_anime_11906101.jpg,499,76
7248,images/real_human_humanart_17000000000488.jpg,908,138
7249,images/real_human_humanart_17000000000922.jpg,619,98
7250,images/painting_humanart_10000000000100.jpg,405,64
7251,images/coco_185156_207003.jpg,353,59
7252,images/danbooru_anime_11901284.jpg,568,88
7253,images/coco_46975_190504.jpg,353,60
7254,images/painting_humanart_9000000000072.jpg,297,45
7255,images/painting_humanart_9000000002572.jpg,327,52
7256,images/coco_474465_crowd.jpg,426,69
7257,images/coco_54277_450589.jpg,602,99
7258,images/coco_480416_crowd.jpg,471,78
7259,images/painting_humanart_9000000001084.jpg,370,60
7260,images/coco_278435_crowd.jpg,499,82
7261,images/danbooru_anime_11908094.jpg,462,76
7262,images/painting_humanart_10000000006005.jpg,399,63
7263,images/real_human_humanart_15000000002239.jpg,547,84
7264,images/painting_humanart_6000000000327.jpg,344,51
7265,images/coco_335814_crowd.jpg,638,107
7266,images/coco_185305_465817.jpg,342,57
7267,images/painting_humanart_2000000002964.jpg,541,92
7268,images/danbooru_anime_11917155.jpg,275,45
7269,images/painting_humanart_10000000000952.jpg,297,50
7270,images/painting_humanart_2000000002667.jpg,674,111
7271,images/painting_humanart_10000000000803.jpg,557,82
7272,images/coco_146448_crowd.jpg,466,74
7273,images/real_human_humanart_17000000000793.jpg,714,111
7274,images/painting_humanart_9000000000852.jpg,649,107
7275,images/painting_humanart_6000000000675.jpg,316,53
7276,images/danbooru_anime_11910447.jpg,752,123
7277,images/real_human_humanart_15000000002403.jpg,758,121
7278,images/real_human_humanart_15000000001212.jpg,784,119
7279,images/coco_196280_423860.jpg,507,76
7280,images/painting_humanart_1000000001881.jpg,474,74
7281,images/real_human_humanart_15000000000179.jpg,721,115
7282,images/danbooru_anime_11913545.jpg,372,58
7283,images/danbooru_anime_11913962.jpg,581,85
7284,images/painting_humanart_10000000002799.jpg,314,49
7285,images/painting_humanart_10000000000492.jpg,453,71
7286,images/coco_366031_190986.jpg,461,78
7287,images/real_human_humanart_15000000000489.jpg,617,100
7288,images/sculpture_humanart_14000000003868.jpg,477,69
7289,images/painting_humanart_9000000000383.jpg,331,53
7290,images/sculpture_humanart_14000000004083.jpg,724,112
7291,images/painting_humanart_2000000000647.jpg,653,99
7292,images/sculpture_humanart_14000000001638.jpg,485,72
7293,images/real_human_humanart_15000000002398.jpg,691,107
7294,images/painting_humanart_2000000003033.jpg,622,92
7295,images/real_human_humanart_17000000001770.jpg,506,81
7296,images/danbooru_anime_11910363.jpg,533,85
7297,images/coco_114239_192618.jpg,311,53
7298,images/sculpture_humanart_14000000003685.jpg,577,92
7299,images/danbooru_anime_11921067.jpg,611,97
7300,images/danbooru_anime_11917001.jpg,521,78
7301,images/coco_161112_184642.jpg,380,61
7302,images/sculpture_humanart_14000000000505.jpg,614,93
7303,images/coco_64016_crowd.jpg,326,57
7304,images/danbooru_anime_11908943.jpg,266,46
7305,images/sculpture_humanart_14000000000506.jpg,811,118
7306,images/coco_524844_421042.jpg,371,57
7307,images/real_human_humanart_15000000002346.jpg,766,127
7308,images/sculpture_humanart_14000000001367.jpg,454,68
7309,images/coco_93089_1715810.jpg,702,104
7310,images/real_human_humanart_17000000000492.jpg,606,95
7311,images/real_human_humanart_15000000001160.jpg,551,84
7312,images/real_human_humanart_17000000001452.jpg,304,44
7313,images/coco_526837_430536.jpg,265,43
7314,images/painting_humanart_2000000001473.jpg,634,102
7315,images/coco_479829_219386.jpg,708,116
7316,images/painting_humanart_2000000002298.jpg,603,97
7317,images/painting_humanart_10000000000026.jpg,416,65
7318,images/real_human_humanart_15000000000881.jpg,580,86
7319,images/real_human_humanart_15000000001269.jpg,565,84
7320,images/painting_humanart_2000000003008.jpg,524,75
7321,images/danbooru_anime_11909676.jpg,467,78
7322,images/painting_humanart_10000000003026.jpg,506,80
7323,images/painting_humanart_10000000003894.jpg,314,48
7324,images/painting_humanart_1000000004785.jpg,334,53
7325,images/painting_humanart_10000000004748.jpg,672,106
7326,images/painting_humanart_10000000006119.jpg,370,59
7327,images/coco_24931_1717384.jpg,406,65
7328,images/coco_270215_1712758.jpg,612,98
7329,images/painting_humanart_10000000002845.jpg,506,83
7330,images/coco_558611_471794.jpg,398,66
7331,images/real_human_humanart_15000000001606.jpg,612,94
7332,images/painting_humanart_2000000000651.jpg,599,98
7333,images/coco_273579_422485.jpg,209,34
7334,images/painting_humanart_10000000000991.jpg,229,31
7335,images/real_human_humanart_15000000002156.jpg,749,118
7336,images/danbooru_anime_11907950.jpg,345,57
7337,images/coco_226197_472494.jpg,499,79
7338,images/painting_humanart_1000000002350.jpg,363,63
7339,images/coco_236432_525476.jpg,374,62
7340,images/coco_212545_2155594.jpg,499,86
7341,images/painting_humanart_9000000001057.jpg,265,41
7342,images/painting_humanart_6000000000274.jpg,556,80
7343,images/danbooru_anime_11901868.jpg,666,104
7344,images/painting_humanart_2000000001690.jpg,869,130
7345,images/painting_humanart_9000000001903.jpg,519,81
7346,images/real_human_humanart_17000000000160.jpg,755,115
7347,images/painting_humanart_1000000002887.jpg,457,66
7348,images/painting_humanart_10000000001419.jpg,539,87
7349,images/danbooru_anime_11917737.jpg,464,77
7350,images/painting_humanart_2000000000456.jpg,877,142
7351,images/sculpture_humanart_14000000000497.jpg,723,113
7352,images/painting_humanart_1000000001403.jpg,391,62
7353,images/sculpture_humanart_14000000000852.jpg,481,72
7354,images/coco_84130_459595.jpg,447,75
7355,images/painting_humanart_9000000000054.jpg,311,50
7356,images/real_human_humanart_15000000001747.jpg,651,101
7357,images/coco_536831_435544.jpg,406,66
7358,images/painting_humanart_9000000001583.jpg,282,47
7359,images/painting_humanart_6000000002700.jpg,487,73
7360,images/real_human_humanart_17000000002234.jpg,620,98
7361,images/coco_346972_507855.jpg,399,64
7362,images/painting_humanart_9000000000131.jpg,482,70
7363,images/coco_358058_421527.jpg,526,95
7364,images/danbooru_anime_11913120.jpg,395,63
7365,images/painting_humanart_6000000000335.jpg,492,76
7366,images/painting_humanart_2000000002922.jpg,354,56
7367,images/painting_humanart_1000000001785.jpg,465,73
7368,images/painting_humanart_2000000001125.jpg,680,114
7369,images/painting_humanart_10000000000802.jpg,362,54
7370,images/coco_286813_184042.jpg,502,88
7371,images/coco_157862_446307.jpg,382,60
7372,images/painting_humanart_1000000008213.jpg,255,40
7373,images/danbooru_anime_11918706.jpg,557,87
7374,images/painting_humanart_6000000001204.jpg,274,48
7375,images/real_human_humanart_15000000001209.jpg,494,75
7376,images/coco_110769_430102.jpg,398,65
7377,images/painting_humanart_9000000001037.jpg,617,102
7378,images/sculpture_humanart_14000000001176.jpg,597,85
7379,images/danbooru_anime_11919299.jpg,608,98
7380,images/coco_160351_453630.jpg,428,64
7381,images/painting_humanart_9000000002526.jpg,380,59
7382,images/painting_humanart_10000000000440.jpg,358,53
7383,images/painting_humanart_2000000000308.jpg,526,78
7384,images/danbooru_anime_11920389.jpg,592,92
7385,images/danbooru_anime_11915605.jpg,405,71
7386,images/real_human_humanart_15000000002208.jpg,619,99
7387,images/coco_268725_193805.jpg,534,83
7388,images/coco_314757_crowd.jpg,522,84
7389,images/coco_428248_486401.jpg,396,63
7390,images/real_human_humanart_17000000001356.jpg,392,55
7391,images/coco_77954_crowd.jpg,425,69
7392,images/coco_93034_crowd.jpg,368,63
7393,images/painting_humanart_2000000002103.jpg,375,54
7394,images/danbooru_anime_11913458.jpg,678,108
7395,images/real_human_humanart_15000000000672.jpg,807,137
7396,images/painting_humanart_10000000000173.jpg,603,88
7397,images/painting_humanart_9000000002290.jpg,479,74
7398,images/painting_humanart_2000000002992.jpg,530,87
7399,images/real_human_humanart_15000000002220.jpg,768,127
7400,images/danbooru_anime_11917684.jpg,642,107
7401,images/danbooru_anime_11918769.jpg,406,68
7402,images/sculpture_humanart_14000000003936.jpg,711,108
7403,images/painting_humanart_2000000001193.jpg,357,55
7404,images/painting_humanart_9000000001431.jpg,455,68
7405,images/painting_humanart_6000000003513.jpg,614,105
7406,images/real_human_humanart_15000000000363.jpg,659,97
7407,images/coco_10698_488022.jpg,351,55
7408,images/coco_212558_crowd.jpg,562,88
7409,images/sculpture_humanart_14000000003735.jpg,627,95
7410,images/coco_292648_crowd.jpg,273,46
7411,images/coco_521692_486794.jpg,533,89
7412,images/danbooru_anime_11918814.jpg,247,35
7413,images/coco_253964_crowd.jpg,540,80
7414,images/coco_256035_2204841.jpg,406,66
7415,images/real_human_humanart_17000000001662.jpg,672,98
7416,images/coco_335041_456533.jpg,453,70
7417,images/coco_477042_crowd.jpg,742,123
7418,images/painting_humanart_2000000003064.jpg,393,62
7419,images/danbooru_anime_11920273.jpg,535,83
7420,images/sculpture_humanart_14000000001040.jpg,538,83
7421,images/painting_humanart_2000000000567.jpg,482,80
7422,images/real_human_humanart_17000000001211.jpg,621,97
7423,images/coco_434662_421261.jpg,340,52
7424,images/danbooru_anime_11917688.jpg,359,56
7425,images/painting_humanart_9000000002716.jpg,558,84
7426,images/real_human_humanart_15000000002269.jpg,721,114
7427,images/coco_89293_423977.jpg,451,73
7428,images/painting_humanart_9000000002088.jpg,222,38
7429,images/sculpture_humanart_14000000001362.jpg,633,96
7430,images/painting_humanart_2000000002548.jpg,604,93
7431,images/sculpture_humanart_14000000001934.jpg,482,75
7432,images/real_human_humanart_15000000002487.jpg,761,113
7433,images/painting_humanart_6000000002672.jpg,347,56
7434,images/painting_humanart_1000000002191.jpg,599,91
7435,images/real_human_humanart_17000000002484.jpg,840,134
7436,images/painting_humanart_1000000000347.jpg,347,64
7437,images/coco_186026_497477.jpg,318,55
7438,images/painting_humanart_6000000000053.jpg,383,65
7439,images/real_human_humanart_17000000002022.jpg,873,128
7440,images/coco_22671_216247.jpg,343,58
7441,images/painting_humanart_2000000000840.jpg,437,71
7442,images/coco_357782_crowd.jpg,624,93
7443,images/painting_humanart_2000000000478.jpg,620,90
7444,images/painting_humanart_10000000006247.jpg,446,70
7445,images/coco_554459_crowd.jpg,465,82
7446,images/sculpture_humanart_14000000003262.jpg,492,73
7447,images/painting_humanart_1000000008498.jpg,354,55
7448,images/danbooru_anime_11916772.jpg,367,57
7449,images/painting_humanart_6000000000987.jpg,428,69
7450,images/coco_76161_423784.jpg,457,71
7451,images/real_human_humanart_17000000001856.jpg,700,107
7452,images/coco_473002_crowd.jpg,563,93
7453,images/real_human_humanart_17000000001990.jpg,396,60
7454,images/painting_humanart_6000000001195.jpg,515,85
7455,images/coco_190313_crowd.jpg,418,64
7456,images/real_human_humanart_17000000001584.jpg,762,122
7457,images/real_human_humanart_17000000002491.jpg,622,94
7458,images/coco_439188_crowd.jpg,570,97
7459,images/coco_332916_455687.jpg,399,71
7460,images/coco_569452_crowd.jpg,236,39
7461,images/coco_306394_423031.jpg,389,58
7462,images/painting_humanart_10000000004446.jpg,355,60
7463,images/painting_humanart_9000000001963.jpg,462,79
7464,images/real_human_humanart_17000000002037.jpg,734,113
7465,images/painting_humanart_9000000000893.jpg,524,83
7466,images/coco_294011_441994.jpg,417,70
7467,images/painting_humanart_2000000001937.jpg,604,89
7468,images/coco_352007_crowd.jpg,354,63
7469,images/danbooru_anime_11919631.jpg,361,53
7470,images/painting_humanart_10000000002173.jpg,419,63
7471,images/real_human_humanart_15000000001343.jpg,771,121
7472,images/painting_humanart_1000000000824.jpg,440,69
7473,images/painting_humanart_2000000000421.jpg,554,84
7474,images/painting_humanart_6000000003590.jpg,418,71
7475,images/painting_humanart_2000000001450.jpg,555,83
7476,images/painting_humanart_9000000000358.jpg,290,44
7477,images/real_human_humanart_15000000002411.jpg,509,84
7478,images/real_human_humanart_15000000000807.jpg,440,71
7479,images/sculpture_humanart_14000000004454.jpg,394,62
7480,images/danbooru_anime_11917504.jpg,272,47
7481,images/real_human_humanart_17000000000965.jpg,860,132
7482,images/coco_461715_190424.jpg,446,71
7483,images/sculpture_humanart_14000000002112.jpg,589,86
7484,images/danbooru_anime_11919501.jpg,437,69
7485,images/painting_humanart_10000000000729.jpg,305,44
7486,images/real_human_humanart_17000000002058.jpg,498,71
7487,images/sculpture_humanart_14000000000384.jpg,437,71
7488,images/painting_humanart_6000000001445.jpg,575,94
7489,images/painting_humanart_10000000006007.jpg,408,59
7490,images/painting_humanart_10000000001355.jpg,464,67
7491,images/real_human_humanart_17000000002293.jpg,608,94
7492,images/painting_humanart_10000000000981.jpg,389,64
7493,images/painting_humanart_9000000001587.jpg,811,132
7494,images/real_human_humanart_15000000001164.jpg,560,90
7495,images/painting_humanart_6000000001034.jpg,541,95
7496,images/real_human_humanart_17000000000233.jpg,684,109
7497,images/painting_humanart_1000000001600.jpg,606,98
7498,images/coco_240102_crowd.jpg,334,57
7499,images/danbooru_anime_11919549.jpg,335,53
7500,images/danbooru_anime_11912142.jpg,457,75
7501,images/coco_86848_518761.jpg,473,81
7502,images/real_human_humanart_15000000000321.jpg,774,120
7503,images/real_human_humanart_17000000000499.jpg,261,41
7504,images/painting_humanart_9000000001434.jpg,611,93
7505,images/painting_humanart_2000000002396.jpg,436,69
7506,images/painting_humanart_10000000000001.jpg,507,74
7507,images/real_human_humanart_15000000000900.jpg,236,37
7508,images/danbooru_anime_11919741.jpg,477,74
7509,images/painting_humanart_9000000000937.jpg,428,71
7510,images/coco_129864_476006.jpg,263,44
7511,images/painting_humanart_10000000000088.jpg,406,65
7512,images/danbooru_anime_11921274.jpg,922,149
7513,images/danbooru_anime_11919242.jpg,406,64
7514,images/sculpture_humanart_14000000000984.jpg,725,112
7515,images/coco_62297_462059.jpg,368,59
7516,images/real_human_humanart_17000000000098.jpg,653,98
7517,images/real_human_humanart_17000000001466.jpg,689,110
7518,images/painting_humanart_10000000006090.jpg,549,90
7519,images/real_human_humanart_15000000001187.jpg,663,105
7520,images/painting_humanart_2000000000658.jpg,487,75
7521,images/danbooru_anime_11918244.jpg,539,84
7522,images/coco_41574_1707711.jpg,259,43
7523,images/danbooru_anime_11906575.jpg,730,117
7524,images/painting_humanart_10000000000291.jpg,577,79
7525,images/painting_humanart_9000000000248.jpg,247,39
7526,images/real_human_humanart_15000000000983.jpg,639,98
7527,images/painting_humanart_9000000000153.jpg,336,51
7528,images/painting_humanart_2000000001370.jpg,508,79
7529,images/sculpture_humanart_14000000000402.jpg,764,116
7530,images/coco_274216_220132.jpg,336,55
7531,images/real_human_humanart_15000000001278.jpg,702,109
7532,images/real_human_humanart_15000000002154.jpg,533,90
7533,images/danbooru_anime_11914252.jpg,410,68
7534,images/coco_269058_crowd.jpg,328,59
7535,images/painting_humanart_1000000004761.jpg,479,78
7536,images/painting_humanart_9000000000896.jpg,385,67
7537,images/real_human_humanart_15000000001486.jpg,574,94
7538,images/danbooru_anime_11910532.jpg,629,102
7539,images/coco_31442_453950.jpg,299,47
7540,images/danbooru_anime_11919287.jpg,477,74
7541,images/real_human_humanart_15000000002368.jpg,628,93
7542,images/real_human_humanart_15000000000858.jpg,745,122
7543,images/painting_humanart_9000000002637.jpg,482,79
7544,images/coco_170173_crowd.jpg,622,100
7545,images/coco_414852_crowd.jpg,255,45
7546,images/coco_99067_491167.jpg,361,61
7547,images/danbooru_anime_11916395.jpg,328,52
7548,images/real_human_humanart_15000000002321.jpg,669,106
7549,images/sculpture_humanart_14000000003821.jpg,744,118
7550,images/painting_humanart_10000000000631.jpg,496,75
7551,images/real_human_humanart_15000000000347.jpg,861,133
7552,images/real_human_humanart_15000000000484.jpg,560,86
7553,images/sculpture_humanart_14000000000288.jpg,607,100
7554,images/painting_humanart_10000000002444.jpg,226,34
7555,images/painting_humanart_9000000001401.jpg,659,103
7556,images/painting_humanart_6000000000365.jpg,415,71
7557,images/real_human_humanart_15000000002211.jpg,677,106
7558,images/coco_243780_crowd.jpg,456,73
7559,images/sculpture_humanart_14000000004302.jpg,601,92
7560,images/coco_213280_crowd.jpg,273,43
7561,images/real_human_humanart_15000000002224.jpg,632,101
7562,images/real_human_humanart_15000000000008.jpg,755,119
7563,images/coco_92658_crowd.jpg,565,93
7564,images/sculpture_humanart_14000000001610.jpg,611,91
7565,images/painting_humanart_1000000005564.jpg,305,49
7566,images/painting_humanart_2000000001982.jpg,493,78
7567,images/painting_humanart_10000000001103.jpg,371,56
7568,images/painting_humanart_6000000001838.jpg,525,82
7569,images/painting_humanart_2000000002657.jpg,321,52
7570,images/real_human_humanart_15000000001452.jpg,732,107
7571,images/real_human_humanart_15000000001366.jpg,651,97
7572,images/painting_humanart_9000000001274.jpg,557,79
7573,images/coco_24106_427517.jpg,359,58
7574,images/painting_humanart_1000000000372.jpg,569,85
7575,images/real_human_humanart_15000000001489.jpg,479,74
7576,images/sculpture_humanart_14000000000278.jpg,353,55
7577,images/coco_50177_1716698.jpg,277,46
7578,images/painting_humanart_6000000003143.jpg,556,94
7579,images/painting_humanart_1000000001920.jpg,422,65
7580,images/coco_288408_508315.jpg,402,69
7581,images/coco_213978_452703.jpg,618,101
7582,images/painting_humanart_2000000002682.jpg,522,81
7583,images/coco_103462_1723204.jpg,459,74
7584,images/coco_422689_434341.jpg,493,76
7585,images/painting_humanart_6000000000799.jpg,473,68
7586,images/coco_562632_crowd.jpg,454,74
7587,images/real_human_humanart_15000000001496.jpg,373,53
7588,images/danbooru_anime_11920717.jpg,771,121
7589,images/danbooru_anime_11901768.jpg,583,94
7590,images/real_human_humanart_15000000002182.jpg,805,119
7591,images/real_human_humanart_15000000002428.jpg,468,71
7592,images/painting_humanart_2000000000510.jpg,683,108
7593,images/coco_178587_476528.jpg,481,78
7594,images/painting_humanart_1000000001548.jpg,416,61
7595,images/coco_505163_crowd.jpg,493,80
7596,images/real_human_humanart_17000000002060.jpg,668,98
7597,images/coco_535889_462683.jpg,350,55
7598,images/coco_192362_525904.jpg,345,54
7599,images/danbooru_anime_11917473.jpg,496,77
7600,images/painting_humanart_10000000000451.jpg,234,32
7601,images/coco_150317_438392.jpg,393,65
7602,images/coco_204943_crowd.jpg,601,92
7603,images/painting_humanart_9000000001185.jpg,283,46
7604,images/painting_humanart_9000000001745.jpg,661,107
7605,images/danbooru_anime_11920811.jpg,361,55
7606,images/sculpture_humanart_14000000001417.jpg,872,131
7607,images/coco_146240_crowd.jpg,666,104
7608,images/coco_89814_crowd.jpg,399,71
7609,images/real_human_humanart_17000000000304.jpg,600,103
7610,images/real_human_humanart_15000000001842.jpg,276,46
7611,images/coco_339058_crowd.jpg,556,92
7612,images/coco_123964_crowd.jpg,395,60
7613,images/danbooru_anime_11919729.jpg,580,86
7614,images/coco_278966_443209.jpg,437,67
7615,images/coco_103227_486387.jpg,366,57
7616,images/danbooru_anime_11921346.jpg,574,86
7617,images/painting_humanart_2000000001308.jpg,510,80
7618,images/real_human_humanart_15000000001312.jpg,617,98
7619,images/coco_388398_crowd.jpg,475,77
7620,images/coco_49648_489377.jpg,311,56
7621,images/painting_humanart_10000000006448.jpg,427,65
7622,images/danbooru_anime_11917146.jpg,719,119
7623,images/real_human_humanart_15000000001684.jpg,881,130
7624,images/painting_humanart_1000000003514.jpg,419,69
7625,images/painting_humanart_10000000005302.jpg,294,47
7626,images/painting_humanart_10000000005253.jpg,361,58
7627,images/painting_humanart_6000000003162.jpg,658,102
7628,images/danbooru_anime_11900411.jpg,356,54
7629,images/painting_humanart_6000000001819.jpg,556,87
7630,images/painting_humanart_6000000000382.jpg,389,63
7631,images/coco_322922_crowd.jpg,366,67
7632,images/real_human_humanart_17000000000381.jpg,700,104
7633,images/painting_humanart_6000000003479.jpg,603,97
7634,images/painting_humanart_1000000000758.jpg,521,75
7635,images/danbooru_anime_11919600.jpg,374,60
7636,images/painting_humanart_10000000002326.jpg,238,38
7637,images/danbooru_anime_11920034.jpg,429,63
7638,images/painting_humanart_9000000001540.jpg,467,69
7639,images/coco_35966_crowd.jpg,376,61
7640,images/sculpture_humanart_14000000001392.jpg,620,91
7641,images/danbooru_anime_11905683.jpg,512,79
7642,images/real_human_humanart_15000000002271.jpg,530,83
7643,images/painting_humanart_1000000006582.jpg,368,60
7644,images/danbooru_anime_11920229.jpg,751,124
7645,images/coco_169331_crowd.jpg,385,66
7646,images/coco_334077_207951.jpg,296,48
7647,images/painting_humanart_10000000000914.jpg,395,56
7648,images/painting_humanart_6000000002491.jpg,651,104
7649,images/danbooru_anime_11903038.jpg,383,59
7650,images/danbooru_anime_11920674.jpg,319,49
7651,images/painting_humanart_2000000001471.jpg,620,96
7652,images/real_human_humanart_15000000001264.jpg,563,86
7653,images/coco_26560_2161313.jpg,334,53
7654,images/painting_humanart_2000000001885.jpg,696,102
7655,images/real_human_humanart_17000000001183.jpg,645,98
7656,images/danbooru_anime_11920423.jpg,367,57
7657,images/danbooru_anime_11921095.jpg,356,55
7658,images/coco_439179_449827.jpg,282,48
7659,images/painting_humanart_1000000008288.jpg,383,65
7660,images/real_human_humanart_15000000000649.jpg,555,88
7661,images/painting_humanart_10000000000385.jpg,530,80
7662,images/danbooru_anime_11919861.jpg,654,102
7663,images/danbooru_anime_11918444.jpg,325,55
7664,images/danbooru_anime_11917539.jpg,360,52
7665,images/coco_535536_481310.jpg,226,37
7666,images/danbooru_anime_11919653.jpg,583,89
7667,images/sculpture_humanart_14000000003788.jpg,712,108
7668,images/coco_500944_449581.jpg,208,36
7669,images/painting_humanart_9000000000433.jpg,406,61
7670,images/coco_572296_189836.jpg,413,67
7671,images/painting_humanart_6000000002354.jpg,443,75
7672,images/danbooru_anime_11921069.jpg,365,57
7673,images/coco_263613_191285.jpg,462,72
7674,images/painting_humanart_2000000000872.jpg,486,81
7675,images/coco_365663_crowd.jpg,368,57
7676,images/real_human_humanart_15000000000907.jpg,739,115
7677,images/painting_humanart_6000000000143.jpg,411,60
7678,images/coco_52624_191781.jpg,375,63
7679,images/coco_124620_496265.jpg,645,99
7680,images/painting_humanart_9000000000274.jpg,365,57
7681,images/coco_290221_1205788.jpg,489,79
7682,images/real_human_humanart_15000000002469.jpg,513,78
7683,images/painting_humanart_9000000001136.jpg,336,55
7684,images/real_human_humanart_15000000000914.jpg,590,89
7685,images/painting_humanart_6000000002839.jpg,391,72
7686,images/painting_humanart_1000000003249.jpg,422,66
7687,images/painting_humanart_10000000000378.jpg,233,40
7688,images/painting_humanart_10000000000903.jpg,494,76
7689,images/sculpture_humanart_14000000001511.jpg,660,104
7690,images/sculpture_humanart_14000000001956.jpg,319,45
7691,images/painting_humanart_2000000002123.jpg,376,59
7692,images/coco_455675_crowd.jpg,313,55
7693,images/real_human_humanart_15000000001115.jpg,469,72
7694,images/painting_humanart_2000000000485.jpg,695,113
7695,images/sculpture_humanart_14000000000435.jpg,347,53
7696,images/danbooru_anime_11919830.jpg,573,87
7697,images/painting_humanart_2000000000345.jpg,540,90
7698,images/painting_humanart_2000000000361.jpg,438,66
7699,images/coco_527054_424236.jpg,527,92
7700,images/danbooru_anime_11910387.jpg,423,66
7701,images/danbooru_anime_11921325.jpg,333,52
7702,images/real_human_humanart_15000000000730.jpg,733,122
7703,images/sculpture_humanart_14000000003707.jpg,548,83
7704,images/painting_humanart_10000000000467.jpg,551,85
7705,images/painting_humanart_2000000001983.jpg,386,64
7706,images/painting_humanart_6000000000503.jpg,695,114
7707,images/real_human_humanart_15000000000763.jpg,652,107
7708,images/painting_humanart_1000000007425.jpg,779,125
7709,images/painting_humanart_9000000000269.jpg,317,43
7710,images/danbooru_anime_11917317.jpg,556,91
7711,images/sculpture_humanart_14000000004562.jpg,670,101
7712,images/painting_humanart_1000000008417.jpg,334,47
7713,images/painting_humanart_1000000005646.jpg,429,68
7714,images/painting_humanart_6000000003595.jpg,441,67
7715,images/sculpture_humanart_14000000004185.jpg,517,75
7716,images/painting_humanart_2000000002755.jpg,521,82
7717,images/sculpture_humanart_14000000004397.jpg,573,83
7718,images/painting_humanart_9000000001231.jpg,364,56
7719,images/painting_humanart_9000000002344.jpg,529,90
7720,images/painting_humanart_2000000001019.jpg,578,95
7721,images/painting_humanart_10000000000699.jpg,334,48
7722,images/real_human_humanart_15000000001204.jpg,724,115
7723,images/real_human_humanart_17000000000885.jpg,827,129
7724,images/painting_humanart_2000000000543.jpg,665,108
7725,images/real_human_humanart_15000000001154.jpg,565,89
7726,images/danbooru_anime_11902308.jpg,343,52
7727,images/sculpture_humanart_14000000001724.jpg,683,101
7728,images/painting_humanart_2000000001411.jpg,415,65
7729,images/coco_278359_195296.jpg,497,79
7730,images/coco_477853_2161764.jpg,474,77
7731,images/real_human_humanart_15000000000869.jpg,589,91
7732,images/danbooru_anime_11913553.jpg,533,87
7733,images/painting_humanart_10000000000074.jpg,502,77
7734,images/sculpture_humanart_14000000001898.jpg,536,81
7735,images/coco_456127_2011171.jpg,377,60
7736,images/painting_humanart_9000000001636.jpg,705,110
7737,images/painting_humanart_9000000000254.jpg,477,70
7738,images/real_human_humanart_17000000001168.jpg,698,100
7739,images/coco_153520_crowd.jpg,247,42
7740,images/coco_405736_453073.jpg,298,49
7741,images/painting_humanart_2000000001563.jpg,587,93
7742,images/coco_159377_crowd.jpg,406,67
7743,images/danbooru_anime_11903031.jpg,436,68
7744,images/real_human_humanart_15000000001599.jpg,752,118
7745,images/real_human_humanart_15000000002213.jpg,567,84
7746,images/painting_humanart_1000000003028.jpg,367,60
7747,images/danbooru_anime_11903534.jpg,508,86
7748,images/real_human_humanart_17000000000533.jpg,977,153
7749,images/painting_humanart_10000000000319.jpg,592,82
7750,images/painting_humanart_10000000001023.jpg,537,82
7751,images/coco_292590_425544.jpg,313,51
7752,images/coco_464087_crowd.jpg,634,103
7753,images/danbooru_anime_11917397.jpg,469,79
7754,images/painting_humanart_9000000002201.jpg,681,103
7755,images/real_human_humanart_17000000000042.jpg,714,111
7756,images/painting_humanart_10000000003321.jpg,394,60
7757,images/coco_177338_crowd.jpg,312,48
7758,images/coco_378561_212700.jpg,390,62
7759,images/painting_humanart_6000000002059.jpg,540,84
7760,images/painting_humanart_9000000001340.jpg,620,101
7761,images/real_human_humanart_17000000001583.jpg,636,101
7762,images/sculpture_humanart_14000000002108.jpg,523,78
7763,images/real_human_humanart_15000000001222.jpg,658,96
7764,images/painting_humanart_6000000001741.jpg,382,61
7765,images/painting_humanart_9000000000122.jpg,492,69
7766,images/danbooru_anime_11920078.jpg,456,73
7767,images/sculpture_humanart_14000000001304.jpg,824,125
7768,images/painting_humanart_1000000006399.jpg,204,31
7769,images/coco_289323_crowd.jpg,470,72
7770,images/real_human_humanart_15000000000754.jpg,661,102
7771,images/real_human_humanart_17000000002383.jpg,537,85
7772,images/painting_humanart_2000000001911.jpg,626,93
7773,images/real_human_humanart_15000000000604.jpg,599,88
7774,images/sculpture_humanart_14000000001675.jpg,540,78
7775,images/painting_humanart_9000000000889.jpg,476,77
7776,images/painting_humanart_2000000000574.jpg,638,91
7777,images/coco_216228_crowd.jpg,500,85
7778,images/painting_humanart_2000000002386.jpg,515,79
7779,images/real_human_humanart_17000000001308.jpg,706,109
7780,images/coco_448759_436899.jpg,333,55
7781,images/coco_250939_193997.jpg,399,63
7782,images/real_human_humanart_17000000001468.jpg,688,114
7783,images/sculpture_humanart_14000000003724.jpg,683,108
7784,images/painting_humanart_2000000000423.jpg,339,54
7785,images/painting_humanart_10000000000334.jpg,505,82
7786,images/painting_humanart_2000000001482.jpg,376,55
7787,images/sculpture_humanart_14000000001027.jpg,441,69
7788,images/painting_humanart_10000000000422.jpg,286,44
7789,images/painting_humanart_10000000000792.jpg,409,67
7790,images/painting_humanart_6000000001478.jpg,401,71
7791,images/real_human_humanart_17000000001912.jpg,608,102
7792,images/painting_humanart_9000000002757.jpg,637,92
7793,images/painting_humanart_2000000000603.jpg,551,87
7794,images/danbooru_anime_11913404.jpg,368,57
7795,images/sculpture_humanart_14000000004088.jpg,554,89
7796,images/painting_humanart_1000000003165.jpg,433,75
7797,images/sculpture_humanart_14000000002089.jpg,699,102
7798,images/danbooru_anime_11919175.jpg,686,109
7799,images/painting_humanart_10000000003176.jpg,349,55
7800,images/real_human_humanart_17000000002082.jpg,634,90
7801,images/danbooru_anime_11914793.jpg,601,102
7802,images/sculpture_humanart_14000000004408.jpg,803,126
7803,images/painting_humanart_6000000000094.jpg,484,83
7804,images/sculpture_humanart_14000000001237.jpg,785,125
7805,images/coco_207548_crowd.jpg,381,62
7806,images/sculpture_humanart_14000000001419.jpg,557,81
7807,images/danbooru_anime_11916979.jpg,529,82
7808,images/danbooru_anime_11919633.jpg,541,85
7809,images/painting_humanart_2000000000146.jpg,560,83
7810,images/coco_111944_471889.jpg,535,83
7811,images/painting_humanart_10000000000947.jpg,290,48
7812,images/painting_humanart_1000000001720.jpg,500,75
7813,images/coco_534421_crowd.jpg,239,45
7814,images/painting_humanart_6000000002355.jpg,559,86
7815,images/coco_192932_2153320.jpg,361,56
7816,images/real_human_humanart_17000000001250.jpg,505,75
7817,images/danbooru_anime_11903968.jpg,475,81
7818,images/coco_246629_crowd.jpg,407,68
7819,images/painting_humanart_1000000000269.jpg,720,113
7820,images/danbooru_anime_11918792.jpg,368,55
7821,images/sculpture_humanart_14000000001994.jpg,435,59
7822,images/danbooru_anime_11909767.jpg,427,67
7823,images/painting_humanart_10000000003112.jpg,533,87
7824,images/sculpture_humanart_14000000001757.jpg,662,98
7825,images/real_human_humanart_17000000000323.jpg,641,94
7826,images/real_human_humanart_15000000000263.jpg,507,82
7827,images/danbooru_anime_11919829.jpg,485,75
7828,images/painting_humanart_10000000002768.jpg,376,60
7829,images/danbooru_anime_11911851.jpg,404,64
7830,images/painting_humanart_1000000001949.jpg,352,52
7831,images/danbooru_anime_11905413.jpg,541,81
7832,images/danbooru_anime_11915740.jpg,392,64
7833,images/real_human_humanart_17000000001265.jpg,683,108
7834,images/painting_humanart_6000000003627.jpg,315,50
7835,images/real_human_humanart_15000000000482.jpg,642,99
7836,images/coco_91949_crowd.jpg,433,75
7837,images/painting_humanart_6000000001302.jpg,600,92
7838,images/painting_humanart_9000000000979.jpg,496,80
7839,images/sculpture_humanart_14000000003817.jpg,652,100
7840,images/painting_humanart_1000000001667.jpg,290,53
7841,images/painting_humanart_2000000000408.jpg,621,97
7842,images/coco_111644_470789.jpg,230,38
7843,images/coco_273470_514247.jpg,599,90
7844,images/painting_humanart_6000000003536.jpg,374,62
7845,images/coco_522194_216204.jpg,456,78
7846,images/painting_humanart_10000000000300.jpg,598,86
7847,images/real_human_humanart_15000000002289.jpg,731,108
7848,images/painting_humanart_9000000000608.jpg,311,50
7849,images/coco_68743_427754.jpg,350,58
7850,images/real_human_humanart_15000000001997.jpg,849,135
7851,images/real_human_humanart_17000000001234.jpg,735,116
7852,images/painting_humanart_10000000005675.jpg,550,89
7853,images/danbooru_anime_11919913.jpg,466,70
7854,images/painting_humanart_10000000000716.jpg,364,51
7855,images/painting_humanart_9000000001545.jpg,623,105
7856,images/coco_418535_crowd.jpg,281,46
7857,images/painting_humanart_10000000000273.jpg,594,94
7858,images/real_human_humanart_17000000000406.jpg,602,95
7859,images/sculpture_humanart_14000000001756.jpg,619,91
7860,images/coco_450674_crowd.jpg,249,41
7861,images/painting_humanart_1000000000569.jpg,671,112
7862,images/painting_humanart_2000000002091.jpg,434,69
7863,images/danbooru_anime_11909653.jpg,650,104
7864,images/painting_humanart_10000000000578.jpg,358,58
7865,images/danbooru_anime_11919944.jpg,444,73
7866,images/painting_humanart_10000000001885.jpg,240,36
7867,images/real_human_humanart_17000000000283.jpg,618,88
7868,images/coco_161567_crowd.jpg,360,56
7869,images/painting_humanart_10000000003649.jpg,424,63
7870,images/coco_275215_490855.jpg,554,87
7871,images/painting_humanart_9000000002756.jpg,407,60
7872,images/coco_278853_499188.jpg,331,54
7873,images/coco_66243_crowd.jpg,459,73
7874,images/real_human_humanart_15000000001107.jpg,559,89
7875,images/real_human_humanart_17000000002466.jpg,665,103
7876,images/coco_364567_202302.jpg,277,48
7877,images/painting_humanart_10000000000490.jpg,629,90
7878,images/painting_humanart_2000000002385.jpg,546,89
7879,images/danbooru_anime_11919593.jpg,517,84
7880,images/sculpture_humanart_14000000000030.jpg,554,84
7881,images/real_human_humanart_15000000001292.jpg,405,64
7882,images/coco_507945_1733025.jpg,438,73
7883,images/real_human_humanart_17000000001124.jpg,722,112
7884,images/real_human_humanart_17000000002213.jpg,601,101
7885,images/danbooru_anime_11915937.jpg,495,77
7886,images/painting_humanart_9000000002479.jpg,754,128
7887,images/coco_200058_501996.jpg,444,71
7888,images/painting_humanart_10000000000056.jpg,392,68
7889,images/painting_humanart_1000000001396.jpg,304,52
7890,images/real_human_humanart_17000000000967.jpg,700,100
7891,images/coco_357312_452503.jpg,386,64
7892,images/coco_76257_194716.jpg,396,63
7893,images/real_human_humanart_17000000002284.jpg,572,85
7894,images/sculpture_humanart_14000000002849.jpg,355,51
7895,images/coco_140007_481005.jpg,360,54
7896,images/real_human_humanart_15000000000493.jpg,526,78
7897,images/coco_125873_crowd.jpg,530,84
7898,images/real_human_humanart_15000000001435.jpg,593,90
7899,images/painting_humanart_10000000001185.jpg,634,93
7900,images/real_human_humanart_17000000001920.jpg,642,96
7901,images/coco_392320_crowd.jpg,514,78
7902,images/sculpture_humanart_14000000000393.jpg,660,101
7903,images/painting_humanart_2000000002659.jpg,526,86
7904,images/painting_humanart_1000000001692.jpg,467,71
7905,images/coco_169514_2156153.jpg,379,68
7906,images/real_human_humanart_17000000000582.jpg,436,68
7907,images/painting_humanart_1000000001690.jpg,655,104
7908,images/painting_humanart_2000000002778.jpg,461,63
7909,images/painting_humanart_9000000001459.jpg,414,60
7910,images/painting_humanart_10000000000869.jpg,341,52
7911,images/painting_humanart_6000000003052.jpg,455,72
7912,images/painting_humanart_9000000000503.jpg,598,93
7913,images/sculpture_humanart_14000000001179.jpg,743,115
7914,images/painting_humanart_9000000000621.jpg,295,39
7915,images/painting_humanart_6000000002656.jpg,515,83
7916,images/painting_humanart_10000000002585.jpg,439,77
7917,images/real_human_humanart_17000000002002.jpg,786,115
7918,images/real_human_humanart_15000000000781.jpg,751,118
7919,images/painting_humanart_1000000005837.jpg,441,73
7920,images/painting_humanart_10000000000159.jpg,315,48
7921,images/real_human_humanart_15000000001133.jpg,304,47
7922,images/sculpture_humanart_14000000004084.jpg,626,92
7923,images/painting_humanart_6000000002556.jpg,294,46
7924,images/real_human_humanart_17000000000622.jpg,850,129
7925,images/real_human_humanart_17000000001857.jpg,695,104
7926,images/real_human_humanart_17000000001719.jpg,254,41
7927,images/painting_humanart_10000000004166.jpg,442,70
7928,images/painting_humanart_9000000002365.jpg,444,71
7929,images/painting_humanart_10000000002595.jpg,492,77
7930,images/coco_167235_484150.jpg,643,106
7931,images/danbooru_anime_11915853.jpg,402,67
7932,images/coco_382512_crowd.jpg,400,64
7933,images/coco_510651_430445.jpg,483,84
7934,images/sculpture_humanart_14000000003709.jpg,469,73
7935,images/coco_70471_crowd.jpg,380,63
7936,images/danbooru_anime_11918159.jpg,268,41
7937,images/painting_humanart_10000000000913.jpg,329,54
7938,images/coco_141416_crowd.jpg,496,79
7939,images/painting_humanart_1000000000589.jpg,290,53
7940,images/painting_humanart_10000000002107.jpg,327,55
7941,images/painting_humanart_10000000000428.jpg,252,39
7942,images/painting_humanart_9000000000749.jpg,493,79
7943,images/sculpture_humanart_14000000001365.jpg,535,79
7944,images/painting_humanart_10000000000423.jpg,473,67
7945,images/coco_117674_crowd.jpg,415,69
7946,images/real_human_humanart_15000000001177.jpg,642,95
7947,images/painting_humanart_10000000000067.jpg,375,56
7948,images/painting_humanart_10000000001471.jpg,432,72
7949,images/painting_humanart_1000000000655.jpg,364,56
7950,images/painting_humanart_6000000003346.jpg,470,76
7951,images/painting_humanart_10000000000622.jpg,544,80
7952,images/coco_498765_2152434.jpg,392,68
7953,images/painting_humanart_9000000001763.jpg,536,86
7954,images/painting_humanart_10000000004875.jpg,245,41
7955,images/coco_32760_crowd.jpg,466,77
7956,images/danbooru_anime_11906709.jpg,499,73
7957,images/painting_humanart_1000000004125.jpg,308,52
7958,images/real_human_humanart_15000000002310.jpg,676,109
7959,images/painting_humanart_9000000002743.jpg,461,72
7960,images/painting_humanart_6000000003201.jpg,495,81
7961,images/sculpture_humanart_14000000001374.jpg,566,89
7962,images/painting_humanart_2000000002382.jpg,606,96
7963,images/real_human_humanart_17000000001923.jpg,558,85
7964,images/coco_18896_1716680.jpg,564,92
7965,images/painting_humanart_1000000000359.jpg,539,91
7966,images/coco_301491_453944.jpg,423,70
7967,images/painting_humanart_2000000003264.jpg,613,95
7968,images/painting_humanart_2000000000386.jpg,441,69
7969,images/painting_humanart_10000000000272.jpg,614,89
7970,images/coco_81210_crowd.jpg,580,98
7971,images/sculpture_humanart_14000000001825.jpg,524,80
7972,images/real_human_humanart_15000000002284.jpg,651,100
7973,images/painting_humanart_6000000002549.jpg,640,102
7974,images/real_human_humanart_15000000001608.jpg,524,75
7975,images/sculpture_humanart_14000000002102.jpg,567,88
7976,images/real_human_humanart_17000000000146.jpg,508,75
7977,images/real_human_humanart_17000000001252.jpg,393,60
7978,images/painting_humanart_9000000000492.jpg,516,74
7979,images/coco_554582_crowd.jpg,302,47
7980,images/real_human_humanart_15000000001509.jpg,690,105
7981,images/danbooru_anime_11916652.jpg,556,80
7982,images/coco_176031_crowd.jpg,489,81
7983,images/coco_353989_1288832.jpg,373,57
7984,images/coco_211370_crowd.jpg,492,87
7985,images/painting_humanart_6000000002122.jpg,317,50
7986,images/sculpture_humanart_14000000001778.jpg,496,75
7987,images/coco_295105_427163.jpg,385,58
7988,images/danbooru_anime_11920309.jpg,561,85
7989,images/painting_humanart_10000000003539.jpg,541,90
7990,images/painting_humanart_10000000002168.jpg,361,55
7991,images/painting_humanart_2000000003255.jpg,388,55
7992,images/painting_humanart_2000000000921.jpg,711,104
7993,images/coco_148193_193476.jpg,299,54
7994,images/danbooru_anime_11910154.jpg,567,95
7995,images/sculpture_humanart_14000000003647.jpg,438,69
7996,images/painting_humanart_6000000001400.jpg,547,86
7997,images/painting_humanart_6000000001271.jpg,560,94
7998,images/painting_humanart_2000000001687.jpg,720,124
7999,images/coco_381608_crowd.jpg,863,139
8000,images/coco_407017_crowd.jpg,578,88
8001,images/danbooru_anime_11918580.jpg,590,93
8002,images/real_human_humanart_15000000000473.jpg,649,104
8003,images/real_human_humanart_17000000001414.jpg,629,96
8004,images/coco_165476_crowd.jpg,647,108
8005,images/danbooru_anime_11920560.jpg,348,56
8006,images/painting_humanart_10000000005651.jpg,350,48
8007,images/coco_155245_504801.jpg,280,50
8008,images/painting_humanart_9000000000784.jpg,365,57
8009,images/painting_humanart_2000000002978.jpg,629,92
8010,images/danbooru_anime_11920590.jpg,362,57
8011,images/danbooru_anime_11917088.jpg,640,107
8012,images/coco_97580_190231.jpg,472,76
8013,images/coco_90646_crowd.jpg,553,91
8014,images/coco_440646_429011.jpg,594,105
8015,images/coco_43133_crowd.jpg,424,71
8016,images/danbooru_anime_11920906.jpg,283,44
8017,images/danbooru_anime_11910867.jpg,262,45
8018,images/painting_humanart_2000000002472.jpg,424,72
8019,images/danbooru_anime_11900007.jpg,615,97
8020,images/real_human_humanart_17000000001610.jpg,554,89
8021,images/coco_295589_crowd.jpg,594,94
8022,images/sculpture_humanart_14000000001271.jpg,539,79
8023,images/real_human_humanart_15000000000159.jpg,684,97
8024,images/coco_504700_204591.jpg,393,66
8025,images/painting_humanart_10000000001571.jpg,299,47
8026,images/painting_humanart_1000000000852.jpg,422,71
8027,images/painting_humanart_10000000000630.jpg,609,85
8028,images/painting_humanart_2000000002422.jpg,642,95
8029,images/real_human_humanart_15000000001310.jpg,623,101
8030,images/coco_223300_441619.jpg,453,74
8031,images/danbooru_anime_11902584.jpg,285,47
8032,images/real_human_humanart_15000000000978.jpg,731,109
8033,images/real_human_humanart_15000000000621.jpg,649,100
8034,images/real_human_humanart_17000000001511.jpg,857,140
8035,images/real_human_humanart_17000000000213.jpg,478,72
8036,images/coco_9270_crowd.jpg,525,91
8037,images/painting_humanart_1000000000643.jpg,604,99
8038,images/painting_humanart_2000000000939.jpg,362,54
8039,images/real_human_humanart_17000000001968.jpg,531,79
8040,images/real_human_humanart_17000000001869.jpg,618,96
8041,images/painting_humanart_2000000002766.jpg,371,54
8042,images/painting_humanart_2000000002084.jpg,527,78
8043,images/coco_208549_193408.jpg,445,73
8044,images/coco_484175_crowd.jpg,236,41
8045,images/sculpture_humanart_14000000000153.jpg,524,84
8046,images/danbooru_anime_11905106.jpg,564,94
8047,images/sculpture_humanart_14000000004149.jpg,427,70
8048,images/painting_humanart_10000000001926.jpg,303,47
8049,images/real_human_humanart_15000000000459.jpg,588,88
8050,images/painting_humanart_6000000002506.jpg,353,60
8051,images/real_human_humanart_17000000000390.jpg,632,101
8052,images/danbooru_anime_11909450.jpg,579,94
8053,images/painting_humanart_10000000004088.jpg,591,92
8054,images/danbooru_anime_11917561.jpg,590,98
8055,images/coco_436252_188311.jpg,373,66
8056,images/danbooru_anime_11920177.jpg,658,95
8057,images/real_human_humanart_15000000000410.jpg,727,111
8058,images/coco_232592_2152641.jpg,439,63
8059,images/coco_526955_430923.jpg,478,74
8060,images/sculpture_humanart_14000000004192.jpg,519,82
8061,images/sculpture_humanart_14000000000119.jpg,712,117
8062,images/danbooru_anime_11903549.jpg,364,62
8063,images/painting_humanart_2000000002637.jpg,303,46
8064,images/coco_167854_200479.jpg,526,87
8065,images/coco_222370_crowd.jpg,492,81
8066,images/sculpture_humanart_14000000001463.jpg,484,72
8067,images/real_human_humanart_17000000001188.jpg,664,98
8068,images/coco_188460_194891.jpg,715,117
8069,images/coco_331403_433196.jpg,332,54
8070,images/painting_humanart_6000000002481.jpg,513,79
8071,images/painting_humanart_10000000005453.jpg,499,73
8072,images/painting_humanart_2000000003003.jpg,547,91
8073,images/real_human_humanart_15000000000380.jpg,503,78
8074,images/coco_69000_crowd.jpg,386,69
8075,images/coco_440830_crowd.jpg,730,119
8076,images/painting_humanart_1000000000326.jpg,707,111
8077,images/coco_12817_507541.jpg,434,63
8078,images/danbooru_anime_11914009.jpg,284,40
8079,images/real_human_humanart_17000000000578.jpg,424,66
8080,images/real_human_humanart_15000000001873.jpg,754,112
8081,images/coco_137330_crowd.jpg,543,86
8082,images/sculpture_humanart_14000000004061.jpg,524,82
8083,images/real_human_humanart_17000000001075.jpg,525,84
8084,images/danbooru_anime_11921279.jpg,332,54
8085,images/coco_284421_527134.jpg,345,54
8086,images/coco_12238_206281.jpg,453,69
8087,images/painting_humanart_9000000002079.jpg,634,89
8088,images/coco_130909_crowd.jpg,354,55
8089,images/painting_humanart_9000000000953.jpg,410,62
8090,images/coco_489944_210503.jpg,306,52
8091,images/real_human_humanart_15000000002022.jpg,584,82
8092,images/painting_humanart_1000000002273.jpg,618,105
8093,images/real_human_humanart_15000000001237.jpg,472,70
8094,images/painting_humanart_9000000001752.jpg,496,80
8095,images/danbooru_anime_11910054.jpg,513,79
8096,images/sculpture_humanart_14000000001599.jpg,638,97
8097,images/danbooru_anime_11916958.jpg,317,47
8098,images/danbooru_anime_11903756.jpg,312,48
8099,images/painting_humanart_1000000002543.jpg,575,96
8100,images/real_human_humanart_15000000000528.jpg,727,118
8101,images/painting_humanart_6000000001248.jpg,597,104
8102,images/painting_humanart_9000000002293.jpg,404,66
8103,images/danbooru_anime_11920765.jpg,725,111
8104,images/coco_246106_437192.jpg,379,64
8105,images/coco_21470_488809.jpg,452,73
8106,images/painting_humanart_2000000001229.jpg,659,102
8107,images/danbooru_anime_11903143.jpg,455,73
8108,images/danbooru_anime_11917307.jpg,421,67
8109,images/real_human_humanart_15000000001666.jpg,613,90
8110,images/painting_humanart_2000000002565.jpg,554,89
8111,images/painting_humanart_2000000002932.jpg,583,90
8112,images/painting_humanart_10000000001712.jpg,442,70
8113,images/coco_281601_crowd.jpg,498,79
8114,images/sculpture_humanart_14000000003927.jpg,636,96
8115,images/painting_humanart_6000000002007.jpg,532,87
8116,images/painting_humanart_1000000003319.jpg,439,66
8117,images/painting_humanart_1000000006058.jpg,279,43
8118,images/danbooru_anime_11915843.jpg,654,101
8119,images/sculpture_humanart_14000000004358.jpg,618,98
8120,images/coco_365444_190393.jpg,288,47
8121,images/painting_humanart_6000000003022.jpg,356,56
8122,images/real_human_humanart_15000000001611.jpg,589,90
8123,images/painting_humanart_9000000001699.jpg,433,75
8124,images/painting_humanart_10000000001104.jpg,630,93
8125,images/painting_humanart_10000000000978.jpg,373,52
8126,images/painting_humanart_6000000002717.jpg,477,81
8127,images/real_human_humanart_15000000000288.jpg,649,108
8128,images/coco_517135_crowd.jpg,421,71
8129,images/coco_16491_crowd.jpg,374,59
8130,images/real_human_humanart_15000000001667.jpg,658,103
8131,images/coco_538859_197456.jpg,479,83
8132,images/sculpture_humanart_14000000000935.jpg,700,107
8133,images/coco_559730_206884.jpg,322,52
8134,images/real_human_humanart_17000000002414.jpg,419,63
8135,images/danbooru_anime_11920847.jpg,478,80
8136,images/painting_humanart_9000000001911.jpg,531,90
8137,images/coco_434976_187101.jpg,290,44
8138,images/painting_humanart_2000000000047.jpg,635,100
8139,images/painting_humanart_9000000000728.jpg,296,52
8140,images/coco_170000_2158669.jpg,516,86
8141,images/sculpture_humanart_14000000001624.jpg,490,71
8142,images/coco_55126_crowd.jpg,325,56
8143,images/coco_523230_crowd.jpg,387,65
8144,images/coco_303768_209472.jpg,304,54
8145,images/coco_447364_527064.jpg,464,65
8146,images/real_human_humanart_15000000001713.jpg,722,114
8147,images/real_human_humanart_17000000001915.jpg,634,99
8148,images/real_human_humanart_17000000001624.jpg,560,90
8149,images/real_human_humanart_15000000001364.jpg,712,112
8150,images/painting_humanart_6000000001984.jpg,392,66
8151,images/coco_52161_194992.jpg,225,36
8152,images/painting_humanart_9000000001657.jpg,623,105
8153,images/painting_humanart_1000000003110.jpg,458,76
8154,images/real_human_humanart_15000000000838.jpg,777,122
8155,images/sculpture_humanart_14000000001198.jpg,553,80
8156,images/painting_humanart_6000000003169.jpg,582,95
8157,images/painting_humanart_10000000001493.jpg,409,69
8158,images/real_human_humanart_17000000002208.jpg,739,114
8159,images/coco_168231_426195.jpg,518,87
8160,images/danbooru_anime_11913891.jpg,614,101
8161,images/real_human_humanart_15000000002165.jpg,740,117
8162,images/danbooru_anime_11913999.jpg,419,71
8163,images/real_human_humanart_17000000002292.jpg,546,84
8164,images/coco_344410_crowd.jpg,359,55
8165,images/coco_490847_219281.jpg,371,58
8166,images/real_human_humanart_15000000001964.jpg,621,96
8167,images/coco_326510_crowd.jpg,374,62
8168,images/painting_humanart_1000000000848.jpg,669,106
8169,images/danbooru_anime_11908374.jpg,266,43
8170,images/real_human_humanart_15000000001093.jpg,601,88
8171,images/painting_humanart_10000000000836.jpg,402,63
8172,images/painting_humanart_1000000006218.jpg,459,69
8173,images/coco_72255_457551.jpg,337,50
8174,images/coco_382406_199002.jpg,608,105
8175,images/painting_humanart_9000000000018.jpg,282,46
8176,images/coco_362090_2205271.jpg,320,51
8177,images/painting_humanart_6000000002145.jpg,634,99
8178,images/coco_475182_crowd.jpg,678,114
8179,images/real_human_humanart_17000000002488.jpg,456,69
8180,images/coco_451008_471937.jpg,524,84
8181,images/real_human_humanart_17000000000287.jpg,551,89
8182,images/painting_humanart_6000000001990.jpg,470,76
8183,images/painting_humanart_10000000006566.jpg,504,78
8184,images/danbooru_anime_11910339.jpg,582,88
8185,images/painting_humanart_9000000001650.jpg,325,48
8186,images/painting_humanart_9000000001223.jpg,394,64
8187,images/real_human_humanart_15000000000370.jpg,915,137
8188,images/real_human_humanart_15000000000705.jpg,704,110
8189,images/painting_humanart_10000000000807.jpg,416,64
8190,images/danbooru_anime_11916625.jpg,302,51
8191,images/real_human_humanart_15000000001424.jpg,774,111
8192,images/real_human_humanart_15000000002394.jpg,586,88
8193,images/painting_humanart_9000000000826.jpg,569,89
8194,images/painting_humanart_10000000004618.jpg,608,101
8195,images/real_human_humanart_15000000001507.jpg,769,122
8196,images/painting_humanart_9000000000540.jpg,316,51
8197,images/coco_122851_crowd.jpg,346,60
8198,images/coco_553852_217639.jpg,327,52
8199,images/painting_humanart_10000000000514.jpg,653,100
8200,images/real_human_humanart_15000000000107.jpg,538,81
8201,images/painting_humanart_9000000002385.jpg,486,82
8202,images/painting_humanart_10000000002487.jpg,430,66
8203,images/real_human_humanart_15000000001673.jpg,607,86
8204,images/danbooru_anime_11919877.jpg,292,45
8205,images/painting_humanart_2000000002545.jpg,613,92
8206,images/coco_255630_450484.jpg,308,46
8207,images/sculpture_humanart_14000000003719.jpg,618,93
8208,images/painting_humanart_6000000003424.jpg,478,76
8209,images/painting_humanart_6000000003455.jpg,555,91
8210,images/danbooru_anime_11919585.jpg,460,70
8211,images/real_human_humanart_17000000001986.jpg,585,87
8212,images/painting_humanart_2000000001507.jpg,566,84
8213,images/painting_humanart_9000000000313.jpg,373,56
8214,images/real_human_humanart_17000000001204.jpg,733,118
8215,images/sculpture_humanart_14000000001713.jpg,481,70
8216,images/coco_75768_225933.jpg,315,57
8217,images/real_human_humanart_17000000001483.jpg,830,140
8218,images/painting_humanart_1000000005726.jpg,228,38
8219,images/coco_296460_445093.jpg,530,85
8220,images/coco_143901_441115.jpg,474,79
8221,images/real_human_humanart_15000000000297.jpg,622,91
8222,images/coco_289512_202117.jpg,372,67
8223,images/real_human_humanart_15000000001540.jpg,616,96
8224,images/coco_534038_211045.jpg,289,51
8225,images/danbooru_anime_11920119.jpg,405,62
8226,images/danbooru_anime_11905798.jpg,525,82
8227,images/danbooru_anime_11920198.jpg,564,79
8228,images/real_human_humanart_17000000002198.jpg,844,126
8229,images/painting_humanart_6000000000236.jpg,456,72
8230,images/painting_humanart_10000000000935.jpg,287,41
8231,images/painting_humanart_10000000001765.jpg,339,58
8232,images/coco_489304_2191048.jpg,277,45
8233,images/coco_12370_199325.jpg,494,79
8234,images/painting_humanart_6000000002796.jpg,562,84
8235,images/painting_humanart_6000000003249.jpg,432,70
8236,images/danbooru_anime_11917413.jpg,555,85
8237,images/real_human_humanart_17000000000931.jpg,727,116
8238,images/danbooru_anime_11920455.jpg,369,62
8239,images/painting_humanart_1000000002574.jpg,399,62
8240,images/sculpture_humanart_14000000001189.jpg,723,117
8241,images/coco_389273_504677.jpg,289,47
8242,images/painting_humanart_6000000001619.jpg,506,90
8243,images/sculpture_humanart_14000000001836.jpg,641,99
8244,images/painting_humanart_6000000002744.jpg,343,54
8245,images/painting_humanart_10000000002721.jpg,501,75
8246,images/painting_humanart_10000000005328.jpg,363,57
8247,images/painting_humanart_9000000000975.jpg,766,125
8248,images/sculpture_humanart_14000000004126.jpg,610,95
8249,images/real_human_humanart_17000000000430.jpg,691,105
8250,images/coco_547607_1717268.jpg,405,66
8251,images/real_human_humanart_17000000001865.jpg,595,86
8252,images/painting_humanart_10000000004901.jpg,358,55
8253,images/painting_humanart_6000000000965.jpg,764,116
8254,images/painting_humanart_9000000000737.jpg,596,92
8255,images/sculpture_humanart_14000000000971.jpg,701,100
8256,images/painting_humanart_9000000002056.jpg,383,55
8257,images/painting_humanart_10000000002512.jpg,525,85
8258,images/sculpture_humanart_14000000004118.jpg,656,99
8259,images/real_human_humanart_17000000002483.jpg,820,136
8260,images/painting_humanart_1000000000159.jpg,292,47
8261,images/painting_humanart_1000000005716.jpg,641,107
8262,images/real_human_humanart_15000000001845.jpg,677,104
8263,images/real_human_humanart_17000000000421.jpg,740,109
8264,images/painting_humanart_10000000006117.jpg,546,84
8265,images/sculpture_humanart_14000000000777.jpg,505,76
8266,images/painting_humanart_2000000000922.jpg,517,85
8267,images/real_human_humanart_15000000001327.jpg,625,101
8268,images/coco_549937_476721.jpg,282,47
8269,images/painting_humanart_2000000000340.jpg,627,102
8270,images/coco_445944_crowd.jpg,448,74
8271,images/real_human_humanart_15000000001814.jpg,675,101
8272,images/coco_563912_448448.jpg,423,72
8273,images/real_human_humanart_17000000002163.jpg,555,82
8274,images/painting_humanart_10000000002378.jpg,427,66
8275,images/painting_humanart_1000000001389.jpg,289,48
8276,images/danbooru_anime_11917270.jpg,858,126
8277,images/real_human_humanart_15000000001476.jpg,459,71
8278,images/painting_humanart_2000000002401.jpg,449,68
8279,images/real_human_humanart_15000000001379.jpg,806,124
8280,images/painting_humanart_10000000000691.jpg,499,78
8281,images/painting_humanart_10000000000358.jpg,545,77
8282,images/real_human_humanart_15000000000037.jpg,680,105
8283,images/painting_humanart_2000000002831.jpg,616,86
8284,images/coco_231795_445219.jpg,307,51
8285,images/coco_213773_436989.jpg,497,77
8286,images/painting_humanart_10000000000609.jpg,581,87
8287,images/danbooru_anime_11920993.jpg,549,90
8288,images/painting_humanart_9000000001134.jpg,309,47
8289,images/danbooru_anime_11920097.jpg,607,98
8290,images/painting_humanart_10000000000608.jpg,331,51
8291,images/coco_573363_crowd.jpg,466,70
8292,images/painting_humanart_9000000001243.jpg,475,81
8293,images/painting_humanart_2000000001320.jpg,759,124
8294,images/coco_73773_450656.jpg,400,64
8295,images/sculpture_humanart_14000000004123.jpg,657,100
8296,images/real_human_humanart_15000000002127.jpg,741,110
8297,images/real_human_humanart_17000000000570.jpg,530,80
8298,images/real_human_humanart_15000000000128.jpg,760,113
8299,images/coco_60529_443368.jpg,594,97
8300,images/painting_humanart_6000000000641.jpg,621,104
8301,images/painting_humanart_10000000003941.jpg,562,94
8302,images/painting_humanart_9000000002593.jpg,455,70
8303,images/danbooru_anime_11912086.jpg,581,92
8304,images/coco_515056_crowd.jpg,625,106
8305,images/danbooru_anime_11919386.jpg,450,70
8306,images/painting_humanart_6000000002231.jpg,413,60
8307,images/real_human_humanart_17000000001190.jpg,230,39
8308,images/sculpture_humanart_14000000001672.jpg,730,100
8309,images/coco_151896_204594.jpg,383,65
8310,images/coco_91263_492285.jpg,496,76
8311,images/painting_humanart_9000000001151.jpg,380,68
8312,images/danbooru_anime_11914102.jpg,523,83
8313,images/coco_457575_1727743.jpg,388,61
8314,images/real_human_humanart_15000000000627.jpg,746,118
8315,images/painting_humanart_10000000000501.jpg,569,87
8316,images/painting_humanart_6000000002519.jpg,739,125
8317,images/danbooru_anime_11921439.jpg,499,86
8318,images/coco_410319_crowd.jpg,681,108
8319,images/painting_humanart_9000000002032.jpg,246,39
8320,images/coco_469200_crowd.jpg,259,47
8321,images/real_human_humanart_15000000001772.jpg,592,92
8322,images/painting_humanart_9000000000899.jpg,347,61
8323,images/painting_humanart_2000000000673.jpg,560,89
8324,images/painting_humanart_10000000001058.jpg,646,103
8325,images/painting_humanart_1000000007682.jpg,693,106
8326,images/painting_humanart_2000000003101.jpg,439,70
8327,images/coco_519880_crowd.jpg,553,79
8328,images/real_human_humanart_17000000002445.jpg,599,93
8329,images/coco_43693_426550.jpg,299,44
8330,images/sculpture_humanart_14000000001620.jpg,554,80
8331,images/danbooru_anime_11921447.jpg,515,87
8332,images/painting_humanart_9000000000276.jpg,456,70
8333,images/coco_345847_451669.jpg,397,62
8334,images/real_human_humanart_17000000002426.jpg,556,84
8335,images/painting_humanart_2000000000390.jpg,762,113
8336,images/painting_humanart_6000000001437.jpg,438,69
8337,images/sculpture_humanart_14000000001838.jpg,531,80
8338,images/painting_humanart_1000000001563.jpg,367,56
8339,images/painting_humanart_2000000001491.jpg,749,109
8340,images/painting_humanart_1000000000845.jpg,636,96
8341,images/danbooru_anime_11905452.jpg,455,81
8342,images/painting_humanart_10000000002987.jpg,421,68
8343,images/coco_290231_191375.jpg,607,103
8344,images/real_human_humanart_15000000001353.jpg,629,102
8345,images/painting_humanart_9000000001987.jpg,395,70
8346,images/painting_humanart_10000000002664.jpg,276,39
8347,images/sculpture_humanart_14000000001833.jpg,444,67
8348,images/real_human_humanart_15000000000635.jpg,359,56
8349,images/danbooru_anime_11919810.jpg,540,86
8350,images/painting_humanart_10000000005516.jpg,256,42
8351,images/painting_humanart_6000000000128.jpg,556,89
8352,images/coco_309610_446367.jpg,521,80
8353,images/coco_546126_crowd.jpg,742,108
8354,images/painting_humanart_9000000001894.jpg,466,72
8355,images/painting_humanart_9000000000895.jpg,590,93
8356,images/coco_485142_457468.jpg,586,94
8357,images/coco_467151_crowd.jpg,417,70
8358,images/painting_humanart_10000000002886.jpg,346,53
8359,images/coco_564636_crowd.jpg,337,55
8360,images/painting_humanart_1000000001438.jpg,648,101
8361,images/painting_humanart_2000000003244.jpg,539,85
8362,images/real_human_humanart_15000000002036.jpg,705,118
8363,images/painting_humanart_10000000002621.jpg,277,43
8364,images/danbooru_anime_11916101.jpg,776,117
8365,images/danbooru_anime_11919638.jpg,640,104
8366,images/painting_humanart_9000000000842.jpg,251,39
8367,images/danbooru_anime_11917851.jpg,415,63
8368,images/painting_humanart_6000000000869.jpg,490,84
8369,images/danbooru_anime_11904016.jpg,547,87
8370,images/painting_humanart_2000000002444.jpg,511,83
8371,images/painting_humanart_1000000002109.jpg,618,95
8372,images/painting_humanart_9000000000568.jpg,321,53
8373,images/coco_309862_crowd.jpg,571,93
8374,images/painting_humanart_2000000002244.jpg,513,87
8375,images/painting_humanart_2000000000960.jpg,556,86
8376,images/real_human_humanart_17000000000444.jpg,796,126
8377,images/coco_174603_crowd.jpg,443,68
8378,images/painting_humanart_10000000002430.jpg,537,79
8379,images/real_human_humanart_15000000000608.jpg,545,81
8380,images/real_human_humanart_15000000002400.jpg,749,120
8381,images/sculpture_humanart_14000000000159.jpg,549,88
8382,images/painting_humanart_10000000005315.jpg,577,92
8383,images/danbooru_anime_11910104.jpg,470,78
8384,images/painting_humanart_1000000001547.jpg,393,58
8385,images/painting_humanart_1000000002667.jpg,621,102
8386,images/coco_396687_crowd.jpg,500,74
8387,images/real_human_humanart_17000000001937.jpg,605,89
8388,images/real_human_humanart_15000000001762.jpg,613,94
8389,images/coco_139512_192239.jpg,526,87
8390,images/sculpture_humanart_14000000004042.jpg,481,74
8391,images/danbooru_anime_11901402.jpg,266,44
8392,images/painting_humanart_1000000000051.jpg,355,60
8393,images/danbooru_anime_11917094.jpg,350,58
8394,images/painting_humanart_10000000000157.jpg,292,48
8395,images/sculpture_humanart_14000000001561.jpg,645,99
8396,images/painting_humanart_9000000000299.jpg,388,72
8397,images/sculpture_humanart_14000000002073.jpg,671,100
8398,images/sculpture_humanart_14000000000036.jpg,620,90
8399,images/real_human_humanart_17000000001235.jpg,622,93
8400,images/sculpture_humanart_14000000000219.jpg,611,101
8401,images/painting_humanart_9000000002327.jpg,468,77
8402,images/danbooru_anime_11911081.jpg,459,77
8403,images/painting_humanart_1000000005327.jpg,217,36
8404,images/real_human_humanart_17000000002427.jpg,686,108
8405,images/coco_112160_457119.jpg,383,60
8406,images/real_human_humanart_17000000000788.jpg,722,116
8407,images/painting_humanart_6000000001708.jpg,511,84
8408,images/sculpture_humanart_14000000003794.jpg,466,69
8409,images/painting_humanart_10000000000227.jpg,521,87
8410,images/coco_188866_559214.jpg,621,104
8411,images/real_human_humanart_17000000000311.jpg,600,94
8412,images/danbooru_anime_11914179.jpg,649,105
8413,images/coco_559037_452960.jpg,265,47
8414,images/sculpture_humanart_14000000000479.jpg,622,90
8415,images/coco_17244_207651.jpg,393,58
8416,images/painting_humanart_9000000000532.jpg,724,120
8417,images/real_human_humanart_15000000000246.jpg,604,92
8418,images/painting_humanart_2000000000896.jpg,603,97
8419,images/danbooru_anime_11920468.jpg,450,74
8420,images/painting_humanart_10000000003784.jpg,640,105
8421,images/sculpture_humanart_14000000004242.jpg,597,84
8422,images/real_human_humanart_15000000001545.jpg,650,97
8423,images/real_human_humanart_17000000001752.jpg,699,117
8424,images/painting_humanart_2000000002820.jpg,497,75
8425,images/coco_440970_490362.jpg,472,76
8426,images/sculpture_humanart_14000000004196.jpg,458,69
8427,images/real_human_humanart_17000000001071.jpg,528,84
8428,images/real_human_humanart_15000000002192.jpg,907,144
8429,images/coco_230884_458471.jpg,223,36
8430,images/danbooru_anime_11917837.jpg,376,59
8431,images/sculpture_humanart_14000000000959.jpg,621,98
8432,images/real_human_humanart_15000000001691.jpg,600,85
8433,images/real_human_humanart_15000000000448.jpg,609,92
8434,images/painting_humanart_2000000000535.jpg,612,93
8435,images/painting_humanart_10000000000187.jpg,391,60
8436,images/real_human_humanart_15000000000115.jpg,625,95
8437,images/danbooru_anime_11921286.jpg,367,57
8438,images/danbooru_anime_11919525.jpg,398,62
8439,images/coco_447762_461423.jpg,304,49
8440,images/real_human_humanart_17000000000860.jpg,614,93
8441,images/painting_humanart_1000000004904.jpg,569,92
8442,images/coco_175653_421823.jpg,446,74
8443,images/painting_humanart_1000000001646.jpg,230,39
8444,images/sculpture_humanart_14000000004019.jpg,567,91
8445,images/painting_humanart_10000000002581.jpg,562,84
8446,images/coco_108838_crowd.jpg,352,60
8447,images/real_human_humanart_17000000000380.jpg,726,115
8448,images/real_human_humanart_17000000002393.jpg,420,64
8449,images/danbooru_anime_11902401.jpg,512,78
8450,images/coco_191981_436593.jpg,424,66
8451,images/coco_45392_510589.jpg,302,48
8452,images/real_human_humanart_15000000000910.jpg,548,82
8453,images/painting_humanart_10000000002081.jpg,441,73
8454,images/painting_humanart_10000000000659.jpg,426,72
8455,images/sculpture_humanart_14000000000985.jpg,612,94
8456,images/real_human_humanart_15000000001286.jpg,501,80
8457,images/danbooru_anime_11919699.jpg,657,101
8458,images/coco_39731_474130.jpg,359,59
8459,images/painting_humanart_10000000004810.jpg,465,70
8460,images/coco_279259_436310.jpg,531,85
8461,images/coco_370233_crowd.jpg,383,69
8462,images/sculpture_humanart_14000000004415.jpg,334,55
8463,images/coco_209782_crowd.jpg,372,57
8464,images/coco_465275_195521.jpg,591,95
8465,images/painting_humanart_10000000000055.jpg,501,83
8466,images/painting_humanart_10000000000489.jpg,616,95
8467,images/coco_385779_444252.jpg,412,67
8468,images/real_human_humanart_15000000001459.jpg,372,56
8469,images/painting_humanart_2000000000822.jpg,384,59
8470,images/real_human_humanart_15000000000687.jpg,591,97
8471,images/painting_humanart_9000000002166.jpg,566,89
8472,images/real_human_humanart_17000000002494.jpg,680,111
8473,images/danbooru_anime_11912870.jpg,463,79
8474,images/sculpture_humanart_14000000000605.jpg,444,62
8475,images/danbooru_anime_11919785.jpg,617,95
8476,images/real_human_humanart_15000000001005.jpg,594,92
8477,images/real_human_humanart_17000000001248.jpg,957,146
8478,images/painting_humanart_10000000003829.jpg,596,93
8479,images/danbooru_anime_11915484.jpg,272,42
8480,images/painting_humanart_10000000000884.jpg,451,72
8481,images/painting_humanart_2000000002988.jpg,409,62
8482,images/painting_humanart_9000000000651.jpg,246,40
8483,images/real_human_humanart_17000000001964.jpg,654,97
8484,images/coco_310998_2158698.jpg,240,44
8485,images/coco_455355_crowd.jpg,451,70
8486,images/painting_humanart_2000000000372.jpg,369,61
8487,images/sculpture_humanart_14000000001722.jpg,635,100
8488,images/danbooru_anime_11916969.jpg,552,96
8489,images/painting_humanart_1000000007844.jpg,353,52
8490,images/painting_humanart_9000000000179.jpg,346,53
8491,images/coco_44312_crowd.jpg,582,99
8492,images/coco_365701_459628.jpg,505,82
8493,images/painting_humanart_10000000003151.jpg,546,99
8494,images/coco_452611_crowd.jpg,410,68
8495,images/painting_humanart_6000000003546.jpg,599,100
8496,images/painting_humanart_9000000000022.jpg,669,94
8497,images/painting_humanart_2000000002899.jpg,492,67
8498,images/real_human_humanart_15000000001272.jpg,694,109
8499,images/painting_humanart_9000000002216.jpg,568,88
8500,images/danbooru_anime_11907045.jpg,599,97
8501,images/coco_432796_crowd.jpg,463,79
8502,images/painting_humanart_1000000002981.jpg,652,106
8503,images/danbooru_anime_11919737.jpg,408,62
8504,images/painting_humanart_6000000002248.jpg,571,91
8505,images/coco_98927_488141.jpg,358,59
8506,images/painting_humanart_9000000001517.jpg,553,81
8507,images/sculpture_humanart_14000000001755.jpg,623,95
8508,images/sculpture_humanart_14000000003973.jpg,552,84
8509,images/painting_humanart_10000000005605.jpg,397,66
8510,images/painting_humanart_2000000000324.jpg,614,90
8511,images/coco_156756_197419.jpg,277,50
8512,images/sculpture_humanart_14000000004186.jpg,664,100
8513,images/coco_544122_1724399.jpg,559,97
8514,images/painting_humanart_10000000000800.jpg,512,76
8515,images/danbooru_anime_11915659.jpg,613,104
8516,images/sculpture_humanart_14000000003827.jpg,592,91
8517,images/sculpture_humanart_14000000004217.jpg,494,71
8518,images/coco_188946_519929.jpg,400,63
8519,images/real_human_humanart_15000000000421.jpg,740,126
8520,images/coco_20904_crowd.jpg,444,66
8521,images/painting_humanart_1000000006463.jpg,313,54
8522,images/danbooru_anime_11917144.jpg,468,72
8523,images/sculpture_humanart_14000000000866.jpg,238,37
8524,images/sculpture_humanart_14000000004089.jpg,712,107
8525,images/coco_20671_201364.jpg,557,90
8526,images/real_human_humanart_17000000000986.jpg,494,77
8527,images/real_human_humanart_15000000001419.jpg,546,85
8528,images/coco_419884_crowd.jpg,453,75
8529,images/painting_humanart_6000000000102.jpg,485,79
8530,images/danbooru_anime_11903651.jpg,353,56
8531,images/sculpture_humanart_14000000001736.jpg,712,103
8532,images/real_human_humanart_15000000001041.jpg,446,70
8533,images/danbooru_anime_11920227.jpg,499,79
8534,images/danbooru_anime_11921010.jpg,329,59
8535,images/coco_533532_crowd.jpg,500,73
8536,images/real_human_humanart_17000000002009.jpg,513,82
8537,images/coco_10192_446799.jpg,374,63
8538,images/real_human_humanart_17000000000730.jpg,644,102
8539,images/painting_humanart_9000000001416.jpg,825,131
8540,images/real_human_humanart_17000000000099.jpg,639,107
8541,images/sculpture_humanart_14000000001985.jpg,579,87
8542,images/painting_humanart_2000000001510.jpg,394,64
8543,images/danbooru_anime_11918693.jpg,643,105
8544,images/danbooru_anime_11920579.jpg,472,66
8545,images/painting_humanart_2000000002672.jpg,505,79
8546,images/real_human_humanart_17000000001233.jpg,541,84
8547,images/sculpture_humanart_14000000001789.jpg,599,90
8548,images/painting_humanart_6000000002442.jpg,301,45
8549,images/danbooru_anime_11899979.jpg,309,52
8550,images/painting_humanart_1000000001297.jpg,414,64
8551,images/painting_humanart_6000000001596.jpg,421,66
8552,images/sculpture_humanart_14000000001866.jpg,604,89
8553,images/painting_humanart_10000000000845.jpg,397,61
8554,images/painting_humanart_10000000002861.jpg,576,91
8555,images/real_human_humanart_17000000002045.jpg,688,106
8556,images/sculpture_humanart_14000000001616.jpg,332,46
8557,images/real_human_humanart_17000000000494.jpg,661,97
8558,images/coco_526570_crowd.jpg,444,66
8559,images/real_human_humanart_17000000001445.jpg,315,48
8560,images/sculpture_humanart_14000000001088.jpg,588,91
8561,images/painting_humanart_10000000001613.jpg,480,76
8562,images/coco_563938_crowd.jpg,445,78
8563,images/painting_humanart_10000000000398.jpg,319,48
8564,images/painting_humanart_6000000000917.jpg,543,93
8565,images/painting_humanart_9000000002470.jpg,610,107
8566,images/coco_76994_429685.jpg,463,79
8567,images/danbooru_anime_11921071.jpg,470,78
8568,images/real_human_humanart_15000000000664.jpg,700,103
8569,images/real_human_humanart_17000000000616.jpg,553,86
8570,images/danbooru_anime_11920307.jpg,375,59
8571,images/painting_humanart_1000000006243.jpg,604,92
8572,images/coco_517889_crowd.jpg,283,47
8573,images/sculpture_humanart_14000000000834.jpg,544,84
8574,images/coco_135785_crowd.jpg,350,57
8575,images/coco_5325_crowd.jpg,380,66
8576,images/coco_318570_473696.jpg,202,34
8577,images/sculpture_humanart_14000000001449.jpg,597,96
8578,images/sculpture_humanart_14000000000408.jpg,488,76
8579,images/painting_humanart_2000000002909.jpg,720,107
8580,images/painting_humanart_10000000000817.jpg,395,59
8581,images/sculpture_humanart_14000000004553.jpg,538,83
8582,images/sculpture_humanart_14000000002041.jpg,655,103
8583,images/painting_humanart_9000000001579.jpg,864,149
8584,images/coco_341010_422363.jpg,652,105
8585,images/coco_365068_crowd.jpg,427,70
8586,images/real_human_humanart_15000000000659.jpg,491,79
8587,images/real_human_humanart_17000000002185.jpg,702,103
8588,images/real_human_humanart_17000000000293.jpg,797,125
8589,images/coco_572510_437223.jpg,482,84
8590,images/danbooru_anime_11918690.jpg,538,88
8591,images/danbooru_anime_11919926.jpg,461,68
8592,images/real_human_humanart_15000000002330.jpg,441,66
8593,images/real_human_humanart_15000000000618.jpg,859,144
8594,images/danbooru_anime_11919151.jpg,287,44
8595,images/real_human_humanart_17000000001558.jpg,775,126
8596,images/sculpture_humanart_14000000004501.jpg,639,99
8597,images/painting_humanart_2000000001898.jpg,609,97
8598,images/sculpture_humanart_14000000002085.jpg,594,89
8599,images/painting_humanart_9000000000891.jpg,391,57
8600,images/sculpture_humanart_14000000000225.jpg,632,99
8601,images/painting_humanart_10000000004962.jpg,466,76
8602,images/danbooru_anime_11916523.jpg,377,58
8603,images/danbooru_anime_11920622.jpg,490,86
8604,images/coco_298197_crowd.jpg,522,88
8605,images/painting_humanart_2000000001632.jpg,641,108
8606,images/painting_humanart_9000000002673.jpg,645,106
8607,images/painting_humanart_6000000001866.jpg,418,62
8608,images/sculpture_humanart_14000000003722.jpg,479,73
8609,images/painting_humanart_9000000000646.jpg,424,63
8610,images/coco_325237_crowd.jpg,539,81
8611,images/real_human_humanart_17000000001134.jpg,734,111
8612,images/sculpture_humanart_14000000001783.jpg,630,90
8613,images/danbooru_anime_11921305.jpg,497,78
8614,images/danbooru_anime_11919491.jpg,335,52
8615,images/painting_humanart_9000000000001.jpg,443,69
8616,images/coco_93685_486862.jpg,270,43
8617,images/coco_359238_189288.jpg,318,56
8618,images/danbooru_anime_11915584.jpg,298,46
8619,images/painting_humanart_10000000000883.jpg,887,135
8620,images/painting_humanart_9000000000199.jpg,455,75
8621,images/real_human_humanart_15000000001891.jpg,619,92
8622,images/painting_humanart_6000000001061.jpg,464,79
8623,images/painting_humanart_6000000000934.jpg,672,109
8624,images/real_human_humanart_15000000000644.jpg,658,110
8625,images/painting_humanart_2000000003256.jpg,697,111
8626,images/real_human_humanart_17000000002539.jpg,814,125
8627,images/painting_humanart_2000000002112.jpg,571,87
8628,images/painting_humanart_1000000006385.jpg,482,80
8629,images/real_human_humanart_15000000001030.jpg,725,108
8630,images/painting_humanart_10000000002486.jpg,592,92
8631,images/real_human_humanart_15000000001757.jpg,621,103
8632,images/painting_humanart_10000000005228.jpg,330,52
8633,images/coco_143305_crowd.jpg,692,111
8634,images/painting_humanart_1000000002073.jpg,589,92
8635,images/real_human_humanart_15000000000349.jpg,448,70
8636,images/painting_humanart_1000000004834.jpg,442,69
8637,images/coco_207969_crowd.jpg,581,97
8638,images/coco_447733_crowd.jpg,331,53
8639,images/painting_humanart_10000000003947.jpg,600,88
8640,images/real_human_humanart_17000000002313.jpg,578,91
8641,images/danbooru_anime_11920335.jpg,615,100
8642,images/sculpture_humanart_14000000004351.jpg,646,106
8643,images/sculpture_humanart_14000000001518.jpg,452,78
8644,images/coco_549754_477095.jpg,344,54
8645,images/real_human_humanart_15000000001460.jpg,799,119
8646,images/painting_humanart_10000000002427.jpg,465,68
8647,images/real_human_humanart_17000000000468.jpg,608,95
8648,images/painting_humanart_6000000001919.jpg,629,101
8649,images/painting_humanart_6000000001795.jpg,458,72
8650,images/coco_491556_crowd.jpg,511,85
8651,images/sculpture_humanart_14000000004317.jpg,412,64
8652,images/coco_443556_crowd.jpg,460,75
8653,images/real_human_humanart_15000000001803.jpg,684,107
8654,images/real_human_humanart_17000000001677.jpg,581,87
8655,images/real_human_humanart_17000000000583.jpg,580,86
8656,images/painting_humanart_2000000000823.jpg,448,72
8657,images/danbooru_anime_11910347.jpg,469,73
8658,images/coco_14428_454926.jpg,437,75
8659,images/painting_humanart_2000000002187.jpg,246,39
8660,images/painting_humanart_2000000000350.jpg,555,89
8661,images/painting_humanart_2000000003235.jpg,375,65
8662,images/danbooru_anime_11917331.jpg,466,73
8663,images/coco_315908_208112.jpg,331,50
8664,images/danbooru_anime_11919578.jpg,480,81
8665,images/danbooru_anime_11921299.jpg,551,89
8666,images/sculpture_humanart_14000000004154.jpg,191,29
8667,images/sculpture_humanart_14000000000568.jpg,441,65
8668,images/painting_humanart_1000000001855.jpg,414,64
8669,images/coco_446473_482031.jpg,402,67
8670,images/painting_humanart_10000000002632.jpg,446,69
8671,images/painting_humanart_9000000001755.jpg,335,57
8672,images/danbooru_anime_11917207.jpg,259,40
8673,images/real_human_humanart_17000000002069.jpg,570,82
8674,images/danbooru_anime_11910012.jpg,340,52
8675,images/sculpture_humanart_14000000003550.jpg,723,106
8676,images/painting_humanart_1000000001839.jpg,487,78
8677,images/danbooru_anime_11910435.jpg,379,62
8678,images/coco_413538_crowd.jpg,297,52
8679,images/painting_humanart_9000000000938.jpg,283,46
8680,images/sculpture_humanart_14000000001737.jpg,514,82
8681,images/coco_509526_471183.jpg,424,71
8682,images/danbooru_anime_11914636.jpg,702,104
8683,images/painting_humanart_10000000000410.jpg,394,64
8684,images/painting_humanart_10000000000062.jpg,347,51
8685,images/painting_humanart_6000000000052.jpg,487,74
8686,images/coco_103114_crowd.jpg,402,58
8687,images/painting_humanart_9000000000704.jpg,571,91
8688,images/coco_40998_crowd.jpg,556,90
8689,images/danbooru_anime_11919505.jpg,604,98
8690,images/painting_humanart_1000000000150.jpg,606,98
8691,images/painting_humanart_2000000001299.jpg,548,83
8692,images/painting_humanart_6000000000518.jpg,373,62
8693,images/painting_humanart_10000000004678.jpg,447,68
8694,images/painting_humanart_6000000002169.jpg,468,74
8695,images/painting_humanart_2000000001544.jpg,455,71
8696,images/coco_317410_crowd.jpg,452,72
8697,images/coco_319908_crowd.jpg,498,79
8698,images/real_human_humanart_17000000001695.jpg,630,98
8699,images/sculpture_humanart_14000000000290.jpg,589,90
8700,images/real_human_humanart_15000000001347.jpg,815,122
8701,images/coco_550980_crowd.jpg,636,102
8702,images/real_human_humanart_15000000001013.jpg,607,93
8703,images/painting_humanart_6000000002485.jpg,651,116
8704,images/painting_humanart_6000000003043.jpg,644,105
8705,images/danbooru_anime_11920506.jpg,543,90
8706,images/danbooru_anime_11920731.jpg,557,78
8707,images/real_human_humanart_17000000000545.jpg,568,86
8708,images/sculpture_humanart_14000000001648.jpg,513,73
8709,images/painting_humanart_10000000000915.jpg,422,66
8710,images/painting_humanart_2000000000693.jpg,333,51
8711,images/real_human_humanart_17000000001158.jpg,568,96
8712,images/painting_humanart_2000000001429.jpg,230,36
8713,images/painting_humanart_2000000002475.jpg,509,78
8714,images/painting_humanart_6000000000363.jpg,666,112
8715,images/danbooru_anime_11909644.jpg,265,45
8716,images/real_human_humanart_15000000002248.jpg,845,129
8717,images/danbooru_anime_11908019.jpg,576,89
8718,images/sculpture_humanart_14000000000550.jpg,644,98
8719,images/painting_humanart_9000000001762.jpg,472,74
8720,images/coco_216051_199356.jpg,264,45
8721,images/real_human_humanart_17000000002405.jpg,675,107
8722,images/real_human_humanart_17000000001382.jpg,486,76
8723,images/real_human_humanart_17000000001365.jpg,714,107
8724,images/painting_humanart_6000000001822.jpg,719,112
8725,images/danbooru_anime_11906812.jpg,595,92
8726,images/real_human_humanart_15000000000425.jpg,691,109
8727,images/real_human_humanart_15000000001572.jpg,709,105
8728,images/real_human_humanart_15000000000342.jpg,688,96
8729,images/painting_humanart_10000000000439.jpg,259,41
8730,images/coco_426165_crowd.jpg,638,105
8731,images/painting_humanart_2000000003309.jpg,426,71
8732,images/coco_575405_1751284.jpg,312,46
8733,images/painting_humanart_10000000006083.jpg,529,82
8734,images/painting_humanart_10000000005471.jpg,518,90
8735,images/real_human_humanart_15000000000801.jpg,633,98
8736,images/coco_21900_187531.jpg,326,56
8737,images/sculpture_humanart_14000000001879.jpg,484,72
8738,images/painting_humanart_10000000000375.jpg,478,73
8739,images/painting_humanart_6000000000141.jpg,386,64
8740,images/painting_humanart_9000000002658.jpg,361,55
8741,images/painting_humanart_10000000002260.jpg,336,54
8742,images/painting_humanart_1000000001452.jpg,321,53
8743,images/painting_humanart_9000000001722.jpg,481,74
8744,images/real_human_humanart_15000000000160.jpg,586,95
8745,images/painting_humanart_9000000002473.jpg,607,92
8746,images/coco_195750_crowd.jpg,396,61
8747,images/coco_319487_183372.jpg,412,63
8748,images/real_human_humanart_17000000001241.jpg,591,95
8749,images/painting_humanart_10000000003084.jpg,455,74
8750,images/real_human_humanart_15000000001231.jpg,595,89
8751,images/danbooru_anime_11915945.jpg,246,41
8752,images/painting_humanart_10000000003704.jpg,621,97
8753,images/painting_humanart_10000000000233.jpg,702,111
8754,images/real_human_humanart_17000000002379.jpg,591,90
8755,images/painting_humanart_10000000002239.jpg,447,69
8756,images/real_human_humanart_17000000001300.jpg,541,84
8757,images/coco_53431_432869.jpg,436,70
8758,images/painting_humanart_2000000001460.jpg,742,110
8759,images/danbooru_anime_11919702.jpg,493,79
8760,images/sculpture_humanart_14000000001955.jpg,488,73
8761,images/painting_humanart_1000000001291.jpg,486,76
8762,images/painting_humanart_1000000001899.jpg,586,92
8763,images/real_human_humanart_17000000001020.jpg,558,95
8764,images/real_human_humanart_17000000001334.jpg,618,101
8765,images/real_human_humanart_15000000000956.jpg,650,102
8766,images/real_human_humanart_15000000000673.jpg,686,106
8767,images/painting_humanart_2000000002262.jpg,337,53
8768,images/sculpture_humanart_14000000004027.jpg,753,113
8769,images/real_human_humanart_17000000000173.jpg,672,103
8770,images/danbooru_anime_11917090.jpg,712,117
8771,images/sculpture_humanart_14000000003660.jpg,957,148
8772,images/danbooru_anime_11912951.jpg,540,87
8773,images/painting_humanart_9000000000017.jpg,572,96
8774,images/coco_288174_440333.jpg,345,59
8775,images/coco_222564_crowd.jpg,491,77
8776,images/painting_humanart_2000000002589.jpg,282,48
8777,images/painting_humanart_9000000001333.jpg,285,49
8778,images/coco_13132_crowd.jpg,313,50
8779,images/real_human_humanart_17000000001663.jpg,426,64
8780,images/sculpture_humanart_14000000001639.jpg,437,66
8781,images/painting_humanart_9000000001658.jpg,546,84
8782,images/coco_401330_crowd.jpg,443,68
8783,images/real_human_humanart_17000000000343.jpg,685,101
8784,images/painting_humanart_1000000001233.jpg,552,89
8785,images/painting_humanart_6000000002296.jpg,308,51
8786,images/painting_humanart_6000000002466.jpg,538,90
8787,images/real_human_humanart_15000000000525.jpg,744,111
8788,images/real_human_humanart_17000000000806.jpg,725,116
8789,images/real_human_humanart_17000000002440.jpg,705,101
8790,images/danbooru_anime_11918556.jpg,723,125
8791,images/painting_humanart_1000000003731.jpg,336,59
8792,images/painting_humanart_1000000000792.jpg,581,84
8793,images/painting_humanart_9000000001112.jpg,579,91
8794,images/painting_humanart_10000000006059.jpg,506,80
8795,images/danbooru_anime_11905524.jpg,570,93
8796,images/painting_humanart_9000000002012.jpg,512,76
8797,images/danbooru_anime_11919144.jpg,259,40
8798,images/danbooru_anime_11918572.jpg,270,39
8799,images/painting_humanart_1000000002065.jpg,545,85
8800,images/painting_humanart_10000000001740.jpg,577,90
8801,images/coco_548538_crowd.jpg,408,65
8802,images/coco_179599_430428.jpg,533,93
8803,images/painting_humanart_10000000000754.jpg,283,41
8804,images/sculpture_humanart_14000000000136.jpg,648,96
8805,images/danbooru_anime_11910145.jpg,528,77
8806,images/sculpture_humanart_14000000003894.jpg,504,75
8807,images/danbooru_anime_11903461.jpg,496,83
8808,images/coco_260478_crowd.jpg,436,70
8809,images/coco_562885_427292.jpg,347,62
8810,images/coco_363594_crowd.jpg,465,74
8811,images/painting_humanart_2000000001979.jpg,514,78
8812,images/real_human_humanart_17000000000108.jpg,593,92
8813,images/coco_104453_480966.jpg,314,49
8814,images/coco_160341_422571.jpg,505,87
8815,images/real_human_humanart_15000000002171.jpg,713,110
8816,images/painting_humanart_1000000006447.jpg,341,56
8817,images/painting_humanart_10000000002779.jpg,291,45
8818,images/painting_humanart_10000000000551.jpg,315,45
8819,images/coco_474741_1710691.jpg,759,127
8820,images/painting_humanart_9000000001878.jpg,491,69
8821,images/painting_humanart_9000000001514.jpg,447,71
8822,images/real_human_humanart_17000000000176.jpg,639,103
8823,images/danbooru_anime_11902513.jpg,413,65
8824,images/real_human_humanart_17000000001067.jpg,537,80
8825,images/painting_humanart_9000000001588.jpg,578,90
8826,images/coco_230877_457214.jpg,306,47
8827,images/painting_humanart_10000000002011.jpg,424,65
8828,images/danbooru_anime_11921190.jpg,381,60
8829,images/painting_humanart_10000000000821.jpg,382,56
8830,images/painting_humanart_2000000001999.jpg,575,84
8831,images/real_human_humanart_17000000001981.jpg,704,104
8832,images/danbooru_anime_11916309.jpg,259,42
8833,images/painting_humanart_10000000004293.jpg,554,84
8834,images/real_human_humanart_15000000001567.jpg,559,86
8835,images/painting_humanart_6000000002517.jpg,618,103
8836,images/coco_405962_crowd.jpg,411,67
8837,images/painting_humanart_1000000001619.jpg,275,50
8838,images/real_human_humanart_17000000002323.jpg,498,77
8839,images/coco_371427_216651.jpg,409,72
8840,images/painting_humanart_9000000001389.jpg,508,83
8841,images/sculpture_humanart_14000000001798.jpg,206,31
8842,images/painting_humanart_9000000001425.jpg,488,75
8843,images/painting_humanart_9000000001886.jpg,413,64
8844,images/sculpture_humanart_14000000004213.jpg,509,76
8845,images/painting_humanart_9000000000324.jpg,234,39
8846,images/coco_288599_crowd.jpg,464,82
8847,images/painting_humanart_10000000005129.jpg,394,65
8848,images/coco_292485_431438.jpg,462,73
8849,images/danbooru_anime_11915954.jpg,304,49
8850,images/real_human_humanart_17000000001911.jpg,506,73
8851,images/painting_humanart_10000000000827.jpg,592,98
8852,images/real_human_humanart_17000000001328.jpg,560,98
8853,images/painting_humanart_1000000004416.jpg,453,73
8854,images/coco_384416_crowd.jpg,541,86
8855,images/painting_humanart_2000000002604.jpg,274,44
8856,images/sculpture_humanart_14000000001531.jpg,573,85
8857,images/sculpture_humanart_14000000002116.jpg,575,91
8858,images/coco_201207_crowd.jpg,407,63
8859,images/real_human_humanart_17000000001005.jpg,910,146
8860,images/painting_humanart_10000000002873.jpg,585,89
8861,images/coco_75179_450572.jpg,692,110
8862,images/danbooru_anime_11902888.jpg,739,121
8863,images/painting_humanart_10000000005971.jpg,358,58
8864,images/real_human_humanart_15000000001478.jpg,677,101
8865,images/coco_12991_1229234.jpg,258,42
8866,images/coco_298812_477645.jpg,292,46
8867,images/real_human_humanart_15000000000904.jpg,631,92
8868,images/painting_humanart_9000000001010.jpg,577,90
8869,images/coco_106314_crowd.jpg,532,82
8870,images/danbooru_anime_11918035.jpg,447,72
8871,images/coco_157948_463292.jpg,316,53
8872,images/real_human_humanart_17000000000393.jpg,718,104
8873,images/real_human_humanart_17000000000641.jpg,625,97
8874,images/coco_467000_crowd.jpg,401,65
8875,images/sculpture_humanart_14000000001883.jpg,517,75
8876,images/coco_395046_208792.jpg,492,81
8877,images/painting_humanart_1000000002812.jpg,730,129
8878,images/danbooru_anime_11920880.jpg,514,81
8879,images/real_human_humanart_15000000001426.jpg,664,100
8880,images/coco_315564_crowd.jpg,394,63
8881,images/sculpture_humanart_14000000003891.jpg,466,73
8882,images/danbooru_anime_11908403.jpg,386,61
8883,images/danbooru_anime_11918748.jpg,505,83
8884,images/painting_humanart_6000000000821.jpg,423,72
8885,images/coco_280464_441460.jpg,327,52
8886,images/coco_182715_494733.jpg,622,102
8887,images/painting_humanart_2000000002202.jpg,396,64
8888,images/painting_humanart_2000000002172.jpg,721,111
8889,images/coco_73470_crowd.jpg,398,66
8890,images/painting_humanart_9000000000317.jpg,283,41
8891,images/coco_259665_crowd.jpg,397,64
8892,images/coco_457217_463229.jpg,595,96
8893,images/coco_411564_207645.jpg,423,68
8894,images/real_human_humanart_15000000001374.jpg,679,106
8895,images/coco_197352_crowd.jpg,365,63
8896,images/painting_humanart_6000000000140.jpg,357,62
8897,images/danbooru_anime_11920216.jpg,408,64
8898,images/coco_93258_crowd.jpg,450,73
8899,images/real_human_humanart_17000000002372.jpg,532,89
8900,images/real_human_humanart_15000000001652.jpg,612,104
8901,images/real_human_humanart_15000000000915.jpg,737,115
8902,images/coco_8594_1258043.jpg,652,101
8903,images/coco_169539_2205730.jpg,391,64
8904,images/coco_31981_470473.jpg,314,54
8905,images/coco_430245_194610.jpg,446,74
8906,images/painting_humanart_9000000002737.jpg,540,90
8907,images/painting_humanart_1000000000778.jpg,348,58
8908,images/coco_242365_438486.jpg,679,113
8909,images/coco_173161_crowd.jpg,575,90
8910,images/coco_550162_193430.jpg,564,91
8911,images/painting_humanart_10000000001748.jpg,505,76
8912,images/coco_410056_191658.jpg,416,69
8913,images/coco_341910_445215.jpg,457,72
8914,images/painting_humanart_2000000003068.jpg,575,90
8915,images/real_human_humanart_17000000001803.jpg,347,49
8916,images/danbooru_anime_11916746.jpg,675,105
8917,images/coco_514990_crowd.jpg,527,83
8918,images/real_human_humanart_15000000001029.jpg,296,48
8919,images/real_human_humanart_17000000001456.jpg,518,83
8920,images/sculpture_humanart_14000000001017.jpg,501,74
8921,images/real_human_humanart_17000000000649.jpg,602,94
8922,images/coco_5713_492094.jpg,434,72
8923,images/real_human_humanart_15000000002324.jpg,572,81
8924,images/real_human_humanart_15000000000196.jpg,685,99
8925,images/danbooru_anime_11909541.jpg,395,60
8926,images/sculpture_humanart_14000000001475.jpg,524,83
8927,images/painting_humanart_10000000003015.jpg,398,62
8928,images/coco_512320_470292.jpg,312,52
8929,images/sculpture_humanart_14000000000099.jpg,517,76
8930,images/painting_humanart_6000000002585.jpg,644,101
8931,images/danbooru_anime_11908302.jpg,610,92
8932,images/painting_humanart_1000000000639.jpg,434,69
8933,images/coco_156324_431279.jpg,373,56
8934,images/painting_humanart_6000000002949.jpg,352,51
8935,images/coco_388161_crowd.jpg,421,75
8936,images/sculpture_humanart_14000000000676.jpg,501,78
8937,images/painting_humanart_10000000004651.jpg,669,106
8938,images/painting_humanart_6000000000943.jpg,526,81
8939,images/painting_humanart_9000000002169.jpg,456,68
8940,images/painting_humanart_2000000000077.jpg,786,123
8941,images/real_human_humanart_17000000001813.jpg,629,94
8942,images/painting_humanart_9000000002317.jpg,620,101
8943,images/coco_354254_2198525.jpg,398,64
8944,images/painting_humanart_1000000002604.jpg,571,90
8945,images/coco_561437_1712671.jpg,354,58
8946,images/coco_398309_1740016.jpg,275,48
8947,images/real_human_humanart_15000000001464.jpg,581,91
8948,images/coco_514366_crowd.jpg,701,115
8949,images/danbooru_anime_11909815.jpg,509,78
8950,images/real_human_humanart_15000000001848.jpg,399,66
8951,images/real_human_humanart_15000000001001.jpg,719,117
8952,images/danbooru_anime_11900504.jpg,319,50
8953,images/danbooru_anime_11918132.jpg,748,115
8954,images/real_human_humanart_17000000001221.jpg,575,87
8955,images/painting_humanart_2000000000816.jpg,576,86
8956,images/coco_309071_217109.jpg,693,110
8957,images/painting_humanart_9000000000694.jpg,226,36
8958,images/real_human_humanart_15000000001881.jpg,722,118
8959,images/real_human_humanart_15000000002313.jpg,962,146
8960,images/coco_240137_459591.jpg,240,42
8961,images/real_human_humanart_17000000002403.jpg,693,103
8962,images/danbooru_anime_11919217.jpg,550,86
8963,images/danbooru_anime_11917132.jpg,616,96
8964,images/danbooru_anime_11915722.jpg,380,60
8965,images/painting_humanart_6000000002166.jpg,287,46
8966,images/painting_humanart_9000000000352.jpg,451,69
8967,images/real_human_humanart_15000000002473.jpg,579,89
8968,images/sculpture_humanart_14000000000242.jpg,612,98
8969,images/coco_325602_crowd.jpg,406,63
8970,images/coco_365685_466574.jpg,433,67
8971,images/painting_humanart_9000000001410.jpg,275,46
8972,images/coco_199962_184371.jpg,425,74
8973,images/painting_humanart_1000000008341.jpg,506,83
8974,images/real_human_humanart_15000000000989.jpg,341,58
8975,images/danbooru_anime_11921235.jpg,703,100
8976,images/coco_268469_214736.jpg,556,94
8977,images/danbooru_anime_11905543.jpg,479,75
8978,images/painting_humanart_10000000001356.jpg,573,95
8979,images/danbooru_anime_11903880.jpg,376,59
8980,images/real_human_humanart_17000000001219.jpg,714,109
8981,images/coco_189103_432990.jpg,287,51
8982,images/painting_humanart_6000000002757.jpg,391,61
8983,images/painting_humanart_2000000000947.jpg,877,143
8984,images/real_human_humanart_17000000001231.jpg,566,90
8985,images/painting_humanart_10000000004697.jpg,667,100
8986,images/danbooru_anime_11915398.jpg,513,78
8987,images/coco_534915_crowd.jpg,368,57
8988,images/coco_48791_476259.jpg,352,58
8989,images/coco_560108_209043.jpg,440,73
8990,images/danbooru_anime_11919860.jpg,518,81
8991,images/coco_135356_431425.jpg,663,109
8992,images/real_human_humanart_17000000001619.jpg,516,80
8993,images/real_human_humanart_17000000000217.jpg,633,97
8994,images/coco_570781_423596.jpg,465,76
8995,images/painting_humanart_10000000006089.jpg,378,59
8996,images/real_human_humanart_15000000000261.jpg,647,98
8997,images/painting_humanart_2000000002018.jpg,622,101
8998,images/painting_humanart_1000000000649.jpg,675,112
8999,images/real_human_humanart_17000000000799.jpg,735,116
9000,images/sculpture_humanart_14000000001660.jpg,457,65
9001,images/real_human_humanart_15000000000508.jpg,425,67
9002,images/danbooru_anime_11918760.jpg,423,67
9003,images/painting_humanart_9000000001395.jpg,628,86
9004,images/coco_87328_489130.jpg,404,64
9005,images/painting_humanart_6000000000243.jpg,420,69
9006,images/painting_humanart_6000000002793.jpg,312,55
9007,images/sculpture_humanart_14000000001178.jpg,530,81
9008,images/painting_humanart_10000000001139.jpg,293,44
9009,images/real_human_humanart_17000000000257.jpg,684,101
9010,images/real_human_humanart_17000000001762.jpg,560,82
9011,images/painting_humanart_10000000005736.jpg,398,63
9012,images/danbooru_anime_11917178.jpg,293,49
9013,images/danbooru_anime_11919679.jpg,299,48
9014,images/coco_338375_crowd.jpg,394,63
9015,images/real_human_humanart_15000000001598.jpg,603,98
9016,images/real_human_humanart_15000000001376.jpg,671,102
9017,images/real_human_humanart_15000000001131.jpg,650,92
9018,images/painting_humanart_10000000004897.jpg,421,65
9019,images/painting_humanart_9000000002101.jpg,209,34
9020,images/painting_humanart_6000000002011.jpg,512,89
9021,images/real_human_humanart_17000000000902.jpg,818,130
9022,images/painting_humanart_6000000002473.jpg,521,81
9023,images/real_human_humanart_15000000001064.jpg,639,102
9024,images/sculpture_humanart_14000000004393.jpg,402,65
9025,images/painting_humanart_10000000000181.jpg,388,60
9026,images/coco_15778_crowd.jpg,305,51
9027,images/coco_248924_475706.jpg,541,87
9028,images/coco_563871_crowd.jpg,365,59
9029,images/painting_humanart_10000000004793.jpg,516,85
9030,images/coco_325593_435341.jpg,392,65
9031,images/painting_humanart_10000000000971.jpg,270,41
9032,images/real_human_humanart_15000000002475.jpg,469,74
9033,images/real_human_humanart_17000000001810.jpg,640,94
9034,images/painting_humanart_9000000002227.jpg,587,99
9035,images/painting_humanart_2000000002536.jpg,569,87
9036,images/painting_humanart_10000000000012.jpg,601,91
9037,images/real_human_humanart_15000000000912.jpg,525,80
9038,images/danbooru_anime_11910502.jpg,380,63
9039,images/painting_humanart_1000000007135.jpg,632,102
9040,images/painting_humanart_10000000005957.jpg,403,65
9041,images/danbooru_anime_11917080.jpg,447,68
9042,images/coco_404464_crowd.jpg,500,79
9043,images/real_human_humanart_17000000001623.jpg,722,116
9044,images/painting_humanart_2000000002970.jpg,602,92
9045,images/coco_315773_471493.jpg,366,60
9046,images/real_human_humanart_15000000001622.jpg,651,101
9047,images/painting_humanart_10000000001674.jpg,672,100
9048,images/real_human_humanart_17000000002314.jpg,608,85
9049,images/real_human_humanart_17000000001475.jpg,575,89
9050,images/painting_humanart_10000000003064.jpg,365,52
9051,images/real_human_humanart_17000000002017.jpg,685,101
9052,images/painting_humanart_10000000003237.jpg,481,78
9053,images/real_human_humanart_17000000002360.jpg,349,49
9054,images/real_human_humanart_17000000002240.jpg,572,91
9055,images/painting_humanart_6000000001486.jpg,463,76
9056,images/painting_humanart_6000000000980.jpg,534,89
9057,images/danbooru_anime_11907223.jpg,326,49
9058,images/real_human_humanart_15000000002097.jpg,645,104
9059,images/painting_humanart_6000000003175.jpg,569,92
9060,images/coco_521197_213479.jpg,337,56
9061,images/real_human_humanart_17000000000447.jpg,781,119
9062,images/real_human_humanart_17000000002412.jpg,870,129
9063,images/sculpture_humanart_14000000004046.jpg,633,94
9064,images/painting_humanart_10000000001985.jpg,691,105
9065,images/painting_humanart_2000000001020.jpg,538,88
9066,images/painting_humanart_10000000000585.jpg,300,48
9067,images/danbooru_anime_11903906.jpg,660,101
9068,images/painting_humanart_2000000002521.jpg,406,64
9069,images/real_human_humanart_17000000000020.jpg,677,111
9070,images/painting_humanart_9000000000931.jpg,346,57
9071,images/real_human_humanart_15000000000666.jpg,739,112
9072,images/coco_522065_467390.jpg,576,97
9073,images/painting_humanart_10000000000505.jpg,528,87
9074,images/painting_humanart_1000000003899.jpg,492,83
9075,images/coco_258762_431778.jpg,678,113
9076,images/real_human_humanart_17000000000750.jpg,398,63
9077,images/painting_humanart_9000000001984.jpg,428,74
9078,images/real_human_humanart_15000000001282.jpg,555,83
9079,images/coco_321811_453250.jpg,270,47
9080,images/coco_256031_469253.jpg,367,61
9081,images/danbooru_anime_11918671.jpg,688,116
9082,images/coco_78194_185192.jpg,407,71
9083,images/real_human_humanart_15000000001939.jpg,793,120
9084,images/coco_459721_crowd.jpg,444,74
9085,images/real_human_humanart_15000000001242.jpg,723,112
9086,images/real_human_humanart_15000000002480.jpg,636,94
9087,images/coco_200572_448340.jpg,800,133
9088,images/danbooru_anime_11905149.jpg,427,63
9089,images/real_human_humanart_15000000000241.jpg,577,89
9090,images/real_human_humanart_17000000001638.jpg,687,114
9091,images/painting_humanart_10000000000670.jpg,545,80
9092,images/coco_463398_crowd.jpg,345,58
9093,images/painting_humanart_9000000001353.jpg,751,113
9094,images/painting_humanart_2000000003206.jpg,546,84
9095,images/painting_humanart_2000000000814.jpg,621,89
9096,images/coco_339336_471231.jpg,582,95
9097,images/real_human_humanart_17000000002072.jpg,652,99
9098,images/painting_humanart_10000000006340.jpg,491,79
9099,images/coco_153717_196338.jpg,400,68
9100,images/sculpture_humanart_14000000001576.jpg,440,62
9101,images/painting_humanart_10000000003033.jpg,462,74
9102,images/coco_305195_494931.jpg,509,84
9103,images/sculpture_humanart_14000000001297.jpg,525,84
9104,images/painting_humanart_2000000001145.jpg,487,72
9105,images/real_human_humanart_15000000001361.jpg,545,79
9106,images/real_human_humanart_17000000000107.jpg,692,103
9107,images/sculpture_humanart_14000000001265.jpg,756,114
9108,images/painting_humanart_2000000002573.jpg,764,119
9109,images/sculpture_humanart_14000000004247.jpg,357,57
9110,images/coco_421495_1735755.jpg,364,61
9111,images/real_human_humanart_17000000000332.jpg,717,113
9112,images/painting_humanart_10000000004407.jpg,431,64
9113,images/real_human_humanart_17000000002331.jpg,524,83
9114,images/painting_humanart_1000000002150.jpg,466,79
9115,images/painting_humanart_9000000002642.jpg,507,91
9116,images/real_human_humanart_15000000000832.jpg,512,78
9117,images/coco_141205_crowd.jpg,360,62
9118,images/danbooru_anime_11917120.jpg,424,66
9119,images/real_human_humanart_17000000000818.jpg,659,107
9120,images/coco_12927_207055.jpg,312,51
9121,images/sculpture_humanart_14000000004480.jpg,553,79
9122,images/sculpture_humanart_14000000003781.jpg,748,119
9123,images/danbooru_anime_11900522.jpg,278,43
9124,images/coco_68525_499426.jpg,414,67
9125,images/real_human_humanart_17000000000969.jpg,1230,191
9126,images/danbooru_anime_11915668.jpg,374,61
9127,images/real_human_humanart_15000000002074.jpg,504,76
9128,images/painting_humanart_9000000000288.jpg,521,78
9129,images/real_human_humanart_15000000001995.jpg,858,131
9130,images/danbooru_anime_11901838.jpg,551,78
9131,images/danbooru_anime_11919806.jpg,632,97
9132,images/sculpture_humanart_14000000004543.jpg,633,96
9133,images/coco_217593_crowd.jpg,439,77
9134,images/painting_humanart_2000000002744.jpg,879,131
9135,images/real_human_humanart_17000000002147.jpg,495,81
9136,images/coco_473204_220866.jpg,687,113
9137,images/painting_humanart_6000000000278.jpg,438,70
9138,images/painting_humanart_9000000000577.jpg,530,82
9139,images/coco_84735_crowd.jpg,416,68
9140,images/painting_humanart_2000000002427.jpg,603,94
9141,images/sculpture_humanart_14000000002133.jpg,557,84
9142,images/danbooru_anime_11921408.jpg,303,46
9143,images/real_human_humanart_15000000002197.jpg,387,62
9144,images/coco_376891_194648.jpg,614,97
9145,images/painting_humanart_9000000001427.jpg,657,100
9146,images/painting_humanart_9000000002342.jpg,410,61
9147,images/sculpture_humanart_14000000003753.jpg,504,74
9148,images/painting_humanart_6000000003672.jpg,536,91
9149,images/real_human_humanart_15000000000924.jpg,569,86
9150,images/sculpture_humanart_14000000004053.jpg,535,83
9151,images/sculpture_humanart_14000000004255.jpg,770,122
9152,images/danbooru_anime_11901086.jpg,338,56
9153,images/real_human_humanart_15000000002344.jpg,654,98
9154,images/coco_373768_crowd.jpg,663,109
9155,images/sculpture_humanart_14000000001504.jpg,529,79
9156,images/coco_384348_430804.jpg,507,83
9157,images/real_human_humanart_17000000002076.jpg,679,99
9158,images/real_human_humanart_15000000001531.jpg,785,113
9159,images/sculpture_humanart_14000000001018.jpg,568,89
9160,images/painting_humanart_6000000001063.jpg,457,76
9161,images/painting_humanart_10000000003326.jpg,343,58
9162,images/painting_humanart_2000000000701.jpg,464,77
9163,images/real_human_humanart_15000000000841.jpg,717,109
9164,images/painting_humanart_1000000000900.jpg,506,83
9165,images/danbooru_anime_11913264.jpg,441,70
9166,images/danbooru_anime_11909406.jpg,435,68
9167,images/real_human_humanart_17000000001881.jpg,668,94
9168,images/painting_humanart_2000000001481.jpg,395,62
9169,images/painting_humanart_1000000005674.jpg,558,87
9170,images/coco_492395_crowd.jpg,554,85
9171,images/coco_102353_451098.jpg,691,103
9172,images/coco_41011_184973.jpg,309,52
9173,images/coco_296684_457596.jpg,300,48
9174,images/danbooru_anime_11921139.jpg,657,100
9175,images/coco_580388_448394.jpg,662,104
9176,images/real_human_humanart_15000000001793.jpg,561,93
9177,images/sculpture_humanart_14000000004094.jpg,571,85
9178,images/real_human_humanart_15000000001753.jpg,493,77
9179,images/painting_humanart_10000000005918.jpg,626,102
9180,images/coco_373289_449946.jpg,387,64
9181,images/painting_humanart_2000000000436.jpg,719,114
9182,images/sculpture_humanart_14000000001491.jpg,632,98
9183,images/danbooru_anime_11917661.jpg,485,82
9184,images/coco_288528_crowd.jpg,280,42
9185,images/painting_humanart_6000000000602.jpg,548,96
9186,images/coco_456969_489304.jpg,465,76
9187,images/sculpture_humanart_14000000004111.jpg,647,97
9188,images/sculpture_humanart_14000000004078.jpg,712,114
9189,images/coco_185240_crowd.jpg,319,56
9190,images/coco_515403_194594.jpg,440,64
9191,images/painting_humanart_6000000001768.jpg,459,77
9192,images/coco_23895_crowd.jpg,698,112
9193,images/painting_humanart_6000000000597.jpg,259,38
9194,images/real_human_humanart_15000000002342.jpg,564,82
9195,images/danbooru_anime_11921275.jpg,602,90
9196,images/coco_549683_439893.jpg,343,57
9197,images/painting_humanart_1000000000042.jpg,413,69
9198,images/coco_323851_197862.jpg,532,92
9199,images/real_human_humanart_15000000002413.jpg,659,100
9200,images/real_human_humanart_15000000001892.jpg,599,90
9201,images/coco_187244_456351.jpg,348,55
9202,images/sculpture_humanart_14000000001023.jpg,520,80
9203,images/danbooru_anime_11902372.jpg,697,108
9204,images/sculpture_humanart_14000000003967.jpg,394,62
9205,images/danbooru_anime_11917763.jpg,460,66
9206,images/painting_humanart_2000000000106.jpg,410,65
9207,images/painting_humanart_2000000000061.jpg,571,94
9208,images/painting_humanart_10000000005515.jpg,325,52
9209,images/coco_127990_430340.jpg,333,55
9210,images/painting_humanart_1000000007451.jpg,459,73
9211,images/painting_humanart_1000000002366.jpg,437,76
9212,images/painting_humanart_1000000000914.jpg,464,86
9213,images/painting_humanart_2000000001379.jpg,477,80
9214,images/danbooru_anime_11909086.jpg,419,70
9215,images/real_human_humanart_15000000001119.jpg,868,134
9216,images/coco_368676_crowd.jpg,855,146
9217,images/coco_337619_crowd.jpg,283,46
9218,images/danbooru_anime_11918761.jpg,816,126
9219,images/sculpture_humanart_14000000001301.jpg,637,97
9220,images/painting_humanart_1000000002632.jpg,245,39
9221,images/real_human_humanart_17000000001516.jpg,592,96
9222,images/danbooru_anime_11906818.jpg,393,62
9223,images/danbooru_anime_11915259.jpg,378,60
9224,images/coco_149903_206433.jpg,341,58
9225,images/coco_276841_514733.jpg,396,62
9226,images/sculpture_humanart_14000000003876.jpg,765,116
9227,images/coco_395248_199531.jpg,579,92
9228,images/painting_humanart_9000000000973.jpg,386,65
9229,images/real_human_humanart_15000000001255.jpg,682,110
9230,images/danbooru_anime_11910571.jpg,567,91
9231,images/painting_humanart_6000000001736.jpg,390,64
9232,images/coco_491058_491104.jpg,330,50
9233,images/painting_humanart_2000000001170.jpg,673,106
9234,images/real_human_humanart_15000000000258.jpg,650,99
9235,images/real_human_humanart_17000000000735.jpg,547,85
9236,images/painting_humanart_9000000000168.jpg,587,90
9237,images/danbooru_anime_11902889.jpg,679,107
9238,images/painting_humanart_6000000002867.jpg,320,50
9239,images/coco_31984_crowd.jpg,562,90
9240,images/painting_humanart_10000000005069.jpg,333,55
9241,images/danbooru_anime_11903093.jpg,550,82
9242,images/real_human_humanart_15000000001144.jpg,528,83
9243,images/coco_579457_crowd.jpg,480,86
9244,images/real_human_humanart_17000000000422.jpg,782,121
9245,images/sculpture_humanart_14000000001796.jpg,730,112
9246,images/real_human_humanart_17000000001556.jpg,670,101
9247,images/coco_176278_445000.jpg,601,101
9248,images/real_human_humanart_15000000000540.jpg,670,108
9249,images/coco_552532_204201.jpg,437,70
9250,images/coco_201498_500301.jpg,312,49
9251,images/painting_humanart_2000000000480.jpg,585,89
9252,images/danbooru_anime_11919347.jpg,579,89
9253,images/painting_humanart_10000000001832.jpg,550,92
9254,images/danbooru_anime_11917355.jpg,490,70
9255,images/real_human_humanart_17000000000138.jpg,711,116
9256,images/sculpture_humanart_14000000004028.jpg,627,96
9257,images/danbooru_anime_11911066.jpg,664,103
9258,images/painting_humanart_9000000001899.jpg,390,59
9259,images/coco_130432_430707.jpg,650,99
9260,images/coco_400456_185437.jpg,381,65
9261,images/painting_humanart_10000000004971.jpg,323,49
9262,images/real_human_humanart_15000000002315.jpg,678,103
9263,images/coco_150292_crowd.jpg,467,79
9264,images/painting_humanart_10000000000780.jpg,534,78
9265,images/coco_491242_468759.jpg,376,56
9266,images/painting_humanart_6000000003140.jpg,546,83
9267,images/painting_humanart_10000000004103.jpg,253,41
9268,images/coco_113590_crowd.jpg,608,95
9269,images/painting_humanart_10000000004530.jpg,256,42
9270,images/sculpture_humanart_14000000001976.jpg,507,74
9271,images/sculpture_humanart_14000000000508.jpg,559,88
9272,images/painting_humanart_10000000006418.jpg,348,58
9273,images/coco_505035_426987.jpg,433,75
9274,images/coco_87811_crowd.jpg,369,65
9275,images/danbooru_anime_11921047.jpg,596,89
9276,images/sculpture_humanart_14000000000066.jpg,615,90
9277,images/danbooru_anime_11904833.jpg,607,96
9278,images/painting_humanart_6000000000777.jpg,420,70
9279,images/coco_305423_1740664.jpg,283,47
9280,images/painting_humanart_10000000000809.jpg,404,65
9281,images/coco_95474_214603.jpg,362,59
9282,images/painting_humanart_2000000001079.jpg,559,90
9283,images/coco_409100_224636.jpg,287,50
9284,images/danbooru_anime_11920966.jpg,400,62
9285,images/painting_humanart_1000000001696.jpg,537,93
9286,images/painting_humanart_6000000001837.jpg,380,62
9287,images/coco_254926_473162.jpg,551,88
9288,images/painting_humanart_10000000006354.jpg,584,90
9289,images/painting_humanart_6000000001442.jpg,495,82
9290,images/painting_humanart_2000000000032.jpg,667,95
9291,images/painting_humanart_2000000002619.jpg,429,70
9292,images/real_human_humanart_15000000000534.jpg,726,117
9293,images/real_human_humanart_17000000000985.jpg,576,92
9294,images/painting_humanart_10000000005574.jpg,434,71
9295,images/coco_357758_190335.jpg,373,62
9296,images/real_human_humanart_17000000000566.jpg,937,140
9297,images/painting_humanart_10000000001214.jpg,547,79
9298,images/coco_469793_193153.jpg,446,83
9299,images/painting_humanart_2000000001880.jpg,422,69
9300,images/painting_humanart_9000000002622.jpg,195,30
9301,images/painting_humanart_10000000002529.jpg,294,48
9302,images/real_human_humanart_15000000001097.jpg,725,112
9303,images/real_human_humanart_15000000000720.jpg,690,113
9304,images/danbooru_anime_11920566.jpg,727,121
9305,images/painting_humanart_10000000002017.jpg,453,70
9306,images/coco_64088_230529.jpg,594,98
9307,images/danbooru_anime_11918536.jpg,485,77
9308,images/sculpture_humanart_14000000000391.jpg,533,81
9309,images/sculpture_humanart_14000000004087.jpg,422,65
9310,images/coco_467580_1723250.jpg,239,42
9311,images/painting_humanart_2000000002561.jpg,571,87
9312,images/painting_humanart_1000000006194.jpg,294,48
9313,images/painting_humanart_6000000002767.jpg,536,94
9314,images/coco_404687_428440.jpg,303,48
9315,images/coco_464831_crowd.jpg,425,65
9316,images/painting_humanart_2000000000887.jpg,666,108
9317,images/coco_77754_428451.jpg,389,62
9318,images/coco_273684_2152994.jpg,370,62
9319,images/painting_humanart_9000000002379.jpg,429,72
9320,images/painting_humanart_9000000001039.jpg,486,72
9321,images/real_human_humanart_15000000002419.jpg,723,108
9322,images/real_human_humanart_17000000001715.jpg,461,72
9323,images/sculpture_humanart_14000000003644.jpg,494,75
9324,images/painting_humanart_10000000004460.jpg,407,66
9325,images/painting_humanart_10000000005102.jpg,578,88
9326,images/coco_171524_crowd.jpg,180,31
9327,images/real_human_humanart_17000000000458.jpg,616,97
9328,images/painting_humanart_9000000000846.jpg,313,51
9329,images/coco_354027_crowd.jpg,506,84
9330,images/real_human_humanart_15000000000102.jpg,684,110
9331,images/coco_14635_crowd.jpg,484,82
9332,images/coco_326243_438983.jpg,486,85
9333,images/danbooru_anime_11910438.jpg,467,74
9334,images/coco_557926_crowd.jpg,444,73
9335,images/danbooru_anime_11919355.jpg,379,61
9336,images/painting_humanart_9000000001976.jpg,552,82
9337,images/coco_280819_467202.jpg,649,102
9338,images/painting_humanart_10000000004350.jpg,332,54
9339,images/painting_humanart_9000000001038.jpg,644,100
9340,images/danbooru_anime_11900361.jpg,379,61
9341,images/painting_humanart_10000000000326.jpg,463,69
9342,images/coco_533227_439363.jpg,638,109
9343,images/real_human_humanart_17000000000838.jpg,743,115
9344,images/painting_humanart_2000000003174.jpg,795,117
9345,images/coco_169436_487049.jpg,412,72
9346,images/painting_humanart_10000000002629.jpg,257,42
9347,images/sculpture_humanart_14000000000367.jpg,367,59
9348,images/painting_humanart_1000000000787.jpg,505,85
9349,images/painting_humanart_1000000000560.jpg,431,71
9350,images/sculpture_humanart_14000000004018.jpg,486,72
9351,images/coco_34234_2166366.jpg,480,79
9352,images/painting_humanart_10000000000006.jpg,542,83
9353,images/sculpture_humanart_14000000004181.jpg,678,109
9354,images/painting_humanart_10000000000925.jpg,517,78
9355,images/coco_504697_crowd.jpg,251,45
9356,images/coco_449839_crowd.jpg,577,92
9357,images/coco_353577_crowd.jpg,362,59
9358,images/real_human_humanart_15000000000251.jpg,559,85
9359,images/coco_465973_crowd.jpg,452,71
9360,images/coco_71602_crowd.jpg,290,43
9361,images/danbooru_anime_11913512.jpg,562,87
9362,images/coco_460997_475021.jpg,305,46
9363,images/sculpture_humanart_14000000004491.jpg,542,82
9364,images/real_human_humanart_15000000001932.jpg,583,91
9365,images/painting_humanart_10000000003302.jpg,415,67
9366,images/coco_537376_crowd.jpg,484,80
9367,images/real_human_humanart_15000000001471.jpg,668,101
9368,images/real_human_humanart_15000000002086.jpg,688,106
9369,images/painting_humanart_1000000004622.jpg,486,79
9370,images/painting_humanart_1000000000818.jpg,387,65
9371,images/coco_294853_crowd.jpg,812,132
9372,images/painting_humanart_6000000000852.jpg,636,100
9373,images/coco_98801_crowd.jpg,241,39
9374,images/real_human_humanart_17000000000061.jpg,445,67
9375,images/coco_370953_crowd.jpg,603,101
9376,images/coco_503278_crowd.jpg,425,65
9377,images/coco_573686_crowd.jpg,595,91
9378,images/painting_humanart_10000000003946.jpg,450,68
9379,images/danbooru_anime_11910647.jpg,656,100
9380,images/danbooru_anime_11920332.jpg,298,46
9381,images/real_human_humanart_15000000002352.jpg,672,104
9382,images/coco_416786_crowd.jpg,593,99
9383,images/real_human_humanart_15000000000043.jpg,612,86
9384,images/danbooru_anime_11903375.jpg,476,79
9385,images/painting_humanart_9000000002505.jpg,461,78
9386,images/painting_humanart_9000000000571.jpg,342,49
9387,images/coco_542938_187491.jpg,257,42
9388,images/coco_58800_crowd.jpg,404,65
9389,images/painting_humanart_6000000002179.jpg,476,84
9390,images/painting_humanart_9000000002397.jpg,520,82
9391,images/real_human_humanart_15000000000661.jpg,524,84
9392,images/coco_404992_197122.jpg,366,62
9393,images/coco_282225_466515.jpg,366,60
9394,images/painting_humanart_6000000001133.jpg,447,68
9395,images/real_human_humanart_15000000000623.jpg,587,92
9396,images/coco_352302_crowd.jpg,421,65
9397,images/real_human_humanart_15000000000083.jpg,566,86
9398,images/sculpture_humanart_14000000004433.jpg,524,80
9399,images/painting_humanart_1000000003169.jpg,566,83
9400,images/painting_humanart_9000000000809.jpg,603,91
9401,images/danbooru_anime_11903792.jpg,678,107
9402,images/coco_314147_458500.jpg,541,92
9403,images/painting_humanart_1000000008408.jpg,323,45
9404,images/painting_humanart_9000000000428.jpg,489,76
9405,images/real_human_humanart_17000000000167.jpg,596,95
9406,images/real_human_humanart_15000000000305.jpg,457,67
9407,images/sculpture_humanart_14000000004462.jpg,615,92
9408,images/coco_10149_191566.jpg,514,87
9409,images/real_human_humanart_17000000001290.jpg,816,128
9410,images/danbooru_anime_11908393.jpg,532,84
9411,images/painting_humanart_9000000001350.jpg,599,91
9412,images/real_human_humanart_17000000000850.jpg,899,139
9413,images/painting_humanart_9000000002264.jpg,400,62
9414,images/real_human_humanart_15000000000451.jpg,691,104
9415,images/sculpture_humanart_14000000000438.jpg,713,108
9416,images/real_human_humanart_17000000002502.jpg,635,107
9417,images/painting_humanart_9000000001613.jpg,561,89
9418,images/sculpture_humanart_14000000004287.jpg,579,89
9419,images/painting_humanart_10000000003736.jpg,443,68
9420,images/painting_humanart_2000000001884.jpg,373,59
9421,images/danbooru_anime_11919238.jpg,498,75
9422,images/coco_126895_crowd.jpg,426,71
9423,images/coco_448998_496844.jpg,512,81
9424,images/real_human_humanart_15000000001213.jpg,537,87
9425,images/real_human_humanart_17000000000121.jpg,582,90
9426,images/real_human_humanart_15000000001127.jpg,787,119
9427,images/danbooru_anime_11917794.jpg,400,57
9428,images/coco_125983_crowd.jpg,368,59
9429,images/coco_258330_440709.jpg,408,66
9430,images/real_human_humanart_15000000000546.jpg,573,87
9431,images/real_human_humanart_15000000001060.jpg,564,85
9432,images/coco_579918_200871.jpg,409,61
9433,images/painting_humanart_9000000000859.jpg,366,57
9434,images/real_human_humanart_17000000000059.jpg,839,124
9435,images/coco_120783_2158567.jpg,486,73
9436,images/painting_humanart_10000000000021.jpg,558,85
9437,images/coco_31121_484310.jpg,621,97
9438,images/painting_humanart_9000000001593.jpg,990,166
9439,images/real_human_humanart_17000000000291.jpg,607,96
9440,images/danbooru_anime_11920773.jpg,367,59
9441,images/painting_humanart_6000000002317.jpg,644,101
9442,images/real_human_humanart_15000000000445.jpg,377,63
9443,images/painting_humanart_2000000000909.jpg,424,67
9444,images/danbooru_anime_11901728.jpg,390,64
9445,images/coco_250167_426007.jpg,607,102
9446,images/painting_humanart_10000000000987.jpg,508,77
9447,images/coco_490714_475076.jpg,479,76
9448,images/danbooru_anime_11919076.jpg,352,64
9449,images/real_human_humanart_15000000001134.jpg,342,55
9450,images/coco_103873_crowd.jpg,445,71
9451,images/danbooru_anime_11910500.jpg,255,40
9452,images/painting_humanart_2000000002673.jpg,661,102
9453,images/coco_132791_200184.jpg,311,52
9454,images/coco_425324_1211519.jpg,239,43
9455,images/danbooru_anime_11914953.jpg,513,80
9456,images/sculpture_humanart_14000000001933.jpg,689,104
9457,images/sculpture_humanart_14000000003826.jpg,369,55
9458,images/painting_humanart_2000000001704.jpg,616,103
9459,images/coco_429290_crowd.jpg,399,69
9460,images/danbooru_anime_11914000.jpg,229,39
9461,images/painting_humanart_10000000000685.jpg,337,51
9462,images/painting_humanart_9000000001027.jpg,361,53
9463,images/painting_humanart_1000000000189.jpg,419,69
9464,images/coco_337843_484107.jpg,466,71
9465,images/real_human_humanart_17000000002187.jpg,859,134
9466,images/real_human_humanart_15000000001784.jpg,475,75
9467,images/painting_humanart_1000000001862.jpg,430,72
9468,images/painting_humanart_6000000000399.jpg,561,92
9469,images/coco_306495_1741490.jpg,325,51
9470,images/coco_96288_crowd.jpg,311,49
9471,images/coco_432300_429260.jpg,449,74
9472,images/painting_humanart_9000000001776.jpg,545,87
9473,images/coco_426631_468031.jpg,446,73
9474,images/danbooru_anime_11916751.jpg,518,80
9475,images/coco_49881_crowd.jpg,396,66
9476,images/coco_74349_431882.jpg,708,112
9477,images/sculpture_humanart_14000000004325.jpg,546,86
9478,images/coco_94002_446239.jpg,376,59
9479,images/sculpture_humanart_14000000003898.jpg,790,124
9480,images/painting_humanart_9000000001724.jpg,688,114
9481,images/painting_humanart_10000000005610.jpg,499,78
9482,images/painting_humanart_6000000001111.jpg,558,92
9483,images/painting_humanart_1000000001211.jpg,300,45
9484,images/painting_humanart_2000000003019.jpg,717,116
9485,images/coco_128978_184933.jpg,319,55
9486,images/sculpture_humanart_14000000000811.jpg,659,98
9487,images/painting_humanart_6000000003180.jpg,585,88
9488,images/real_human_humanart_17000000001417.jpg,580,93
9489,images/real_human_humanart_15000000001290.jpg,569,84
9490,images/painting_humanart_10000000004436.jpg,228,39
9491,images/painting_humanart_9000000001926.jpg,468,70
9492,images/coco_155465_541460.jpg,458,77
9493,images/painting_humanart_6000000000012.jpg,622,93
9494,images/real_human_humanart_17000000000934.jpg,594,86
9495,images/painting_humanart_9000000000726.jpg,474,71
9496,images/real_human_humanart_15000000001565.jpg,957,142
9497,images/painting_humanart_6000000002555.jpg,504,85
9498,images/danbooru_anime_11910077.jpg,343,53
9499,images/coco_81103_185092.jpg,369,59
9500,images/coco_525227_428097.jpg,422,68
9501,images/real_human_humanart_17000000002443.jpg,664,108
9502,images/painting_humanart_6000000003264.jpg,403,66
9503,images/painting_humanart_1000000002163.jpg,409,63
9504,images/danbooru_anime_11916724.jpg,350,57
9505,images/real_human_humanart_15000000000188.jpg,568,90
9506,images/coco_456638_185174.jpg,311,53
9507,images/painting_humanart_10000000000366.jpg,466,72
9508,images/painting_humanart_1000000001225.jpg,387,64
9509,images/danbooru_anime_11921060.jpg,493,76
9510,images/coco_443640_467226.jpg,429,62
9511,images/painting_humanart_2000000002191.jpg,437,69
9512,images/coco_89378_2197893.jpg,259,42
9513,images/real_human_humanart_17000000000656.jpg,758,117
9514,images/painting_humanart_6000000001987.jpg,507,80
9515,images/painting_humanart_1000000000277.jpg,308,56
9516,images/coco_385454_crowd.jpg,555,88
9517,images/painting_humanart_1000000000949.jpg,417,65
9518,images/sculpture_humanart_14000000004199.jpg,562,85
9519,images/painting_humanart_9000000000015.jpg,307,49
9520,images/painting_humanart_10000000000406.jpg,380,62
9521,images/real_human_humanart_15000000001084.jpg,600,92
9522,images/coco_204049_462138.jpg,353,57
9523,images/painting_humanart_10000000000252.jpg,326,52
9524,images/coco_430867_188986.jpg,353,62
9525,images/painting_humanart_2000000000944.jpg,454,70
9526,images/painting_humanart_6000000003304.jpg,284,44
9527,images/painting_humanart_9000000001433.jpg,636,97
9528,images/danbooru_anime_11921231.jpg,647,97
9529,images/painting_humanart_10000000004571.jpg,410,65
9530,images/sculpture_humanart_14000000001995.jpg,536,85
9531,images/danbooru_anime_11909904.jpg,584,92
9532,images/painting_humanart_9000000002618.jpg,386,62
9533,images/painting_humanart_9000000000674.jpg,518,75
9534,images/sculpture_humanart_14000000001579.jpg,594,89
9535,images/sculpture_humanart_14000000004037.jpg,552,90
9536,images/painting_humanart_6000000003359.jpg,257,48
9537,images/real_human_humanart_15000000002216.jpg,749,119
9538,images/danbooru_anime_11910873.jpg,481,77
9539,images/danbooru_anime_11904521.jpg,446,75
9540,images/painting_humanart_2000000000220.jpg,456,75
9541,images/painting_humanart_2000000002823.jpg,598,90
9542,images/coco_451511_426948.jpg,384,59
9543,images/painting_humanart_9000000000638.jpg,250,41
9544,images/painting_humanart_10000000000260.jpg,407,63
9545,images/coco_225913_crowd.jpg,474,77
9546,images/real_human_humanart_17000000000143.jpg,568,88
9547,images/real_human_humanart_15000000000427.jpg,636,99
9548,images/coco_95677_425051.jpg,476,81
9549,images/painting_humanart_10000000000741.jpg,557,88
9550,images/painting_humanart_10000000002633.jpg,365,59
9551,images/painting_humanart_10000000006260.jpg,367,57
9552,images/painting_humanart_1000000001379.jpg,378,60
9553,images/real_human_humanart_17000000002161.jpg,631,102
9554,images/coco_313733_crowd.jpg,343,54
9555,images/painting_humanart_2000000001658.jpg,523,85
9556,images/painting_humanart_10000000000436.jpg,565,82
9557,images/danbooru_anime_11911949.jpg,495,79
9558,images/coco_221864_1210585.jpg,328,54
9559,images/danbooru_anime_11919511.jpg,401,66
9560,images/real_human_humanart_17000000002267.jpg,406,63
9561,images/coco_101656_186340.jpg,352,57
9562,images/coco_50713_crowd.jpg,886,146
9563,images/coco_304924_508572.jpg,382,58
9564,images/painting_humanart_6000000000027.jpg,535,80
9565,images/sculpture_humanart_14000000000797.jpg,517,81
9566,images/real_human_humanart_17000000002074.jpg,516,86
9567,images/painting_humanart_9000000001493.jpg,188,33
9568,images/painting_humanart_6000000001379.jpg,528,82
9569,images/painting_humanart_9000000000318.jpg,524,84
9570,images/painting_humanart_9000000001342.jpg,382,69
9571,images/coco_12343_2153230.jpg,378,63
9572,images/real_human_humanart_15000000002402.jpg,673,97
9573,images/danbooru_anime_11919896.jpg,491,82
9574,images/painting_humanart_10000000002988.jpg,381,57
9575,images/coco_213586_1732890.jpg,532,86
9576,images/real_human_humanart_17000000000814.jpg,733,115
9577,images/painting_humanart_10000000002290.jpg,416,64
9578,images/painting_humanart_2000000000413.jpg,408,62
9579,images/coco_516813_crowd.jpg,275,44
9580,images/sculpture_humanart_14000000001944.jpg,576,90
9581,images/real_human_humanart_15000000001031.jpg,530,79
9582,images/coco_193474_439622.jpg,585,95
9583,images/painting_humanart_10000000000473.jpg,312,45
9584,images/real_human_humanart_15000000001091.jpg,644,97
9585,images/real_human_humanart_15000000001797.jpg,599,91
9586,images/coco_227433_222009.jpg,435,72
9587,images/real_human_humanart_17000000002499.jpg,567,88
9588,images/coco_10023_439238.jpg,456,67
9589,images/real_human_humanart_17000000001673.jpg,755,114
9590,images/danbooru_anime_11919936.jpg,529,83
9591,images/sculpture_humanart_14000000000774.jpg,378,58
9592,images/danbooru_anime_11911095.jpg,724,115
9593,images/painting_humanart_6000000002100.jpg,323,45
9594,images/painting_humanart_2000000002689.jpg,579,89
9595,images/painting_humanart_2000000002723.jpg,437,67
9596,images/real_human_humanart_15000000001651.jpg,693,107
9597,images/coco_63521_crowd.jpg,747,129
9598,images/real_human_humanart_17000000001757.jpg,547,90
9599,images/real_human_humanart_17000000000286.jpg,452,74
9600,images/painting_humanart_6000000001339.jpg,444,76
9601,images/painting_humanart_10000000001933.jpg,574,94
9602,images/danbooru_anime_11918830.jpg,629,101
9603,images/real_human_humanart_15000000001015.jpg,603,95
9604,images/coco_460010_1724823.jpg,299,50
9605,images/painting_humanart_10000000005202.jpg,441,69
9606,images/danbooru_anime_11917482.jpg,583,90
9607,images/painting_humanart_6000000002465.jpg,262,42
9608,images/coco_415613_448591.jpg,545,82
9609,images/real_human_humanart_17000000002327.jpg,538,84
9610,images/sculpture_humanart_14000000001295.jpg,573,86
9611,images/painting_humanart_2000000001350.jpg,356,54
9612,images/painting_humanart_10000000000017.jpg,301,42
9613,images/coco_149470_444070.jpg,399,60
9614,images/real_human_humanart_15000000001096.jpg,715,102
9615,images/sculpture_humanart_14000000000862.jpg,603,94
9616,images/coco_194704_428478.jpg,583,99
9617,images/sculpture_humanart_14000000004024.jpg,611,102
9618,images/coco_430525_crowd.jpg,715,113
9619,images/painting_humanart_9000000001314.jpg,310,48
9620,images/coco_89099_crowd.jpg,311,50
9621,images/coco_581886_crowd.jpg,386,68
9622,images/coco_478157_crowd.jpg,376,64
9623,images/sculpture_humanart_14000000001614.jpg,331,49
9624,images/painting_humanart_2000000003017.jpg,719,111
9625,images/sculpture_humanart_14000000003836.jpg,550,83
9626,images/real_human_humanart_15000000001405.jpg,540,83
9627,images/painting_humanart_10000000003422.jpg,325,51
9628,images/real_human_humanart_17000000000956.jpg,744,122
9629,images/painting_humanart_6000000000606.jpg,292,44
9630,images/painting_humanart_9000000000375.jpg,495,75
9631,images/painting_humanart_6000000000814.jpg,499,81
9632,images/real_human_humanart_15000000000888.jpg,602,95
9633,images/real_human_humanart_17000000000227.jpg,672,103
9634,images/sculpture_humanart_14000000001245.jpg,492,75
9635,images/painting_humanart_9000000000780.jpg,390,65
9636,images/real_human_humanart_17000000000790.jpg,836,135
9637,images/danbooru_anime_11916078.jpg,464,72
9638,images/painting_humanart_6000000000025.jpg,518,75
9639,images/danbooru_anime_11910294.jpg,334,53
9640,images/painting_humanart_1000000005708.jpg,410,64
9641,images/coco_211722_467788.jpg,427,69
9642,images/danbooru_anime_11920885.jpg,644,97
9643,images/sculpture_humanart_14000000003536.jpg,572,90
9644,images/real_human_humanart_15000000002114.jpg,684,109
9645,images/sculpture_humanart_14000000004095.jpg,482,78
9646,images/danbooru_anime_11920093.jpg,343,56
9647,images/coco_4438_474156.jpg,299,49
9648,images/danbooru_anime_11919485.jpg,551,82
9649,images/danbooru_anime_11919291.jpg,387,67
9650,images/real_human_humanart_15000000001048.jpg,763,124
9651,images/danbooru_anime_11919159.jpg,479,70
9652,images/painting_humanart_10000000002348.jpg,484,70
9653,images/painting_humanart_6000000000036.jpg,504,79
9654,images/painting_humanart_2000000002762.jpg,672,101
9655,images/coco_392183_468194.jpg,364,57
9656,images/sculpture_humanart_14000000000365.jpg,733,113
9657,images/painting_humanart_1000000008416.jpg,383,61
9658,images/sculpture_humanart_14000000004536.jpg,308,46
9659,images/painting_humanart_10000000000186.jpg,531,83
9660,images/painting_humanart_9000000001406.jpg,344,57
9661,images/painting_humanart_9000000001790.jpg,528,81
9662,images/real_human_humanart_17000000001518.jpg,705,111
9663,images/painting_humanart_9000000000510.jpg,368,58
9664,images/sculpture_humanart_14000000004177.jpg,562,90
9665,images/real_human_humanart_15000000001590.jpg,649,99
9666,images/danbooru_anime_11919681.jpg,424,62
9667,images/real_human_humanart_15000000000059.jpg,692,105
9668,images/painting_humanart_10000000000402.jpg,229,35
9669,images/sculpture_humanart_14000000004233.jpg,716,112
9670,images/coco_130619_crowd.jpg,584,96
9671,images/painting_humanart_2000000000095.jpg,441,71
9672,images/real_human_humanart_15000000000304.jpg,570,90
9673,images/real_human_humanart_17000000001786.jpg,538,81
9674,images/painting_humanart_1000000000610.jpg,334,51
9675,images/painting_humanart_10000000000607.jpg,492,74
9676,images/painting_humanart_10000000004950.jpg,235,41
9677,images/painting_humanart_6000000003129.jpg,394,67
9678,images/real_human_humanart_17000000001095.jpg,813,123
9679,images/real_human_humanart_15000000001249.jpg,577,82
9680,images/painting_humanart_9000000000730.jpg,624,107
9681,images/coco_463783_crowd.jpg,260,41
9682,images/sculpture_humanart_14000000000306.jpg,680,96
9683,images/painting_humanart_2000000001811.jpg,511,82
9684,images/coco_568132_crowd.jpg,504,79
9685,images/real_human_humanart_17000000001264.jpg,757,109
9686,images/painting_humanart_1000000000290.jpg,237,39
9687,images/danbooru_anime_11921073.jpg,661,110
9688,images/painting_humanart_10000000000220.jpg,475,71
9689,images/painting_humanart_6000000002708.jpg,459,78
9690,images/painting_humanart_1000000001799.jpg,269,42
9691,images/painting_humanart_9000000002606.jpg,355,55
9692,images/coco_405191_487524.jpg,456,77
9693,images/coco_68674_423658.jpg,408,66
9694,images/real_human_humanart_15000000001707.jpg,442,67
9695,images/coco_544432_crowd.jpg,565,88
9696,images/painting_humanart_1000000007821.jpg,467,74
9697,images/sculpture_humanart_14000000000027.jpg,631,102
9698,images/painting_humanart_1000000000806.jpg,554,87
9699,images/painting_humanart_9000000001079.jpg,539,87
9700,images/danbooru_anime_11919731.jpg,449,70
9701,images/coco_317448_436038.jpg,432,67
9702,images/danbooru_anime_11901781.jpg,343,59
9703,images/painting_humanart_9000000000236.jpg,185,29
9704,images/real_human_humanart_15000000000337.jpg,623,97
9705,images/sculpture_humanart_14000000001687.jpg,580,88
9706,images/coco_152258_crowd.jpg,488,82
9707,images/coco_100098_193288.jpg,239,45
9708,images/coco_171962_226419.jpg,416,72
9709,images/danbooru_anime_11920019.jpg,602,87
9710,images/danbooru_anime_11918938.jpg,417,71
9711,images/danbooru_anime_11918202.jpg,660,102
9712,images/painting_humanart_9000000001997.jpg,426,67
9713,images/danbooru_anime_11920282.jpg,553,86
9714,images/danbooru_anime_11918674.jpg,320,48
9715,images/real_human_humanart_17000000001978.jpg,624,96
9716,images/painting_humanart_9000000001888.jpg,552,89
9717,images/coco_93985_438252.jpg,581,95
9718,images/coco_33377_crowd.jpg,403,69
9719,images/painting_humanart_1000000000804.jpg,455,75
9720,images/danbooru_anime_11921309.jpg,702,106
9721,images/coco_115700_crowd.jpg,589,98
9722,images/danbooru_anime_11921118.jpg,718,100
9723,images/coco_576607_421740.jpg,622,108
9724,images/real_human_humanart_15000000000579.jpg,787,115
9725,images/coco_393284_427667.jpg,420,64
9726,images/painting_humanart_2000000001838.jpg,274,46
9727,images/painting_humanart_6000000003009.jpg,543,89
9728,images/coco_3786_1722033.jpg,337,52
9729,images/danbooru_anime_11919805.jpg,310,48
9730,images/painting_humanart_2000000001277.jpg,488,79
9731,images/danbooru_anime_11917018.jpg,406,62
9732,images/painting_humanart_9000000002636.jpg,339,56
9733,images/coco_250506_425243.jpg,367,61
9734,images/danbooru_anime_11921256.jpg,425,73
9735,images/danbooru_anime_11917480.jpg,441,72
9736,images/danbooru_anime_11906744.jpg,326,51
9737,images/painting_humanart_10000000001478.jpg,400,66
9738,images/real_human_humanart_15000000000177.jpg,546,83
9739,images/real_human_humanart_17000000001977.jpg,594,93
9740,images/real_human_humanart_15000000001922.jpg,1012,156
9741,images/real_human_humanart_17000000001197.jpg,640,95
9742,images/painting_humanart_10000000004029.jpg,549,88
9743,images/painting_humanart_10000000005412.jpg,338,51
9744,images/coco_383777_209152.jpg,511,84
9745,images/painting_humanart_2000000000208.jpg,339,57
9746,images/danbooru_anime_11909271.jpg,654,99
9747,images/coco_150508_430777.jpg,780,121
9748,images/real_human_humanart_15000000001382.jpg,647,103
9749,images/painting_humanart_2000000001893.jpg,584,89
9750,images/painting_humanart_2000000000358.jpg,552,91
9751,images/sculpture_humanart_14000000000651.jpg,668,107
9752,images/real_human_humanart_17000000002382.jpg,607,98
9753,images/danbooru_anime_11920644.jpg,267,41
9754,images/coco_511159_435043.jpg,426,69
9755,images/painting_humanart_6000000002809.jpg,513,97
9756,images/coco_70240_190675.jpg,585,92
9757,images/painting_humanart_1000000004948.jpg,374,62
9758,images/real_human_humanart_17000000000574.jpg,594,102
9759,images/danbooru_anime_11918449.jpg,553,87
9760,images/sculpture_humanart_14000000000124.jpg,773,114
9761,images/coco_499255_477169.jpg,442,71
9762,images/painting_humanart_6000000003029.jpg,579,97
9763,images/painting_humanart_9000000000586.jpg,225,35
9764,images/painting_humanart_9000000002529.jpg,624,89
9765,images/painting_humanart_6000000000463.jpg,306,57
9766,images/painting_humanart_6000000000124.jpg,347,60
9767,images/painting_humanart_1000000000708.jpg,351,56
9768,images/painting_humanart_2000000001436.jpg,713,111
9769,images/painting_humanart_9000000001140.jpg,591,97
9770,images/coco_554625_crowd.jpg,616,98
9771,images/real_human_humanart_17000000001974.jpg,580,84
9772,images/painting_humanart_2000000001734.jpg,636,97
9773,images/painting_humanart_2000000000622.jpg,425,68
9774,images/real_human_humanart_17000000002540.jpg,645,104
9775,images/danbooru_anime_11919387.jpg,346,58
9776,images/painting_humanart_1000000002385.jpg,390,68
9777,images/real_human_humanart_17000000001858.jpg,758,121
9778,images/painting_humanart_1000000001912.jpg,494,79
9779,images/painting_humanart_2000000002759.jpg,483,74
9780,images/coco_447787_200149.jpg,398,68
9781,images/painting_humanart_10000000001742.jpg,472,72
9782,images/coco_526040_451624.jpg,354,57
9783,images/coco_501429_211199.jpg,246,41
9784,images/danbooru_anime_11905853.jpg,458,78
9785,images/painting_humanart_10000000000267.jpg,433,73
9786,images/real_human_humanart_17000000000683.jpg,571,90
9787,images/real_human_humanart_15000000000253.jpg,586,95
9788,images/real_human_humanart_17000000000620.jpg,607,98
9789,images/sculpture_humanart_14000000004012.jpg,440,69
9790,images/real_human_humanart_17000000001037.jpg,533,80
9791,images/sculpture_humanart_14000000000560.jpg,723,111
9792,images/painting_humanart_10000000001827.jpg,503,81
9793,images/real_human_humanart_17000000000218.jpg,520,73
9794,images/real_human_humanart_17000000000831.jpg,754,121
9795,images/painting_humanart_6000000000959.jpg,518,78
9796,images/sculpture_humanart_14000000001091.jpg,423,74
9797,images/real_human_humanart_15000000001695.jpg,628,89
9798,images/sculpture_humanart_14000000000723.jpg,654,97
9799,images/painting_humanart_1000000000970.jpg,371,62
9800,images/coco_498535_crowd.jpg,343,63
9801,images/real_human_humanart_17000000000201.jpg,647,95
9802,images/coco_416337_453093.jpg,589,97
9803,images/painting_humanart_9000000001893.jpg,593,95
9804,images/painting_humanart_9000000000888.jpg,529,80
9805,images/coco_86001_crowd.jpg,651,102
9806,images/danbooru_anime_11921273.jpg,556,88
9807,images/real_human_humanart_17000000001019.jpg,657,99
9808,images/painting_humanart_1000000000115.jpg,517,87
9809,images/danbooru_anime_11904108.jpg,385,65
9810,images/painting_humanart_10000000000264.jpg,561,84
9811,images/painting_humanart_2000000000978.jpg,512,87
9812,images/coco_114158_456142.jpg,382,64
9813,images/coco_169648_470371.jpg,435,76
9814,images/painting_humanart_9000000001277.jpg,466,75
9815,images/coco_382263_433242.jpg,399,66
9816,images/real_human_humanart_17000000002376.jpg,592,89
9817,images/painting_humanart_2000000000579.jpg,593,93
9818,images/sculpture_humanart_14000000000232.jpg,708,103
9819,images/painting_humanart_9000000001026.jpg,220,37
9820,images/real_human_humanart_17000000000153.jpg,618,100
9821,images/painting_humanart_10000000000206.jpg,488,70
9822,images/danbooru_anime_11915600.jpg,471,72
9823,images/painting_humanart_10000000000502.jpg,465,73
9824,images/real_human_humanart_15000000001877.jpg,956,147
9825,images/painting_humanart_10000000002345.jpg,439,70
9826,images/coco_146150_crowd.jpg,462,77
9827,images/real_human_humanart_15000000000710.jpg,278,43
9828,images/danbooru_anime_11917917.jpg,423,69
9829,images/coco_402823_188087.jpg,370,56
9830,images/painting_humanart_9000000002321.jpg,515,79
9831,images/painting_humanart_2000000001142.jpg,398,66
9832,images/sculpture_humanart_14000000003962.jpg,565,90
9833,images/coco_106096_437341.jpg,482,78
9834,images/painting_humanart_9000000000981.jpg,450,71
9835,images/danbooru_anime_11902022.jpg,782,127
9836,images/coco_538054_2163242.jpg,317,51
9837,images/painting_humanart_9000000001407.jpg,372,62
9838,images/coco_253838_439611.jpg,262,41
9839,images/painting_humanart_10000000000752.jpg,285,39
9840,images/real_human_humanart_15000000001027.jpg,498,69
9841,images/real_human_humanart_17000000001507.jpg,670,108
9842,images/sculpture_humanart_14000000001774.jpg,643,98
9843,images/real_human_humanart_15000000000133.jpg,709,115
9844,images/sculpture_humanart_14000000000269.jpg,577,86
9845,images/painting_humanart_10000000002553.jpg,612,93
9846,images/painting_humanart_6000000000527.jpg,521,85
9847,images/real_human_humanart_17000000001480.jpg,712,106
9848,images/danbooru_anime_11917201.jpg,603,95
9849,images/danbooru_anime_11915704.jpg,361,56
9850,images/coco_575006_494719.jpg,397,70
9851,images/coco_338108_crowd.jpg,602,98
9852,images/painting_humanart_10000000003532.jpg,504,81
9853,images/real_human_humanart_15000000001562.jpg,667,98
9854,images/painting_humanart_10000000000401.jpg,311,52
9855,images/real_human_humanart_17000000002135.jpg,542,85
9856,images/sculpture_humanart_14000000002040.jpg,384,64
9857,images/painting_humanart_10000000003938.jpg,472,73
9858,images/real_human_humanart_17000000000472.jpg,695,106
9859,images/coco_468302_493448.jpg,609,97
9860,images/real_human_humanart_15000000002297.jpg,425,68
9861,images/real_human_humanart_15000000001012.jpg,698,102
9862,images/painting_humanart_9000000000627.jpg,542,94
9863,images/coco_538394_1735441.jpg,227,38
9864,images/painting_humanart_9000000000785.jpg,550,88
9865,images/coco_252468_1725545.jpg,460,76
9866,images/painting_humanart_1000000001654.jpg,445,74
9867,images/real_human_humanart_17000000001565.jpg,751,117
9868,images/painting_humanart_6000000000121.jpg,316,55
9869,images/real_human_humanart_15000000001851.jpg,640,97
9870,images/coco_161517_crowd.jpg,613,101
9871,images/painting_humanart_2000000002642.jpg,665,107
9872,images/sculpture_humanart_14000000001076.jpg,413,69
9873,images/painting_humanart_10000000000790.jpg,399,65
9874,images/danbooru_anime_11916686.jpg,472,75
9875,images/coco_553074_437465.jpg,252,42
9876,images/painting_humanart_10000000003322.jpg,658,103
9877,images/painting_humanart_9000000002599.jpg,388,62
9878,images/painting_humanart_9000000001021.jpg,460,68
9879,images/danbooru_anime_11913642.jpg,284,46
9880,images/painting_humanart_1000000000485.jpg,397,62
9881,images/painting_humanart_2000000002962.jpg,490,79
9882,images/real_human_humanart_15000000001965.jpg,772,113
9883,images/sculpture_humanart_14000000004225.jpg,525,75
9884,images/painting_humanart_6000000003258.jpg,310,50
9885,images/painting_humanart_2000000001636.jpg,401,59
9886,images/sculpture_humanart_14000000000040.jpg,516,72
9887,images/coco_133327_432446.jpg,481,78
9888,images/painting_humanart_6000000001002.jpg,726,110
9889,images/real_human_humanart_15000000000764.jpg,654,100
9890,images/danbooru_anime_11909520.jpg,605,93
9891,images/real_human_humanart_17000000001998.jpg,754,119
9892,images/painting_humanart_10000000002589.jpg,356,57
9893,images/painting_humanart_10000000002283.jpg,383,60
9894,images/painting_humanart_2000000002383.jpg,618,96
9895,images/coco_226588_crowd.jpg,459,77
9896,images/real_human_humanart_15000000000650.jpg,644,102
9897,images/coco_211246_crowd.jpg,535,90
9898,images/real_human_humanart_17000000000022.jpg,468,79
9899,images/painting_humanart_1000000000663.jpg,422,68
9900,images/coco_403758_crowd.jpg,287,48
9901,images/painting_humanart_2000000000687.jpg,514,84
9902,images/painting_humanart_9000000000572.jpg,378,57
9903,images/real_human_humanart_15000000001869.jpg,726,114
9904,images/painting_humanart_10000000000944.jpg,449,67
9905,images/painting_humanart_2000000002365.jpg,766,122
9906,images/painting_humanart_9000000002013.jpg,579,92
9907,images/real_human_humanart_15000000000847.jpg,662,97
9908,images/painting_humanart_2000000000104.jpg,420,62
9909,images/real_human_humanart_17000000001650.jpg,747,115
9910,images/coco_339245_crowd.jpg,480,83
9911,images/painting_humanart_2000000001004.jpg,583,88
9912,images/real_human_humanart_17000000001573.jpg,894,140
9913,images/sculpture_humanart_14000000001067.jpg,634,94
9914,images/painting_humanart_10000000000788.jpg,549,85
9915,images/coco_517388_515028.jpg,319,53
9916,images/sculpture_humanart_14000000001718.jpg,433,67
9917,images/coco_4266_crowd.jpg,577,98
9918,images/painting_humanart_2000000001659.jpg,319,52
9919,images/painting_humanart_2000000002845.jpg,748,115
9920,images/sculpture_humanart_14000000004537.jpg,600,93
9921,images/danbooru_anime_11917905.jpg,435,68
9922,images/real_human_humanart_17000000001024.jpg,478,74
9923,images/painting_humanart_10000000004714.jpg,323,52
9924,images/real_human_humanart_17000000002181.jpg,529,81
9925,images/danbooru_anime_11907199.jpg,799,120
9926,images/coco_372731_197323.jpg,336,54
9927,images/painting_humanart_10000000006002.jpg,244,38
9928,images/coco_494620_192843.jpg,428,66
9929,images/coco_5802_509231.jpg,468,73
9930,images/painting_humanart_9000000001942.jpg,476,77
9931,images/painting_humanart_10000000003948.jpg,315,51
9932,images/danbooru_anime_11913895.jpg,710,118
9933,images/danbooru_anime_11911843.jpg,460,76
9934,images/coco_75494_446468.jpg,214,35
9935,images/painting_humanart_10000000000459.jpg,343,54
9936,images/sculpture_humanart_14000000003799.jpg,733,118
9937,images/danbooru_anime_11919946.jpg,470,73
9938,images/coco_154154_crowd.jpg,492,74
9939,images/real_human_humanart_15000000000010.jpg,629,97
9940,images/painting_humanart_9000000001526.jpg,737,116
9941,images/painting_humanart_9000000002538.jpg,556,93
9942,images/real_human_humanart_17000000000878.jpg,695,111
9943,images/sculpture_humanart_14000000000454.jpg,625,97
9944,images/painting_humanart_10000000004172.jpg,375,58
9945,images/coco_490178_crowd.jpg,456,72
9946,images/painting_humanart_1000000000533.jpg,396,66
9947,images/painting_humanart_9000000002022.jpg,246,36
9948,images/coco_66190_crowd.jpg,332,50
9949,images/real_human_humanart_17000000002051.jpg,777,130
9950,images/painting_humanart_10000000005107.jpg,471,72
9951,images/coco_70528_191583.jpg,332,54
9952,images/painting_humanart_9000000001040.jpg,460,72
9953,images/real_human_humanart_15000000000880.jpg,558,84
9954,images/danbooru_anime_11911265.jpg,431,66
9955,images/real_human_humanart_17000000000948.jpg,485,74
9956,images/danbooru_anime_11905622.jpg,357,63
9957,images/sculpture_humanart_14000000004057.jpg,547,81
9958,images/painting_humanart_2000000002445.jpg,427,71
9959,images/painting_humanart_2000000002566.jpg,713,119
9960,images/real_human_humanart_15000000001142.jpg,584,89
9961,images/sculpture_humanart_14000000000176.jpg,279,40
9962,images/painting_humanart_9000000000209.jpg,379,61
9963,images/coco_339678_427534.jpg,685,109
9964,images/painting_humanart_6000000003007.jpg,287,45
9965,images/real_human_humanart_17000000001605.jpg,639,93
9966,images/real_human_humanart_15000000002140.jpg,617,100
9967,images/coco_240340_223687.jpg,383,69
9968,images/painting_humanart_10000000005584.jpg,413,63
9969,images/coco_58364_493395.jpg,611,99
9970,images/real_human_humanart_15000000000430.jpg,575,88
9971,images/real_human_humanart_17000000001108.jpg,633,102
9972,images/painting_humanart_10000000003161.jpg,438,67
9973,images/painting_humanart_6000000002914.jpg,524,86
9974,images/danbooru_anime_11910144.jpg,347,52
9975,images/danbooru_anime_11916444.jpg,352,58
9976,images/coco_56002_443976.jpg,409,71
9977,images/sculpture_humanart_14000000004372.jpg,348,51
9978,images/danbooru_anime_11920671.jpg,532,75
9979,images/painting_humanart_2000000001633.jpg,339,54
9980,images/painting_humanart_9000000000359.jpg,446,76
9981,images/coco_577073_475831.jpg,467,76
9982,images/danbooru_anime_11919236.jpg,644,111
9983,images/real_human_humanart_17000000001406.jpg,649,98
9984,images/painting_humanart_2000000000735.jpg,685,105
9985,images/danbooru_anime_11907482.jpg,336,51
9986,images/real_human_humanart_17000000001263.jpg,382,60
9987,images/coco_440358_498944.jpg,666,107
9988,images/real_human_humanart_15000000001737.jpg,603,94
9989,images/painting_humanart_1000000004362.jpg,335,54
9990,images/painting_humanart_2000000001124.jpg,702,111
9991,images/coco_152623_422950.jpg,512,86
9992,images/coco_250870_crowd.jpg,432,73
9993,images/danbooru_anime_11919103.jpg,420,68
9994,images/real_human_humanart_15000000000617.jpg,667,103
9995,images/real_human_humanart_17000000000595.jpg,745,115
9996,images/danbooru_anime_11919152.jpg,509,88
9997,images/coco_262275_227827.jpg,332,56
9998,images/painting_humanart_10000000002965.jpg,412,64
9999,images/real_human_humanart_15000000002281.jpg,851,130
10000,images/real_human_humanart_15000000001678.jpg,561,92
10001,images/sculpture_humanart_14000000004439.jpg,583,91
10002,images/sculpture_humanart_14000000001535.jpg,345,54
10003,images/real_human_humanart_17000000001349.jpg,545,84
10004,images/coco_339703_478411.jpg,440,68
10005,images/real_human_humanart_15000000000141.jpg,783,124
10006,images/painting_humanart_6000000000087.jpg,269,42
10007,images/danbooru_anime_11916293.jpg,615,95
10008,images/painting_humanart_2000000001801.jpg,396,64
10009,images/coco_156320_crowd.jpg,425,61
10010,images/sculpture_humanart_14000000001284.jpg,353,57
10011,images/painting_humanart_9000000001335.jpg,281,45
10012,images/coco_549932_crowd.jpg,426,71
10013,images/coco_157417_202549.jpg,383,64
10014,images/painting_humanart_10000000005189.jpg,298,43
10015,images/real_human_humanart_15000000002217.jpg,773,119
10016,images/coco_543836_430661.jpg,425,75
10017,images/painting_humanart_2000000002498.jpg,414,68
10018,images/real_human_humanart_15000000001153.jpg,698,107
10019,images/real_human_humanart_17000000000855.jpg,673,105
10020,images/painting_humanart_9000000002383.jpg,564,85
10021,images/real_human_humanart_17000000000955.jpg,666,112
10022,images/painting_humanart_1000000006411.jpg,444,73
10023,images/painting_humanart_10000000000332.jpg,534,84
10024,images/painting_humanart_10000000004536.jpg,428,76
10025,images/coco_363272_crowd.jpg,300,49
10026,images/sculpture_humanart_14000000000624.jpg,644,95
10027,images/real_human_humanart_15000000001492.jpg,760,113
10028,images/real_human_humanart_17000000001340.jpg,439,74
10029,images/real_human_humanart_15000000000152.jpg,731,112
10030,images/real_human_humanart_17000000000513.jpg,615,80
10031,images/danbooru_anime_11912924.jpg,424,70
10032,images/danbooru_anime_11916559.jpg,558,87
10033,images/painting_humanart_1000000006580.jpg,418,62
10034,images/painting_humanart_9000000001557.jpg,546,87
10035,images/danbooru_anime_11909880.jpg,353,56
10036,images/coco_260994_crowd.jpg,579,97
10037,images/coco_463013_crowd.jpg,373,61
10038,images/painting_humanart_1000000002202.jpg,406,61
10039,images/painting_humanart_1000000000671.jpg,608,99
10040,images/painting_humanart_6000000000433.jpg,457,71
10041,images/painting_humanart_1000000002893.jpg,660,104
10042,images/painting_humanart_10000000003175.jpg,466,82
10043,images/coco_22646_448911.jpg,545,87
10044,images/coco_107360_482940.jpg,313,49
10045,images/painting_humanart_6000000001608.jpg,364,58
10046,images/painting_humanart_9000000002728.jpg,380,55
10047,images/real_human_humanart_17000000000794.jpg,442,70
10048,images/painting_humanart_9000000001486.jpg,515,85
10049,images/painting_humanart_6000000001009.jpg,514,90
10050,images/painting_humanart_1000000007053.jpg,592,103
10051,images/coco_164835_crowd.jpg,346,53
10052,images/danbooru_anime_11917092.jpg,597,94
10053,images/real_human_humanart_15000000000944.jpg,613,94
10054,images/danbooru_anime_11901167.jpg,387,62
10055,images/real_human_humanart_17000000002344.jpg,687,113
10056,images/painting_humanart_1000000001857.jpg,458,77
10057,images/real_human_humanart_17000000000094.jpg,752,120
10058,images/painting_humanart_10000000000954.jpg,644,103
10059,images/danbooru_anime_11919216.jpg,561,86
10060,images/coco_125707_1208254.jpg,592,93
10061,images/real_human_humanart_17000000002378.jpg,738,116
10062,images/sculpture_humanart_14000000001983.jpg,234,36
10063,images/coco_335585_220432.jpg,374,60
10064,images/painting_humanart_2000000002527.jpg,503,84
10065,images/real_human_humanart_15000000002412.jpg,652,111
10066,images/painting_humanart_10000000000390.jpg,483,70
10067,images/painting_humanart_2000000002884.jpg,411,63
10068,images/painting_humanart_2000000001534.jpg,478,71
10069,images/real_human_humanart_15000000001696.jpg,621,94
10070,images/painting_humanart_2000000000161.jpg,695,110
10071,images/painting_humanart_9000000002276.jpg,384,59
10072,images/danbooru_anime_11910106.jpg,485,82
10073,images/real_human_humanart_17000000002019.jpg,579,94
10074,images/danbooru_anime_11918255.jpg,434,69
10075,images/coco_20178_510695.jpg,484,75
10076,images/coco_261068_crowd.jpg,490,82
10077,images/sculpture_humanart_14000000001310.jpg,628,101
10078,images/painting_humanart_9000000001141.jpg,273,47
10079,images/real_human_humanart_15000000001630.jpg,682,110
10080,images/coco_322177_506813.jpg,259,42
10081,images/real_human_humanart_15000000001735.jpg,535,81
10082,images/painting_humanart_2000000000244.jpg,338,59
10083,images/painting_humanart_2000000000963.jpg,470,75
10084,images/sculpture_humanart_14000000004170.jpg,602,94
10085,images/real_human_humanart_17000000000147.jpg,487,78
10086,images/danbooru_anime_11917212.jpg,350,58
10087,images/real_human_humanart_15000000002072.jpg,530,82
10088,images/coco_227463_454004.jpg,423,68
10089,images/painting_humanart_6000000003053.jpg,404,66
10090,images/sculpture_humanart_14000000003858.jpg,590,87
10091,images/danbooru_anime_11910537.jpg,343,53
10092,images/painting_humanart_2000000000280.jpg,627,100
10093,images/sculpture_humanart_14000000000330.jpg,557,89
10094,images/real_human_humanart_15000000001274.jpg,511,73
10095,images/painting_humanart_10000000006556.jpg,429,74
10096,images/coco_519706_458859.jpg,535,80
10097,images/coco_393984_2164589.jpg,506,85
10098,images/painting_humanart_10000000005955.jpg,435,63
10099,images/real_human_humanart_17000000001132.jpg,756,108
10100,images/painting_humanart_9000000001683.jpg,581,95
10101,images/sculpture_humanart_14000000004496.jpg,597,88
10102,images/real_human_humanart_17000000002505.jpg,650,102
10103,images/real_human_humanart_15000000001234.jpg,382,60
10104,images/coco_133680_crowd.jpg,363,62
10105,images/sculpture_humanart_14000000001410.jpg,710,105
10106,images/painting_humanart_9000000001985.jpg,548,84
10107,images/painting_humanart_10000000000536.jpg,354,52
10108,images/painting_humanart_9000000001737.jpg,555,83
10109,images/danbooru_anime_11910981.jpg,423,70
10110,images/painting_humanart_9000000002014.jpg,518,89
10111,images/sculpture_humanart_14000000001099.jpg,255,38
10112,images/danbooru_anime_11914060.jpg,350,51
10113,images/real_human_humanart_17000000001894.jpg,520,82
10114,images/painting_humanart_1000000003079.jpg,325,53
10115,images/real_human_humanart_15000000002055.jpg,600,97
10116,images/danbooru_anime_11916722.jpg,367,58
10117,images/sculpture_humanart_14000000003892.jpg,382,64
10118,images/danbooru_anime_11920132.jpg,338,51
10119,images/danbooru_anime_11918076.jpg,564,82
10120,images/coco_421564_480915.jpg,370,66
10121,images/sculpture_humanart_14000000004079.jpg,558,81
10122,images/coco_2525_crowd.jpg,461,77
10123,images/painting_humanart_2000000001150.jpg,351,52
10124,images/danbooru_anime_11907815.jpg,604,95
10125,images/danbooru_anime_11910796.jpg,330,53
10126,images/real_human_humanart_17000000001327.jpg,681,116
10127,images/painting_humanart_9000000001031.jpg,493,78
10128,images/painting_humanart_9000000000589.jpg,476,69
10129,images/real_human_humanart_17000000002369.jpg,366,55
10130,images/real_human_humanart_17000000001267.jpg,619,99
10131,images/coco_459258_252334.jpg,330,55
10132,images/painting_humanart_10000000005023.jpg,426,64
10133,images/coco_511622_460326.jpg,607,105
10134,images/real_human_humanart_17000000000879.jpg,753,116
10135,images/real_human_humanart_17000000002298.jpg,773,123
10136,images/coco_176009_crowd.jpg,453,72
10137,images/danbooru_anime_11921199.jpg,450,71
10138,images/painting_humanart_9000000000596.jpg,614,101
10139,images/painting_humanart_2000000003030.jpg,472,72
10140,images/real_human_humanart_17000000001903.jpg,765,115
10141,images/painting_humanart_1000000001532.jpg,662,108
10142,images/painting_humanart_9000000002167.jpg,354,55
10143,images/real_human_humanart_15000000000248.jpg,611,96
10144,images/real_human_humanart_17000000000377.jpg,829,140
10145,images/painting_humanart_2000000001231.jpg,594,91
10146,images/painting_humanart_2000000003211.jpg,557,82
10147,images/coco_39606_443974.jpg,454,69
10148,images/danbooru_anime_11906471.jpg,361,51
10149,images/painting_humanart_2000000001673.jpg,300,50
10150,images/sculpture_humanart_14000000004001.jpg,446,66
10151,images/real_human_humanart_15000000001692.jpg,624,97
10152,images/real_human_humanart_15000000001641.jpg,586,90
10153,images/real_human_humanart_15000000001245.jpg,693,106
10154,images/painting_humanart_10000000001939.jpg,548,84
10155,images/danbooru_anime_11921302.jpg,420,65
10156,images/painting_humanart_2000000002855.jpg,673,101
10157,images/painting_humanart_1000000000731.jpg,337,56
10158,images/painting_humanart_6000000000175.jpg,374,61
10159,images/sculpture_humanart_14000000004158.jpg,484,71
10160,images/painting_humanart_6000000003351.jpg,460,74
10161,images/coco_244050_186987.jpg,545,90
10162,images/coco_535259_crowd.jpg,441,75
10163,images/painting_humanart_2000000003120.jpg,351,52
10164,images/coco_88815_509812.jpg,429,70
10165,images/real_human_humanart_15000000001711.jpg,560,88
10166,images/painting_humanart_1000000006805.jpg,395,59
10167,images/real_human_humanart_17000000002053.jpg,261,44
10168,images/painting_humanart_1000000007583.jpg,308,49
10169,images/danbooru_anime_11912127.jpg,593,103
10170,images/real_human_humanart_17000000001733.jpg,487,82
10171,images/coco_223243_429378.jpg,381,66
10172,images/coco_511554_crowd.jpg,458,74
10173,images/real_human_humanart_17000000001669.jpg,655,105
10174,images/danbooru_anime_11917699.jpg,504,80
10175,images/real_human_humanart_17000000001895.jpg,517,78
10176,images/painting_humanart_2000000000798.jpg,493,71
10177,images/painting_humanart_10000000001973.jpg,460,72
10178,images/real_human_humanart_17000000002279.jpg,530,88
10179,images/painting_humanart_10000000000091.jpg,559,82
10180,images/danbooru_anime_11902220.jpg,518,81
10181,images/real_human_humanart_15000000001569.jpg,545,80
10182,images/sculpture_humanart_14000000001055.jpg,546,85
10183,images/real_human_humanart_15000000000458.jpg,667,100
10184,images/painting_humanart_9000000001813.jpg,611,92
10185,images/real_human_humanart_17000000002043.jpg,543,85
10186,images/painting_humanart_2000000001878.jpg,490,77
10187,images/painting_humanart_6000000002693.jpg,596,104
10188,images/real_human_humanart_15000000002180.jpg,851,130
10189,images/real_human_humanart_17000000000768.jpg,871,139
10190,images/painting_humanart_9000000000556.jpg,602,93
10191,images/painting_humanart_2000000002518.jpg,411,64
10192,images/painting_humanart_2000000003089.jpg,414,66
10193,images/danbooru_anime_11921434.jpg,550,85
10194,images/coco_232612_196168.jpg,560,99
10195,images/coco_137844_439528.jpg,898,145
10196,images/painting_humanart_10000000001132.jpg,499,73
10197,images/coco_110482_186245.jpg,659,96
10198,images/coco_102497_215537.jpg,395,65
10199,images/coco_485172_crowd.jpg,513,88
10200,images/real_human_humanart_17000000001262.jpg,692,109
10201,images/danbooru_anime_11917281.jpg,379,55
10202,images/real_human_humanart_15000000000930.jpg,776,122
10203,images/painting_humanart_2000000001837.jpg,713,121
10204,images/coco_33871_crowd.jpg,680,103
10205,images/real_human_humanart_15000000002276.jpg,585,90
10206,images/coco_523454_184449.jpg,348,57
10207,images/danbooru_anime_11908003.jpg,649,108
10208,images/coco_126833_crowd.jpg,493,78
10209,images/coco_540196_502806.jpg,585,99
10210,images/coco_374702_450232.jpg,491,81
10211,images/coco_263834_crowd.jpg,647,106
10212,images/real_human_humanart_15000000000945.jpg,853,135
10213,images/painting_humanart_2000000001050.jpg,531,88
10214,images/painting_humanart_9000000001768.jpg,243,39
10215,images/danbooru_anime_11918604.jpg,738,118
10216,images/sculpture_humanart_14000000004202.jpg,619,95
10217,images/real_human_humanart_17000000000568.jpg,589,95
10218,images/real_human_humanart_15000000000490.jpg,652,107
10219,images/painting_humanart_2000000002720.jpg,797,128
10220,images/painting_humanart_2000000002749.jpg,697,99
10221,images/coco_7050_crowd.jpg,326,52
10222,images/real_human_humanart_17000000002122.jpg,592,91
10223,images/painting_humanart_10000000000881.jpg,509,80
10224,images/painting_humanart_10000000004012.jpg,612,101
10225,images/real_human_humanart_15000000002252.jpg,662,106
10226,images/painting_humanart_9000000001676.jpg,781,126
10227,images/coco_229329_crowd.jpg,717,111
10228,images/danbooru_anime_11921074.jpg,860,134
10229,images/painting_humanart_1000000001596.jpg,390,61
10230,images/painting_humanart_2000000002969.jpg,438,68
10231,images/coco_124979_194775.jpg,304,49
10232,images/painting_humanart_9000000000810.jpg,254,47
10233,images/painting_humanart_1000000001965.jpg,424,64
10234,images/painting_humanart_1000000001884.jpg,737,123
10235,images/painting_humanart_10000000004463.jpg,340,54
10236,images/coco_320641_213849.jpg,326,61
10237,images/danbooru_anime_11920213.jpg,277,43
10238,images/painting_humanart_6000000000185.jpg,296,46
10239,images/coco_444199_crowd.jpg,554,81
10240,images/sculpture_humanart_14000000000477.jpg,624,93
10241,images/painting_humanart_9000000000691.jpg,264,40
10242,images/coco_572008_226744.jpg,368,63
10243,images/coco_541017_442550.jpg,253,42
10244,images/danbooru_anime_11921267.jpg,544,86
10245,images/real_human_humanart_17000000001931.jpg,585,90
10246,images/danbooru_anime_11916592.jpg,384,60
10247,images/danbooru_anime_11916684.jpg,390,62
10248,images/real_human_humanart_15000000000237.jpg,598,96
10249,images/coco_362812_233278.jpg,541,87
10250,images/painting_humanart_6000000000431.jpg,311,50
10251,images/coco_58778_486043.jpg,382,55
10252,images/coco_154884_crowd.jpg,715,109
10253,images/sculpture_humanart_14000000002075.jpg,634,101
10254,images/real_human_humanart_15000000000564.jpg,718,116
10255,images/danbooru_anime_11910533.jpg,633,95
10256,images/coco_17003_429752.jpg,430,71
10257,images/real_human_humanart_15000000001024.jpg,474,75
10258,images/painting_humanart_10000000000149.jpg,248,36
10259,images/real_human_humanart_17000000001076.jpg,611,100
10260,images/real_human_humanart_15000000000507.jpg,433,70
10261,images/coco_429985_crowd.jpg,473,78
10262,images/painting_humanart_2000000003123.jpg,551,84
10263,images/painting_humanart_9000000002095.jpg,565,81
10264,images/painting_humanart_10000000000248.jpg,337,52
10265,images/real_human_humanart_17000000001737.jpg,613,88
10266,images/coco_398637_crowd.jpg,244,42
10267,images/danbooru_anime_11903640.jpg,477,79
10268,images/painting_humanart_6000000002243.jpg,527,90
10269,images/coco_20410_202365.jpg,656,109
10270,images/real_human_humanart_15000000000923.jpg,710,120
10271,images/sculpture_humanart_14000000004517.jpg,696,103
10272,images/sculpture_humanart_14000000004203.jpg,363,55
10273,images/painting_humanart_9000000000696.jpg,630,96
10274,images/painting_humanart_6000000002532.jpg,339,58
10275,images/painting_humanart_6000000002604.jpg,531,93
10276,images/real_human_humanart_15000000001603.jpg,602,88
10277,images/real_human_humanart_15000000001219.jpg,737,108
10278,images/real_human_humanart_17000000001135.jpg,673,106
10279,images/painting_humanart_10000000004001.jpg,301,49
10280,images/coco_1563_439971.jpg,435,69
10281,images/coco_214274_crowd.jpg,462,81
10282,images/painting_humanart_10000000003767.jpg,669,101
10283,images/sculpture_humanart_14000000000351.jpg,779,118
10284,images/real_human_humanart_17000000000505.jpg,483,78
10285,images/painting_humanart_10000000000481.jpg,439,68
10286,images/coco_273190_crowd.jpg,409,68
10287,images/painting_humanart_6000000001202.jpg,452,76
10288,images/painting_humanart_2000000002126.jpg,531,81
10289,images/coco_42944_441277.jpg,318,53
10290,images/real_human_humanart_15000000001760.jpg,473,77
10291,images/painting_humanart_6000000002458.jpg,525,84
10292,images/real_human_humanart_15000000000937.jpg,742,108
10293,images/painting_humanart_10000000003835.jpg,372,65
10294,images/painting_humanart_10000000004913.jpg,392,66
10295,images/coco_538115_crowd.jpg,481,72
10296,images/real_human_humanart_17000000000145.jpg,670,103
10297,images/painting_humanart_6000000001253.jpg,444,68
10298,images/painting_humanart_2000000003164.jpg,299,49
10299,images/danbooru_anime_11917505.jpg,423,67
10300,images/painting_humanart_10000000001586.jpg,318,50
10301,images/coco_392443_423811.jpg,393,61
10302,images/painting_humanart_10000000004729.jpg,533,80
10303,images/painting_humanart_9000000001518.jpg,613,101
10304,images/danbooru_anime_11916999.jpg,671,114
10305,images/real_human_humanart_17000000001971.jpg,574,94
10306,images/painting_humanart_10000000002864.jpg,554,90
10307,images/sculpture_humanart_14000000001741.jpg,488,75
10308,images/painting_humanart_6000000002182.jpg,356,57
10309,images/painting_humanart_6000000001417.jpg,469,83
10310,images/painting_humanart_1000000004820.jpg,438,71
10311,images/sculpture_humanart_14000000004106.jpg,547,87
10312,images/painting_humanart_2000000001057.jpg,462,74
10313,images/coco_71918_188982.jpg,250,38
10314,images/sculpture_humanart_14000000004347.jpg,611,96
10315,images/painting_humanart_2000000000313.jpg,662,94
10316,images/real_human_humanart_17000000001255.jpg,584,91
10317,images/danbooru_anime_11920618.jpg,646,104
10318,images/coco_19904_crowd.jpg,310,45
10319,images/painting_humanart_10000000004285.jpg,508,85
10320,images/painting_humanart_10000000003832.jpg,421,68
10321,images/real_human_humanart_15000000002033.jpg,667,102
10322,images/real_human_humanart_17000000002087.jpg,651,99
10323,images/coco_303738_187664.jpg,550,89
10324,images/painting_humanart_1000000007069.jpg,277,51
10325,images/painting_humanart_2000000000260.jpg,328,52
10326,images/real_human_humanart_17000000001081.jpg,611,100
10327,images/real_human_humanart_17000000000665.jpg,727,117
10328,images/sculpture_humanart_14000000003800.jpg,288,48
10329,images/painting_humanart_10000000000500.jpg,676,104
10330,images/real_human_humanart_17000000000329.jpg,771,113
10331,images/sculpture_humanart_14000000004279.jpg,533,86
10332,images/painting_humanart_2000000002968.jpg,371,57
10333,images/coco_138503_crowd.jpg,800,124
10334,images/painting_humanart_10000000000770.jpg,422,63
10335,images/real_human_humanart_15000000000398.jpg,578,89
10336,images/danbooru_anime_11920562.jpg,436,69
10337,images/painting_humanart_9000000002490.jpg,552,88
10338,images/danbooru_anime_11913846.jpg,775,106
10339,images/real_human_humanart_17000000001099.jpg,583,91
10340,images/painting_humanart_2000000003298.jpg,611,102
10341,images/painting_humanart_10000000002854.jpg,575,89
10342,images/coco_449522_438560.jpg,483,74
10343,images/real_human_humanart_15000000001263.jpg,837,127
10344,images/coco_411472_490393.jpg,306,52
10345,images/coco_20641_crowd.jpg,470,83
10346,images/coco_505818_crowd.jpg,385,58
10347,images/real_human_humanart_15000000001020.jpg,389,63
10348,images/danbooru_anime_11919343.jpg,657,101
10349,images/coco_203669_422319.jpg,312,52
10350,images/painting_humanart_10000000000849.jpg,613,98
10351,images/real_human_humanart_15000000001729.jpg,657,104
10352,images/painting_humanart_9000000000087.jpg,394,59
10353,images/coco_248655_465694.jpg,468,76
10354,images/sculpture_humanart_14000000003786.jpg,520,76
10355,images/sculpture_humanart_14000000000072.jpg,513,86
10356,images/painting_humanart_10000000005917.jpg,407,65
10357,images/painting_humanart_9000000002650.jpg,253,37
10358,images/painting_humanart_6000000002183.jpg,511,85
10359,images/painting_humanart_9000000000994.jpg,493,84
10360,images/real_human_humanart_15000000000119.jpg,653,95
10361,images/painting_humanart_10000000005410.jpg,315,50
10362,images/painting_humanart_2000000002854.jpg,413,57
10363,images/painting_humanart_1000000002482.jpg,464,75
10364,images/real_human_humanart_17000000000442.jpg,660,103
10365,images/painting_humanart_10000000006133.jpg,327,49
10366,images/sculpture_humanart_14000000004204.jpg,346,49
10367,images/real_human_humanart_17000000000353.jpg,698,114
10368,images/real_human_humanart_15000000000752.jpg,617,94
10369,images/painting_humanart_6000000000758.jpg,342,57
10370,images/real_human_humanart_17000000001043.jpg,596,98
10371,images/painting_humanart_9000000002338.jpg,451,73
10372,images/coco_108094_crowd.jpg,364,62
10373,images/sculpture_humanart_14000000001788.jpg,665,106
10374,images/painting_humanart_2000000001392.jpg,487,78
10375,images/real_human_humanart_17000000001060.jpg,619,103
10376,images/danbooru_anime_11919492.jpg,242,40
10377,images/real_human_humanart_15000000000809.jpg,504,78
10378,images/real_human_humanart_17000000001832.jpg,524,76
10379,images/coco_104715_474045.jpg,588,86
10380,images/coco_301755_449977.jpg,414,66
10381,images/coco_113095_449370.jpg,560,93
10382,images/coco_58043_2150778.jpg,388,65
10383,images/real_human_humanart_15000000000132.jpg,462,71
10384,images/coco_564936_1214101.jpg,377,65
10385,images/danbooru_anime_11919089.jpg,547,82
10386,images/sculpture_humanart_14000000003975.jpg,570,79
10387,images/danbooru_anime_11917058.jpg,401,57
10388,images/painting_humanart_10000000000899.jpg,469,77
10389,images/real_human_humanart_15000000000509.jpg,576,89
10390,images/sculpture_humanart_14000000000154.jpg,623,99
10391,images/real_human_humanart_15000000000834.jpg,555,82
10392,images/coco_358019_crowd.jpg,336,56
10393,images/danbooru_anime_11915630.jpg,357,59
10394,images/coco_164135_448481.jpg,313,53
10395,images/coco_42091_421476.jpg,380,60
10396,images/painting_humanart_2000000000111.jpg,413,72
10397,images/painting_humanart_2000000001034.jpg,645,101
10398,images/coco_304578_205220.jpg,487,79
10399,images/danbooru_anime_11915633.jpg,682,105
10400,images/real_human_humanart_17000000001636.jpg,725,108
10401,images/painting_humanart_2000000001313.jpg,644,105
10402,images/coco_444183_487754.jpg,760,118
10403,images/painting_humanart_6000000001345.jpg,416,61
10404,images/coco_114352_457455.jpg,476,79
10405,images/real_human_humanart_15000000001190.jpg,528,84
10406,images/sculpture_humanart_14000000001109.jpg,501,82
10407,images/painting_humanart_9000000002320.jpg,359,56
10408,images/real_human_humanart_15000000001533.jpg,726,109
10409,images/painting_humanart_2000000000433.jpg,409,71
10410,images/painting_humanart_6000000003441.jpg,543,88
10411,images/coco_499617_468667.jpg,331,54
10412,images/painting_humanart_9000000001562.jpg,458,80
10413,images/coco_191158_449567.jpg,313,53
10414,images/painting_humanart_2000000000474.jpg,656,99
10415,images/painting_humanart_9000000000527.jpg,611,100
10416,images/danbooru_anime_11912110.jpg,379,54
10417,images/painting_humanart_9000000001905.jpg,422,65
10418,images/danbooru_anime_11916288.jpg,431,66
10419,images/painting_humanart_10000000001908.jpg,529,89
10420,images/coco_401028_1238611.jpg,357,62
10421,images/real_human_humanart_17000000000898.jpg,499,81
10422,images/danbooru_anime_11920969.jpg,551,87
10423,images/painting_humanart_10000000001155.jpg,337,55
10424,images/coco_139440_crowd.jpg,691,112
10425,images/painting_humanart_6000000000328.jpg,732,123
10426,images/painting_humanart_2000000003139.jpg,468,76
10427,images/painting_humanart_1000000005827.jpg,423,70
10428,images/painting_humanart_10000000000193.jpg,482,75
10429,images/real_human_humanart_17000000001905.jpg,510,83
10430,images/real_human_humanart_15000000000790.jpg,585,88
10431,images/painting_humanart_6000000001488.jpg,313,53
10432,images/danbooru_anime_11909567.jpg,249,40
10433,images/coco_417355_crowd.jpg,697,106
10434,images/painting_humanart_9000000001429.jpg,630,101
10435,images/danbooru_anime_11918315.jpg,370,55
10436,images/painting_humanart_2000000000955.jpg,549,81
10437,images/coco_48674_499302.jpg,574,87
10438,images/painting_humanart_10000000000323.jpg,501,66
10439,images/danbooru_anime_11919990.jpg,356,55
10440,images/painting_humanart_6000000000339.jpg,319,51
10441,images/coco_43098_2151375.jpg,323,60
10442,images/danbooru_anime_11918866.jpg,458,70
10443,images/sculpture_humanart_14000000001668.jpg,569,92
10444,images/coco_188386_crowd.jpg,203,33
10445,images/danbooru_anime_11917099.jpg,657,109
10446,images/painting_humanart_6000000000319.jpg,620,103
10447,images/danbooru_anime_11905806.jpg,320,51
10448,images/danbooru_anime_11907042.jpg,295,49
10449,images/danbooru_anime_11908694.jpg,543,81
10450,images/painting_humanart_6000000003126.jpg,421,68
10451,images/coco_530998_2154384.jpg,376,67
10452,images/painting_humanart_10000000000487.jpg,288,46
10453,images/painting_humanart_1000000001273.jpg,658,106
10454,images/danbooru_anime_11910858.jpg,299,46
10455,images/danbooru_anime_11916990.jpg,343,57
10456,images/real_human_humanart_17000000001034.jpg,731,110
10457,images/painting_humanart_6000000002965.jpg,709,106
10458,images/coco_187857_crowd.jpg,423,68
10459,images/coco_533548_448458.jpg,335,57
10460,images/painting_humanart_2000000001169.jpg,577,90
10461,images/painting_humanart_10000000004384.jpg,414,67
10462,images/painting_humanart_1000000002277.jpg,364,59
10463,images/coco_18444_475225.jpg,270,43
10464,images/sculpture_humanart_14000000004041.jpg,527,80
10465,images/painting_humanart_9000000001842.jpg,513,76
10466,images/painting_humanart_2000000000049.jpg,624,94
10467,images/painting_humanart_2000000002599.jpg,449,73
10468,images/real_human_humanart_17000000001225.jpg,528,81
10469,images/danbooru_anime_11915807.jpg,334,58
10470,images/real_human_humanart_15000000001547.jpg,519,82
10471,images/sculpture_humanart_14000000000109.jpg,967,149
10472,images/real_human_humanart_15000000002369.jpg,616,95
10473,images/painting_humanart_9000000002082.jpg,422,69
10474,images/painting_humanart_10000000000306.jpg,679,103
10475,images/danbooru_anime_11917739.jpg,408,67
10476,images/coco_580870_439810.jpg,431,68
10477,images/coco_261787_2207154.jpg,393,65
10478,images/painting_humanart_9000000002062.jpg,483,82
10479,images/sculpture_humanart_14000000001570.jpg,512,74
10480,images/real_human_humanart_15000000001910.jpg,625,96
10481,images/coco_242906_198592.jpg,233,43
10482,images/painting_humanart_6000000002795.jpg,385,63
10483,images/painting_humanart_10000000005030.jpg,548,86
10484,images/painting_humanart_9000000001506.jpg,489,79
10485,images/painting_humanart_6000000003067.jpg,472,73
10486,images/painting_humanart_2000000003331.jpg,531,82
10487,images/real_human_humanart_17000000001333.jpg,674,115
10488,images/real_human_humanart_17000000001743.jpg,758,123
10489,images/coco_302222_crowd.jpg,577,100
10490,images/coco_300012_428977.jpg,358,56
10491,images/danbooru_anime_11920088.jpg,376,58
10492,images/coco_306716_195799.jpg,535,90
10493,images/painting_humanart_1000000007464.jpg,378,63
10494,images/painting_humanart_2000000002030.jpg,580,93
10495,images/painting_humanart_10000000000033.jpg,510,80
10496,images/coco_34212_436695.jpg,275,45
10497,images/coco_332282_crowd.jpg,533,94
10498,images/painting_humanart_6000000000212.jpg,249,46
10499,images/painting_humanart_1000000000694.jpg,250,40
10500,images/real_human_humanart_17000000002357.jpg,550,82
10501,images/painting_humanart_9000000001119.jpg,384,62
10502,images/painting_humanart_1000000006511.jpg,332,56
10503,images/painting_humanart_2000000000633.jpg,340,53
10504,images/sculpture_humanart_14000000003740.jpg,643,97
10505,images/real_human_humanart_15000000000279.jpg,667,110
10506,images/painting_humanart_9000000001202.jpg,388,62
10507,images/coco_207177_509764.jpg,290,50
10508,images/painting_humanart_9000000001292.jpg,453,74
10509,images/real_human_humanart_17000000000627.jpg,642,102
10510,images/painting_humanart_10000000005606.jpg,377,59
10511,images/painting_humanart_10000000003694.jpg,601,92
10512,images/danbooru_anime_11916980.jpg,369,61
10513,images/coco_124013_crowd.jpg,449,78
10514,images/danbooru_anime_11909304.jpg,399,62
10515,images/real_human_humanart_15000000001317.jpg,623,98
10516,images/danbooru_anime_11921292.jpg,442,72
10517,images/sculpture_humanart_14000000000619.jpg,393,57
10518,images/painting_humanart_6000000000116.jpg,516,84
10519,images/painting_humanart_6000000002424.jpg,559,89
10520,images/real_human_humanart_15000000000402.jpg,677,115
10521,images/coco_440352_196499.jpg,326,53
10522,images/coco_299468_426600.jpg,411,68
10523,images/painting_humanart_6000000003552.jpg,476,79
10524,images/danbooru_anime_11900307.jpg,468,73
10525,images/painting_humanart_6000000003574.jpg,516,84
10526,images/coco_366931_crowd.jpg,575,91
10527,images/coco_325958_199147.jpg,679,109
10528,images/sculpture_humanart_14000000004326.jpg,542,83
10529,images/real_human_humanart_15000000000073.jpg,806,117
10530,images/painting_humanart_9000000000500.jpg,555,90
10531,images/sculpture_humanart_14000000000478.jpg,667,94
10532,images/painting_humanart_2000000003276.jpg,606,93
10533,images/danbooru_anime_11907757.jpg,532,84
10534,images/real_human_humanart_17000000000268.jpg,653,99
10535,images/danbooru_anime_11916992.jpg,579,87
10536,images/coco_439971_462287.jpg,410,67
10537,images/painting_humanart_9000000002267.jpg,291,43
10538,images/sculpture_humanart_14000000000503.jpg,563,91
10539,images/real_human_humanart_17000000000070.jpg,699,107
10540,images/real_human_humanart_17000000000423.jpg,903,142
10541,images/sculpture_humanart_14000000002091.jpg,487,72
10542,images/danbooru_anime_11903180.jpg,589,99
10543,images/painting_humanart_9000000000292.jpg,399,70
10544,images/painting_humanart_10000000000950.jpg,394,55
10545,images/real_human_humanart_15000000000235.jpg,923,141
10546,images/painting_humanart_6000000002837.jpg,636,107
10547,images/painting_humanart_2000000001710.jpg,387,54
10548,images/danbooru_anime_11914122.jpg,382,62
10549,images/painting_humanart_10000000002195.jpg,368,64
10550,images/danbooru_anime_11919523.jpg,331,54
10551,images/coco_80613_451696.jpg,488,82
10552,images/danbooru_anime_11920853.jpg,582,90
10553,images/danbooru_anime_11920584.jpg,420,65
10554,images/real_human_humanart_15000000000104.jpg,731,114
10555,images/painting_humanart_2000000003265.jpg,357,58
10556,images/painting_humanart_2000000001181.jpg,603,98
10557,images/painting_humanart_6000000003316.jpg,426,66
10558,images/painting_humanart_2000000001549.jpg,390,62
10559,images/painting_humanart_10000000000521.jpg,321,50
10560,images/real_human_humanart_17000000000202.jpg,695,104
10561,images/coco_121748_crowd.jpg,403,67
10562,images/sculpture_humanart_14000000003675.jpg,629,98
10563,images/painting_humanart_10000000006522.jpg,415,64
10564,images/real_human_humanart_17000000002189.jpg,635,93
10565,images/coco_447124_445827.jpg,284,48
10566,images/real_human_humanart_15000000001251.jpg,741,119
10567,images/real_human_humanart_17000000001270.jpg,509,81
10568,images/painting_humanart_10000000000601.jpg,422,61
10569,images/coco_98881_crowd.jpg,424,76
10570,images/danbooru_anime_11919682.jpg,445,69
10571,images/painting_humanart_10000000000614.jpg,354,53
10572,images/real_human_humanart_17000000000552.jpg,746,112
10573,images/real_human_humanart_15000000000173.jpg,742,116
10574,images/sculpture_humanart_14000000003871.jpg,735,115
10575,images/painting_humanart_9000000000439.jpg,235,39
10576,images/coco_443363_219161.jpg,292,51
10577,images/danbooru_anime_11910403.jpg,364,64
10578,images/real_human_humanart_15000000001473.jpg,605,93
10579,images/coco_342521_crowd.jpg,433,78
10580,images/painting_humanart_10000000000503.jpg,518,84
10581,images/danbooru_anime_11921238.jpg,566,90
10582,images/sculpture_humanart_14000000001516.jpg,690,99
10583,images/real_human_humanart_15000000000154.jpg,695,101
10584,images/painting_humanart_9000000002098.jpg,473,78
10585,images/painting_humanart_1000000002781.jpg,347,61
10586,images/real_human_humanart_15000000002300.jpg,565,87
10587,images/painting_humanart_2000000002526.jpg,325,55
10588,images/real_human_humanart_17000000001347.jpg,617,93
10589,images/painting_humanart_10000000000477.jpg,547,78
10590,images/coco_367610_223746.jpg,311,52
10591,images/real_human_humanart_17000000000839.jpg,680,107
10592,images/painting_humanart_9000000000993.jpg,409,61
10593,images/real_human_humanart_15000000000758.jpg,557,86
10594,images/sculpture_humanart_14000000004485.jpg,586,83
10595,images/sculpture_humanart_14000000000541.jpg,540,83
10596,images/painting_humanart_2000000001314.jpg,571,92
10597,images/painting_humanart_2000000000388.jpg,637,101
10598,images/real_human_humanart_17000000001618.jpg,618,93
10599,images/real_human_humanart_17000000001691.jpg,563,88
10600,images/real_human_humanart_17000000000172.jpg,565,86
10601,images/sculpture_humanart_14000000003770.jpg,652,103
10602,images/coco_307547_441542.jpg,608,101
10603,images/real_human_humanart_15000000000770.jpg,560,87
10604,images/painting_humanart_6000000000717.jpg,456,77
10605,images/real_human_humanart_15000000002440.jpg,550,82
10606,images/sculpture_humanart_14000000001529.jpg,442,70
10607,images/painting_humanart_2000000002783.jpg,674,100
10608,images/coco_10138_228945.jpg,511,78
10609,images/coco_355137_425240.jpg,356,58
10610,images/real_human_humanart_17000000000445.jpg,578,85
10611,images/painting_humanart_10000000002530.jpg,496,78
10612,images/real_human_humanart_15000000001898.jpg,649,93
10613,images/danbooru_anime_11910625.jpg,416,67
10614,images/real_human_humanart_15000000000640.jpg,517,80
10615,images/painting_humanart_9000000002093.jpg,496,79
10616,images/painting_humanart_6000000002530.jpg,458,77
10617,images/painting_humanart_9000000002444.jpg,627,97
10618,images/sculpture_humanart_14000000003796.jpg,654,98
10619,images/danbooru_anime_11917170.jpg,381,59
10620,images/painting_humanart_9000000001255.jpg,478,70
10621,images/painting_humanart_2000000002533.jpg,395,60
10622,images/real_human_humanart_17000000000101.jpg,672,100
10623,images/sculpture_humanart_14000000002061.jpg,673,100
10624,images/painting_humanart_1000000001140.jpg,422,64
10625,images/real_human_humanart_15000000000281.jpg,541,82
10626,images/painting_humanart_1000000000667.jpg,522,83
10627,images/painting_humanart_6000000001885.jpg,381,67
10628,images/sculpture_humanart_14000000000068.jpg,620,94
10629,images/coco_434657_1733465.jpg,385,60
10630,images/painting_humanart_2000000001469.jpg,423,66
10631,images/painting_humanart_10000000000628.jpg,444,71
10632,images/painting_humanart_2000000001520.jpg,497,76
10633,images/coco_253969_crowd.jpg,539,88
10634,images/painting_humanart_6000000001781.jpg,408,66
10635,images/danbooru_anime_11920060.jpg,617,98
10636,images/real_human_humanart_15000000001057.jpg,609,93
10637,images/sculpture_humanart_14000000000003.jpg,818,131
10638,images/painting_humanart_2000000001984.jpg,606,94
10639,images/painting_humanart_6000000002234.jpg,378,58
10640,images/real_human_humanart_15000000000361.jpg,498,78
10641,images/painting_humanart_9000000002047.jpg,359,59
10642,images/coco_307523_1741230.jpg,255,42
10643,images/danbooru_anime_11905618.jpg,492,80
10644,images/painting_humanart_10000000004638.jpg,635,98
10645,images/painting_humanart_9000000001551.jpg,343,53
10646,images/coco_238199_453204.jpg,328,52
10647,images/coco_486171_1713231.jpg,287,53
10648,images/real_human_humanart_17000000000028.jpg,782,121
10649,images/real_human_humanart_17000000000496.jpg,651,97
10650,images/sculpture_humanart_14000000001987.jpg,597,94
10651,images/painting_humanart_1000000003712.jpg,724,123
10652,images/painting_humanart_2000000000918.jpg,629,97
10653,images/real_human_humanart_15000000002350.jpg,793,124
10654,images/coco_134981_crowd.jpg,588,95
10655,images/danbooru_anime_11915918.jpg,412,68
10656,images/real_human_humanart_17000000000774.jpg,792,124
10657,images/coco_276552_crowd.jpg,463,77
10658,images/danbooru_anime_11917174.jpg,802,123
10659,images/coco_55375_crowd.jpg,431,68
10660,images/real_human_humanart_15000000001529.jpg,408,62
10661,images/painting_humanart_6000000002891.jpg,592,95
10662,images/painting_humanart_1000000005059.jpg,573,87
10663,images/coco_370209_427880.jpg,545,87
10664,images/painting_humanart_2000000002553.jpg,682,109
10665,images/sculpture_humanart_14000000002034.jpg,549,85
10666,images/real_human_humanart_17000000000451.jpg,745,122
10667,images/coco_101172_183092.jpg,506,79
10668,images/painting_humanart_6000000003019.jpg,503,83
10669,images/painting_humanart_10000000003555.jpg,401,66
10670,images/real_human_humanart_15000000002061.jpg,570,82
10671,images/danbooru_anime_11904169.jpg,684,104
10672,images/danbooru_anime_11920159.jpg,639,98
10673,images/painting_humanart_2000000000787.jpg,577,93
10674,images/danbooru_anime_11919020.jpg,426,66
10675,images/coco_195594_1228727.jpg,313,49
10676,images/real_human_humanart_15000000002255.jpg,768,119
10677,images/painting_humanart_9000000000041.jpg,631,92
10678,images/real_human_humanart_17000000000586.jpg,315,48
10679,images/painting_humanart_2000000002986.jpg,588,96
10680,images/danbooru_anime_11914109.jpg,382,57
10681,images/sculpture_humanart_14000000001661.jpg,381,59
10682,images/painting_humanart_9000000001678.jpg,311,53
10683,images/painting_humanart_9000000001814.jpg,441,69
10684,images/danbooru_anime_11901149.jpg,313,52
10685,images/danbooru_anime_11913926.jpg,382,59
10686,images/real_human_humanart_15000000002249.jpg,748,115
10687,images/danbooru_anime_11915844.jpg,315,52
10688,images/sculpture_humanart_14000000000629.jpg,647,97
10689,images/painting_humanart_10000000003116.jpg,304,46
10690,images/painting_humanart_9000000001766.jpg,323,51
10691,images/real_human_humanart_15000000002277.jpg,721,110
10692,images/coco_16497_2162521.jpg,448,72
10693,images/danbooru_anime_11910283.jpg,736,115
10694,images/painting_humanart_1000000002733.jpg,338,55
10695,images/sculpture_humanart_14000000001647.jpg,730,116
10696,images/painting_humanart_2000000000776.jpg,392,64
10697,images/sculpture_humanart_14000000001125.jpg,496,70
10698,images/real_human_humanart_15000000001832.jpg,613,89
10699,images/real_human_humanart_15000000002228.jpg,301,43
10700,images/painting_humanart_10000000001947.jpg,334,49
10701,images/painting_humanart_10000000004472.jpg,341,56
10702,images/real_human_humanart_17000000000808.jpg,576,92
10703,images/painting_humanart_2000000001754.jpg,623,98
10704,images/painting_humanart_6000000001070.jpg,396,61
10705,images/coco_502433_1717538.jpg,238,42
10706,images/painting_humanart_10000000000990.jpg,512,74
10707,images/painting_humanart_2000000001066.jpg,656,103
10708,images/painting_humanart_2000000001077.jpg,730,116
10709,images/coco_334222_440196.jpg,279,45
10710,images/painting_humanart_6000000002741.jpg,488,78
10711,images/painting_humanart_2000000001500.jpg,664,99
10712,images/painting_humanart_6000000002403.jpg,230,38
10713,images/painting_humanart_1000000007312.jpg,413,64
10714,images/real_human_humanart_17000000000954.jpg,721,113
10715,images/coco_541474_458749.jpg,259,43
10716,images/painting_humanart_10000000000282.jpg,516,82
10717,images/painting_humanart_2000000000051.jpg,587,93
10718,images/coco_231379_crowd.jpg,544,91
10719,images/coco_19716_493874.jpg,473,75
10720,images/coco_42201_crowd.jpg,338,53
10721,images/painting_humanart_1000000005663.jpg,281,48
10722,images/sculpture_humanart_14000000001420.jpg,649,98
10723,images/real_human_humanart_15000000001123.jpg,655,102
10724,images/real_human_humanart_15000000001083.jpg,682,104
10725,images/coco_146742_427175.jpg,516,84
10726,images/coco_181296_191215.jpg,415,67
10727,images/sculpture_humanart_14000000004521.jpg,400,64
10728,images/danbooru_anime_11919550.jpg,356,56
10729,images/painting_humanart_9000000000992.jpg,428,67
10730,images/coco_335839_475081.jpg,397,60
10731,images/real_human_humanart_15000000001604.jpg,575,86
10732,images/painting_humanart_9000000001326.jpg,316,56
10733,images/real_human_humanart_15000000002123.jpg,686,104
10734,images/danbooru_anime_11903922.jpg,539,83
10735,images/coco_575088_crowd.jpg,290,45
10736,images/real_human_humanart_17000000002336.jpg,870,136
10737,images/real_human_humanart_17000000000984.jpg,583,95
10738,images/coco_373344_197165.jpg,329,53
10739,images/painting_humanart_1000000001447.jpg,505,83
10740,images/coco_35795_507976.jpg,362,61
10741,images/coco_493846_crowd.jpg,288,49
10742,images/coco_427113_crowd.jpg,286,47
10743,images/painting_humanart_2000000002890.jpg,404,55
10744,images/coco_327417_2191001.jpg,333,54
10745,images/danbooru_anime_11902891.jpg,291,49
10746,images/coco_264961_crowd.jpg,399,60
10747,images/real_human_humanart_17000000002361.jpg,651,100
10748,images/sculpture_humanart_14000000001630.jpg,682,105
10749,images/painting_humanart_6000000000268.jpg,431,70
10750,images/painting_humanart_1000000007267.jpg,596,98
10751,images/painting_humanart_1000000001269.jpg,167,26
10752,images/painting_humanart_10000000000360.jpg,515,76
10753,images/painting_humanart_6000000001240.jpg,415,71
10754,images/painting_humanart_2000000001535.jpg,625,93
10755,images/coco_84762_crowd.jpg,370,59
10756,images/coco_69646_478417.jpg,195,31
10757,images/coco_246878_463336.jpg,446,71
10758,images/painting_humanart_1000000000851.jpg,598,98
10759,images/real_human_humanart_17000000000175.jpg,870,134
10760,images/real_human_humanart_17000000001130.jpg,542,79
10761,images/coco_488755_crowd.jpg,256,45
10762,images/coco_4011_439811.jpg,494,79
10763,images/real_human_humanart_17000000001834.jpg,734,109
10764,images/real_human_humanart_17000000002174.jpg,626,97
10765,images/coco_324776_200760.jpg,310,53
10766,images/painting_humanart_1000000006494.jpg,304,52
10767,images/painting_humanart_9000000000882.jpg,316,52
10768,images/painting_humanart_9000000002106.jpg,439,70
10769,images/danbooru_anime_11914752.jpg,490,75
10770,images/painting_humanart_6000000001198.jpg,456,70
10771,images/painting_humanart_10000000000873.jpg,529,76
10772,images/real_human_humanart_15000000000543.jpg,624,104
10773,images/danbooru_anime_11917822.jpg,505,85
10774,images/sculpture_humanart_14000000002069.jpg,565,83
10775,images/real_human_humanart_15000000002210.jpg,712,108
10776,images/painting_humanart_2000000000833.jpg,556,89
10777,images/sculpture_humanart_14000000000379.jpg,748,120
10778,images/sculpture_humanart_14000000000301.jpg,768,118
10779,images/real_human_humanart_17000000001560.jpg,704,114
10780,images/painting_humanart_10000000000329.jpg,378,56
10781,images/painting_humanart_2000000000351.jpg,547,81
10782,images/painting_humanart_9000000001950.jpg,681,115
10783,images/danbooru_anime_11915249.jpg,426,68
10784,images/danbooru_anime_11921052.jpg,689,112
10785,images/real_human_humanart_15000000002318.jpg,807,121
10786,images/danbooru_anime_11903382.jpg,457,70
10787,images/real_human_humanart_17000000001311.jpg,442,71
10788,images/coco_223157_crowd.jpg,562,89
10789,images/sculpture_humanart_14000000004528.jpg,550,85
10790,images/painting_humanart_10000000000097.jpg,636,101
10791,images/painting_humanart_1000000002888.jpg,256,43
10792,images/painting_humanart_6000000001040.jpg,692,108
10793,images/real_human_humanart_15000000000656.jpg,811,125
10794,images/painting_humanart_10000000004030.jpg,422,64
10795,images/danbooru_anime_11902710.jpg,383,59
10796,images/painting_humanart_2000000000446.jpg,766,121
10797,images/painting_humanart_6000000003649.jpg,505,80
10798,images/danbooru_anime_11917407.jpg,384,62
10799,images/sculpture_humanart_14000000001895.jpg,754,109
10800,images/painting_humanart_6000000002415.jpg,540,96
10801,images/painting_humanart_2000000000033.jpg,441,74
10802,images/coco_484551_215943.jpg,324,54
10803,images/painting_humanart_9000000002133.jpg,627,104
10804,images/painting_humanart_6000000003598.jpg,330,53
10805,images/painting_humanart_2000000002658.jpg,392,70
10806,images/danbooru_anime_11918929.jpg,531,78
10807,images/painting_humanart_10000000005343.jpg,446,69
10808,images/danbooru_anime_11914081.jpg,224,39
10809,images/danbooru_anime_11908453.jpg,647,101
10810,images/painting_humanart_2000000000523.jpg,636,99
10811,images/coco_42501_453361.jpg,180,30
10812,images/real_human_humanart_17000000000033.jpg,650,95
10813,images/coco_160166_crowd.jpg,544,95
10814,images/painting_humanart_1000000001286.jpg,696,113
10815,images/painting_humanart_2000000000487.jpg,637,96
10816,images/sculpture_humanart_14000000003931.jpg,559,82
10817,images/painting_humanart_9000000002589.jpg,476,82
10818,images/painting_humanart_10000000002730.jpg,392,64
10819,images/sculpture_humanart_14000000001565.jpg,522,77
10820,images/real_human_humanart_17000000002528.jpg,488,71
10821,images/painting_humanart_9000000000971.jpg,563,93
10822,images/painting_humanart_9000000000562.jpg,423,70
10823,images/danbooru_anime_11904890.jpg,507,91
10824,images/painting_humanart_10000000000064.jpg,585,90
10825,images/coco_478338_448160.jpg,179,28
10826,images/coco_208566_465314.jpg,541,86
10827,images/painting_humanart_10000000002818.jpg,286,47
10828,images/danbooru_anime_11908527.jpg,419,66
10829,images/real_human_humanart_15000000001638.jpg,593,96
10830,images/painting_humanart_2000000001074.jpg,388,65
10831,images/sculpture_humanart_14000000004437.jpg,632,95
10832,images/coco_210149_crowd.jpg,277,44
10833,images/painting_humanart_1000000001103.jpg,376,56
10834,images/coco_463884_436104.jpg,411,74
10835,images/coco_359270_2163754.jpg,504,83
10836,images/painting_humanart_2000000000266.jpg,291,48
10837,images/coco_501172_crowd.jpg,377,59
10838,images/painting_humanart_6000000001388.jpg,660,112
10839,images/danbooru_anime_11905792.jpg,440,67
10840,images/coco_154497_crowd.jpg,644,106
10841,images/painting_humanart_6000000003236.jpg,460,76
10842,images/painting_humanart_6000000000315.jpg,343,55
10843,images/real_human_humanart_15000000001482.jpg,757,111
10844,images/painting_humanart_6000000003555.jpg,547,85
10845,images/coco_546424_crowd.jpg,430,73
10846,images/painting_humanart_1000000002190.jpg,469,79
10847,images/coco_562101_2158259.jpg,345,55
10848,images/danbooru_anime_11920447.jpg,441,66
10849,images/coco_385669_437840.jpg,338,57
10850,images/real_human_humanart_15000000001238.jpg,861,130
10851,images/coco_351577_1716791.jpg,478,80
10852,images/sculpture_humanart_14000000001013.jpg,725,111
10853,images/painting_humanart_10000000006001.jpg,361,57
10854,images/painting_humanart_2000000001936.jpg,313,46
10855,images/coco_5356_crowd.jpg,528,83
10856,images/coco_291606_204929.jpg,438,73
10857,images/danbooru_anime_11920806.jpg,546,85
10858,images/real_human_humanart_15000000000178.jpg,692,101
10859,images/coco_524047_423689.jpg,447,78
10860,images/real_human_humanart_15000000000966.jpg,538,83
10861,images/danbooru_anime_11918841.jpg,484,90
10862,images/painting_humanart_9000000001203.jpg,242,37
10863,images/coco_325239_422846.jpg,268,41
10864,images/danbooru_anime_11913991.jpg,549,87
10865,images/real_human_humanart_15000000000443.jpg,501,83
10866,images/real_human_humanart_15000000002275.jpg,513,81
10867,images/sculpture_humanart_14000000003926.jpg,600,94
10868,images/painting_humanart_9000000001958.jpg,392,67
10869,images/sculpture_humanart_14000000001988.jpg,558,87
10870,images/coco_549448_crowd.jpg,563,91
10871,images/real_human_humanart_15000000001523.jpg,540,84
10872,images/sculpture_humanart_14000000001543.jpg,623,96
10873,images/painting_humanart_9000000002677.jpg,565,94
10874,images/painting_humanart_6000000001064.jpg,538,82
10875,images/painting_humanart_10000000006542.jpg,333,52
10876,images/real_human_humanart_17000000002151.jpg,734,114
10877,images/coco_377802_429432.jpg,593,101
10878,images/painting_humanart_1000000005843.jpg,373,62
10879,images/painting_humanart_9000000000101.jpg,484,74
10880,images/coco_417400_194295.jpg,430,71
10881,images/painting_humanart_6000000000543.jpg,354,55
10882,images/coco_280858_2166127.jpg,402,65
10883,images/sculpture_humanart_14000000004388.jpg,534,79
10884,images/painting_humanart_9000000002371.jpg,644,103
10885,images/painting_humanart_9000000002235.jpg,425,62
10886,images/painting_humanart_10000000005760.jpg,385,62
10887,images/coco_88072_507157.jpg,441,74
10888,images/painting_humanart_1000000005882.jpg,373,67
10889,images/coco_527691_452151.jpg,460,76
10890,images/real_human_humanart_17000000000273.jpg,710,108
10891,images/coco_139294_crowd.jpg,666,107
10892,images/coco_482590_crowd.jpg,261,41
10893,images/sculpture_humanart_14000000001615.jpg,496,71
10894,images/painting_humanart_10000000003113.jpg,505,83
10895,images/painting_humanart_10000000000268.jpg,299,45
10896,images/danbooru_anime_11920431.jpg,352,54
10897,images/coco_571029_crowd.jpg,490,78
10898,images/coco_496402_216032.jpg,281,47
10899,images/real_human_humanart_15000000000615.jpg,826,137
10900,images/danbooru_anime_11920397.jpg,379,59
10901,images/coco_44627_crowd.jpg,519,88
10902,images/coco_330699_443818.jpg,334,58
10903,images/real_human_humanart_17000000002264.jpg,450,65
10904,images/real_human_humanart_17000000001164.jpg,622,101
10905,images/coco_468345_445508.jpg,427,69
10906,images/painting_humanart_10000000000470.jpg,283,44
10907,images/real_human_humanart_15000000000715.jpg,326,54
10908,images/coco_25244_454335.jpg,501,79
10909,images/coco_261363_490602.jpg,301,46
10910,images/real_human_humanart_17000000000661.jpg,477,77
10911,images/painting_humanart_9000000000588.jpg,454,72
10912,images/real_human_humanart_17000000000129.jpg,641,103
10913,images/painting_humanart_10000000004919.jpg,660,101
10914,images/danbooru_anime_11901291.jpg,559,91
10915,images/sculpture_humanart_14000000003899.jpg,283,43
10916,images/danbooru_anime_11916426.jpg,285,42
10917,images/painting_humanart_10000000001410.jpg,551,86
10918,images/danbooru_anime_11909561.jpg,482,68
10919,images/coco_475159_1729577.jpg,261,43
10920,images/painting_humanart_1000000001608.jpg,253,39
10921,images/coco_174043_crowd.jpg,381,64
10922,images/coco_151084_545144.jpg,425,74
10923,images/painting_humanart_9000000000102.jpg,659,101
10924,images/real_human_humanart_17000000001098.jpg,621,102
10925,images/coco_370207_crowd.jpg,518,92
10926,images/sculpture_humanart_14000000002006.jpg,628,98
10927,images/painting_humanart_9000000001468.jpg,490,69
10928,images/danbooru_anime_11919388.jpg,499,80
10929,images/danbooru_anime_11917957.jpg,365,56
10930,images/coco_36311_502157.jpg,406,66
10931,images/coco_234554_451918.jpg,606,97
10932,images/coco_132644_451757.jpg,295,48
10933,images/painting_humanart_2000000000204.jpg,775,126
10934,images/real_human_humanart_15000000000038.jpg,672,105
10935,images/coco_198447_crowd.jpg,504,81
10936,images/coco_158292_crowd.jpg,483,72
10937,images/real_human_humanart_17000000000721.jpg,718,116
10938,images/coco_118406_crowd.jpg,359,61
10939,images/painting_humanart_1000000001480.jpg,441,72
10940,images/painting_humanart_9000000002191.jpg,411,64
10941,images/sculpture_humanart_14000000000981.jpg,725,117
10942,images/painting_humanart_10000000003917.jpg,441,71
10943,images/painting_humanart_9000000002175.jpg,564,93
10944,images/sculpture_humanart_14000000002022.jpg,480,71
10945,images/real_human_humanart_17000000001958.jpg,554,89
10946,images/coco_145604_crowd.jpg,413,63
10947,images/danbooru_anime_11921248.jpg,492,78
10948,images/coco_236272_crowd.jpg,560,92
10949,images/coco_440959_445227.jpg,486,76
10950,images/coco_370701_209990.jpg,617,102
10951,images/coco_203631_456035.jpg,448,70
10952,images/real_human_humanart_17000000001281.jpg,628,96
10953,images/danbooru_anime_11919407.jpg,374,61
10954,images/real_human_humanart_17000000000619.jpg,631,97
10955,images/painting_humanart_6000000001641.jpg,423,72
10956,images/danbooru_anime_11921424.jpg,641,104
10957,images/danbooru_anime_11919196.jpg,453,73
10958,images/painting_humanart_2000000003168.jpg,595,97
10959,images/painting_humanart_9000000000544.jpg,701,113
10960,images/danbooru_anime_11921017.jpg,404,63
10961,images/painting_humanart_6000000000325.jpg,525,88
10962,images/painting_humanart_1000000000157.jpg,418,68
10963,images/coco_336802_192949.jpg,374,64
10964,images/sculpture_humanart_14000000000958.jpg,495,74
10965,images/coco_208808_2166358.jpg,734,114
10966,images/real_human_humanart_15000000000591.jpg,627,90
10967,images/painting_humanart_10000000000395.jpg,360,61
10968,images/real_human_humanart_15000000000857.jpg,715,112
10969,images/coco_105518_215078.jpg,424,69
10970,images/danbooru_anime_11920405.jpg,341,55
10971,images/painting_humanart_10000000000510.jpg,458,70
10972,images/real_human_humanart_15000000002499.jpg,675,98
10973,images/painting_humanart_2000000001160.jpg,414,68
10974,images/sculpture_humanart_14000000000740.jpg,614,96
10975,images/coco_412285_456510.jpg,239,40
10976,images/real_human_humanart_17000000000832.jpg,700,108
10977,images/painting_humanart_2000000000692.jpg,690,106
10978,images/coco_205573_crowd.jpg,520,93
10979,images/coco_333538_crowd.jpg,581,93
10980,images/painting_humanart_2000000002598.jpg,417,69
10981,images/danbooru_anime_11917689.jpg,602,95
10982,images/real_human_humanart_17000000000651.jpg,644,98
10983,images/sculpture_humanart_14000000003727.jpg,263,41
10984,images/danbooru_anime_11917206.jpg,570,84
10985,images/sculpture_humanart_14000000003768.jpg,456,72
10986,images/painting_humanart_1000000001475.jpg,487,80
10987,images/coco_476925_202256.jpg,435,76
10988,images/real_human_humanart_17000000001042.jpg,285,47
10989,images/painting_humanart_10000000005440.jpg,667,102
10990,images/danbooru_anime_11921311.jpg,656,104
10991,images/danbooru_anime_11909232.jpg,585,94
10992,images/coco_329932_461067.jpg,424,67
10993,images/painting_humanart_1000000006517.jpg,259,42
10994,images/coco_521994_185299.jpg,435,70
10995,images/sculpture_humanart_14000000001385.jpg,647,91
10996,images/danbooru_anime_11917040.jpg,376,57
10997,images/coco_10012_1730659.jpg,215,36
10998,images/real_human_humanart_17000000002023.jpg,492,78
10999,images/painting_humanart_10000000000919.jpg,293,45
11000,images/real_human_humanart_17000000001491.jpg,664,103
11001,images/danbooru_anime_11916710.jpg,605,92
11002,images/real_human_humanart_17000000000771.jpg,652,93
11003,images/coco_402499_crowd.jpg,340,57
11004,images/coco_464515_crowd.jpg,351,61
11005,images/painting_humanart_2000000000375.jpg,678,102
11006,images/sculpture_humanart_14000000000840.jpg,645,99
11007,images/danbooru_anime_11908546.jpg,303,48
11008,images/danbooru_anime_11916586.jpg,573,89
11009,images/painting_humanart_9000000002413.jpg,528,79
11010,images/painting_humanart_6000000001123.jpg,504,84
11011,images/real_human_humanart_17000000001782.jpg,426,65
11012,images/real_human_humanart_17000000002282.jpg,501,81
11013,images/real_human_humanart_15000000000996.jpg,558,89
11014,images/painting_humanart_2000000001289.jpg,697,111
11015,images/painting_humanart_6000000000923.jpg,556,97
11016,images/sculpture_humanart_14000000003512.jpg,431,67
11017,images/painting_humanart_10000000004259.jpg,344,50
11018,images/painting_humanart_2000000002617.jpg,636,91
11019,images/painting_humanart_2000000002380.jpg,560,89
11020,images/coco_348524_crowd.jpg,580,90
11021,images/real_human_humanart_15000000001019.jpg,517,81
11022,images/coco_50782_457336.jpg,361,58
11023,images/sculpture_humanart_14000000004066.jpg,584,88
11024,images/painting_humanart_6000000003421.jpg,434,75
11025,images/danbooru_anime_11919166.jpg,509,77
11026,images/real_human_humanart_17000000000024.jpg,512,74
11027,images/painting_humanart_10000000005219.jpg,484,76
11028,images/real_human_humanart_15000000002069.jpg,739,107
11029,images/danbooru_anime_11913726.jpg,603,92
11030,images/real_human_humanart_15000000000597.jpg,518,79
11031,images/painting_humanart_6000000002450.jpg,297,48
11032,images/coco_131919_2159589.jpg,333,57
11033,images/coco_149571_490214.jpg,229,40
11034,images/coco_348701_429177.jpg,384,62
11035,images/sculpture_humanart_14000000004399.jpg,598,95
11036,images/coco_14135_448395.jpg,290,48
11037,images/sculpture_humanart_14000000001589.jpg,299,42
11038,images/painting_humanart_6000000000386.jpg,484,79
11039,images/painting_humanart_10000000003130.jpg,280,43
11040,images/sculpture_humanart_14000000000235.jpg,644,103
11041,images/danbooru_anime_11920526.jpg,483,77
11042,images/coco_24386_crowd.jpg,442,74
11043,images/danbooru_anime_11916616.jpg,451,73
11044,images/painting_humanart_10000000000397.jpg,372,54
11045,images/real_human_humanart_15000000000207.jpg,693,107
11046,images/sculpture_humanart_14000000000321.jpg,660,115
11047,images/coco_559948_1720283.jpg,448,71
11048,images/painting_humanart_2000000003333.jpg,337,52
11049,images/danbooru_anime_11919683.jpg,668,104
11050,images/painting_humanart_9000000001232.jpg,320,52
11051,images/coco_44621_crowd.jpg,632,109
11052,images/real_human_humanart_17000000000255.jpg,539,87
11053,images/real_human_humanart_17000000001025.jpg,687,102
11054,images/coco_536782_crowd.jpg,510,82
11055,images/real_human_humanart_15000000000461.jpg,529,85
11056,images/painting_humanart_2000000000699.jpg,476,77
11057,images/painting_humanart_10000000005853.jpg,524,85
11058,images/real_human_humanart_15000000000946.jpg,748,115
11059,images/real_human_humanart_15000000001010.jpg,308,48
11060,images/coco_305437_crowd.jpg,534,84
11061,images/sculpture_humanart_14000000003919.jpg,638,94
11062,images/real_human_humanart_15000000001174.jpg,848,133
11063,images/coco_572229_crowd.jpg,259,40
11064,images/sculpture_humanart_14000000003733.jpg,535,78
11065,images/danbooru_anime_11920319.jpg,641,104
11066,images/real_human_humanart_15000000000393.jpg,807,127
11067,images/coco_239351_crowd.jpg,453,75
11068,images/coco_302767_434614.jpg,412,64
11069,images/coco_255158_455480.jpg,444,66
11070,images/painting_humanart_9000000001336.jpg,532,83
11071,images/coco_557732_425145.jpg,377,63
11072,images/real_human_humanart_15000000000324.jpg,573,89
11073,images/painting_humanart_1000000000373.jpg,468,72
11074,images/painting_humanart_1000000005848.jpg,340,55
11075,images/painting_humanart_2000000002185.jpg,429,66
11076,images/danbooru_anime_11903537.jpg,325,52
11077,images/painting_humanart_10000000003305.jpg,496,87
11078,images/real_human_humanart_15000000002233.jpg,360,55
11079,images/painting_humanart_10000000000525.jpg,580,94
11080,images/real_human_humanart_15000000001397.jpg,668,102
11081,images/painting_humanart_2000000002876.jpg,605,99
11082,images/real_human_humanart_17000000001596.jpg,712,116
11083,images/real_human_humanart_15000000002240.jpg,611,95
11084,images/painting_humanart_6000000001934.jpg,461,71
11085,images/danbooru_anime_11915672.jpg,645,100
11086,images/danbooru_anime_11916054.jpg,545,85
11087,images/coco_117222_crowd.jpg,500,82
11088,images/real_human_humanart_15000000001479.jpg,746,119
11089,images/coco_422982_crowd.jpg,422,75
11090,images/coco_24609_crowd.jpg,347,56
11091,images/coco_267690_crowd.jpg,413,61
11092,images/painting_humanart_10000000000766.jpg,570,90
11093,images/painting_humanart_2000000001556.jpg,520,78
11094,images/painting_humanart_2000000003133.jpg,611,92
11095,images/painting_humanart_6000000000656.jpg,357,63
11096,images/painting_humanart_10000000001548.jpg,237,40
11097,images/danbooru_anime_11910295.jpg,428,66
11098,images/real_human_humanart_15000000000968.jpg,265,40
11099,images/coco_556083_425324.jpg,360,58
11100,images/coco_286018_crowd.jpg,330,54
11101,images/painting_humanart_6000000000689.jpg,609,104
11102,images/painting_humanart_9000000002546.jpg,286,49
11103,images/danbooru_anime_11921321.jpg,577,93
11104,images/painting_humanart_9000000001994.jpg,442,72
11105,images/painting_humanart_10000000000161.jpg,306,46
11106,images/real_human_humanart_17000000000005.jpg,687,104
11107,images/painting_humanart_1000000000352.jpg,483,78
11108,images/painting_humanart_1000000001076.jpg,442,74
11109,images/sculpture_humanart_14000000000666.jpg,586,90
11110,images/sculpture_humanart_14000000004530.jpg,625,95
11111,images/danbooru_anime_11913829.jpg,471,75
11112,images/painting_humanart_9000000001736.jpg,299,43
11113,images/danbooru_anime_11921425.jpg,394,66
11114,images/coco_258061_434762.jpg,288,49
11115,images/painting_humanart_2000000000333.jpg,638,99
11116,images/painting_humanart_6000000001714.jpg,581,91
11117,images/real_human_humanart_17000000000134.jpg,596,93
11118,images/real_human_humanart_15000000002253.jpg,996,147
11119,images/painting_humanart_2000000001771.jpg,516,81
11120,images/coco_258433_crowd.jpg,334,57
11121,images/painting_humanart_2000000002879.jpg,615,97
11122,images/sculpture_humanart_14000000000638.jpg,645,92
11123,images/sculpture_humanart_14000000004288.jpg,487,74
11124,images/painting_humanart_10000000000912.jpg,557,88
11125,images/coco_117584_441680.jpg,269,44
11126,images/danbooru_anime_11909215.jpg,417,66
11127,images/painting_humanart_9000000002006.jpg,617,104
11128,images/painting_humanart_2000000001049.jpg,441,70
11129,images/painting_humanart_2000000001149.jpg,529,79
11130,images/danbooru_anime_11904092.jpg,426,71
11131,images/danbooru_anime_11903916.jpg,378,61
11132,images/danbooru_anime_11919838.jpg,320,51
11133,images/danbooru_anime_11910588.jpg,407,62
11134,images/painting_humanart_10000000003681.jpg,348,57
11135,images/painting_humanart_9000000000444.jpg,298,45
11136,images/painting_humanart_6000000000587.jpg,510,83
11137,images/painting_humanart_6000000003596.jpg,592,92
11138,images/real_human_humanart_15000000000728.jpg,544,87
11139,images/coco_359387_1706112.jpg,520,84
11140,images/coco_395382_crowd.jpg,374,60
11141,images/coco_563723_215495.jpg,421,67
11142,images/coco_108803_crowd.jpg,435,72
11143,images/sculpture_humanart_14000000001701.jpg,509,72
11144,images/coco_39504_209310.jpg,388,61
11145,images/real_human_humanart_15000000001451.jpg,432,69
11146,images/painting_humanart_2000000001215.jpg,665,100
11147,images/danbooru_anime_11920348.jpg,345,53
11148,images/danbooru_anime_11917189.jpg,273,46
11149,images/sculpture_humanart_14000000000927.jpg,425,74
11150,images/painting_humanart_9000000000002.jpg,309,50
11151,images/sculpture_humanart_14000000004490.jpg,677,98
11152,images/painting_humanart_1000000004956.jpg,631,108
11153,images/painting_humanart_6000000000624.jpg,512,82
11154,images/coco_538122_455275.jpg,406,65
11155,images/real_human_humanart_15000000001176.jpg,480,71
11156,images/painting_humanart_1000000000153.jpg,399,59
11157,images/coco_258019_438054.jpg,690,113
11158,images/painting_humanart_6000000003654.jpg,409,64
11159,images/painting_humanart_10000000005821.jpg,490,78
11160,images/real_human_humanart_15000000001297.jpg,819,126
11161,images/coco_237814_crowd.jpg,562,92
11162,images/coco_297933_470044.jpg,523,85
11163,images/painting_humanart_9000000001508.jpg,339,52
11164,images/painting_humanart_10000000002373.jpg,274,50
11165,images/painting_humanart_2000000000967.jpg,697,112
11166,images/coco_292206_crowd.jpg,480,84
11167,images/danbooru_anime_11919336.jpg,435,69
11168,images/coco_260370_483968.jpg,408,67
11169,images/coco_7256_crowd.jpg,470,69
11170,images/real_human_humanart_15000000002273.jpg,517,78
11171,images/coco_177919_crowd.jpg,380,63
11172,images/painting_humanart_2000000001550.jpg,567,90
11173,images/real_human_humanart_15000000002254.jpg,671,103
11174,images/painting_humanart_10000000003762.jpg,298,45
11175,images/danbooru_anime_11918387.jpg,313,49
11176,images/real_human_humanart_15000000000878.jpg,664,103
11177,images/danbooru_anime_11903203.jpg,527,83
11178,images/danbooru_anime_11900905.jpg,589,86
11179,images/painting_humanart_10000000001336.jpg,260,40
11180,images/coco_455279_523198.jpg,452,75
11181,images/painting_humanart_10000000001677.jpg,603,90
11182,images/real_human_humanart_17000000001553.jpg,523,81
11183,images/coco_145378_crowd.jpg,311,45
11184,images/real_human_humanart_17000000001485.jpg,616,97
11185,images/danbooru_anime_11909373.jpg,375,62
11186,images/real_human_humanart_17000000001408.jpg,609,95
11187,images/painting_humanart_10000000005639.jpg,481,72
11188,images/danbooru_anime_11919385.jpg,684,103
11189,images/coco_468063_crowd.jpg,357,60
11190,images/sculpture_humanart_14000000001658.jpg,450,67
11191,images/painting_humanart_2000000000703.jpg,553,90
11192,images/real_human_humanart_15000000000824.jpg,570,96
11193,images/danbooru_anime_11919856.jpg,434,72
11194,images/painting_humanart_2000000003154.jpg,356,54
11195,images/danbooru_anime_11903814.jpg,349,47
11196,images/danbooru_anime_11913627.jpg,480,73
11197,images/coco_396820_crowd.jpg,339,56
11198,images/painting_humanart_2000000001934.jpg,292,49
11199,images/painting_humanart_10000000000107.jpg,619,97
11200,images/sculpture_humanart_14000000001893.jpg,454,67
11201,images/real_human_humanart_17000000000049.jpg,676,106
11202,images/sculpture_humanart_14000000003838.jpg,789,131
11203,images/coco_235000_202370.jpg,421,70
11204,images/danbooru_anime_11915798.jpg,683,97
11205,images/painting_humanart_10000000004611.jpg,634,102
11206,images/painting_humanart_1000000005250.jpg,244,43
11207,images/coco_552188_425220.jpg,184,33
11208,images/painting_humanart_10000000004303.jpg,304,46
11209,images/coco_136908_435207.jpg,330,54
11210,images/painting_humanart_10000000000493.jpg,487,82
11211,images/danbooru_anime_11908533.jpg,485,79
11212,images/painting_humanart_1000000002540.jpg,393,70
11213,images/coco_140963_crowd.jpg,570,91
11214,images/painting_humanart_2000000000416.jpg,448,64
11215,images/painting_humanart_10000000006267.jpg,358,61
11216,images/painting_humanart_1000000000163.jpg,349,55
11217,images/painting_humanart_1000000007237.jpg,483,79
11218,images/coco_20161_441585.jpg,271,49
11219,images/coco_554006_crowd.jpg,480,78
11220,images/painting_humanart_2000000001757.jpg,568,94
11221,images/coco_561589_crowd.jpg,795,125
11222,images/painting_humanart_9000000001603.jpg,567,88
11223,images/danbooru_anime_11918308.jpg,334,56
11224,images/painting_humanart_1000000003700.jpg,521,91
11225,images/painting_humanart_9000000002015.jpg,450,72
11226,images/painting_humanart_1000000001385.jpg,520,85
11227,images/real_human_humanart_17000000000189.jpg,534,83
11228,images/painting_humanart_2000000001653.jpg,455,73
11229,images/painting_humanart_1000000001527.jpg,775,121
11230,images/danbooru_anime_11915811.jpg,550,84
11231,images/painting_humanart_6000000000100.jpg,539,92
11232,images/real_human_humanart_17000000002470.jpg,611,95
11233,images/painting_humanart_9000000000426.jpg,646,103
11234,images/coco_206381_194422.jpg,571,92
11235,images/real_human_humanart_15000000000325.jpg,401,64
11236,images/sculpture_humanart_14000000004090.jpg,577,85
11237,images/painting_humanart_2000000003189.jpg,501,76
11238,images/painting_humanart_1000000001536.jpg,540,84
11239,images/painting_humanart_6000000002446.jpg,440,74
11240,images/painting_humanart_6000000003055.jpg,567,96
11241,images/coco_47361_crowd.jpg,367,53
11242,images/real_human_humanart_15000000000938.jpg,636,100
11243,images/coco_425481_crowd.jpg,488,81
11244,images/coco_94427_1735246.jpg,274,46
11245,images/danbooru_anime_11905534.jpg,618,93
11246,images/real_human_humanart_15000000002456.jpg,553,82
11247,images/danbooru_anime_11920411.jpg,514,83
11248,images/coco_349414_484308.jpg,337,50
11249,images/coco_32258_crowd.jpg,433,74
11250,images/painting_humanart_9000000001368.jpg,480,75
11251,images/danbooru_anime_11919569.jpg,681,113
11252,images/real_human_humanart_15000000002215.jpg,753,117
11253,images/coco_263251_crowd.jpg,468,82
11254,images/real_human_humanart_15000000000389.jpg,773,115
11255,images/painting_humanart_1000000002050.jpg,708,113
11256,images/sculpture_humanart_14000000001372.jpg,617,97
11257,images/real_human_humanart_15000000000268.jpg,574,89
11258,images/coco_231806_crowd.jpg,576,90
11259,images/real_human_humanart_17000000000043.jpg,387,58
11260,images/painting_humanart_2000000001623.jpg,775,117
11261,images/real_human_humanart_15000000001739.jpg,363,62
11262,images/danbooru_anime_11906636.jpg,564,92
11263,images/danbooru_anime_11916000.jpg,447,66
11264,images/painting_humanart_10000000006120.jpg,434,67
11265,images/real_human_humanart_17000000000645.jpg,400,60
11266,images/real_human_humanart_17000000002469.jpg,675,104
11267,images/real_human_humanart_15000000002492.jpg,733,107
11268,images/danbooru_anime_11909542.jpg,435,70
11269,images/real_human_humanart_17000000000413.jpg,633,103
11270,images/painting_humanart_10000000000610.jpg,624,89
11271,images/coco_94599_crowd.jpg,605,100
11272,images/real_human_humanart_17000000001059.jpg,561,86
11273,images/painting_humanart_9000000001607.jpg,393,66
11274,images/painting_humanart_9000000000686.jpg,295,48
11275,images/coco_376628_crowd.jpg,354,55
11276,images/painting_humanart_2000000000237.jpg,485,78
11277,images/real_human_humanart_15000000000121.jpg,560,93
11278,images/painting_humanart_9000000000116.jpg,264,42
11279,images/painting_humanart_10000000000923.jpg,669,102
11280,images/danbooru_anime_11915744.jpg,437,66
11281,images/coco_764_crowd.jpg,319,52
11282,images/painting_humanart_6000000003104.jpg,529,87
11283,images/coco_214199_2163888.jpg,372,60
11284,images/painting_humanart_9000000001735.jpg,466,68
11285,images/painting_humanart_10000000000204.jpg,380,61
11286,images/real_human_humanart_15000000001318.jpg,712,117
11287,images/danbooru_anime_11919981.jpg,291,48
11288,images/real_human_humanart_17000000000770.jpg,558,92
11289,images/painting_humanart_10000000006597.jpg,417,56
11290,images/sculpture_humanart_14000000001899.jpg,575,90
11291,images/real_human_humanart_17000000001112.jpg,594,91
11292,images/painting_humanart_10000000004666.jpg,495,76
11293,images/painting_humanart_6000000003343.jpg,431,74
11294,images/painting_humanart_10000000004496.jpg,344,55
11295,images/danbooru_anime_11909998.jpg,622,97
11296,images/danbooru_anime_11920797.jpg,624,96
11297,images/painting_humanart_1000000000730.jpg,292,46
11298,images/painting_humanart_2000000001255.jpg,501,75
11299,images/painting_humanart_10000000000046.jpg,526,73
11300,images/painting_humanart_10000000003107.jpg,300,49
11301,images/danbooru_anime_11920393.jpg,267,43
11302,images/painting_humanart_9000000000075.jpg,786,127
11303,images/real_human_humanart_17000000000461.jpg,824,128
11304,images/danbooru_anime_11919987.jpg,345,56
11305,images/real_human_humanart_15000000000022.jpg,498,73
11306,images/coco_434509_crowd.jpg,387,63
11307,images/sculpture_humanart_14000000001734.jpg,565,84
11308,images/danbooru_anime_11917514.jpg,453,72
11309,images/painting_humanart_1000000002586.jpg,549,87
11310,images/coco_365191_459372.jpg,299,49
11311,images/painting_humanart_2000000001087.jpg,315,51
11312,images/painting_humanart_9000000001512.jpg,617,94
11313,images/painting_humanart_1000000002970.jpg,488,70
11314,images/sculpture_humanart_14000000001929.jpg,395,58
11315,images/coco_495989_crowd.jpg,508,82
11316,images/danbooru_anime_11919734.jpg,349,57
11317,images/sculpture_humanart_14000000001607.jpg,614,90
11318,images/real_human_humanart_17000000001807.jpg,707,111
11319,images/painting_humanart_10000000000742.jpg,550,76
11320,images/painting_humanart_10000000004096.jpg,239,37
11321,images/painting_humanart_9000000002521.jpg,674,103
11322,images/painting_humanart_2000000002908.jpg,421,70
11323,images/painting_humanart_9000000002374.jpg,676,114
11324,images/danbooru_anime_11918818.jpg,461,75
11325,images/danbooru_anime_11908490.jpg,655,108
11326,images/danbooru_anime_11908343.jpg,488,73
11327,images/painting_humanart_2000000002022.jpg,672,110
11328,images/painting_humanart_9000000000378.jpg,199,31
11329,images/danbooru_anime_11921431.jpg,511,78
11330,images/painting_humanart_2000000000754.jpg,602,99
11331,images/coco_298362_440131.jpg,489,80
11332,images/coco_441009_crowd.jpg,527,88
11333,images/real_human_humanart_17000000000387.jpg,807,126
11334,images/sculpture_humanart_14000000001867.jpg,736,115
11335,images/painting_humanart_9000000002502.jpg,666,114
11336,images/real_human_humanart_15000000000868.jpg,652,107
11337,images/painting_humanart_9000000000543.jpg,377,55
11338,images/painting_humanart_10000000000519.jpg,494,82
11339,images/painting_humanart_6000000002763.jpg,572,95
11340,images/danbooru_anime_11906713.jpg,418,69
11341,images/painting_humanart_10000000000620.jpg,371,61
11342,images/danbooru_anime_11918864.jpg,424,67
11343,images/coco_119134_crowd.jpg,470,77
11344,images/sculpture_humanart_14000000000999.jpg,360,54
11345,images/coco_143908_183103.jpg,422,72
11346,images/painting_humanart_9000000001947.jpg,612,97
11347,images/danbooru_anime_11921038.jpg,494,78
11348,images/danbooru_anime_11904252.jpg,379,56
11349,images/coco_542183_183396.jpg,328,52
11350,images/real_human_humanart_17000000000180.jpg,589,94
11351,images/coco_257943_crowd.jpg,446,75
11352,images/sculpture_humanart_14000000002024.jpg,577,88
11353,images/coco_538163_crowd.jpg,362,60
11354,images/painting_humanart_1000000004777.jpg,443,68
11355,images/painting_humanart_1000000003583.jpg,244,44
11356,images/painting_humanart_2000000002703.jpg,454,72
11357,images/real_human_humanart_17000000000580.jpg,707,112
11358,images/coco_126257_467497.jpg,570,93
11359,images/danbooru_anime_11921339.jpg,495,70
11360,images/painting_humanart_1000000005216.jpg,469,75
11361,images/real_human_humanart_15000000001112.jpg,531,82
11362,images/painting_humanart_9000000002151.jpg,347,56
11363,images/coco_63240_208854.jpg,454,74
11364,images/painting_humanart_1000000000284.jpg,463,75
11365,images/painting_humanart_1000000001658.jpg,533,95
11366,images/painting_humanart_6000000001166.jpg,403,67
11367,images/coco_380609_435673.jpg,369,60
11368,images/coco_285293_467912.jpg,340,53
11369,images/painting_humanart_2000000002605.jpg,345,53
11370,images/real_human_humanart_17000000000932.jpg,609,100
11371,images/painting_humanart_1000000005862.jpg,278,42
11372,images/painting_humanart_6000000002099.jpg,539,87
11373,images/painting_humanart_2000000003197.jpg,479,77
11374,images/painting_humanart_10000000000648.jpg,410,62
11375,images/painting_humanart_10000000000254.jpg,368,53
11376,images/painting_humanart_9000000002415.jpg,479,80
11377,images/painting_humanart_9000000002718.jpg,653,109
11378,images/real_human_humanart_17000000002080.jpg,561,84
11379,images/danbooru_anime_11901405.jpg,298,46
11380,images/painting_humanart_9000000001741.jpg,432,68
11381,images/danbooru_anime_11919658.jpg,672,101
11382,images/coco_447089_crowd.jpg,412,67
11383,images/sculpture_humanart_14000000004132.jpg,709,108
11384,images/real_human_humanart_15000000000267.jpg,611,96
11385,images/painting_humanart_2000000002722.jpg,669,102
11386,images/painting_humanart_10000000005663.jpg,251,43
11387,images/painting_humanart_9000000001507.jpg,506,77
11388,images/coco_250629_crowd.jpg,491,77
11389,images/sculpture_humanart_14000000001631.jpg,594,92
11390,images/painting_humanart_6000000000924.jpg,605,98
11391,images/real_human_humanart_17000000000029.jpg,469,65
11392,images/coco_497514_194227.jpg,303,49
11393,images/coco_293315_crowd.jpg,343,55
11394,images/painting_humanart_6000000003491.jpg,580,97
11395,images/real_human_humanart_15000000000920.jpg,508,81
11396,images/painting_humanart_2000000000801.jpg,558,84
11397,images/danbooru_anime_11910158.jpg,366,63
11398,images/painting_humanart_10000000000644.jpg,485,67
11399,images/sculpture_humanart_14000000000368.jpg,495,79
11400,images/coco_95808_crowd.jpg,508,80
11401,images/coco_305873_487353.jpg,360,56
11402,images/coco_41899_199794.jpg,388,63
11403,images/real_human_humanart_15000000000539.jpg,530,81
11404,images/real_human_humanart_17000000000097.jpg,543,84
11405,images/coco_306931_422377.jpg,583,95
11406,images/real_human_humanart_17000000000345.jpg,534,85
11407,images/real_human_humanart_17000000001256.jpg,591,88
11408,images/painting_humanart_10000000000594.jpg,558,81
11409,images/painting_humanart_9000000002372.jpg,498,74
11410,images/real_human_humanart_17000000001563.jpg,654,107
11411,images/danbooru_anime_11916848.jpg,286,49
11412,images/danbooru_anime_11920179.jpg,484,73
11413,images/painting_humanart_1000000000734.jpg,646,103
11414,images/real_human_humanart_15000000001833.jpg,951,148
11415,images/painting_humanart_2000000001104.jpg,530,87
11416,images/danbooru_anime_11901703.jpg,374,59
11417,images/coco_693_439854.jpg,336,51
11418,images/painting_humanart_1000000000665.jpg,322,53
11419,images/painting_humanart_2000000001052.jpg,541,83
11420,images/real_human_humanart_17000000000363.jpg,671,107
11421,images/painting_humanart_10000000000941.jpg,386,59
11422,images/coco_140263_487867.jpg,426,73
11423,images/painting_humanart_10000000000583.jpg,496,73
11424,images/painting_humanart_6000000003269.jpg,432,73
11425,images/danbooru_anime_11918887.jpg,504,79
11426,images/painting_humanart_2000000003114.jpg,481,76
11427,images/real_human_humanart_17000000001448.jpg,583,88
11428,images/painting_humanart_2000000001310.jpg,661,109
11429,images/real_human_humanart_15000000001298.jpg,708,98
11430,images/painting_humanart_2000000000257.jpg,448,70
11431,images/danbooru_anime_11919730.jpg,276,40
11432,images/real_human_humanart_17000000002248.jpg,868,129
11433,images/painting_humanart_2000000002124.jpg,535,87
11434,images/real_human_humanart_15000000000024.jpg,541,79
11435,images/painting_humanart_10000000001879.jpg,381,56
11436,images/sculpture_humanart_14000000001252.jpg,556,89
11437,images/coco_230995_1750673.jpg,663,107
11438,images/danbooru_anime_11903757.jpg,471,75
11439,images/real_human_humanart_17000000000694.jpg,606,88
11440,images/danbooru_anime_11915738.jpg,481,74
11441,images/painting_humanart_6000000003608.jpg,449,66
11442,images/real_human_humanart_17000000000766.jpg,789,120
11443,images/painting_humanart_9000000001779.jpg,975,152
11444,images/danbooru_anime_11899819.jpg,379,53
11445,images/coco_245462_199889.jpg,372,66
11446,images/real_human_humanart_15000000001021.jpg,600,92
11447,images/coco_376208_crowd.jpg,250,40
11448,images/real_human_humanart_15000000000238.jpg,629,99
11449,images/painting_humanart_2000000001833.jpg,325,53
11450,images/sculpture_humanart_14000000004130.jpg,358,55
11451,images/coco_282134_193689.jpg,413,69
11452,images/coco_7519_457520.jpg,622,106
11453,images/danbooru_anime_11919983.jpg,214,34
11454,images/painting_humanart_10000000000850.jpg,514,73
11455,images/painting_humanart_2000000000531.jpg,625,99
11456,images/sculpture_humanart_14000000001707.jpg,439,63
11457,images/danbooru_anime_11917815.jpg,463,72
11458,images/coco_253746_421568.jpg,350,62
11459,images/coco_93434_crowd.jpg,614,111
11460,images/painting_humanart_10000000006183.jpg,394,57
11461,images/sculpture_humanart_14000000003970.jpg,450,72
11462,images/real_human_humanart_17000000001883.jpg,554,80
11463,images/painting_humanart_10000000001816.jpg,241,42
11464,images/real_human_humanart_17000000000000.jpg,592,96
11465,images/painting_humanart_2000000001716.jpg,480,74
11466,images/painting_humanart_9000000000261.jpg,324,50
11467,images/painting_humanart_2000000002292.jpg,524,82
11468,images/real_human_humanart_15000000000530.jpg,324,51
11469,images/painting_humanart_10000000000165.jpg,395,62
11470,images/painting_humanart_10000000006610.jpg,312,53
11471,images/coco_117037_crowd.jpg,781,134
11472,images/painting_humanart_10000000002087.jpg,445,68
11473,images/painting_humanart_9000000002510.jpg,263,46
11474,images/painting_humanart_9000000000294.jpg,399,67
11475,images/coco_506471_crowd.jpg,537,87
11476,images/danbooru_anime_11901487.jpg,361,58
11477,images/painting_humanart_10000000001464.jpg,540,85
11478,images/painting_humanart_1000000006310.jpg,322,54
11479,images/painting_humanart_10000000002318.jpg,420,62
11480,images/painting_humanart_6000000001729.jpg,674,112
11481,images/painting_humanart_6000000003182.jpg,368,53
11482,images/coco_390298_184845.jpg,340,59
11483,images/real_human_humanart_17000000000655.jpg,739,113
11484,images/painting_humanart_2000000002817.jpg,557,85
11485,images/coco_221272_445481.jpg,304,50
11486,images/sculpture_humanart_14000000004492.jpg,751,116
11487,images/painting_humanart_10000000006625.jpg,709,110
11488,images/real_human_humanart_17000000000335.jpg,600,92
11489,images/coco_577403_crowd.jpg,452,72
11490,images/painting_humanart_9000000002361.jpg,581,95
11491,images/painting_humanart_2000000000044.jpg,752,122
11492,images/coco_414917_188481.jpg,477,75
11493,images/painting_humanart_2000000002713.jpg,709,117
11494,images/painting_humanart_2000000003223.jpg,564,86
11495,images/sculpture_humanart_14000000001492.jpg,499,74
11496,images/real_human_humanart_15000000001467.jpg,749,117
11497,images/coco_297299_462413.jpg,525,82
11498,images/painting_humanart_2000000002878.jpg,635,104
11499,images/coco_58006_crowd.jpg,627,108
11500,images/painting_humanart_10000000001369.jpg,458,67
11501,images/painting_humanart_6000000003483.jpg,510,84
11502,images/painting_humanart_1000000002703.jpg,636,96
11503,images/sculpture_humanart_14000000001539.jpg,654,104
11504,images/coco_61566_483405.jpg,545,89
11505,images/coco_353510_428380.jpg,376,64
11506,images/coco_4211_crowd.jpg,408,68
11507,images/coco_231954_450676.jpg,471,73
11508,images/painting_humanart_10000000000284.jpg,329,50
11509,images/painting_humanart_10000000000073.jpg,511,81
11510,images/coco_195955_crowd.jpg,404,59
11511,images/coco_366679_214479.jpg,464,75
11512,images/painting_humanart_2000000002369.jpg,428,63
11513,images/painting_humanart_2000000002575.jpg,495,77
11514,images/real_human_humanart_17000000000746.jpg,664,104
11515,images/sculpture_humanart_14000000000867.jpg,568,86
11516,images/painting_humanart_6000000003534.jpg,646,103
11517,images/coco_73668_crowd.jpg,249,41
11518,images/real_human_humanart_17000000001494.jpg,810,129
11519,images/real_human_humanart_15000000001761.jpg,454,71
11520,images/sculpture_humanart_14000000001968.jpg,727,111
11521,images/painting_humanart_6000000000225.jpg,437,69
11522,images/coco_529065_444217.jpg,320,51
11523,images/real_human_humanart_15000000000227.jpg,583,91
11524,images/coco_33900_478594.jpg,352,61
11525,images/painting_humanart_2000000002738.jpg,741,117
11526,images/real_human_humanart_17000000001812.jpg,633,96
11527,images/real_human_humanart_15000000000707.jpg,631,97
11528,images/coco_1700_429163.jpg,266,44
11529,images/sculpture_humanart_14000000001726.jpg,720,109
11530,images/painting_humanart_10000000005649.jpg,536,88
11531,images/painting_humanart_9000000001065.jpg,350,57
11532,images/painting_humanart_10000000003654.jpg,468,78
11533,images/coco_202389_1725195.jpg,509,76
11534,images/real_human_humanart_15000000001655.jpg,701,112
11535,images/danbooru_anime_11917806.jpg,513,74
11536,images/real_human_humanart_17000000000659.jpg,460,71
11537,images/painting_humanart_9000000000837.jpg,361,51
11538,images/painting_humanart_6000000001011.jpg,380,66
11539,images/real_human_humanart_15000000000677.jpg,560,90
11540,images/sculpture_humanart_14000000001817.jpg,558,81
11541,images/real_human_humanart_17000000000869.jpg,583,90
11542,images/painting_humanart_1000000004912.jpg,372,57
11543,images/coco_159898_crowd.jpg,440,73
11544,images/danbooru_anime_11919932.jpg,525,81
11545,images/real_human_humanart_15000000000513.jpg,536,85
11546,images/real_human_humanart_15000000000709.jpg,647,95
11547,images/coco_357335_494473.jpg,349,53
11548,images/real_human_humanart_17000000001849.jpg,512,74
11549,images/coco_541924_crowd.jpg,594,92
11550,images/painting_humanart_1000000004078.jpg,324,51
11551,images/painting_humanart_6000000000576.jpg,679,106
11552,images/coco_164848_456576.jpg,535,87
11553,images/coco_12020_crowd.jpg,491,78
11554,images/painting_humanart_2000000002437.jpg,585,89
11555,images/painting_humanart_2000000001618.jpg,325,49
11556,images/coco_255112_440471.jpg,439,73
11557,images/coco_106375_195245.jpg,467,83
11558,images/danbooru_anime_11920766.jpg,582,96
11559,images/coco_495687_452831.jpg,366,55
11560,images/real_human_humanart_15000000000213.jpg,662,103
11561,images/painting_humanart_6000000001559.jpg,450,73
11562,images/coco_264819_195956.jpg,386,65
11563,images/painting_humanart_2000000002377.jpg,652,102
11564,images/coco_88455_523913.jpg,571,86
11565,images/real_human_humanart_15000000000800.jpg,614,98
11566,images/painting_humanart_10000000006331.jpg,619,110
11567,images/painting_humanart_6000000003024.jpg,635,107
11568,images/painting_humanart_10000000006562.jpg,476,75
11569,images/coco_370331_crowd.jpg,313,45
11570,images/sculpture_humanart_14000000004360.jpg,256,39
11571,images/painting_humanart_10000000000975.jpg,557,85
11572,images/sculpture_humanart_14000000001628.jpg,453,62
11573,images/painting_humanart_6000000002340.jpg,429,70
11574,images/painting_humanart_9000000001100.jpg,557,89
11575,images/painting_humanart_2000000002776.jpg,576,85
11576,images/danbooru_anime_11903759.jpg,470,75
11577,images/sculpture_humanart_14000000001035.jpg,323,46
11578,images/coco_68257_454354.jpg,389,61
11579,images/coco_563194_524686.jpg,309,52
11580,images/coco_340368_crowd.jpg,537,92
11581,images/danbooru_anime_11918226.jpg,458,69
11582,images/sculpture_humanart_14000000000156.jpg,561,88
11583,images/painting_humanart_1000000004461.jpg,809,125
11584,images/coco_506723_186755.jpg,607,96
11585,images/real_human_humanart_17000000000300.jpg,535,90
11586,images/coco_552973_crowd.jpg,620,101
11587,images/painting_humanart_10000000002885.jpg,496,84
11588,images/coco_417374_470006.jpg,246,36
11589,images/painting_humanart_1000000002388.jpg,368,61
11590,images/real_human_humanart_17000000000200.jpg,646,100
11591,images/painting_humanart_9000000001798.jpg,549,85
11592,images/painting_humanart_10000000006609.jpg,552,93
11593,images/painting_humanart_1000000000977.jpg,496,75
11594,images/danbooru_anime_11909125.jpg,579,96
11595,images/real_human_humanart_17000000001533.jpg,523,79
11596,images/painting_humanart_10000000000791.jpg,193,29
11597,images/painting_humanart_1000000004878.jpg,376,62
11598,images/coco_53328_crowd.jpg,612,102
11599,images/painting_humanart_10000000000025.jpg,281,45
11600,images/danbooru_anime_11920321.jpg,644,105
11601,images/sculpture_humanart_14000000003678.jpg,419,64
11602,images/sculpture_humanart_14000000000793.jpg,637,89
11603,images/painting_humanart_9000000001825.jpg,415,60
11604,images/painting_humanart_2000000002209.jpg,564,90
11605,images/danbooru_anime_11903174.jpg,705,113
11606,images/painting_humanart_10000000000082.jpg,342,55
11607,images/real_human_humanart_17000000000011.jpg,536,88
11608,images/sculpture_humanart_14000000000158.jpg,739,112
11609,images/real_human_humanart_17000000000598.jpg,649,106
11610,images/painting_humanart_2000000001504.jpg,543,84
11611,images/painting_humanart_2000000000548.jpg,377,65
11612,images/painting_humanart_2000000001871.jpg,628,91
11613,images/danbooru_anime_11919649.jpg,526,84
11614,images/real_human_humanart_17000000001177.jpg,777,120
11615,images/painting_humanart_6000000000787.jpg,350,58
11616,images/painting_humanart_1000000005946.jpg,299,50
11617,images/real_human_humanart_15000000001949.jpg,355,50
11618,images/sculpture_humanart_14000000001932.jpg,545,84
11619,images/danbooru_anime_11914011.jpg,620,102
11620,images/painting_humanart_6000000001652.jpg,483,80
11621,images/painting_humanart_9000000001246.jpg,524,73
11622,images/coco_447991_crowd.jpg,578,90
11623,images/painting_humanart_10000000004090.jpg,381,58
11624,images/painting_humanart_10000000005467.jpg,638,95
11625,images/real_human_humanart_15000000000256.jpg,778,126
11626,images/danbooru_anime_11903868.jpg,426,65
11627,images/painting_humanart_1000000005114.jpg,522,85
11628,images/real_human_humanart_15000000000026.jpg,718,105
11629,images/painting_humanart_6000000002713.jpg,586,100
11630,images/coco_98043_194791.jpg,420,68
11631,images/coco_320350_crowd.jpg,330,55
11632,images/real_human_humanart_15000000000350.jpg,684,105
11633,images/real_human_humanart_17000000001220.jpg,713,106
11634,images/real_human_humanart_17000000002329.jpg,556,80
11635,images/coco_221521_crowd.jpg,487,73
11636,images/painting_humanart_1000000001091.jpg,653,103
11637,images/coco_332582_2151916.jpg,566,94
11638,images/coco_382848_190798.jpg,560,90
11639,images/sculpture_humanart_14000000001961.jpg,516,82
11640,images/painting_humanart_1000000000726.jpg,435,73
11641,images/coco_211743_490653.jpg,393,60
11642,images/painting_humanart_9000000000923.jpg,350,53
11643,images/real_human_humanart_17000000001068.jpg,812,128
11644,images/painting_humanart_2000000001368.jpg,649,104
11645,images/coco_432503_crowd.jpg,343,54
11646,images/coco_310725_2204865.jpg,415,65
11647,images/painting_humanart_10000000003442.jpg,421,70
11648,images/coco_375461_crowd.jpg,456,73
11649,images/painting_humanart_1000000004383.jpg,338,55
11650,images/coco_382572_422690.jpg,287,50
11651,images/painting_humanart_6000000003478.jpg,490,72
11652,images/painting_humanart_2000000003200.jpg,505,79
11653,images/danbooru_anime_11921051.jpg,814,138
11654,images/painting_humanart_6000000002425.jpg,515,84
11655,images/coco_580704_crowd.jpg,605,101
11656,images/painting_humanart_1000000002455.jpg,485,76
11657,images/danbooru_anime_11903448.jpg,434,73
11658,images/painting_humanart_10000000000563.jpg,288,45
11659,images/coco_11449_441049.jpg,407,62
11660,images/painting_humanart_1000000003536.jpg,341,55
11661,images/painting_humanart_1000000002348.jpg,399,62
11662,images/painting_humanart_10000000005000.jpg,495,76
11663,images/coco_430036_454190.jpg,317,52
11664,images/danbooru_anime_11921175.jpg,470,75
11665,images/painting_humanart_2000000002331.jpg,380,62
11666,images/coco_14004_crowd.jpg,477,74
11667,images/painting_humanart_10000000000471.jpg,410,62
11668,images/real_human_humanart_15000000001935.jpg,658,101
11669,images/painting_humanart_9000000001898.jpg,310,51
11670,images/painting_humanart_6000000001986.jpg,410,62
11671,images/real_human_humanart_17000000000704.jpg,738,114
11672,images/painting_humanart_2000000000377.jpg,525,80
11673,images/painting_humanart_2000000000518.jpg,694,108
11674,images/painting_humanart_9000000002549.jpg,509,80
11675,images/painting_humanart_2000000000837.jpg,492,82
11676,images/coco_115626_184172.jpg,270,45
11677,images/sculpture_humanart_14000000001261.jpg,439,67
11678,images/painting_humanart_2000000002346.jpg,509,80
11679,images/painting_humanart_10000000000776.jpg,400,61
11680,images/painting_humanart_2000000001877.jpg,369,52
11681,images/real_human_humanart_17000000002216.jpg,644,102
11682,images/coco_295574_555261.jpg,511,87
11683,images/painting_humanart_6000000000686.jpg,608,99
11684,images/painting_humanart_1000000003118.jpg,515,83
11685,images/sculpture_humanart_14000000004183.jpg,296,44
11686,images/coco_156747_1246968.jpg,393,66
11687,images/coco_25551_2163487.jpg,488,77
11688,images/painting_humanart_6000000000395.jpg,348,55
11689,images/danbooru_anime_11919652.jpg,623,95
11690,images/painting_humanart_9000000001412.jpg,727,117
11691,images/real_human_humanart_17000000001127.jpg,674,104
11692,images/sculpture_humanart_14000000003847.jpg,637,100
11693,images/danbooru_anime_11918234.jpg,562,92
11694,images/coco_441023_crowd.jpg,506,87
11695,images/painting_humanart_2000000002916.jpg,575,91
11696,images/real_human_humanart_15000000000135.jpg,665,99
11697,images/coco_343978_436699.jpg,415,70
11698,images/coco_413079_186141.jpg,457,77
11699,images/real_human_humanart_17000000001496.jpg,707,116
11700,images/painting_humanart_1000000000993.jpg,496,78
11701,images/real_human_humanart_15000000000004.jpg,616,95
11702,images/sculpture_humanart_14000000004081.jpg,465,71
11703,images/painting_humanart_10000000003334.jpg,478,80
11704,images/painting_humanart_10000000004849.jpg,320,49
11705,images/painting_humanart_10000000006439.jpg,589,99
11706,images/real_human_humanart_15000000000850.jpg,733,116
11707,images/painting_humanart_6000000003220.jpg,762,127
11708,images/coco_88433_454712.jpg,265,46
11709,images/danbooru_anime_11904340.jpg,478,74
11710,images/danbooru_anime_11918802.jpg,430,65
11711,images/painting_humanart_10000000002650.jpg,507,81
11712,images/painting_humanart_6000000001197.jpg,505,79
11713,images/painting_humanart_9000000000806.jpg,314,49
11714,images/coco_331083_2208006.jpg,281,44
11715,images/danbooru_anime_11920587.jpg,363,57
11716,images/real_human_humanart_15000000001872.jpg,572,88
11717,images/coco_571970_192688.jpg,468,78
11718,images/painting_humanart_9000000002588.jpg,498,74
11719,images/painting_humanart_10000000002025.jpg,545,90
11720,images/sculpture_humanart_14000000004403.jpg,649,103
11721,images/danbooru_anime_11903348.jpg,695,114
11722,images/real_human_humanart_15000000001175.jpg,784,125
11723,images/painting_humanart_2000000001335.jpg,810,132
11724,images/coco_432820_crowd.jpg,398,68
11725,images/painting_humanart_2000000002081.jpg,671,100
11726,images/real_human_humanart_15000000001052.jpg,629,92
11727,images/sculpture_humanart_14000000004391.jpg,611,91
11728,images/painting_humanart_6000000002250.jpg,589,91
11729,images/painting_humanart_2000000003278.jpg,579,85
11730,images/danbooru_anime_11912622.jpg,346,54
11731,images/painting_humanart_10000000003759.jpg,463,72
11732,images/painting_humanart_1000000000867.jpg,314,50
11733,images/danbooru_anime_11915618.jpg,322,52
11734,images/real_human_humanart_15000000001592.jpg,490,80
11735,images/coco_32777_crowd.jpg,552,85
11736,images/painting_humanart_6000000000050.jpg,419,71
11737,images/danbooru_anime_11921411.jpg,510,79
11738,images/coco_577277_484660.jpg,386,58
11739,images/painting_humanart_9000000002115.jpg,512,85
11740,images/real_human_humanart_15000000001502.jpg,580,88
11741,images/painting_humanart_6000000002831.jpg,373,61
11742,images/coco_490952_441429.jpg,355,61
11743,images/sculpture_humanart_14000000004032.jpg,480,76
11744,images/danbooru_anime_11911774.jpg,252,44
11745,images/real_human_humanart_17000000002105.jpg,600,100
11746,images/painting_humanart_2000000001923.jpg,601,86
11747,images/coco_394246_471732.jpg,415,64
11748,images/coco_559470_crowd.jpg,384,59
11749,images/danbooru_anime_11920359.jpg,490,76
11750,images/coco_191169_203203.jpg,340,60
11751,images/painting_humanart_9000000002109.jpg,523,84
11752,images/danbooru_anime_11921189.jpg,364,59
11753,images/coco_459320_crowd.jpg,325,51
11754,images/real_human_humanart_15000000000405.jpg,462,71
11755,images/real_human_humanart_15000000000872.jpg,564,84
11756,images/painting_humanart_10000000004718.jpg,527,83
11757,images/painting_humanart_2000000000716.jpg,552,86
11758,images/coco_468993_442471.jpg,423,73
11759,images/painting_humanart_2000000001401.jpg,442,72
11760,images/painting_humanart_6000000002813.jpg,404,59
11761,images/coco_241882_443510.jpg,354,59
11762,images/coco_208031_204952.jpg,269,43
11763,images/sculpture_humanart_14000000001664.jpg,453,65
11764,images/painting_humanart_9000000002241.jpg,550,85
11765,images/painting_humanart_2000000003292.jpg,645,107
11766,images/coco_352496_crowd.jpg,287,48
11767,images/coco_159969_448335.jpg,539,86
11768,images/coco_57570_195182.jpg,247,38
11769,images/coco_145824_478136.jpg,413,63
11770,images/painting_humanart_1000000004036.jpg,547,88
11771,images/real_human_humanart_17000000000679.jpg,424,70
11772,images/painting_humanart_10000000000927.jpg,597,90
11773,images/coco_490084_541591.jpg,291,50
11774,images/real_human_humanart_15000000000214.jpg,612,94
11775,images/coco_437332_517922.jpg,288,49
11776,images/danbooru_anime_11916994.jpg,401,67
11777,images/coco_357317_425149.jpg,549,93
11778,images/painting_humanart_2000000000666.jpg,741,123
11779,images/painting_humanart_2000000000287.jpg,556,84
11780,images/sculpture_humanart_14000000004002.jpg,508,76
11781,images/painting_humanart_2000000002578.jpg,456,74
11782,images/real_human_humanart_15000000000307.jpg,763,118
11783,images/coco_199481_193037.jpg,434,74
11784,images/coco_574357_193651.jpg,481,82
11785,images/coco_78061_431012.jpg,466,75
11786,images/real_human_humanart_17000000002457.jpg,670,112
11787,images/painting_humanart_2000000000961.jpg,491,77
11788,images/painting_humanart_2000000000910.jpg,373,59
11789,images/coco_263700_crowd.jpg,414,71
11790,images/danbooru_anime_11900442.jpg,352,56
11791,images/painting_humanart_6000000001602.jpg,544,86
11792,images/painting_humanart_6000000003124.jpg,615,103
11793,images/danbooru_anime_11917293.jpg,655,103
11794,images/coco_29431_483758.jpg,410,68
11795,images/painting_humanart_6000000000815.jpg,351,58
11796,images/danbooru_anime_11917464.jpg,511,79
11797,images/painting_humanart_2000000000602.jpg,430,67
11798,images/painting_humanart_10000000000427.jpg,354,56
11799,images/coco_520528_461446.jpg,308,52
11800,images/sculpture_humanart_14000000001499.jpg,622,94
11801,images/sculpture_humanart_14000000001977.jpg,603,89
11802,images/coco_280976_1756525.jpg,290,50
11803,images/painting_humanart_1000000000592.jpg,568,94
11804,images/coco_569_514322.jpg,436,75
11805,images/painting_humanart_6000000002313.jpg,697,108
11806,images/painting_humanart_10000000000518.jpg,497,79
11807,images/real_human_humanart_15000000000351.jpg,696,114
11808,images/real_human_humanart_15000000001420.jpg,387,58
11809,images/real_human_humanart_15000000000424.jpg,650,103
11810,images/coco_111109_428598.jpg,406,67
11811,images/painting_humanart_2000000002915.jpg,433,69
11812,images/danbooru_anime_11917124.jpg,543,92
11813,images/painting_humanart_6000000003544.jpg,384,67
11814,images/danbooru_anime_11921236.jpg,381,61
11815,images/coco_126727_1727781.jpg,425,70
11816,images/real_human_humanart_17000000001773.jpg,604,97
11817,images/danbooru_anime_11905098.jpg,469,75
11818,images/coco_341487_crowd.jpg,232,39
11819,images/painting_humanart_9000000000413.jpg,574,91
11820,images/coco_160726_200105.jpg,332,56
11821,images/painting_humanart_2000000002132.jpg,482,67
11822,images/real_human_humanart_15000000002356.jpg,570,85
11823,images/painting_humanart_6000000000008.jpg,475,73
11824,images/real_human_humanart_15000000001126.jpg,627,97
11825,images/real_human_humanart_17000000001678.jpg,630,96
11826,images/coco_484028_195609.jpg,423,60
11827,images/painting_humanart_2000000000197.jpg,410,66
11828,images/coco_509695_421347.jpg,356,61
11829,images/real_human_humanart_15000000001116.jpg,541,84
11830,images/painting_humanart_10000000000388.jpg,567,94
11831,images/coco_276151_429689.jpg,452,73
11832,images/real_human_humanart_17000000001489.jpg,545,94
11833,images/painting_humanart_10000000002431.jpg,539,91
11834,images/sculpture_humanart_14000000000780.jpg,598,90
11835,images/painting_humanart_6000000000608.jpg,309,55
11836,images/real_human_humanart_17000000002428.jpg,712,110
11837,images/painting_humanart_10000000000342.jpg,341,51
11838,images/painting_humanart_10000000000828.jpg,545,87
11839,images/painting_humanart_9000000002594.jpg,599,97
11840,images/coco_4069_crowd.jpg,280,43
11841,images/painting_humanart_2000000001664.jpg,633,102
11842,images/coco_46743_crowd.jpg,542,89
11843,images/real_human_humanart_17000000001208.jpg,501,81
11844,images/danbooru_anime_11920292.jpg,359,57
11845,images/coco_454457_439349.jpg,533,79
11846,images/painting_humanart_9000000001773.jpg,447,70
11847,images/coco_54007_473829.jpg,465,78
11848,images/coco_261050_432193.jpg,332,61
11849,images/coco_392144_crowd.jpg,371,61
11850,images/danbooru_anime_11911561.jpg,619,100
11851,images/real_human_humanart_17000000000763.jpg,746,116
11852,images/painting_humanart_10000000004527.jpg,573,96
11853,images/coco_67252_crowd.jpg,299,46
11854,images/coco_16064_crowd.jpg,284,47
11855,images/real_human_humanart_15000000000934.jpg,584,90
11856,images/coco_559884_457411.jpg,444,72
11857,images/sculpture_humanart_14000000001953.jpg,637,96
11858,images/painting_humanart_10000000002584.jpg,449,66
11859,images/sculpture_humanart_14000000001122.jpg,758,113
11860,images/painting_humanart_2000000000309.jpg,450,74
11861,images/sculpture_humanart_14000000004091.jpg,239,35
11862,images/coco_267625_1208106.jpg,371,63
11863,images/sculpture_humanart_14000000001527.jpg,635,97
11864,images/sculpture_humanart_14000000000132.jpg,586,87
11865,images/sculpture_humanart_14000000003910.jpg,609,88
11866,images/painting_humanart_6000000000575.jpg,627,97
11867,images/painting_humanart_6000000002785.jpg,489,81
11868,images/real_human_humanart_17000000001670.jpg,709,107
11869,images/sculpture_humanart_14000000001555.jpg,588,93
11870,images/painting_humanart_6000000000415.jpg,495,83
11871,images/real_human_humanart_17000000001203.jpg,506,78
11872,images/painting_humanart_2000000000116.jpg,414,67
11873,images/painting_humanart_2000000000315.jpg,674,106
11874,images/coco_543644_425169.jpg,382,58
11875,images/coco_246442_461077.jpg,443,63
11876,images/coco_389116_218438.jpg,397,69
11877,images/painting_humanart_1000000004334.jpg,426,68
11878,images/danbooru_anime_11915277.jpg,304,51
11879,images/coco_413349_464975.jpg,433,63
11880,images/painting_humanart_6000000001853.jpg,394,61
11881,images/danbooru_anime_11917359.jpg,740,122
11882,images/sculpture_humanart_14000000001683.jpg,669,99
11883,images/painting_humanart_1000000000972.jpg,661,102
11884,images/painting_humanart_10000000003360.jpg,623,99
11885,images/real_human_humanart_17000000001868.jpg,646,101
11886,images/painting_humanart_1000000004430.jpg,405,60
11887,images/danbooru_anime_11899844.jpg,433,70
11888,images/painting_humanart_1000000004935.jpg,322,53
11889,images/coco_386424_crowd.jpg,689,118
11890,images/danbooru_anime_11917862.jpg,621,100
11891,images/sculpture_humanart_14000000004443.jpg,637,99
11892,images/painting_humanart_2000000000397.jpg,590,90
11893,images/danbooru_anime_11920038.jpg,372,64
11894,images/real_human_humanart_17000000001785.jpg,590,89
11895,images/coco_37513_198615.jpg,376,64
11896,images/painting_humanart_10000000000168.jpg,672,111
11897,images/danbooru_anime_11915196.jpg,375,59
11898,images/sculpture_humanart_14000000003831.jpg,613,98
11899,images/coco_421131_crowd.jpg,279,47
11900,images/danbooru_anime_11920763.jpg,326,52
11901,images/painting_humanart_6000000000119.jpg,287,44
11902,images/painting_humanart_2000000003184.jpg,394,58
11903,images/painting_humanart_6000000001260.jpg,544,82
11904,images/real_human_humanart_17000000002497.jpg,665,101
11905,images/painting_humanart_1000000000337.jpg,387,67
11906,images/danbooru_anime_11908937.jpg,433,67
11907,images/painting_humanart_6000000002727.jpg,463,77
11908,images/coco_339009_crowd.jpg,504,88
11909,images/coco_554445_203571.jpg,603,100
11910,images/painting_humanart_6000000001731.jpg,401,66
11911,images/painting_humanart_2000000001186.jpg,448,75
11912,images/real_human_humanart_17000000001363.jpg,656,108
11913,images/real_human_humanart_15000000001442.jpg,625,95
11914,images/real_human_humanart_17000000001133.jpg,488,73
11915,images/coco_397211_crowd.jpg,488,82
11916,images/danbooru_anime_11917576.jpg,426,69
11917,images/real_human_humanart_15000000000495.jpg,223,35
11918,images/real_human_humanart_15000000000438.jpg,598,92
11919,images/danbooru_anime_11911498.jpg,735,125
11920,images/painting_humanart_9000000002046.jpg,575,82
11921,images/coco_211097_crowd.jpg,647,103
11922,images/coco_266437_2203729.jpg,305,51
11923,images/sculpture_humanart_14000000000642.jpg,538,90
11924,images/sculpture_humanart_14000000001200.jpg,639,99
11925,images/painting_humanart_9000000002569.jpg,372,59
11926,images/painting_humanart_2000000000283.jpg,469,73
11927,images/real_human_humanart_17000000000073.jpg,480,71
11928,images/painting_humanart_10000000001015.jpg,568,90
11929,images/real_human_humanart_17000000002024.jpg,801,126
11930,images/painting_humanart_1000000002826.jpg,559,91
11931,images/coco_260363_208520.jpg,335,52
11932,images/painting_humanart_1000000005793.jpg,193,32
11933,images/real_human_humanart_17000000000463.jpg,753,114
11934,images/coco_383046_2160190.jpg,253,40
11935,images/painting_humanart_1000000007179.jpg,514,82
11936,images/danbooru_anime_11915617.jpg,517,79
11937,images/painting_humanart_9000000000643.jpg,206,39
11938,images/coco_580711_crowd.jpg,585,89
11939,images/danbooru_anime_11904916.jpg,292,45
11940,images/real_human_humanart_15000000000902.jpg,484,78
11941,images/painting_humanart_2000000001596.jpg,495,75
11942,images/sculpture_humanart_14000000002099.jpg,614,92
11943,images/real_human_humanart_17000000002343.jpg,720,121
11944,images/painting_humanart_6000000002396.jpg,474,78
11945,images/painting_humanart_2000000003252.jpg,619,106
11946,images/painting_humanart_6000000000326.jpg,412,67
11947,images/coco_374559_crowd.jpg,394,63
11948,images/real_human_humanart_17000000001338.jpg,828,126
11949,images/real_human_humanart_15000000002242.jpg,343,51
11950,images/coco_168248_1270104.jpg,341,53
11951,images/coco_218476_190187.jpg,353,59
11952,images/coco_478550_1716438.jpg,391,63
11953,images/painting_humanart_9000000000719.jpg,690,105
11954,images/painting_humanart_10000000005160.jpg,531,85
11955,images/danbooru_anime_11911832.jpg,281,47
11956,images/sculpture_humanart_14000000001508.jpg,435,63
11957,images/danbooru_anime_11920099.jpg,426,68
11958,images/real_human_humanart_15000000000726.jpg,796,127
11959,images/painting_humanart_9000000001498.jpg,453,73
11960,images/sculpture_humanart_14000000001340.jpg,578,85
11961,images/danbooru_anime_11919621.jpg,477,72
11962,images/painting_humanart_2000000001016.jpg,557,87
11963,images/sculpture_humanart_14000000004559.jpg,665,102
11964,images/sculpture_humanart_14000000004311.jpg,571,83
11965,images/coco_436511_crowd.jpg,376,57
11966,images/painting_humanart_10000000000049.jpg,346,55
11967,images/coco_515367_crowd.jpg,547,87
11968,images/painting_humanart_1000000004325.jpg,489,80
11969,images/coco_41212_433717.jpg,570,91
11970,images/real_human_humanart_15000000001936.jpg,561,90
11971,images/coco_199215_crowd.jpg,592,98
11972,images/painting_humanart_6000000003409.jpg,645,108
11973,images/coco_111910_438900.jpg,679,113
11974,images/real_human_humanart_15000000002409.jpg,772,123
11975,images/painting_humanart_9000000001599.jpg,461,75
11976,images/coco_162067_crowd.jpg,830,126
11977,images/painting_humanart_9000000001207.jpg,341,55
11978,images/coco_402723_crowd.jpg,595,97
11979,images/painting_humanart_2000000002814.jpg,492,79
11980,images/painting_humanart_2000000000644.jpg,638,98
11981,images/painting_humanart_2000000002263.jpg,558,90
11982,images/danbooru_anime_11902450.jpg,528,82
11983,images/painting_humanart_6000000001588.jpg,271,48
11984,images/real_human_humanart_15000000000109.jpg,407,58
11985,images/real_human_humanart_15000000000090.jpg,563,86
11986,images/painting_humanart_6000000000798.jpg,512,79
11987,images/real_human_humanart_17000000001862.jpg,511,84
11988,images/real_human_humanart_17000000002493.jpg,304,45
11989,images/painting_humanart_6000000000096.jpg,362,61
11990,images/coco_349622_485108.jpg,411,69
11991,images/danbooru_anime_11920334.jpg,446,67
11992,images/sculpture_humanart_14000000004539.jpg,536,81
11993,images/coco_64902_crowd.jpg,547,92
11994,images/painting_humanart_2000000000858.jpg,536,83
11995,images/danbooru_anime_11916236.jpg,393,69
11996,images/painting_humanart_6000000003516.jpg,740,119
11997,images/real_human_humanart_17000000001666.jpg,515,87
11998,images/real_human_humanart_15000000000355.jpg,502,87
11999,images/painting_humanart_10000000000176.jpg,401,58
12000,images/coco_443835_205105.jpg,459,74
12001,images/real_human_humanart_15000000001519.jpg,388,60
12002,images/painting_humanart_9000000000145.jpg,266,41
12003,images/real_human_humanart_17000000001146.jpg,363,48
12004,images/painting_humanart_9000000000244.jpg,343,52
12005,images/painting_humanart_1000000003652.jpg,335,52
12006,images/real_human_humanart_15000000000174.jpg,647,94
12007,images/sculpture_humanart_14000000003922.jpg,839,131
12008,images/painting_humanart_2000000001183.jpg,687,108
12009,images/painting_humanart_6000000001554.jpg,552,100
12010,images/painting_humanart_9000000002300.jpg,445,70
12011,images/painting_humanart_2000000001204.jpg,576,89
12012,images/painting_humanart_6000000003044.jpg,544,88
12013,images/painting_humanart_2000000003273.jpg,429,67
12014,images/coco_493862_505297.jpg,301,50
12015,images/painting_humanart_10000000003901.jpg,528,90
12016,images/danbooru_anime_11904581.jpg,497,75
12017,images/coco_33815_crowd.jpg,306,53
12018,images/real_human_humanart_17000000000710.jpg,705,112
12019,images/real_human_humanart_17000000001630.jpg,588,95
12020,images/real_human_humanart_15000000000805.jpg,633,101
12021,images/painting_humanart_9000000000070.jpg,463,75
12022,images/sculpture_humanart_14000000003776.jpg,611,89
12023,images/real_human_humanart_17000000001152.jpg,586,88
12024,images/real_human_humanart_17000000001740.jpg,617,96
12025,images/painting_humanart_6000000003440.jpg,485,80
12026,images/danbooru_anime_11921319.jpg,543,84
12027,images/real_human_humanart_15000000000712.jpg,521,72
12028,images/real_human_humanart_17000000000904.jpg,884,131
12029,images/coco_225791_476889.jpg,341,57
12030,images/coco_519565_crowd.jpg,374,66
12031,images/painting_humanart_6000000002783.jpg,717,111
12032,images/sculpture_humanart_14000000004547.jpg,697,111
12033,images/coco_98590_crowd.jpg,434,67
12034,images/painting_humanart_10000000000155.jpg,536,84
12035,images/sculpture_humanart_14000000003725.jpg,669,108
12036,images/coco_95583_1745779.jpg,287,44
12037,images/sculpture_humanart_14000000000298.jpg,552,82
12038,images/coco_225686_crowd.jpg,425,66
12039,images/painting_humanart_10000000001581.jpg,333,50
12040,images/danbooru_anime_11921345.jpg,364,57
12041,images/painting_humanart_2000000000135.jpg,501,81
12042,images/painting_humanart_6000000002982.jpg,299,52
12043,images/painting_humanart_10000000001191.jpg,514,81
12044,images/sculpture_humanart_14000000004178.jpg,685,108
12045,images/sculpture_humanart_14000000000919.jpg,596,89
12046,images/real_human_humanart_17000000002291.jpg,582,92
12047,images/painting_humanart_2000000002017.jpg,561,83
12048,images/painting_humanart_10000000006478.jpg,382,59
12049,images/painting_humanart_2000000001223.jpg,439,71
12050,images/sculpture_humanart_14000000003708.jpg,504,72
12051,images/coco_392506_209178.jpg,408,66
12052,images/painting_humanart_9000000000742.jpg,281,41
12053,images/danbooru_anime_11914638.jpg,612,98
12054,images/painting_humanart_6000000000978.jpg,526,86
12055,images/painting_humanart_9000000000185.jpg,449,66
12056,images/painting_humanart_2000000000481.jpg,482,80
12057,images/real_human_humanart_17000000000540.jpg,725,120
12058,images/coco_536791_439216.jpg,372,61
12059,images/painting_humanart_6000000001767.jpg,569,100
12060,images/painting_humanart_9000000000744.jpg,407,60
12061,images/coco_209130_crowd.jpg,577,97
12062,images/painting_humanart_6000000002880.jpg,486,79
12063,images/danbooru_anime_11909085.jpg,315,48
12064,images/painting_humanart_6000000003565.jpg,456,68
12065,images/real_human_humanart_15000000001950.jpg,548,89
12066,images/painting_humanart_9000000000872.jpg,506,74
12067,images/painting_humanart_6000000000277.jpg,422,71
12068,images/real_human_humanart_15000000000536.jpg,390,59
12069,images/coco_349559_479546.jpg,319,51
12070,images/coco_231240_crowd.jpg,234,38
12071,images/painting_humanart_6000000000741.jpg,494,78
12072,images/painting_humanart_2000000000915.jpg,618,93
12073,images/painting_humanart_9000000000794.jpg,417,65
12074,images/danbooru_anime_11915980.jpg,387,63
12075,images/painting_humanart_2000000000683.jpg,358,58
12076,images/real_human_humanart_15000000002303.jpg,593,88
12077,images/danbooru_anime_11917236.jpg,570,88
12078,images/painting_humanart_1000000003974.jpg,329,52
12079,images/painting_humanart_9000000000384.jpg,255,40
12080,images/painting_humanart_2000000002791.jpg,534,79
12081,images/painting_humanart_10000000000929.jpg,490,81
12082,images/coco_324595_crowd.jpg,660,110
12083,images/real_human_humanart_17000000002212.jpg,551,78
12084,images/painting_humanart_10000000003925.jpg,572,82
12085,images/danbooru_anime_11917527.jpg,265,39
12086,images/danbooru_anime_11909401.jpg,414,67
12087,images/painting_humanart_10000000000590.jpg,294,43
12088,images/danbooru_anime_11919107.jpg,344,56
12089,images/real_human_humanart_15000000001129.jpg,581,89
12090,images/painting_humanart_9000000000136.jpg,605,99
12091,images/painting_humanart_9000000002158.jpg,330,51
12092,images/real_human_humanart_17000000002487.jpg,713,114
12093,images/painting_humanart_10000000000266.jpg,311,49
12094,images/painting_humanart_1000000002692.jpg,411,66
12095,images/danbooru_anime_11914909.jpg,389,64
12096,images/painting_humanart_2000000002902.jpg,413,60
12097,images/painting_humanart_2000000002731.jpg,563,90
12098,images/painting_humanart_6000000002168.jpg,373,60
12099,images/sculpture_humanart_14000000000275.jpg,347,54
12100,images/coco_547866_crowd.jpg,437,69
12101,images/coco_252220_441591.jpg,413,68
12102,images/painting_humanart_9000000001397.jpg,384,61
12103,images/coco_478522_433658.jpg,321,52
12104,images/painting_humanart_2000000001870.jpg,724,112
12105,images/painting_humanart_9000000000109.jpg,596,96
12106,images/coco_120234_438631.jpg,313,48
12107,images/painting_humanart_9000000001784.jpg,383,68
12108,images/real_human_humanart_15000000002071.jpg,341,50
12109,images/painting_humanart_2000000002119.jpg,752,123
12110,images/painting_humanart_9000000001918.jpg,576,92
12111,images/real_human_humanart_17000000001476.jpg,666,108
12112,images/coco_469840_crowd.jpg,632,115
12113,images/painting_humanart_9000000001561.jpg,463,78
12114,images/painting_humanart_1000000008421.jpg,302,49
12115,images/coco_224322_191088.jpg,442,72
12116,images/painting_humanart_1000000002030.jpg,756,116
12117,images/coco_122766_456409.jpg,284,47
12118,images/painting_humanart_1000000002694.jpg,598,92
12119,images/painting_humanart_2000000002303.jpg,584,93
12120,images/painting_humanart_6000000002210.jpg,319,52
12121,images/painting_humanart_10000000004319.jpg,692,104
12122,images/real_human_humanart_15000000002472.jpg,352,51
12123,images/coco_165012_430978.jpg,332,52
12124,images/painting_humanart_2000000002286.jpg,342,51
12125,images/painting_humanart_6000000002863.jpg,589,98
12126,images/painting_humanart_6000000000768.jpg,277,51
12127,images/coco_484397_203343.jpg,469,78
12128,images/real_human_humanart_15000000000233.jpg,524,78
12129,images/coco_3109_2191267.jpg,513,80
12130,images/real_human_humanart_15000000000456.jpg,711,118
12131,images/painting_humanart_9000000000958.jpg,303,48
12132,images/real_human_humanart_15000000002319.jpg,744,112
12133,images/painting_humanart_10000000004301.jpg,449,71
12134,images/coco_461255_1709223.jpg,738,113
12135,images/real_human_humanart_15000000002207.jpg,475,70
12136,images/real_human_humanart_15000000000952.jpg,858,129
12137,images/coco_100553_455521.jpg,542,91
12138,images/coco_62877_crowd.jpg,547,88
12139,images/painting_humanart_2000000003078.jpg,372,62
12140,images/danbooru_anime_11920138.jpg,545,86
12141,images/real_human_humanart_15000000002326.jpg,672,98
12142,images/painting_humanart_9000000002494.jpg,238,37
12143,images/sculpture_humanart_14000000001031.jpg,577,88
12144,images/painting_humanart_9000000000960.jpg,744,117
12145,images/coco_306061_473686.jpg,270,46
12146,images/sculpture_humanart_14000000004205.jpg,598,94
12147,images/coco_29059_265938.jpg,464,76
12148,images/coco_174313_201536.jpg,487,78
12149,images/real_human_humanart_15000000001506.jpg,550,88
12150,images/painting_humanart_9000000000456.jpg,439,67
12151,images/danbooru_anime_11900299.jpg,699,110
12152,images/painting_humanart_1000000006263.jpg,580,99
12153,images/painting_humanart_2000000000680.jpg,654,103
12154,images/danbooru_anime_11921098.jpg,401,62
12155,images/real_human_humanart_15000000001613.jpg,905,131
12156,images/danbooru_anime_11906002.jpg,350,52
12157,images/danbooru_anime_11909637.jpg,396,57
12158,images/coco_281676_187191.jpg,318,50
12159,images/coco_133090_crowd.jpg,489,77
12160,images/painting_humanart_6000000002237.jpg,444,71
12161,images/coco_156246_468936.jpg,363,54
12162,images/sculpture_humanart_14000000000661.jpg,409,67
12163,images/painting_humanart_10000000003897.jpg,255,43
12164,images/painting_humanart_9000000000925.jpg,361,56
12165,images/sculpture_humanart_14000000000563.jpg,710,101
12166,images/painting_humanart_6000000002150.jpg,492,78
12167,images/painting_humanart_9000000000949.jpg,389,61
12168,images/painting_humanart_1000000000584.jpg,502,82
12169,images/painting_humanart_2000000002716.jpg,469,69
12170,images/real_human_humanart_17000000000166.jpg,583,92
12171,images/painting_humanart_2000000001144.jpg,585,90
12172,images/danbooru_anime_11911419.jpg,374,59
12173,images/painting_humanart_10000000004061.jpg,502,78
12174,images/coco_441862_crowd.jpg,465,80
12175,images/coco_253986_crowd.jpg,615,95
12176,images/danbooru_anime_11903530.jpg,388,65
12177,images/danbooru_anime_11909709.jpg,466,72
12178,images/painting_humanart_10000000004225.jpg,255,40
12179,images/real_human_humanart_17000000000395.jpg,784,120
12180,images/real_human_humanart_15000000001524.jpg,564,93
12181,images/real_human_humanart_15000000002073.jpg,657,96
12182,images/painting_humanart_2000000001224.jpg,699,114
12183,images/painting_humanart_1000000003248.jpg,382,57
12184,images/danbooru_anime_11916998.jpg,574,87
12185,images/real_human_humanart_17000000002033.jpg,515,87
12186,images/painting_humanart_6000000000028.jpg,460,75
12187,images/sculpture_humanart_14000000001702.jpg,600,86
12188,images/real_human_humanart_17000000000757.jpg,658,108
12189,images/coco_209468_183062.jpg,510,80
12190,images/painting_humanart_2000000000725.jpg,666,100
12191,images/painting_humanart_2000000001029.jpg,671,102
12192,images/coco_554433_2207544.jpg,279,52
12193,images/painting_humanart_10000000000921.jpg,388,60
12194,images/painting_humanart_9000000002304.jpg,479,73
12195,images/coco_136143_505447.jpg,407,63
12196,images/coco_508605_434264.jpg,461,74
12197,images/painting_humanart_6000000001951.jpg,370,59
12198,images/painting_humanart_9000000002648.jpg,385,66
12199,images/coco_258399_422036.jpg,315,56
12200,images/danbooru_anime_11915728.jpg,415,67
12201,images/painting_humanart_10000000003526.jpg,369,57
12202,images/painting_humanart_1000000001948.jpg,577,92
12203,images/painting_humanart_9000000002436.jpg,254,40
12204,images/painting_humanart_1000000000358.jpg,645,104
12205,images/painting_humanart_2000000001609.jpg,538,80
12206,images/real_human_humanart_17000000002532.jpg,459,76
12207,images/painting_humanart_10000000004518.jpg,399,64
12208,images/sculpture_humanart_14000000001663.jpg,390,57
12209,images/coco_87740_crowd.jpg,496,82
12210,images/painting_humanart_10000000000723.jpg,663,93
12211,images/painting_humanart_10000000000085.jpg,295,46
12212,images/real_human_humanart_17000000000483.jpg,713,114
12213,images/painting_humanart_2000000000800.jpg,505,73
12214,images/sculpture_humanart_14000000003883.jpg,750,116
12215,images/painting_humanart_1000000003112.jpg,443,65
12216,images/coco_290959_crowd.jpg,425,75
12217,images/danbooru_anime_11918585.jpg,288,46
12218,images/danbooru_anime_11911765.jpg,620,96
12219,images/danbooru_anime_11920943.jpg,373,61
12220,images/real_human_humanart_15000000002293.jpg,736,119
12221,images/painting_humanart_1000000001464.jpg,676,107
12222,images/sculpture_humanart_14000000004556.jpg,386,56
12223,images/coco_476349_422173.jpg,211,33
12224,images/real_human_humanart_15000000002332.jpg,816,129
12225,images/painting_humanart_10000000005441.jpg,299,50
12226,images/painting_humanart_1000000002856.jpg,824,144
12227,images/coco_297676_crowd.jpg,508,83
12228,images/painting_humanart_6000000001315.jpg,392,61
12229,images/coco_45099_212563.jpg,606,98
12230,images/real_human_humanart_17000000000425.jpg,437,67
12231,images/painting_humanart_2000000003157.jpg,505,82
12232,images/painting_humanart_2000000001073.jpg,703,119
12233,images/real_human_humanart_15000000000819.jpg,749,120
12234,images/painting_humanart_10000000000269.jpg,464,73
12235,images/painting_humanart_6000000001211.jpg,342,58
12236,images/painting_humanart_6000000003079.jpg,587,88
12237,images/painting_humanart_6000000002461.jpg,404,71
12238,images/danbooru_anime_11908995.jpg,361,59
12239,images/painting_humanart_10000000006594.jpg,352,55
12240,images/danbooru_anime_11920456.jpg,372,62
12241,images/painting_humanart_9000000001263.jpg,231,34
12242,images/painting_humanart_6000000002385.jpg,677,112
12243,images/painting_humanart_10000000002413.jpg,502,81
12244,images/real_human_humanart_17000000001387.jpg,598,87
12245,images/real_human_humanart_15000000000192.jpg,713,108
12246,images/painting_humanart_9000000000402.jpg,578,85
12247,images/painting_humanart_6000000003670.jpg,364,66
12248,images/painting_humanart_1000000006487.jpg,506,77
12249,images/painting_humanart_1000000005643.jpg,331,61
12250,images/danbooru_anime_11910162.jpg,339,51
12251,images/sculpture_humanart_14000000000224.jpg,488,75
12252,images/coco_146487_crowd.jpg,256,41
12253,images/painting_humanart_2000000001318.jpg,622,96
12254,images/painting_humanart_9000000001173.jpg,367,56
12255,images/real_human_humanart_15000000001186.jpg,560,89
12256,images/painting_humanart_9000000001788.jpg,245,39
12257,images/painting_humanart_1000000006907.jpg,527,86
12258,images/painting_humanart_6000000003166.jpg,410,69
12259,images/real_human_humanart_15000000000626.jpg,316,49
12260,images/real_human_humanart_15000000002272.jpg,789,119
12261,images/danbooru_anime_11915956.jpg,253,37
12262,images/painting_humanart_6000000002038.jpg,664,107
12263,images/sculpture_humanart_14000000004127.jpg,821,128
12264,images/real_human_humanart_15000000001586.jpg,666,97
12265,images/real_human_humanart_15000000001147.jpg,641,99
12266,images/painting_humanart_10000000002945.jpg,415,66
12267,images/painting_humanart_10000000000900.jpg,389,57
12268,images/coco_568765_crowd.jpg,604,92
12269,images/painting_humanart_1000000001134.jpg,608,103
12270,images/painting_humanart_1000000000698.jpg,425,64
12271,images/coco_104406_446594.jpg,402,64
12272,images/real_human_humanart_17000000002355.jpg,607,97
12273,images/painting_humanart_6000000003489.jpg,368,57
12274,images/coco_387696_crowd.jpg,646,104
12275,images/real_human_humanart_15000000000568.jpg,656,97
12276,images/danbooru_anime_11904593.jpg,324,56
12277,images/painting_humanart_10000000000116.jpg,361,55
12278,images/real_human_humanart_15000000001909.jpg,534,88
12279,images/coco_97656_443256.jpg,420,68
12280,images/real_human_humanart_15000000002066.jpg,665,98
12281,images/sculpture_humanart_14000000000239.jpg,678,109
12282,images/painting_humanart_2000000001464.jpg,499,77
12283,images/sculpture_humanart_14000000003670.jpg,680,108
12284,images/painting_humanart_2000000002375.jpg,622,104
12285,images/painting_humanart_10000000001018.jpg,467,72
12286,images/coco_200668_crowd.jpg,284,47
12287,images/coco_511669_2208130.jpg,550,93
12288,images/coco_348795_478077.jpg,477,78
12289,images/painting_humanart_9000000001254.jpg,341,45
12290,images/real_human_humanart_15000000000738.jpg,422,63
12291,images/coco_378347_crowd.jpg,754,131
12292,images/coco_499591_crowd.jpg,564,95
12293,images/coco_190423_crowd.jpg,538,88
12294,images/painting_humanart_6000000001692.jpg,325,54
12295,images/painting_humanart_10000000001537.jpg,421,65
12296,images/painting_humanart_10000000006263.jpg,339,53
12297,images/painting_humanart_9000000000048.jpg,452,69
12298,images/painting_humanart_10000000000290.jpg,514,80
12299,images/danbooru_anime_11919200.jpg,613,101
12300,images/real_human_humanart_15000000001536.jpg,736,110
12301,images/painting_humanart_10000000000638.jpg,537,76
12302,images/real_human_humanart_15000000002196.jpg,707,107
12303,images/real_human_humanart_15000000002262.jpg,526,82
12304,images/coco_504790_crowd.jpg,484,80
12305,images/painting_humanart_9000000002325.jpg,517,76
12306,images/sculpture_humanart_14000000001342.jpg,617,93
12307,images/coco_352949_449680.jpg,420,65
12308,images/painting_humanart_9000000001466.jpg,360,57
12309,images/danbooru_anime_11919436.jpg,487,79
12310,images/painting_humanart_6000000000137.jpg,279,44
12311,images/painting_humanart_10000000002747.jpg,386,58
12312,images/danbooru_anime_11905111.jpg,373,56
12313,images/danbooru_anime_11912559.jpg,379,52
12314,images/real_human_humanart_17000000001319.jpg,819,117
12315,images/painting_humanart_6000000001555.jpg,773,132
12316,images/painting_humanart_6000000002444.jpg,551,89
12317,images/real_human_humanart_17000000002478.jpg,538,83
12318,images/coco_526186_crowd.jpg,828,134
12319,images/coco_581422_crowd.jpg,276,42
12320,images/coco_578227_crowd.jpg,670,109
12321,images/sculpture_humanart_14000000004375.jpg,574,89
12322,images/painting_humanart_9000000001629.jpg,260,39
12323,images/painting_humanart_10000000001866.jpg,410,65
12324,images/real_human_humanart_17000000001561.jpg,537,82
12325,images/painting_humanart_6000000003102.jpg,461,71
12326,images/danbooru_anime_11904134.jpg,386,61
12327,images/danbooru_anime_11921197.jpg,678,102
12328,images/coco_313093_189403.jpg,403,67
12329,images/coco_30198_435192.jpg,481,80
12330,images/coco_12269_483662.jpg,590,91
12331,images/sculpture_humanart_14000000001596.jpg,542,81
12332,images/painting_humanart_10000000004970.jpg,549,87
12333,images/real_human_humanart_15000000000212.jpg,775,128
12334,images/danbooru_anime_11917400.jpg,508,75
12335,images/real_human_humanart_15000000001094.jpg,648,103
12336,images/coco_307332_crowd.jpg,229,40
12337,images/painting_humanart_6000000001372.jpg,404,67
12338,images/danbooru_anime_11920077.jpg,486,78
12339,images/real_human_humanart_15000000000439.jpg,492,81
12340,images/painting_humanart_9000000001158.jpg,502,73
12341,images/real_human_humanart_17000000000279.jpg,634,100
12342,images/real_human_humanart_17000000002035.jpg,482,76
12343,images/painting_humanart_1000000003810.jpg,344,57
12344,images/real_human_humanart_17000000001544.jpg,865,133
12345,images/coco_146190_509246.jpg,569,92
12346,images/sculpture_humanart_14000000000559.jpg,693,109
12347,images/painting_humanart_6000000002742.jpg,527,82
12348,images/real_human_humanart_17000000001044.jpg,470,69
12349,images/coco_98284_189219.jpg,504,84
12350,images/coco_124796_436372.jpg,565,92
12351,images/painting_humanart_6000000002840.jpg,425,68
12352,images/coco_357542_216871.jpg,509,86
12353,images/coco_493641_crowd.jpg,244,41
12354,images/coco_87553_crowd.jpg,282,47
12355,images/danbooru_anime_11911824.jpg,528,86
12356,images/painting_humanart_10000000006500.jpg,531,85
12357,images/painting_humanart_6000000003658.jpg,509,82
12358,images/coco_262873_502826.jpg,538,84
12359,images/sculpture_humanart_14000000002107.jpg,629,89
12360,images/painting_humanart_2000000000691.jpg,533,81
12361,images/coco_269807_189217.jpg,254,43
12362,images/coco_391862_191506.jpg,379,59
12363,images/real_human_humanart_17000000002476.jpg,621,96
12364,images/painting_humanart_10000000000872.jpg,349,54
12365,images/real_human_humanart_15000000000684.jpg,520,81
12366,images/danbooru_anime_11904944.jpg,457,75
12367,images/coco_572725_482008.jpg,641,96
12368,images/painting_humanart_1000000006493.jpg,498,90
12369,images/real_human_humanart_15000000001188.jpg,647,103
12370,images/coco_15818_476554.jpg,267,46
12371,images/real_human_humanart_17000000001784.jpg,697,107
12372,images/coco_217654_474889.jpg,489,76
12373,images/painting_humanart_1000000001887.jpg,338,57
12374,images/coco_194153_1732951.jpg,439,66
12375,images/real_human_humanart_15000000001924.jpg,362,52
12376,images/painting_humanart_9000000002717.jpg,473,78
12377,images/coco_244550_227884.jpg,382,63
12378,images/painting_humanart_2000000003322.jpg,474,76
12379,images/painting_humanart_9000000001008.jpg,520,80
12380,images/painting_humanart_1000000003769.jpg,355,60
12381,images/coco_533480_1280732.jpg,415,71
12382,images/painting_humanart_1000000000132.jpg,497,85
12383,images/coco_269721_crowd.jpg,538,88
12384,images/real_human_humanart_15000000000980.jpg,625,103
12385,images/painting_humanart_2000000002880.jpg,778,126
12386,images/painting_humanart_6000000000200.jpg,525,80
12387,images/danbooru_anime_11919335.jpg,506,76
12388,images/real_human_humanart_15000000001744.jpg,505,81
12389,images/painting_humanart_6000000002422.jpg,450,73
12390,images/sculpture_humanart_14000000002121.jpg,444,66
12391,images/painting_humanart_6000000002382.jpg,1296,196
12392,images/real_human_humanart_15000000001333.jpg,483,77
12393,images/sculpture_humanart_14000000004023.jpg,588,84
12394,images/real_human_humanart_15000000001485.jpg,333,51
12395,images/painting_humanart_6000000000610.jpg,238,41
12396,images/sculpture_humanart_14000000004146.jpg,480,68
12397,images/painting_humanart_9000000000210.jpg,286,44
12398,images/real_human_humanart_15000000001373.jpg,637,100
12399,images/coco_505156_crowd.jpg,552,89
12400,images/painting_humanart_9000000000450.jpg,380,66
12401,images/sculpture_humanart_14000000001691.jpg,645,96
12402,images/danbooru_anime_11920237.jpg,492,70
12403,images/painting_humanart_2000000000660.jpg,503,79
12404,images/coco_124873_crowd.jpg,365,64
12405,images/sculpture_humanart_14000000001669.jpg,277,42
12406,images/painting_humanart_10000000003238.jpg,440,66
12407,images/real_human_humanart_15000000000137.jpg,527,81
12408,images/coco_448705_crowd.jpg,533,82
12409,images/painting_humanart_9000000000044.jpg,852,129
12410,images/coco_197683_crowd.jpg,331,55
12411,images/coco_535506_441444.jpg,378,61
12412,images/painting_humanart_6000000001965.jpg,627,98
12413,images/painting_humanart_9000000002709.jpg,533,82
12414,images/sculpture_humanart_14000000004371.jpg,575,87
12415,images/coco_483165_crowd.jpg,385,65
12416,images/real_human_humanart_17000000000792.jpg,756,113
12417,images/coco_30707_214249.jpg,480,80
12418,images/painting_humanart_6000000000218.jpg,619,105
12419,images/painting_humanart_2000000000188.jpg,632,98
12420,images/danbooru_anime_11920079.jpg,328,53
12421,images/painting_humanart_6000000001170.jpg,610,106
12422,images/danbooru_anime_11911903.jpg,436,69
12423,images/coco_148843_185616.jpg,404,71
12424,images/sculpture_humanart_14000000001298.jpg,588,93
12425,images/real_human_humanart_17000000000857.jpg,583,95
12426,images/danbooru_anime_11902833.jpg,472,75
12427,images/real_human_humanart_15000000001411.jpg,604,101
12428,images/coco_403054_427537.jpg,201,36
12429,images/painting_humanart_1000000002724.jpg,533,89
12430,images/painting_humanart_2000000002332.jpg,576,88
12431,images/sculpture_humanart_14000000004444.jpg,632,94
12432,images/painting_humanart_9000000001499.jpg,481,74
12433,images/sculpture_humanart_14000000000873.jpg,605,97
12434,images/coco_150533_448224.jpg,241,40
12435,images/painting_humanart_9000000001279.jpg,283,43
12436,images/coco_536891_195214.jpg,436,76
12437,images/real_human_humanart_15000000001157.jpg,576,83
12438,images/coco_358629_439938.jpg,580,95
12439,images/painting_humanart_9000000002423.jpg,564,88
12440,images/coco_110551_crowd.jpg,390,60
12441,images/coco_332058_456424.jpg,305,48
12442,images/real_human_humanart_15000000001656.jpg,705,107
12443,images/danbooru_anime_11904394.jpg,560,90
12444,images/painting_humanart_1000000001289.jpg,590,92
12445,images/danbooru_anime_11909409.jpg,265,41
12446,images/coco_336602_454053.jpg,357,58
12447,images/painting_humanart_6000000003573.jpg,372,62
12448,images/sculpture_humanart_14000000001823.jpg,609,90
12449,images/real_human_humanart_15000000000163.jpg,666,98
12450,images/painting_humanart_1000000006660.jpg,322,53
12451,images/painting_humanart_2000000002570.jpg,521,87
12452,images/sculpture_humanart_14000000003797.jpg,610,94
12453,images/painting_humanart_9000000001316.jpg,370,66
12454,images/painting_humanart_10000000004207.jpg,558,80
12455,images/danbooru_anime_11921186.jpg,472,71
12456,images/danbooru_anime_11917287.jpg,458,63
12457,images/real_human_humanart_17000000000325.jpg,538,82
12458,images/sculpture_humanart_14000000002063.jpg,590,86
12459,images/coco_309120_424488.jpg,661,107
12460,images/danbooru_anime_11916924.jpg,322,55
12461,images/painting_humanart_2000000002271.jpg,722,110
12462,images/painting_humanart_1000000002596.jpg,417,59
12463,images/real_human_humanart_17000000000912.jpg,630,95
12464,images/coco_246863_511706.jpg,411,62
12465,images/sculpture_humanart_14000000000175.jpg,484,72
12466,images/danbooru_anime_11916294.jpg,380,63
12467,images/danbooru_anime_11909196.jpg,286,45
12468,images/painting_humanart_9000000000158.jpg,284,44
12469,images/coco_157053_216631.jpg,443,71
12470,images/danbooru_anime_11920444.jpg,735,120
12471,images/painting_humanart_9000000001485.jpg,299,40
12472,images/painting_humanart_6000000000397.jpg,508,81
12473,images/coco_494629_190581.jpg,368,58
12474,images/painting_humanart_6000000003099.jpg,537,85
12475,images/coco_104393_crowd.jpg,539,81
12476,images/coco_15883_461431.jpg,477,79
12477,images/real_human_humanart_17000000001103.jpg,611,95
12478,images/painting_humanart_9000000002240.jpg,559,91
12479,images/danbooru_anime_11914698.jpg,483,75
12480,images/real_human_humanart_17000000000966.jpg,599,90
12481,images/real_human_humanart_17000000000154.jpg,641,98
12482,images/painting_humanart_9000000001404.jpg,401,63
12483,images/real_human_humanart_17000000001647.jpg,794,127
12484,images/painting_humanart_2000000000131.jpg,763,112
12485,images/sculpture_humanart_14000000000048.jpg,674,101
12486,images/coco_450359_crowd.jpg,560,97
12487,images/painting_humanart_10000000000224.jpg,469,73
12488,images/sculpture_humanart_14000000004193.jpg,446,65
12489,images/painting_humanart_10000000002094.jpg,281,44
12490,images/real_human_humanart_15000000000106.jpg,738,122
12491,images/real_human_humanart_15000000001404.jpg,815,123
12492,images/painting_humanart_6000000000782.jpg,514,82
12493,images/painting_humanart_10000000002485.jpg,534,81
12494,images/real_human_humanart_15000000001879.jpg,612,94
12495,images/coco_277710_443393.jpg,350,53
12496,images/coco_54747_crowd.jpg,346,56
12497,images/sculpture_humanart_14000000004486.jpg,576,90
12498,images/coco_14547_2164208.jpg,462,73
12499,images/painting_humanart_2000000001733.jpg,609,95
12500,images/real_human_humanart_17000000001720.jpg,579,95
12501,images/painting_humanart_9000000002382.jpg,498,80
12502,images/coco_151338_crowd.jpg,380,55
12503,images/sculpture_humanart_14000000001667.jpg,461,69
12504,images/real_human_humanart_17000000001914.jpg,570,86
12505,images/coco_331366_crowd.jpg,440,72
12506,images/coco_104340_crowd.jpg,465,73
12507,images/painting_humanart_6000000000844.jpg,586,95
12508,images/real_human_humanart_15000000001914.jpg,673,102
12509,images/coco_450709_438266.jpg,382,59
12510,images/painting_humanart_6000000000642.jpg,643,121
12511,images/sculpture_humanart_14000000004258.jpg,381,55
12512,images/painting_humanart_1000000001081.jpg,551,93
12513,images/coco_296676_crowd.jpg,373,58
12514,images/coco_356421_441850.jpg,414,58
12515,images/painting_humanart_9000000000915.jpg,466,73
12516,images/danbooru_anime_11915718.jpg,389,62
12517,images/coco_410004_crowd.jpg,275,44
12518,images/sculpture_humanart_14000000004005.jpg,364,53
12519,images/painting_humanart_2000000001477.jpg,691,102
12520,images/painting_humanart_10000000000860.jpg,260,38
12521,images/danbooru_anime_11909412.jpg,280,46
12522,images/coco_514468_477656.jpg,253,39
12523,images/coco_248242_crowd.jpg,432,72
12524,images/sculpture_humanart_14000000004266.jpg,642,101
12525,images/coco_198486_441361.jpg,450,72
12526,images/painting_humanart_10000000000937.jpg,497,79
12527,images/real_human_humanart_17000000000626.jpg,807,124
12528,images/real_human_humanart_15000000001035.jpg,679,108
12529,images/painting_humanart_10000000000180.jpg,632,99
12530,images/sculpture_humanart_14000000003676.jpg,625,96
12531,images/coco_206907_crowd.jpg,520,88
12532,images/real_human_humanart_15000000002102.jpg,413,61
12533,images/coco_31061_crowd.jpg,595,100
12534,images/sculpture_humanart_14000000001548.jpg,558,83
12535,images/coco_116354_443638.jpg,285,46
12536,images/painting_humanart_6000000000099.jpg,283,45
12537,images/painting_humanart_2000000001914.jpg,591,88
12538,images/painting_humanart_2000000002063.jpg,452,75
12539,images/painting_humanart_6000000000825.jpg,548,93
12540,images/real_human_humanart_17000000000001.jpg,495,78
12541,images/painting_humanart_1000000000556.jpg,685,111
12542,images/real_human_humanart_17000000001945.jpg,575,87
12543,images/painting_humanart_10000000004924.jpg,523,83
12544,images/danbooru_anime_11917542.jpg,344,59
12545,images/painting_humanart_2000000002131.jpg,598,103
12546,images/danbooru_anime_11919799.jpg,320,54
12547,images/sculpture_humanart_14000000004216.jpg,756,117
12548,images/danbooru_anime_11911693.jpg,270,45
12549,images/painting_humanart_10000000001446.jpg,597,98
12550,images/danbooru_anime_11916791.jpg,547,87
12551,images/painting_humanart_9000000001815.jpg,851,139
12552,images/coco_120356_190848.jpg,503,81
12553,images/danbooru_anime_11905856.jpg,754,117
12554,images/sculpture_humanart_14000000001950.jpg,765,112
12555,images/real_human_humanart_15000000001468.jpg,582,84
12556,images/painting_humanart_6000000002010.jpg,312,53
12557,images/danbooru_anime_11910477.jpg,377,61
12558,images/real_human_humanart_15000000002464.jpg,328,46
12559,images/real_human_humanart_17000000001887.jpg,895,133
12560,images/painting_humanart_9000000002445.jpg,676,107
12561,images/painting_humanart_2000000001097.jpg,593,95
12562,images/painting_humanart_9000000001214.jpg,521,84
12563,images/real_human_humanart_15000000000047.jpg,575,85
12564,images/sculpture_humanart_14000000001568.jpg,567,82
12565,images/coco_327255_crowd.jpg,546,86
12566,images/painting_humanart_1000000000559.jpg,504,89
12567,images/sculpture_humanart_14000000001849.jpg,648,96
12568,images/real_human_humanart_17000000002084.jpg,564,83
12569,images/coco_28535_443019.jpg,368,62
12570,images/sculpture_humanart_14000000004043.jpg,569,92
12571,images/real_human_humanart_15000000002163.jpg,1070,165
12572,images/coco_42661_428661.jpg,388,65
12573,images/danbooru_anime_11917176.jpg,502,84
12574,images/real_human_humanart_17000000001379.jpg,710,113
12575,images/danbooru_anime_11904808.jpg,389,63
12576,images/painting_humanart_6000000002846.jpg,693,110
12577,images/painting_humanart_10000000006056.jpg,319,51
12578,images/painting_humanart_6000000001060.jpg,529,88
12579,images/painting_humanart_2000000000179.jpg,661,99
12580,images/real_human_humanart_15000000001275.jpg,567,87
12581,images/coco_195408_186295.jpg,261,50
12582,images/real_human_humanart_17000000001422.jpg,528,75
12583,images/painting_humanart_9000000001256.jpg,307,45
12584,images/danbooru_anime_11909353.jpg,473,74
12585,images/coco_9628_459286.jpg,473,79
12586,images/real_human_humanart_15000000000205.jpg,760,113
12587,images/painting_humanart_9000000000670.jpg,595,92
12588,images/painting_humanart_2000000002032.jpg,445,73
12589,images/coco_180718_2162559.jpg,260,42
12590,images/painting_humanart_9000000001575.jpg,832,127
12591,images/painting_humanart_10000000000353.jpg,262,39
12592,images/painting_humanart_10000000000760.jpg,943,139
12593,images/painting_humanart_10000000001276.jpg,444,68
12594,images/danbooru_anime_11919870.jpg,626,91
12595,images/real_human_humanart_17000000002077.jpg,653,99
12596,images/real_human_humanart_17000000001548.jpg,865,138
12597,images/painting_humanart_6000000002064.jpg,563,94
12598,images/coco_581245_crowd.jpg,326,51
12599,images/painting_humanart_9000000001076.jpg,648,91
12600,images/sculpture_humanart_14000000002009.jpg,654,97
12601,images/sculpture_humanart_14000000001104.jpg,554,87
12602,images/real_human_humanart_17000000002434.jpg,662,104
12603,images/painting_humanart_6000000002298.jpg,448,69
12604,images/painting_humanart_10000000000745.jpg,538,83
12605,images/real_human_humanart_15000000001386.jpg,489,75
12606,images/coco_211491_462567.jpg,446,71
12607,images/danbooru_anime_11920970.jpg,411,70
12608,images/real_human_humanart_17000000000603.jpg,749,119
12609,images/painting_humanart_1000000005009.jpg,350,55
12610,images/coco_42190_519542.jpg,365,58
12611,images/coco_441008_456418.jpg,330,55
12612,images/danbooru_anime_11917252.jpg,350,57
12613,images/painting_humanart_6000000001847.jpg,384,64
12614,images/painting_humanart_9000000000773.jpg,355,58
12615,images/painting_humanart_6000000002098.jpg,641,109
12616,images/sculpture_humanart_14000000001682.jpg,741,106
12617,images/danbooru_anime_11918790.jpg,296,48
12618,images/danbooru_anime_11913820.jpg,373,57
12619,images/painting_humanart_6000000001182.jpg,625,100
12620,images/danbooru_anime_11918822.jpg,495,77
12621,images/danbooru_anime_11910368.jpg,355,57
12622,images/coco_227073_187888.jpg,398,63
12623,images/sculpture_humanart_14000000004374.jpg,430,68
12624,images/coco_373577_183972.jpg,496,81
12625,images/real_human_humanart_17000000000082.jpg,507,79
12626,images/real_human_humanart_17000000001207.jpg,622,101
12627,images/danbooru_anime_11917870.jpg,523,89
12628,images/painting_humanart_2000000003012.jpg,413,63
12629,images/sculpture_humanart_14000000001761.jpg,637,92
12630,images/real_human_humanart_15000000000014.jpg,608,90
12631,images/painting_humanart_2000000001188.jpg,755,115
12632,images/danbooru_anime_11900195.jpg,228,35
12633,images/painting_humanart_6000000002419.jpg,419,65
12634,images/painting_humanart_1000000003743.jpg,500,85
12635,images/coco_49371_crowd.jpg,353,59
12636,images/coco_330478_503262.jpg,440,72
12637,images/painting_humanart_2000000002090.jpg,717,111
12638,images/painting_humanart_10000000000574.jpg,445,63
12639,images/painting_humanart_6000000000245.jpg,266,45
12640,images/painting_humanart_1000000005802.jpg,341,59
12641,images/painting_humanart_6000000003121.jpg,435,65
12642,images/danbooru_anime_11917102.jpg,519,78
12643,images/painting_humanart_10000000005179.jpg,462,81
12644,images/coco_391365_1748414.jpg,350,57
12645,images/sculpture_humanart_14000000000233.jpg,688,98
12646,images/real_human_humanart_17000000000152.jpg,852,136
12647,images/danbooru_anime_11908046.jpg,465,77
12648,images/painting_humanart_10000000000030.jpg,576,91
12649,images/painting_humanart_10000000001669.jpg,317,52
12650,images/danbooru_anime_11918928.jpg,598,95
12651,images/painting_humanart_6000000001276.jpg,350,55
12652,images/painting_humanart_9000000000702.jpg,347,54
12653,images/real_human_humanart_17000000000046.jpg,891,138
12654,images/danbooru_anime_11916972.jpg,453,71
12655,images/painting_humanart_2000000002981.jpg,654,100
12656,images/sculpture_humanart_14000000002132.jpg,569,89
12657,images/coco_102872_crowd.jpg,333,54
12658,images/real_human_humanart_15000000001438.jpg,545,83
12659,images/painting_humanart_2000000002746.jpg,595,88
12660,images/real_human_humanart_17000000001243.jpg,766,118
12661,images/real_human_humanart_15000000000030.jpg,404,58
12662,images/coco_236874_450850.jpg,349,57
12663,images/painting_humanart_10000000005924.jpg,651,104
12664,images/coco_567636_204424.jpg,342,58
12665,images/painting_humanart_6000000003376.jpg,496,81
12666,images/painting_humanart_9000000002614.jpg,237,40
12667,images/real_human_humanart_15000000000477.jpg,701,116
12668,images/sculpture_humanart_14000000001460.jpg,661,101
12669,images/painting_humanart_10000000000868.jpg,339,55
12670,images/painting_humanart_6000000001863.jpg,547,88
12671,images/danbooru_anime_11919395.jpg,361,57
12672,images/coco_218947_499210.jpg,507,77
12673,images/painting_humanart_6000000003147.jpg,488,70
12674,images/coco_350855_crowd.jpg,618,105
12675,images/painting_humanart_6000000001563.jpg,542,89
12676,images/coco_410380_2207133.jpg,541,87
12677,images/coco_350457_crowd.jpg,339,53
12678,images/painting_humanart_2000000001575.jpg,601,90
12679,images/coco_423668_209406.jpg,246,41
12680,images/sculpture_humanart_14000000001619.jpg,559,86
12681,images/sculpture_humanart_14000000000236.jpg,738,104
12682,images/coco_91416_482545.jpg,523,81
12683,images/real_human_humanart_17000000002454.jpg,633,103
12684,images/coco_207611_crowd.jpg,433,75
12685,images/painting_humanart_9000000000019.jpg,369,60
12686,images/painting_humanart_9000000001964.jpg,755,126
12687,images/danbooru_anime_11919918.jpg,418,64
12688,images/coco_193968_crowd.jpg,255,42
12689,images/danbooru_anime_11909204.jpg,504,77
12690,images/danbooru_anime_11907723.jpg,327,53
12691,images/painting_humanart_2000000000828.jpg,329,49
12692,images/painting_humanart_2000000002184.jpg,611,96
12693,images/real_human_humanart_17000000001337.jpg,701,107
12694,images/coco_213455_439014.jpg,378,60
12695,images/painting_humanart_10000000003429.jpg,323,55
12696,images/real_human_humanart_15000000000455.jpg,273,43
12697,images/real_human_humanart_17000000000758.jpg,613,98
12698,images/real_human_humanart_15000000001378.jpg,534,89
12699,images/real_human_humanart_17000000002306.jpg,687,105
12700,images/coco_468027_crowd.jpg,692,112
12701,images/sculpture_humanart_14000000004182.jpg,785,115
12702,images/coco_214244_431923.jpg,538,89
12703,images/painting_humanart_6000000000906.jpg,478,76
12704,images/painting_humanart_10000000000569.jpg,690,107
12705,images/painting_humanart_1000000002823.jpg,380,61
12706,images/painting_humanart_10000000004967.jpg,380,57
12707,images/real_human_humanart_17000000001359.jpg,544,83
12708,images/danbooru_anime_11919071.jpg,251,40
12709,images/coco_147101_crowd.jpg,512,80
12710,images/sculpture_humanart_14000000001671.jpg,493,72
12711,images/danbooru_anime_11904074.jpg,325,53
12712,images/real_human_humanart_17000000001525.jpg,365,60
12713,images/painting_humanart_10000000004255.jpg,555,102
12714,images/coco_535750_crowd.jpg,351,55
12715,images/danbooru_anime_11920421.jpg,384,66
12716,images/real_human_humanart_17000000000448.jpg,866,132
12717,images/sculpture_humanart_14000000001807.jpg,539,89
12718,images/coco_75783_465218.jpg,316,51
12719,images/real_human_humanart_15000000000697.jpg,338,49
12720,images/sculpture_humanart_14000000001725.jpg,401,61
12721,images/sculpture_humanart_14000000002136.jpg,531,77
12722,images/real_human_humanart_17000000001318.jpg,704,108
12723,images/coco_308630_458352.jpg,438,72
12724,images/painting_humanart_10000000000728.jpg,437,72
12725,images/painting_humanart_1000000003102.jpg,289,44
12726,images/real_human_humanart_17000000001882.jpg,777,119
12727,images/danbooru_anime_11916460.jpg,515,80
12728,images/coco_487692_194128.jpg,413,66
12729,images/real_human_humanart_15000000001528.jpg,490,81
12730,images/sculpture_humanart_14000000003924.jpg,724,115
12731,images/real_human_humanart_15000000000663.jpg,577,91
12732,images/real_human_humanart_17000000002416.jpg,693,100
12733,images/painting_humanart_1000000004899.jpg,504,87
12734,images/painting_humanart_9000000002322.jpg,294,42
12735,images/painting_humanart_1000000000788.jpg,619,99
12736,images/painting_humanart_9000000001703.jpg,625,93
12737,images/sculpture_humanart_14000000004145.jpg,315,48
12738,images/real_human_humanart_17000000000096.jpg,639,98
12739,images/painting_humanart_10000000003002.jpg,510,75
12740,images/coco_200745_crowd.jpg,553,88
12741,images/coco_378658_crowd.jpg,371,54
12742,images/painting_humanart_6000000001435.jpg,520,93
12743,images/real_human_humanart_17000000000412.jpg,668,111
12744,images/painting_humanart_10000000001101.jpg,507,76
12745,images/painting_humanart_9000000001346.jpg,324,53
12746,images/danbooru_anime_11919384.jpg,287,42
12747,images/danbooru_anime_11915239.jpg,287,51
12748,images/real_human_humanart_15000000000042.jpg,533,75
12749,images/sculpture_humanart_14000000000980.jpg,703,118
12750,images/painting_humanart_9000000001793.jpg,439,75
12751,images/real_human_humanart_17000000000503.jpg,588,93
12752,images/coco_426532_crowd.jpg,261,40
12753,images/coco_133608_crowd.jpg,443,75
12754,images/coco_52425_474076.jpg,478,78
12755,images/real_human_humanart_17000000000288.jpg,678,103
12756,images/real_human_humanart_17000000001122.jpg,539,81
12757,images/painting_humanart_1000000001459.jpg,496,78
12758,images/real_human_humanart_17000000000078.jpg,562,87
12759,images/sculpture_humanart_14000000004533.jpg,568,90
12760,images/danbooru_anime_11917083.jpg,426,61
12761,images/danbooru_anime_11910229.jpg,621,94
12762,images/coco_333756_443590.jpg,358,60
12763,images/sculpture_humanart_14000000004305.jpg,575,93
12764,images/real_human_humanart_15000000000340.jpg,679,109
12765,images/painting_humanart_10000000005998.jpg,510,74
12766,images/painting_humanart_9000000001872.jpg,420,68
12767,images/coco_315448_215849.jpg,302,50
12768,images/coco_38572_crowd.jpg,360,56
12769,images/real_human_humanart_17000000001275.jpg,788,128
12770,images/danbooru_anime_11911610.jpg,371,58
12771,images/sculpture_humanart_14000000000703.jpg,578,94
12772,images/sculpture_humanart_14000000003784.jpg,979,145
12773,images/painting_humanart_10000000000672.jpg,390,61
12774,images/painting_humanart_9000000000166.jpg,432,64
12775,images/painting_humanart_6000000003298.jpg,438,75
12776,images/painting_humanart_2000000002997.jpg,585,93
12777,images/painting_humanart_6000000000005.jpg,565,91
12778,images/coco_312783_crowd.jpg,481,81
12779,images/painting_humanart_10000000000712.jpg,258,38
12780,images/danbooru_anime_11918918.jpg,513,78
12781,images/coco_574537_crowd.jpg,245,42
12782,images/real_human_humanart_17000000001014.jpg,590,96
12783,images/painting_humanart_10000000005829.jpg,377,59
12784,images/sculpture_humanart_14000000001153.jpg,363,60
12785,images/painting_humanart_2000000001568.jpg,458,75
12786,images/painting_humanart_1000000000856.jpg,277,44
12787,images/painting_humanart_6000000002024.jpg,446,70
12788,images/real_human_humanart_15000000000793.jpg,786,121
12789,images/danbooru_anime_11919626.jpg,541,84
12790,images/painting_humanart_10000000000894.jpg,578,95
12791,images/danbooru_anime_11909236.jpg,480,76
12792,images/real_human_humanart_17000000000427.jpg,745,114
12793,images/real_human_humanart_17000000002143.jpg,472,75
12794,images/coco_13639_491811.jpg,398,65
12795,images/real_human_humanart_15000000000180.jpg,680,108
12796,images/painting_humanart_2000000001237.jpg,797,127
12797,images/coco_186218_crowd.jpg,387,59
12798,images/real_human_humanart_17000000001093.jpg,686,112
12799,images/painting_humanart_9000000002289.jpg,615,99
12800,images/painting_humanart_2000000002009.jpg,515,80
12801,images/real_human_humanart_15000000001704.jpg,508,77
12802,images/painting_humanart_2000000001375.jpg,554,91
12803,images/coco_72376_crowd.jpg,379,61
12804,images/sculpture_humanart_14000000001791.jpg,524,82
12805,images/painting_humanart_10000000000970.jpg,402,62
12806,images/coco_482242_196565.jpg,616,96
12807,images/painting_humanart_10000000001357.jpg,435,70
12808,images/real_human_humanart_15000000000314.jpg,494,72
12809,images/real_human_humanart_17000000000399.jpg,796,118
12810,images/painting_humanart_6000000000216.jpg,568,97
12811,images/real_human_humanart_17000000000712.jpg,553,91
12812,images/real_human_humanart_15000000002387.jpg,735,121
12813,images/painting_humanart_10000000004421.jpg,397,61
12814,images/painting_humanart_1000000005680.jpg,350,57
12815,images/danbooru_anime_11918836.jpg,506,72
12816,images/danbooru_anime_11913395.jpg,335,56
12817,images/painting_humanart_2000000000851.jpg,249,38
12818,images/painting_humanart_10000000000582.jpg,312,48
12819,images/sculpture_humanart_14000000001337.jpg,562,92
12820,images/painting_humanart_10000000000343.jpg,192,34
12821,images/real_human_humanart_15000000001722.jpg,578,84
12822,images/coco_96530_202496.jpg,291,53
12823,images/real_human_humanart_17000000002097.jpg,638,98
12824,images/danbooru_anime_11915385.jpg,637,97
12825,images/danbooru_anime_11919966.jpg,312,51
12826,images/sculpture_humanart_14000000000174.jpg,553,98
12827,images/coco_502998_crowd.jpg,311,50
12828,images/sculpture_humanart_14000000000499.jpg,630,94
12829,images/coco_7593_crowd.jpg,458,69
12830,images/sculpture_humanart_14000000004231.jpg,573,88
12831,images/painting_humanart_6000000003425.jpg,613,102
12832,images/coco_45175_191138.jpg,398,66
12833,images/painting_humanart_10000000001648.jpg,419,66
12834,images/real_human_humanart_15000000000848.jpg,577,92
12835,images/coco_555271_436667.jpg,492,80
12836,images/coco_385154_465196.jpg,365,61
12837,images/coco_462324_542731.jpg,483,74
12838,images/coco_501225_424903.jpg,451,71
12839,images/coco_409364_crowd.jpg,428,69
12840,images/real_human_humanart_15000000002203.jpg,425,63
12841,images/painting_humanart_9000000002247.jpg,804,131
12842,images/coco_80145_424999.jpg,328,59
12843,images/coco_336360_crowd.jpg,412,73
12844,images/painting_humanart_6000000000085.jpg,313,51
12845,images/painting_humanart_6000000003136.jpg,473,75
12846,images/painting_humanart_2000000001553.jpg,734,110
12847,images/painting_humanart_1000000004932.jpg,504,91
12848,images/painting_humanart_2000000001545.jpg,346,54
12849,images/painting_humanart_1000000002447.jpg,492,78
12850,images/coco_536444_1748127.jpg,421,65
12851,images/sculpture_humanart_14000000000326.jpg,713,112
12852,images/painting_humanart_10000000000511.jpg,278,47
12853,images/real_human_humanart_17000000002094.jpg,562,77
12854,images/real_human_humanart_15000000000911.jpg,654,100
12855,images/painting_humanart_10000000006102.jpg,413,64
12856,images/coco_277812_crowd.jpg,697,110
12857,images/real_human_humanart_15000000001664.jpg,597,91
12858,images/painting_humanart_10000000005973.jpg,352,57
12859,images/painting_humanart_6000000003579.jpg,460,69
12860,images/sculpture_humanart_14000000004467.jpg,262,40
12861,images/painting_humanart_10000000001305.jpg,483,76
12862,images/painting_humanart_1000000006427.jpg,397,68
12863,images/painting_humanart_10000000000320.jpg,423,64
12864,images/real_human_humanart_15000000000798.jpg,843,130
12865,images/painting_humanart_2000000000916.jpg,488,75
12866,images/coco_254589_crowd.jpg,476,80
12867,images/painting_humanart_2000000002335.jpg,436,69
12868,images/painting_humanart_9000000002222.jpg,578,91
12869,images/painting_humanart_10000000000957.jpg,702,105
12870,images/painting_humanart_2000000000438.jpg,492,78
12871,images/danbooru_anime_11909256.jpg,429,63
12872,images/painting_humanart_6000000002699.jpg,491,80
12873,images/real_human_humanart_15000000002458.jpg,825,137
12874,images/real_human_humanart_17000000001455.jpg,710,114
12875,images/painting_humanart_6000000002659.jpg,625,98
12876,images/painting_humanart_9000000000253.jpg,401,63
12877,images/real_human_humanart_17000000001015.jpg,728,116
12878,images/coco_97423_crowd.jpg,722,118
12879,images/coco_149592_crowd.jpg,261,44
12880,images/painting_humanart_2000000001298.jpg,608,101
12881,images/sculpture_humanart_14000000004160.jpg,611,98
12882,images/coco_280766_216064.jpg,337,59
12883,images/danbooru_anime_11919648.jpg,633,98
12884,images/painting_humanart_10000000005052.jpg,342,53
12885,images/real_human_humanart_17000000002120.jpg,723,112
12886,images/danbooru_anime_11919650.jpg,419,64
12887,images/coco_17267_crowd.jpg,426,75
12888,images/real_human_humanart_15000000002117.jpg,597,95
12889,images/sculpture_humanart_14000000004260.jpg,544,82
12890,images/danbooru_anime_11901930.jpg,343,53
12891,images/painting_humanart_10000000000170.jpg,409,61
12892,images/danbooru_anime_11901399.jpg,520,83
12893,images/coco_546664_crowd.jpg,431,66
12894,images/painting_humanart_10000000000330.jpg,343,52
12895,images/real_human_humanart_17000000002274.jpg,645,94
12896,images/painting_humanart_6000000001243.jpg,633,101
12897,images/coco_440400_crowd.jpg,427,75
12898,images/sculpture_humanart_14000000000334.jpg,495,74
12899,images/painting_humanart_6000000002334.jpg,569,91
12900,images/painting_humanart_1000000001222.jpg,438,69
12901,images/painting_humanart_10000000005598.jpg,267,44
12902,images/painting_humanart_10000000000584.jpg,427,68
12903,images/real_human_humanart_15000000000312.jpg,505,71
12904,images/danbooru_anime_11916672.jpg,428,66
12905,images/coco_248441_209255.jpg,358,60
12906,images/real_human_humanart_17000000000460.jpg,957,150
12907,images/coco_342146_crowd.jpg,599,99
12908,images/real_human_humanart_15000000002386.jpg,710,116
12909,images/painting_humanart_6000000001048.jpg,467,74
12910,images/coco_570060_429502.jpg,271,48
12911,images/sculpture_humanart_14000000004273.jpg,662,99
12912,images/coco_451412_crowd.jpg,412,65
12913,images/coco_281628_466199.jpg,380,60
12914,images/real_human_humanart_17000000002482.jpg,410,64
12915,images/painting_humanart_10000000006458.jpg,451,66
12916,images/painting_humanart_2000000002721.jpg,478,76
12917,images/sculpture_humanart_14000000001370.jpg,508,74
12918,images/painting_humanart_6000000002399.jpg,428,71
12919,images/real_human_humanart_15000000000587.jpg,757,116
12920,images/coco_267314_432553.jpg,360,56
12921,images/painting_humanart_10000000001982.jpg,567,93
12922,images/coco_221523_190143.jpg,380,60
12923,images/danbooru_anime_11903964.jpg,380,57
12924,images/coco_10040_crowd.jpg,351,54
12925,images/coco_451835_1265809.jpg,642,106
12926,images/painting_humanart_1000000001391.jpg,466,75
12927,images/painting_humanart_2000000000756.jpg,667,105
12928,images/painting_humanart_2000000001558.jpg,492,79
12929,images/real_human_humanart_15000000002265.jpg,660,99
12930,images/coco_442582_crowd.jpg,439,75
12931,images/coco_320106_459623.jpg,443,71
12932,images/real_human_humanart_17000000002536.jpg,600,92
12933,images/danbooru_anime_11917329.jpg,581,95
12934,images/sculpture_humanart_14000000001625.jpg,525,75
12935,images/painting_humanart_6000000002300.jpg,326,57
12936,images/danbooru_anime_11919571.jpg,330,53
12937,images/painting_humanart_2000000000394.jpg,412,67
12938,images/real_human_humanart_15000000001256.jpg,267,44
12939,images/real_human_humanart_15000000002065.jpg,662,101
12940,images/painting_humanart_2000000000925.jpg,397,67
12941,images/painting_humanart_9000000000280.jpg,552,96
12942,images/painting_humanart_10000000000861.jpg,542,83
12943,images/coco_195697_459356.jpg,357,52
12944,images/coco_293564_crowd.jpg,358,60
12945,images/danbooru_anime_11911731.jpg,599,101
12946,images/coco_313922_crowd.jpg,253,46
12947,images/coco_403515_439794.jpg,330,55
12948,images/coco_33958_2154927.jpg,341,58
12949,images/painting_humanart_10000000002524.jpg,694,110
12950,images/painting_humanart_2000000002936.jpg,505,86
12951,images/coco_459923_421891.jpg,331,51
12952,images/real_human_humanart_15000000001733.jpg,697,114
12953,images/painting_humanart_10000000002300.jpg,629,99
12954,images/coco_190829_crowd.jpg,550,89
12955,images/painting_humanart_9000000000545.jpg,464,70
12956,images/real_human_humanart_15000000002094.jpg,795,118
12957,images/painting_humanart_2000000003182.jpg,438,66
12958,images/painting_humanart_2000000002494.jpg,542,91
12959,images/danbooru_anime_11910224.jpg,719,115
12960,images/real_human_humanart_15000000001610.jpg,533,88
12961,images/painting_humanart_2000000000654.jpg,726,119
12962,images/real_human_humanart_15000000000865.jpg,711,112
12963,images/painting_humanart_9000000001436.jpg,426,63
12964,images/coco_476838_crowd.jpg,414,63
12965,images/painting_humanart_10000000000005.jpg,288,47
12966,images/coco_396617_428840.jpg,274,47
12967,images/danbooru_anime_11909562.jpg,443,70
12968,images/sculpture_humanart_14000000001597.jpg,243,36
12969,images/coco_479723_crowd.jpg,561,92
12970,images/danbooru_anime_11919733.jpg,617,94
12971,images/real_human_humanart_17000000002404.jpg,608,98
12972,images/coco_441196_442988.jpg,406,70
12973,images/danbooru_anime_11917472.jpg,522,86
12974,images/coco_62483_crowd.jpg,485,79
12975,images/coco_328110_crowd.jpg,456,73
12976,images/painting_humanart_10000000003806.jpg,395,66
12977,images/coco_289263_207515.jpg,256,45
12978,images/coco_3580_208033.jpg,726,112
12979,images/painting_humanart_6000000003588.jpg,574,92
12980,images/sculpture_humanart_14000000003790.jpg,545,85
12981,images/painting_humanart_6000000001825.jpg,487,72
12982,images/painting_humanart_2000000001836.jpg,595,84
12983,images/real_human_humanart_15000000000401.jpg,608,93
12984,images/painting_humanart_10000000006387.jpg,477,70
12985,images/coco_577840_crowd.jpg,555,85
12986,images/painting_humanart_10000000000002.jpg,371,56
12987,images/painting_humanart_2000000000613.jpg,574,90
12988,images/danbooru_anime_11907327.jpg,510,80
12989,images/painting_humanart_10000000000086.jpg,278,44
12990,images/painting_humanart_1000000001567.jpg,326,51
12991,images/painting_humanart_10000000000958.jpg,363,60
12992,images/real_human_humanart_15000000002158.jpg,614,96
12993,images/painting_humanart_10000000001363.jpg,334,49
12994,images/painting_humanart_9000000001456.jpg,584,97
12995,images/real_human_humanart_17000000002012.jpg,643,98
12996,images/painting_humanart_10000000000296.jpg,341,52
12997,images/coco_308677_212674.jpg,301,50
12998,images/coco_76942_184958.jpg,347,63
12999,images/painting_humanart_9000000001049.jpg,461,71
13000,images/coco_440455_183676.jpg,368,59
13001,images/real_human_humanart_17000000001350.jpg,767,120
13002,images/danbooru_anime_11920028.jpg,294,46
13003,images/danbooru_anime_11907436.jpg,298,47
13004,images/coco_363134_crowd.jpg,422,69
13005,images/painting_humanart_9000000000150.jpg,256,41
13006,images/danbooru_anime_11920420.jpg,313,53
13007,images/coco_542302_crowd.jpg,400,64
13008,images/danbooru_anime_11919573.jpg,578,90
13009,images/coco_223335_211818.jpg,270,46
13010,images/painting_humanart_1000000000348.jpg,340,49
13011,images/danbooru_anime_11910468.jpg,292,45
13012,images/real_human_humanart_17000000000681.jpg,358,53
13013,images/real_human_humanart_15000000001917.jpg,739,115
13014,images/sculpture_humanart_14000000001320.jpg,333,51
13015,images/painting_humanart_9000000000692.jpg,563,85
13016,images/coco_83257_crowd.jpg,645,109
13017,images/painting_humanart_6000000000945.jpg,623,103
13018,images/sculpture_humanart_14000000003808.jpg,582,90
13019,images/danbooru_anime_11915473.jpg,498,77
13020,images/danbooru_anime_11908691.jpg,390,59
13021,images/danbooru_anime_11921072.jpg,476,77
13022,images/coco_119876_189198.jpg,305,44
13023,images/painting_humanart_9000000001855.jpg,342,49
13024,images/danbooru_anime_11911724.jpg,549,85
13025,images/coco_25293_473891.jpg,436,72
13026,images/real_human_humanart_17000000002114.jpg,653,104
13027,images/coco_472472_crowd.jpg,319,53
13028,images/painting_humanart_2000000001334.jpg,705,117
13029,images/painting_humanart_6000000001126.jpg,669,113
13030,images/coco_313916_crowd.jpg,527,91
13031,images/painting_humanart_2000000003095.jpg,781,118
13032,images/danbooru_anime_11915599.jpg,392,64
13033,images/sculpture_humanart_14000000000603.jpg,532,76
13034,images/coco_263647_444617.jpg,425,67
13035,images/real_human_humanart_17000000001994.jpg,485,72
13036,images/painting_humanart_2000000001409.jpg,455,74
13037,images/painting_humanart_9000000002722.jpg,655,102
13038,images/painting_humanart_10000000000442.jpg,273,41
13039,images/painting_humanart_2000000001600.jpg,473,77
13040,images/painting_humanart_9000000000454.jpg,418,60
13041,images/coco_22816_crowd.jpg,403,67
13042,images/painting_humanart_9000000001348.jpg,470,71
13043,images/coco_492814_439048.jpg,266,42
13044,images/real_human_humanart_17000000000640.jpg,820,124
13045,images/danbooru_anime_11917494.jpg,374,61
13046,images/painting_humanart_9000000000003.jpg,374,62
13047,images/painting_humanart_9000000001497.jpg,692,111
13048,images/real_human_humanart_17000000000876.jpg,480,77
13049,images/painting_humanart_10000000000077.jpg,419,70
13050,images/coco_146123_435727.jpg,326,54
13051,images/painting_humanart_2000000002291.jpg,508,75
13052,images/painting_humanart_6000000002547.jpg,385,66
13053,images/coco_241_crowd.jpg,547,91
13054,images/danbooru_anime_11905384.jpg,577,89
13055,images/real_human_humanart_15000000000357.jpg,591,85
13056,images/painting_humanart_2000000003186.jpg,537,83
13057,images/painting_humanart_9000000000163.jpg,469,76
13058,images/painting_humanart_2000000001211.jpg,568,93
13059,images/sculpture_humanart_14000000003955.jpg,289,48
13060,images/coco_125590_434183.jpg,334,55
13061,images/danbooru_anime_11915639.jpg,486,77
13062,images/painting_humanart_6000000001720.jpg,443,73
13063,images/painting_humanart_1000000001045.jpg,447,73
13064,images/painting_humanart_6000000001105.jpg,655,106
13065,images/sculpture_humanart_14000000000369.jpg,553,93
13066,images/painting_humanart_10000000002691.jpg,505,70
13067,images/painting_humanart_9000000001452.jpg,345,60
13068,images/real_human_humanart_17000000001884.jpg,491,75
13069,images/coco_9171_461485.jpg,477,76
13070,images/danbooru_anime_11914507.jpg,382,58
13071,images/real_human_humanart_17000000000516.jpg,671,105
13072,images/danbooru_anime_11910353.jpg,325,51
13073,images/coco_294776_492419.jpg,331,53
13074,images/painting_humanart_2000000002144.jpg,561,86
13075,images/real_human_humanart_15000000001988.jpg,879,133
13076,images/sculpture_humanart_14000000000181.jpg,551,87
13077,images/painting_humanart_9000000000549.jpg,488,76
13078,images/danbooru_anime_11900355.jpg,507,79
13079,images/coco_25990_459987.jpg,642,107
13080,images/danbooru_anime_11903219.jpg,746,113
13081,images/painting_humanart_1000000007313.jpg,420,70
13082,images/coco_163575_190842.jpg,405,70
13083,images/real_human_humanart_15000000000050.jpg,471,69
13084,images/coco_102532_crowd.jpg,444,70
13085,images/real_human_humanart_17000000001904.jpg,475,76
13086,images/painting_humanart_2000000002176.jpg,417,65
13087,images/sculpture_humanart_14000000001710.jpg,491,72
13088,images/coco_295303_450967.jpg,380,60
13089,images/coco_146855_490150.jpg,455,71
13090,images/real_human_humanart_17000000000920.jpg,752,121
13091,images/coco_493279_438923.jpg,463,75
13092,images/real_human_humanart_17000000001819.jpg,585,83
13093,images/danbooru_anime_11909720.jpg,379,56
13094,images/coco_134926_445902.jpg,366,62
13095,images/coco_293768_481437.jpg,392,63
13096,images/real_human_humanart_15000000000816.jpg,497,79
13097,images/real_human_humanart_17000000000023.jpg,475,73
13098,images/real_human_humanart_15000000001535.jpg,666,97
13099,images/painting_humanart_10000000006251.jpg,635,102
13100,images/real_human_humanart_17000000000165.jpg,565,83
13101,images/coco_176519_crowd.jpg,346,56
13102,images/coco_29151_2151253.jpg,253,43
13103,images/painting_humanart_2000000002765.jpg,536,82
13104,images/coco_443492_crowd.jpg,552,95
13105,images/sculpture_humanart_14000000002841.jpg,566,89
13106,images/coco_37677_440353.jpg,500,76
13107,images/coco_43613_186402.jpg,410,61
13108,images/painting_humanart_1000000001302.jpg,461,70
13109,images/coco_151138_436430.jpg,289,47
13110,images/sculpture_humanart_14000000001564.jpg,682,101
13111,images/real_human_humanart_17000000000261.jpg,590,90
13112,images/painting_humanart_1000000001497.jpg,393,66
13113,images/sculpture_humanart_14000000000350.jpg,589,92
13114,images/painting_humanart_2000000001254.jpg,491,74
13115,images/coco_472860_crowd.jpg,401,63
13116,images/sculpture_humanart_14000000001790.jpg,806,119
13117,images/painting_humanart_2000000001420.jpg,467,71
13118,images/sculpture_humanart_14000000001278.jpg,542,93
13119,images/real_human_humanart_17000000001298.jpg,558,81
13120,images/painting_humanart_9000000000516.jpg,456,66
13121,images/coco_406555_488447.jpg,415,62
13122,images/painting_humanart_2000000002403.jpg,640,104
13123,images/danbooru_anime_11904577.jpg,492,73
13124,images/painting_humanart_9000000000293.jpg,510,76
13125,images/painting_humanart_9000000001619.jpg,456,70
13126,images/danbooru_anime_11915602.jpg,441,73
13127,images/sculpture_humanart_14000000003216.jpg,609,92
13128,images/coco_512911_crowd.jpg,403,66
13129,images/sculpture_humanart_14000000001957.jpg,676,101
13130,images/coco_385896_433683.jpg,461,72
13131,images/danbooru_anime_11906077.jpg,561,86
13132,images/real_human_humanart_15000000000755.jpg,540,83
13133,images/real_human_humanart_15000000000612.jpg,837,121
13134,images/painting_humanart_2000000001695.jpg,663,103
13135,images/coco_57593_2154801.jpg,276,47
13136,images/painting_humanart_9000000002492.jpg,311,50
13137,images/coco_554537_453664.jpg,540,86
13138,images/painting_humanart_9000000001581.jpg,264,38
13139,images/real_human_humanart_15000000000464.jpg,526,83
13140,images/real_human_humanart_17000000000355.jpg,386,60
13141,images/danbooru_anime_11919510.jpg,566,86
13142,images/danbooru_anime_11920932.jpg,562,89
13143,images/painting_humanart_6000000002144.jpg,529,83
13144,images/danbooru_anime_11920500.jpg,322,51
13145,images/coco_307866_485092.jpg,301,52
13146,images/coco_281008_184409.jpg,377,64
13147,images/coco_302206_crowd.jpg,523,88
13148,images/real_human_humanart_17000000000309.jpg,494,79
13149,images/painting_humanart_9000000002595.jpg,697,107
13150,images/danbooru_anime_11905144.jpg,522,81
13151,images/real_human_humanart_17000000001975.jpg,640,100
13152,images/painting_humanart_10000000005664.jpg,539,85
13153,images/coco_370401_477714.jpg,291,50
13154,images/danbooru_anime_11918205.jpg,281,46
13155,images/real_human_humanart_17000000002005.jpg,609,100
13156,images/real_human_humanart_15000000001200.jpg,667,108
13157,images/coco_13892_2152627.jpg,451,71
13158,images/sculpture_humanart_14000000001854.jpg,667,95
13159,images/real_human_humanart_17000000000528.jpg,427,66
13160,images/coco_356920_472719.jpg,385,57
13161,images/coco_89898_441288.jpg,259,39
13162,images/danbooru_anime_11919289.jpg,256,44
13163,images/real_human_humanart_17000000000441.jpg,756,122
13164,images/real_human_humanart_17000000000361.jpg,582,86
13165,images/painting_humanart_1000000002513.jpg,488,82
13166,images/real_human_humanart_15000000001770.jpg,694,99
13167,images/danbooru_anime_11909227.jpg,276,44
13168,images/painting_humanart_1000000000797.jpg,231,37
13169,images/real_human_humanart_15000000000232.jpg,666,101
13170,images/painting_humanart_2000000000552.jpg,684,110
13171,images/sculpture_humanart_14000000002080.jpg,490,75
13172,images/danbooru_anime_11904416.jpg,614,104
13173,images/real_human_humanart_17000000001910.jpg,603,93
13174,images/real_human_humanart_15000000000243.jpg,466,74
13175,images/real_human_humanart_17000000000670.jpg,726,107
13176,images/coco_59547_440755.jpg,340,55
13177,images/sculpture_humanart_14000000001623.jpg,673,106
13178,images/real_human_humanart_15000000002191.jpg,740,116
13179,images/real_human_humanart_15000000000717.jpg,259,40
13180,images/painting_humanart_6000000000633.jpg,582,97
13181,images/danbooru_anime_11920427.jpg,451,71
13182,images/painting_humanart_1000000007261.jpg,461,78
13183,images/real_human_humanart_15000000000609.jpg,548,85
13184,images/sculpture_humanart_14000000001162.jpg,673,100
13185,images/real_human_humanart_17000000001061.jpg,627,98
13186,images/sculpture_humanart_14000000004542.jpg,629,90
13187,images/real_human_humanart_15000000001230.jpg,519,81
13188,images/painting_humanart_10000000000218.jpg,240,37
13189,images/danbooru_anime_11918375.jpg,578,91
13190,images/coco_550431_crowd.jpg,296,50
13191,images/coco_335065_crowd.jpg,549,87
13192,images/real_human_humanart_15000000002287.jpg,747,108
13193,images/painting_humanart_2000000000804.jpg,598,94
13194,images/painting_humanart_10000000000916.jpg,570,79
13195,images/painting_humanart_1000000002043.jpg,274,45
13196,images/sculpture_humanart_14000000001509.jpg,449,68
13197,images/sculpture_humanart_14000000003667.jpg,332,57
13198,images/sculpture_humanart_14000000004265.jpg,701,103
13199,images/painting_humanart_2000000003293.jpg,469,74
13200,images/painting_humanart_6000000000030.jpg,405,59
13201,images/real_human_humanart_15000000001976.jpg,839,120
13202,images/coco_505728_1745857.jpg,646,102
13203,images/coco_111629_506011.jpg,400,72
13204,images/painting_humanart_10000000003423.jpg,470,76
13205,images/danbooru_anime_11918365.jpg,402,63
13206,images/danbooru_anime_11918962.jpg,349,59
13207,images/coco_540098_454602.jpg,354,59
13208,images/coco_570680_1250977.jpg,395,59
13209,images/danbooru_anime_11906432.jpg,351,52
13210,images/coco_514083_432213.jpg,362,58
13211,images/painting_humanart_10000000001920.jpg,355,59
13212,images/painting_humanart_6000000003428.jpg,347,56
13213,images/real_human_humanart_17000000000296.jpg,695,108
13214,images/sculpture_humanart_14000000004261.jpg,572,85
13215,images/real_human_humanart_17000000002170.jpg,729,109
13216,images/painting_humanart_10000000000516.jpg,274,41
13217,images/painting_humanart_9000000001198.jpg,287,45
13218,images/painting_humanart_10000000002443.jpg,382,59
13219,images/real_human_humanart_15000000001163.jpg,639,94
13220,images/coco_502818_425992.jpg,467,75
13221,images/sculpture_humanart_14000000003816.jpg,630,98
13222,images/painting_humanart_10000000004684.jpg,556,84
13223,images/sculpture_humanart_14000000001526.jpg,597,88
13224,images/real_human_humanart_17000000001597.jpg,692,99
13225,images/sculpture_humanart_14000000001394.jpg,658,100
13226,images/coco_124949_crowd.jpg,488,80
13227,images/coco_331529_crowd.jpg,543,84
13228,images/painting_humanart_10000000003153.jpg,415,62
13229,images/painting_humanart_6000000001466.jpg,650,103
13230,images/coco_368049_472875.jpg,524,81
13231,images/coco_83065_189493.jpg,389,57
13232,images/coco_268224_crowd.jpg,441,70
13233,images/coco_455435_1209251.jpg,506,76
13234,images/danbooru_anime_11919904.jpg,554,89
13235,images/painting_humanart_2000000002146.jpg,382,60
13236,images/painting_humanart_2000000001991.jpg,481,77
13237,images/coco_385057_crowd.jpg,565,96
13238,images/sculpture_humanart_14000000000427.jpg,486,74
13239,images/painting_humanart_6000000000609.jpg,468,79
13240,images/painting_humanart_6000000003554.jpg,606,105
13241,images/danbooru_anime_11900906.jpg,583,89
13242,images/real_human_humanart_17000000001482.jpg,641,103
13243,images/coco_326284_473770.jpg,307,53
13244,images/real_human_humanart_17000000000182.jpg,609,100
13245,images/coco_303971_186016.jpg,342,55
13246,images/real_human_humanart_15000000000221.jpg,565,90
13247,images/coco_244455_crowd.jpg,561,83
13248,images/coco_132901_crowd.jpg,696,115
13249,images/coco_78093_427587.jpg,342,60
13250,images/sculpture_humanart_14000000001884.jpg,517,80
13251,images/real_human_humanart_15000000001357.jpg,621,99
13252,images/real_human_humanart_15000000000766.jpg,533,82
13253,images/coco_203119_498908.jpg,422,65
13254,images/real_human_humanart_15000000002005.jpg,975,154
13255,images/coco_543895_crowd.jpg,688,114
13256,images/danbooru_anime_11920407.jpg,608,88
13257,images/painting_humanart_2000000000783.jpg,730,122
13258,images/painting_humanart_9000000001939.jpg,569,97
13259,images/sculpture_humanart_14000000004498.jpg,519,84
13260,images/painting_humanart_10000000003873.jpg,491,79
13261,images/painting_humanart_10000000000756.jpg,555,89
13262,images/coco_113588_crowd.jpg,644,105
13263,images/sculpture_humanart_14000000004557.jpg,447,67
13264,images/danbooru_anime_11919818.jpg,354,56
13265,images/danbooru_anime_11917245.jpg,419,69
13266,images/real_human_humanart_15000000001446.jpg,627,90
13267,images/coco_528098_215288.jpg,244,40
13268,images/painting_humanart_1000000004263.jpg,331,58
13269,images/painting_humanart_10000000000548.jpg,376,53
13270,images/danbooru_anime_11905591.jpg,681,113
13271,images/danbooru_anime_11920472.jpg,539,89
13272,images/painting_humanart_9000000000774.jpg,452,78
13273,images/real_human_humanart_15000000001500.jpg,289,48
13274,images/coco_362563_crowd.jpg,382,64
13275,images/danbooru_anime_11912794.jpg,327,54
13276,images/coco_21764_crowd.jpg,383,62
13277,images/coco_281534_190729.jpg,358,62
13278,images/painting_humanart_2000000002812.jpg,363,58
13279,images/painting_humanart_9000000000267.jpg,628,90
13280,images/painting_humanart_9000000000552.jpg,359,54
13281,images/sculpture_humanart_14000000001818.jpg,583,87
13282,images/real_human_humanart_17000000000864.jpg,766,121
13283,images/real_human_humanart_15000000000864.jpg,509,80
13284,images/sculpture_humanart_14000000004516.jpg,648,102
13285,images/coco_509891_440649.jpg,362,58
13286,images/coco_399415_crowd.jpg,372,62
13287,images/danbooru_anime_11919587.jpg,532,85
13288,images/painting_humanart_10000000004894.jpg,319,52
13289,images/danbooru_anime_11916674.jpg,516,82
13290,images/sculpture_humanart_14000000000448.jpg,708,109
13291,images/coco_423464_502675.jpg,315,49
13292,images/real_human_humanart_15000000001323.jpg,421,66
13293,images/danbooru_anime_11904870.jpg,624,91
13294,images/painting_humanart_2000000000245.jpg,435,71
13295,images/coco_493923_crowd.jpg,261,43
13296,images/painting_humanart_10000000000806.jpg,637,93
13297,images/danbooru_anime_11915966.jpg,446,65
13298,images/real_human_humanart_17000000000342.jpg,432,69
13299,images/real_human_humanart_15000000001968.jpg,1114,173
13300,images/coco_111104_crowd.jpg,354,59
13301,images/coco_78803_1721588.jpg,304,50
13302,images/coco_53774_1726311.jpg,477,74
13303,images/coco_251741_crowd.jpg,471,79
13304,images/painting_humanart_2000000002094.jpg,506,77
13305,images/painting_humanart_9000000002694.jpg,459,78
13306,images/real_human_humanart_15000000000194.jpg,746,116
13307,images/real_human_humanart_15000000002295.jpg,814,121
13308,images/coco_197280_crowd.jpg,463,74
13309,images/coco_427341_530008.jpg,704,106
13310,images/coco_476597_crowd.jpg,623,110
13311,images/danbooru_anime_11919184.jpg,549,88
13312,images/painting_humanart_10000000003912.jpg,367,59
13313,images/danbooru_anime_11915601.jpg,433,66
13314,images/danbooru_anime_11913297.jpg,256,43
13315,images/painting_humanart_9000000001539.jpg,441,63
13316,images/painting_humanart_9000000000407.jpg,512,79
13317,images/real_human_humanart_17000000001391.jpg,494,75
13318,images/real_human_humanart_15000000000686.jpg,649,97
13319,images/danbooru_anime_11915852.jpg,247,37
13320,images/danbooru_anime_11919736.jpg,257,44
13321,images/danbooru_anime_11921130.jpg,334,54
13322,images/coco_256199_crowd.jpg,678,114
13323,images/sculpture_humanart_14000000002117.jpg,431,66
13324,images/painting_humanart_6000000002421.jpg,561,87
13325,images/real_human_humanart_17000000002048.jpg,579,93
13326,images/real_human_humanart_17000000001260.jpg,525,80
13327,images/painting_humanart_2000000001426.jpg,641,101
13328,images/painting_humanart_2000000002420.jpg,691,100
13329,images/coco_107004_crowd.jpg,468,75
13330,images/painting_humanart_10000000000504.jpg,425,62
13331,images/painting_humanart_6000000000996.jpg,624,92
13332,images/coco_371129_453483.jpg,506,82
13333,images/painting_humanart_1000000002837.jpg,565,92
13334,images/coco_431364_458415.jpg,391,63
13335,images/painting_humanart_2000000001926.jpg,450,66
13336,images/sculpture_humanart_14000000001010.jpg,441,68
13337,images/painting_humanart_9000000001935.jpg,383,59
13338,images/real_human_humanart_15000000001591.jpg,620,92
13339,images/danbooru_anime_11900788.jpg,538,85
13340,images/painting_humanart_9000000000412.jpg,459,75
13341,images/painting_humanart_10000000000936.jpg,278,41
13342,images/painting_humanart_1000000005692.jpg,612,95
13343,images/coco_395749_crowd.jpg,437,69
13344,images/coco_508302_196613.jpg,364,59
13345,images/real_human_humanart_15000000002397.jpg,370,57
13346,images/danbooru_anime_11918366.jpg,413,65
13347,images/painting_humanart_9000000000787.jpg,587,83
13348,images/sculpture_humanart_14000000002056.jpg,471,76
13349,images/real_human_humanart_17000000001637.jpg,882,134
13350,images/painting_humanart_1000000001482.jpg,392,62
13351,images/real_human_humanart_17000000002338.jpg,654,99
13352,images/danbooru_anime_11921068.jpg,404,65
13353,images/painting_humanart_1000000008351.jpg,507,80
13354,images/sculpture_humanart_14000000002838.jpg,492,74
13355,images/coco_402588_crowd.jpg,668,106
13356,images/danbooru_anime_11916737.jpg,584,90
13357,images/real_human_humanart_15000000002247.jpg,750,116
13358,images/sculpture_humanart_14000000003649.jpg,554,86
13359,images/painting_humanart_10000000000023.jpg,373,59
13360,images/real_human_humanart_15000000001991.jpg,996,150
13361,images/painting_humanart_9000000002299.jpg,368,58
13362,images/coco_79754_185676.jpg,644,102
13363,images/real_human_humanart_15000000001199.jpg,676,102
13364,images/real_human_humanart_17000000000030.jpg,684,109
13365,images/real_human_humanart_15000000001837.jpg,754,117
13366,images/painting_humanart_6000000000928.jpg,461,77
13367,images/danbooru_anime_11908771.jpg,586,93
13368,images/painting_humanart_2000000000445.jpg,574,90
13369,images/coco_235808_crowd.jpg,324,54
13370,images/coco_364243_crowd.jpg,354,54
13371,images/painting_humanart_10000000000880.jpg,482,75
13372,images/real_human_humanart_17000000000237.jpg,525,75
13373,images/coco_26507_crowd.jpg,278,51
13374,images/danbooru_anime_11920645.jpg,321,51
13375,images/real_human_humanart_15000000001947.jpg,718,110
13376,images/painting_humanart_9000000002352.jpg,586,94
13377,images/real_human_humanart_17000000000264.jpg,550,94
13378,images/painting_humanart_9000000001454.jpg,341,51
13379,images/coco_90519_crowd.jpg,350,53
13380,images/real_human_humanart_15000000000093.jpg,480,74
13381,images/real_human_humanart_15000000000012.jpg,708,104
13382,images/painting_humanart_1000000001594.jpg,405,61
13383,images/painting_humanart_2000000002416.jpg,598,95
13384,images/danbooru_anime_11902323.jpg,362,54
13385,images/painting_humanart_10000000004945.jpg,327,53
13386,images/real_human_humanart_17000000000374.jpg,668,94
13387,images/painting_humanart_6000000000188.jpg,290,50
13388,images/real_human_humanart_17000000000276.jpg,530,85
13389,images/danbooru_anime_11917020.jpg,317,53
13390,images/real_human_humanart_15000000000303.jpg,694,106
13391,images/painting_humanart_2000000001280.jpg,276,45
13392,images/danbooru_anime_11921138.jpg,467,77
13393,images/coco_492271_479109.jpg,580,97
13394,images/sculpture_humanart_14000000001881.jpg,789,114
13395,images/coco_362343_crowd.jpg,751,126
13396,images/painting_humanart_10000000004279.jpg,488,77
13397,images/painting_humanart_2000000000894.jpg,590,91
13398,images/coco_435986_428191.jpg,553,86
13399,images/real_human_humanart_15000000001600.jpg,602,91
13400,images/danbooru_anime_11916511.jpg,318,44
13401,images/real_human_humanart_15000000002482.jpg,596,96
13402,images/danbooru_anime_11917886.jpg,403,69
13403,images/painting_humanart_10000000005059.jpg,513,82
13404,images/coco_508977_215977.jpg,438,73
13405,images/painting_humanart_10000000000656.jpg,247,38
13406,images/real_human_humanart_15000000001548.jpg,525,78
13407,images/painting_humanart_1000000004774.jpg,379,59
13408,images/real_human_humanart_15000000000777.jpg,687,118
13409,images/coco_344548_190302.jpg,497,87
13410,images/real_human_humanart_17000000000067.jpg,547,84
13411,images/coco_59207_crowd.jpg,369,64
13412,images/painting_humanart_6000000002942.jpg,378,62
13413,images/painting_humanart_1000000002428.jpg,489,86
13414,images/real_human_humanart_15000000001233.jpg,688,108
13415,images/sculpture_humanart_14000000000287.jpg,625,100
13416,images/painting_humanart_2000000001555.jpg,703,112
13417,images/real_human_humanart_17000000002506.jpg,546,83
13418,images/danbooru_anime_11919227.jpg,625,100
13419,images/danbooru_anime_11915336.jpg,651,110
13420,images/real_human_humanart_17000000000265.jpg,494,78
13421,images/painting_humanart_10000000001033.jpg,315,47
13422,images/real_human_humanart_15000000002164.jpg,794,124
13423,images/danbooru_anime_11914917.jpg,367,59
13424,images/real_human_humanart_17000000002407.jpg,749,120
13425,images/painting_humanart_10000000001344.jpg,332,58
13426,images/real_human_humanart_17000000002132.jpg,669,104
13427,images/painting_humanart_9000000001695.jpg,661,102
13428,images/painting_humanart_9000000000856.jpg,435,65
13429,images/real_human_humanart_15000000000751.jpg,469,74
13430,images/painting_humanart_2000000000889.jpg,562,89
13431,images/coco_291202_2162628.jpg,575,96
13432,images/coco_402405_440238.jpg,389,65
13433,images/coco_43753_524106.jpg,313,53
13434,images/painting_humanart_10000000000216.jpg,449,63
13435,images/danbooru_anime_11903421.jpg,563,90
13436,images/painting_humanart_10000000005667.jpg,252,42
13437,images/coco_222771_crowd.jpg,471,83
13438,images/danbooru_anime_11920700.jpg,483,78
13439,images/coco_344271_214206.jpg,296,46
13440,images/coco_432378_crowd.jpg,319,52
13441,images/coco_5205_crowd.jpg,446,71
13442,images/painting_humanart_1000000003303.jpg,284,45
13443,images/painting_humanart_9000000001696.jpg,401,57
13444,images/coco_281315_crowd.jpg,798,133
13445,images/coco_103837_208307.jpg,717,124
13446,images/painting_humanart_9000000001131.jpg,657,99
13447,images/painting_humanart_6000000002979.jpg,390,61
13448,images/painting_humanart_2000000001628.jpg,701,106
13449,images/coco_478621_514416.jpg,427,73
13450,images/real_human_humanart_15000000000025.jpg,601,92
13451,images/danbooru_anime_11920098.jpg,427,70
13452,images/coco_119075_2156290.jpg,375,63
13453,images/danbooru_anime_11902455.jpg,441,71
13454,images/coco_204232_crowd.jpg,365,59
13455,images/painting_humanart_2000000001384.jpg,564,87
13456,images/sculpture_humanart_14000000003923.jpg,625,91
13457,images/coco_92768_450011.jpg,324,55
13458,images/sculpture_humanart_14000000001735.jpg,591,89
13459,images/painting_humanart_1000000003625.jpg,499,75
13460,images/sculpture_humanart_14000000004058.jpg,642,92
13461,images/painting_humanart_1000000001807.jpg,420,71
13462,images/coco_550968_crowd.jpg,369,56
13463,images/painting_humanart_6000000000434.jpg,479,77
13464,images/painting_humanart_2000000001756.jpg,437,65
13465,images/painting_humanart_9000000000808.jpg,416,68
13466,images/danbooru_anime_11919670.jpg,509,80
13467,images/coco_566729_188030.jpg,327,52
13468,images/painting_humanart_1000000006586.jpg,488,76
13469,images/danbooru_anime_11919181.jpg,364,59
13470,images/painting_humanart_10000000002113.jpg,449,73
13471,images/real_human_humanart_15000000000849.jpg,778,124
13472,images/danbooru_anime_11910561.jpg,307,52
13473,images/coco_334291_crowd.jpg,483,73
13474,images/painting_humanart_9000000002741.jpg,564,90
13475,images/coco_95113_421084.jpg,452,71
13476,images/real_human_humanart_17000000002232.jpg,488,69
13477,images/danbooru_anime_11919413.jpg,392,68
13478,images/real_human_humanart_15000000000225.jpg,643,105
13479,images/real_human_humanart_15000000001607.jpg,350,54
13480,images/coco_242945_438384.jpg,380,60
13481,images/real_human_humanart_15000000001520.jpg,860,147
13482,images/coco_249046_424283.jpg,602,92
13483,images/danbooru_anime_11919879.jpg,577,90
13484,images/painting_humanart_9000000001062.jpg,612,97
13485,images/real_human_humanart_15000000001208.jpg,665,106
13486,images/real_human_humanart_15000000000266.jpg,681,106
13487,images/painting_humanart_1000000004996.jpg,246,42
13488,images/painting_humanart_1000000006467.jpg,370,64
13489,images/danbooru_anime_11908697.jpg,361,63
13490,images/painting_humanart_1000000001815.jpg,384,59
13491,images/coco_511929_221283.jpg,330,55
13492,images/coco_281766_crowd.jpg,523,84
13493,images/painting_humanart_9000000000438.jpg,332,54
13494,images/sculpture_humanart_14000000000868.jpg,426,71
13495,images/painting_humanart_9000000000659.jpg,382,56
13496,images/coco_194013_216425.jpg,321,52
13497,images/coco_61494_crowd.jpg,558,87
13498,images/coco_226848_crowd.jpg,480,77
13499,images/painting_humanart_9000000001694.jpg,288,41
13500,images/painting_humanart_6000000002191.jpg,657,105
13501,images/painting_humanart_9000000001729.jpg,376,59
13502,images/painting_humanart_6000000002572.jpg,457,75
13503,images/real_human_humanart_17000000001824.jpg,533,83
13504,images/coco_23579_crowd.jpg,745,107
13505,images/real_human_humanart_17000000002354.jpg,867,138
13506,images/painting_humanart_2000000003130.jpg,409,68
13507,images/painting_humanart_10000000003955.jpg,445,74
13508,images/coco_182339_212093.jpg,580,97
13509,images/painting_humanart_10000000002542.jpg,317,48
13510,images/real_human_humanart_17000000001826.jpg,601,96
13511,images/danbooru_anime_11920701.jpg,581,90
13512,images/sculpture_humanart_14000000001753.jpg,440,66
13513,images/danbooru_anime_11921058.jpg,406,66
13514,images/painting_humanart_9000000001376.jpg,444,65
13515,images/real_human_humanart_17000000002436.jpg,734,122
13516,images/painting_humanart_9000000000334.jpg,310,52
13517,images/danbooru_anime_11916564.jpg,225,35
13518,images/coco_532876_196523.jpg,260,42
13519,images/painting_humanart_6000000001298.jpg,620,101
13520,images/painting_humanart_6000000003306.jpg,495,78
13521,images/painting_humanart_6000000001749.jpg,478,69
13522,images/sculpture_humanart_14000000004423.jpg,558,87
13523,images/painting_humanart_6000000000823.jpg,440,73
13524,images/sculpture_humanart_14000000001333.jpg,353,52
13525,images/painting_humanart_10000000000420.jpg,372,59
13526,images/danbooru_anime_11912963.jpg,288,47
13527,images/painting_humanart_2000000000267.jpg,249,40
13528,images/coco_425462_1722044.jpg,452,79
13529,images/real_human_humanart_15000000000875.jpg,578,90
13530,images/coco_9941_486157.jpg,485,81
13531,images/painting_humanart_1000000003714.jpg,576,100
13532,images/sculpture_humanart_14000000001862.jpg,618,98
13533,images/danbooru_anime_11916577.jpg,310,41
13534,images/coco_290558_421102.jpg,690,113
13535,images/danbooru_anime_11918709.jpg,417,64
13536,images/coco_103491_1238096.jpg,421,70
13537,images/real_human_humanart_15000000001422.jpg,379,57
13538,images/real_human_humanart_15000000001775.jpg,674,104
13539,images/painting_humanart_2000000000271.jpg,584,87
13540,images/painting_humanart_6000000001181.jpg,245,37
13541,images/real_human_humanart_15000000001521.jpg,720,121
13542,images/real_human_humanart_17000000000565.jpg,738,114
13543,images/painting_humanart_9000000000449.jpg,547,84
13544,images/painting_humanart_10000000001652.jpg,365,61
13545,images/real_human_humanart_17000000002507.jpg,625,96
13546,images/painting_humanart_9000000002603.jpg,328,53
13547,images/painting_humanart_1000000002332.jpg,591,100
13548,images/painting_humanart_9000000000819.jpg,449,65
13549,images/painting_humanart_6000000000515.jpg,602,101
13550,images/danbooru_anime_11921324.jpg,407,65
13551,images/real_human_humanart_17000000002140.jpg,565,88
13552,images/painting_humanart_10000000000592.jpg,551,83
13553,images/real_human_humanart_15000000000420.jpg,629,91
13554,images/real_human_humanart_17000000000214.jpg,578,95
13555,images/coco_484531_crowd.jpg,478,78
13556,images/coco_81691_crowd.jpg,312,43
13557,images/danbooru_anime_11919691.jpg,510,82
13558,images/coco_18783_221996.jpg,531,91
13559,images/real_human_humanart_17000000002238.jpg,587,86
13560,images/painting_humanart_2000000002200.jpg,386,64
13561,images/coco_574138_428866.jpg,704,106
13562,images/real_human_humanart_17000000001639.jpg,639,96
13563,images/painting_humanart_9000000002702.jpg,314,49
13564,images/painting_humanart_10000000005604.jpg,475,73
13565,images/sculpture_humanart_14000000001690.jpg,573,89
13566,images/coco_291834_crowd.jpg,396,65
13567,images/painting_humanart_6000000003420.jpg,424,67
13568,images/sculpture_humanart_14000000004240.jpg,588,96
13569,images/danbooru_anime_11903153.jpg,608,95
13570,images/painting_humanart_10000000001474.jpg,418,72
13571,images/painting_humanart_2000000001442.jpg,552,81
13572,images/painting_humanart_10000000000315.jpg,297,53
13573,images/coco_168340_449931.jpg,297,50
13574,images/danbooru_anime_11915712.jpg,364,57
13575,images/real_human_humanart_15000000002341.jpg,631,97
13576,images/coco_43243_crowd.jpg,446,66
13577,images/painting_humanart_1000000008115.jpg,361,59
13578,images/coco_389206_438253.jpg,448,76
13579,images/painting_humanart_2000000002492.jpg,325,56
13580,images/painting_humanart_6000000001043.jpg,592,93
13581,images/sculpture_humanart_14000000004267.jpg,871,126
13582,images/danbooru_anime_11920938.jpg,771,115
13583,images/coco_436127_197201.jpg,383,61
13584,images/painting_humanart_10000000000293.jpg,395,65
13585,images/real_human_humanart_17000000001522.jpg,744,117
13586,images/sculpture_humanart_14000000003897.jpg,688,98
13587,images/real_human_humanart_15000000000535.jpg,623,90
13588,images/real_human_humanart_17000000002526.jpg,807,129
13589,images/coco_440060_443801.jpg,423,69
13590,images/sculpture_humanart_14000000000317.jpg,710,107
13591,images/danbooru_anime_11917411.jpg,543,87
13592,images/painting_humanart_10000000000448.jpg,521,74
13593,images/sculpture_humanart_14000000004389.jpg,587,90
13594,images/sculpture_humanart_14000000004301.jpg,526,84
13595,images/painting_humanart_1000000003391.jpg,613,99
13596,images/painting_humanart_2000000002923.jpg,670,105
13597,images/real_human_humanart_17000000001953.jpg,352,54
13598,images/coco_408535_493795.jpg,341,50
13599,images/sculpture_humanart_14000000003859.jpg,528,85
13600,images/painting_humanart_6000000002209.jpg,796,122
13601,images/coco_143576_477064.jpg,474,70
13602,images/real_human_humanart_15000000002104.jpg,608,95
13603,images/sculpture_humanart_14000000003843.jpg,706,102
13604,images/real_human_humanart_17000000002529.jpg,669,107
13605,images/real_human_humanart_17000000002016.jpg,540,88
13606,images/real_human_humanart_17000000001316.jpg,843,121
13607,images/sculpture_humanart_14000000004187.jpg,614,91
13608,images/painting_humanart_2000000002741.jpg,562,79
13609,images/sculpture_humanart_14000000004134.jpg,570,89
13610,images/danbooru_anime_11920480.jpg,600,95
13611,images/coco_233119_crowd.jpg,570,91
13612,images/sculpture_humanart_14000000003951.jpg,476,70
13613,images/danbooru_anime_11918776.jpg,426,64
13614,images/sculpture_humanart_14000000000310.jpg,635,102
13615,images/real_human_humanart_17000000001411.jpg,554,79
13616,images/real_human_humanart_17000000002172.jpg,526,83
13617,images/real_human_humanart_17000000000060.jpg,559,89
13618,images/painting_humanart_10000000002117.jpg,328,50
13619,images/real_human_humanart_17000000002061.jpg,652,102
13620,images/painting_humanart_10000000000246.jpg,408,64
13621,images/painting_humanart_9000000001380.jpg,653,103
13622,images/painting_humanart_2000000002326.jpg,662,103
13623,images/coco_181980_crowd.jpg,552,90
13624,images/painting_humanart_9000000002067.jpg,477,80
13625,images/real_human_humanart_17000000000266.jpg,625,94
13626,images/coco_331180_488386.jpg,349,60
13627,images/sculpture_humanart_14000000001454.jpg,476,76
13628,images/real_human_humanart_17000000000555.jpg,761,126
13629,images/painting_humanart_10000000003059.jpg,472,71
13630,images/painting_humanart_6000000003564.jpg,282,48
13631,images/painting_humanart_2000000003271.jpg,307,47
13632,images/painting_humanart_10000000000911.jpg,349,55
13633,images/coco_145422_crowd.jpg,350,56
13634,images/painting_humanart_9000000001944.jpg,417,66
13635,images/painting_humanart_6000000000472.jpg,355,58
13636,images/coco_5644_1206896.jpg,474,79
13637,images/real_human_humanart_17000000000338.jpg,642,102
13638,images/danbooru_anime_11907328.jpg,471,73
13639,images/painting_humanart_10000000002898.jpg,505,77
13640,images/coco_4498_235289.jpg,391,65
13641,images/real_human_humanart_15000000001530.jpg,315,52
13642,images/painting_humanart_2000000003051.jpg,509,77
13643,images/coco_354929_crowd.jpg,390,58
13644,images/painting_humanart_2000000001258.jpg,647,100
13645,images/sculpture_humanart_14000000001045.jpg,783,114
13646,images/coco_552752_209057.jpg,277,47
13647,images/coco_483368_479266.jpg,350,60
13648,images/real_human_humanart_15000000002031.jpg,740,119
13649,images/painting_humanart_6000000001215.jpg,425,66
13650,images/coco_70134_crowd.jpg,417,76
13651,images/painting_humanart_9000000002092.jpg,350,53
13652,images/real_human_humanart_15000000000999.jpg,550,90
13653,images/real_human_humanart_15000000000027.jpg,521,77
13654,images/painting_humanart_10000000000205.jpg,299,54
13655,images/coco_31825_464423.jpg,305,50
13656,images/real_human_humanart_17000000001383.jpg,499,77
13657,images/sculpture_humanart_14000000001224.jpg,786,134
13658,images/danbooru_anime_11916070.jpg,348,55
13659,images/coco_177952_518785.jpg,386,61
13660,images/coco_210457_crowd.jpg,750,130
13661,images/real_human_humanart_15000000000821.jpg,525,78
13662,images/painting_humanart_9000000001405.jpg,431,65
13663,images/coco_323552_437524.jpg,430,66
13664,images/sculpture_humanart_14000000003393.jpg,508,73
13665,images/coco_4554_crowd.jpg,313,44
13666,images/coco_303026_434418.jpg,382,59
13667,images/painting_humanart_10000000006217.jpg,366,56
13668,images/coco_290115_450376.jpg,537,85
13669,images/painting_humanart_9000000000175.jpg,380,67
13670,images/painting_humanart_1000000000158.jpg,501,81
13671,images/coco_161602_425434.jpg,259,46
13672,images/real_human_humanart_15000000001080.jpg,591,89
13673,images/danbooru_anime_11909265.jpg,501,77
13674,images/painting_humanart_9000000000224.jpg,473,69
13675,images/coco_11340_crowd.jpg,534,83
13676,images/coco_153692_205626.jpg,390,64
13677,images/painting_humanart_10000000003317.jpg,282,44
13678,images/painting_humanart_6000000003238.jpg,368,58
13679,images/painting_humanart_1000000005662.jpg,321,55
13680,images/sculpture_humanart_14000000001208.jpg,612,91
13681,images/painting_humanart_2000000002476.jpg,1013,192
13682,images/real_human_humanart_15000000001821.jpg,755,115
13683,images/coco_519387_crowd.jpg,510,87
13684,images/painting_humanart_10000000006152.jpg,375,58
13685,images/coco_355256_1220058.jpg,329,58
13686,images/coco_57703_crowd.jpg,492,89
13687,images/coco_498856_456676.jpg,493,84
13688,images/painting_humanart_9000000000525.jpg,539,81
13689,images/sculpture_humanart_14000000001359.jpg,434,64
13690,images/sculpture_humanart_14000000000570.jpg,605,91
13691,images/real_human_humanart_17000000002299.jpg,810,125
13692,images/real_human_humanart_17000000000537.jpg,583,90
13693,images/painting_humanart_9000000002168.jpg,439,70
13694,images/painting_humanart_9000000000367.jpg,196,33
13695,images/sculpture_humanart_14000000004379.jpg,623,100
13696,images/danbooru_anime_11916971.jpg,599,97
13697,images/painting_humanart_6000000000332.jpg,427,72
13698,images/painting_humanart_10000000000550.jpg,339,50
13699,images/coco_328_crowd.jpg,388,58
13700,images/coco_163814_422323.jpg,440,73
13701,images/painting_humanart_6000000001700.jpg,382,62
13702,images/painting_humanart_6000000002492.jpg,395,70
13703,images/danbooru_anime_11901088.jpg,621,104
13704,images/coco_420878_218550.jpg,286,51
13705,images/danbooru_anime_11920377.jpg,252,41
13706,images/danbooru_anime_11904054.jpg,384,61
13707,images/painting_humanart_6000000002013.jpg,600,92
13708,images/coco_570714_451131.jpg,458,74
13709,images/danbooru_anime_11919069.jpg,524,87
13710,images/coco_540006_crowd.jpg,521,83
13711,images/danbooru_anime_11917108.jpg,280,42
13712,images/painting_humanart_6000000001757.jpg,453,75
13713,images/real_human_humanart_17000000000745.jpg,813,121
13714,images/painting_humanart_9000000000010.jpg,457,70
13715,images/coco_510078_483069.jpg,532,86
13716,images/painting_humanart_10000000001999.jpg,312,47
13717,images/coco_360735_184262.jpg,390,66
13718,images/painting_humanart_10000000004257.jpg,443,73
13719,images/painting_humanart_10000000002974.jpg,407,59
13720,images/coco_16237_2161396.jpg,373,64
13721,images/coco_329088_432402.jpg,436,70
13722,images/real_human_humanart_17000000002244.jpg,599,82
13723,images/painting_humanart_10000000004568.jpg,315,52
13724,images/real_human_humanart_17000000002326.jpg,609,95
13725,images/real_human_humanart_15000000002441.jpg,533,82
13726,images/painting_humanart_6000000000366.jpg,581,92
13727,images/coco_391662_482590.jpg,341,56
13728,images/coco_279806_201811.jpg,325,51
13729,images/coco_555686_213477.jpg,522,85
13730,images/painting_humanart_9000000002419.jpg,363,59
13731,images/painting_humanart_6000000003402.jpg,579,96
13732,images/danbooru_anime_11909257.jpg,356,50
13733,images/real_human_humanart_15000000000391.jpg,400,65
13734,images/painting_humanart_1000000000850.jpg,436,71
13735,images/painting_humanart_2000000001352.jpg,413,66
13736,images/coco_40016_446279.jpg,446,70
13737,images/sculpture_humanart_14000000001266.jpg,745,118
13738,images/painting_humanart_2000000000661.jpg,575,92
13739,images/danbooru_anime_11910233.jpg,594,94
13740,images/danbooru_anime_11917801.jpg,515,77
13741,images/real_human_humanart_15000000001336.jpg,544,80
13742,images/danbooru_anime_11914349.jpg,531,88
13743,images/danbooru_anime_11919421.jpg,436,64
13744,images/painting_humanart_1000000001673.jpg,374,63
13745,images/real_human_humanart_17000000000385.jpg,712,111
13746,images/real_human_humanart_15000000001257.jpg,499,80
13747,images/painting_humanart_10000000002139.jpg,368,59
13748,images/coco_510864_1738324.jpg,307,50
13749,images/painting_humanart_10000000000588.jpg,493,71
13750,images/painting_humanart_2000000000164.jpg,767,120
13751,images/real_human_humanart_15000000002230.jpg,546,81
13752,images/coco_119166_185902.jpg,367,59
13753,images/danbooru_anime_11904877.jpg,488,78
13754,images/painting_humanart_9000000000287.jpg,249,37
13755,images/painting_humanart_6000000002480.jpg,477,73
13756,images/painting_humanart_6000000000859.jpg,544,88
13757,images/painting_humanart_10000000004443.jpg,570,94
13758,images/painting_humanart_9000000001408.jpg,344,58
13759,images/coco_319432_450303.jpg,394,65
13760,images/painting_humanart_9000000001460.jpg,675,110
13761,images/real_human_humanart_15000000000044.jpg,532,89
13762,images/coco_283216_crowd.jpg,438,73
13763,images/painting_humanart_2000000001967.jpg,473,72
13764,images/danbooru_anime_11912936.jpg,695,104
13765,images/painting_humanart_1000000001132.jpg,479,79
13766,images/painting_humanart_10000000004091.jpg,381,61
13767,images/danbooru_anime_11902050.jpg,375,60
13768,images/painting_humanart_9000000000198.jpg,296,50
13769,images/danbooru_anime_11918583.jpg,327,52
13770,images/painting_humanart_9000000001989.jpg,442,64
13771,images/painting_humanart_1000000004752.jpg,595,93
13772,images/painting_humanart_10000000000708.jpg,467,76
13773,images/coco_454148_450138.jpg,568,90
13774,images/painting_humanart_9000000002652.jpg,561,90
13775,images/real_human_humanart_15000000000552.jpg,753,111
13776,images/painting_humanart_6000000000788.jpg,562,94
13777,images/coco_4980_1711048.jpg,372,63
13778,images/painting_humanart_10000000003860.jpg,337,53
13779,images/sculpture_humanart_14000000001941.jpg,343,53
13780,images/painting_humanart_10000000000962.jpg,289,45
13781,images/sculpture_humanart_14000000003992.jpg,540,80
13782,images/danbooru_anime_11919415.jpg,640,106
13783,images/painting_humanart_6000000000730.jpg,427,72
13784,images/painting_humanart_2000000001790.jpg,486,71
13785,images/coco_299631_477457.jpg,649,98
13786,images/real_human_humanart_15000000001921.jpg,580,85
13787,images/painting_humanart_10000000000475.jpg,429,60
13788,images/painting_humanart_6000000003078.jpg,600,101
13789,images/painting_humanart_9000000002386.jpg,647,100
13790,images/sculpture_humanart_14000000003648.jpg,674,97
13791,images/real_human_humanart_15000000001340.jpg,552,87
13792,images/danbooru_anime_11914724.jpg,651,100
13793,images/real_human_humanart_17000000002460.jpg,622,92
13794,images/coco_295092_490954.jpg,568,87
13795,images/sculpture_humanart_14000000004518.jpg,627,96
13796,images/coco_309940_452284.jpg,238,38
13797,images/painting_humanart_9000000000435.jpg,576,91
13798,images/coco_552186_crowd.jpg,359,61
13799,images/painting_humanart_6000000002088.jpg,642,106
13800,images/danbooru_anime_11918754.jpg,571,86
13801,images/coco_278977_487581.jpg,555,89
13802,images/painting_humanart_10000000000908.jpg,456,68
13803,images/real_human_humanart_15000000000331.jpg,743,112
13804,images/painting_humanart_9000000001996.jpg,378,59
13805,images/coco_108425_458108.jpg,618,100
13806,images/coco_144379_456845.jpg,515,86
13807,images/real_human_humanart_15000000001039.jpg,643,111
13808,images/painting_humanart_6000000003206.jpg,585,99
13809,images/painting_humanart_1000000004434.jpg,356,56
13810,images/danbooru_anime_11919475.jpg,578,89
13811,images/real_human_humanart_15000000001759.jpg,707,115
13812,images/danbooru_anime_11921254.jpg,320,49
13813,images/danbooru_anime_11917719.jpg,387,58
13814,images/painting_humanart_9000000000536.jpg,376,57
13815,images/danbooru_anime_11914087.jpg,372,64
13816,images/coco_427135_crowd.jpg,263,39
13817,images/painting_humanart_2000000000348.jpg,803,128
13818,images/painting_humanart_2000000002592.jpg,578,88
13819,images/danbooru_anime_11918165.jpg,323,51
13820,images/painting_humanart_2000000000083.jpg,664,102
13821,images/danbooru_anime_11907367.jpg,520,83
13822,images/painting_humanart_2000000001503.jpg,782,116
13823,images/coco_103855_crowd.jpg,374,61
13824,images/real_human_humanart_15000000000806.jpg,743,116
13825,images/coco_406723_crowd.jpg,343,56
13826,images/real_human_humanart_17000000001566.jpg,735,111
13827,images/coco_413043_498957.jpg,293,44
13828,images/real_human_humanart_15000000000309.jpg,541,89
13829,images/coco_527791_470754.jpg,347,53
13830,images/painting_humanart_2000000003274.jpg,434,71
13831,images/coco_318314_423078.jpg,343,52
13832,images/painting_humanart_10000000002020.jpg,399,65
13833,images/painting_humanart_6000000000746.jpg,621,104
13834,images/painting_humanart_2000000003050.jpg,646,100
13835,images/painting_humanart_9000000000754.jpg,506,77
13836,images/danbooru_anime_11907416.jpg,594,98
13837,images/painting_humanart_9000000000027.jpg,421,67
13838,images/painting_humanart_2000000002238.jpg,375,61
13839,images/painting_humanart_9000000001601.jpg,492,77
13840,images/real_human_humanart_15000000000935.jpg,745,122
13841,images/coco_72944_515649.jpg,553,88
13842,images/coco_118966_crowd.jpg,386,64
13843,images/real_human_humanart_15000000000964.jpg,623,97
13844,images/real_human_humanart_15000000000085.jpg,731,108
13845,images/real_human_humanart_17000000000851.jpg,773,120
13846,images/painting_humanart_10000000002843.jpg,520,82
13847,images/coco_257656_430098.jpg,364,64
13848,images/real_human_humanart_15000000001074.jpg,666,106
13849,images/danbooru_anime_11908084.jpg,599,94
13850,images/danbooru_anime_11919677.jpg,766,123
13851,images/sculpture_humanart_14000000000362.jpg,305,46
13852,images/coco_323951_1229565.jpg,602,96
13853,images/danbooru_anime_11917319.jpg,584,94
13854,images/real_human_humanart_17000000000614.jpg,630,91
13855,images/painting_humanart_9000000002027.jpg,783,128
13856,images/real_human_humanart_17000000000887.jpg,502,75
13857,images/real_human_humanart_15000000001375.jpg,586,95
13858,images/painting_humanart_9000000001555.jpg,476,73
13859,images/coco_500100_crowd.jpg,410,68
13860,images/painting_humanart_10000000001801.jpg,360,55
13861,images/sculpture_humanart_14000000004283.jpg,488,74
13862,images/painting_humanart_2000000000632.jpg,730,109
13863,images/painting_humanart_1000000000298.jpg,618,100
13864,images/painting_humanart_9000000001011.jpg,620,91
13865,images/painting_humanart_9000000002339.jpg,592,95
13866,images/coco_490582_crowd.jpg,376,63
13867,images/painting_humanart_9000000002238.jpg,758,129
13868,images/real_human_humanart_15000000001210.jpg,558,86
13869,images/painting_humanart_2000000000462.jpg,537,85
13870,images/danbooru_anime_11902749.jpg,597,92
13871,images/sculpture_humanart_14000000001967.jpg,700,106
13872,images/painting_humanart_2000000000503.jpg,577,90
13873,images/real_human_humanart_15000000000072.jpg,884,134
13874,images/danbooru_anime_11919449.jpg,460,79
13875,images/real_human_humanart_15000000001900.jpg,700,112
13876,images/real_human_humanart_17000000000783.jpg,601,94
13877,images/coco_38828_198029.jpg,331,56
13878,images/real_human_humanart_15000000001856.jpg,1095,174
13879,images/painting_humanart_2000000000757.jpg,384,65
13880,images/painting_humanart_1000000001699.jpg,462,83
13881,images/painting_humanart_9000000002558.jpg,464,77
13882,images/real_human_humanart_17000000000523.jpg,502,79
13883,images/painting_humanart_9000000001756.jpg,347,53
13884,images/painting_humanart_2000000001336.jpg,484,72
13885,images/painting_humanart_10000000004318.jpg,513,68
13886,images/real_human_humanart_15000000000216.jpg,625,96
13887,images/coco_268987_426415.jpg,358,59
13888,images/danbooru_anime_11921270.jpg,632,96
13889,images/painting_humanart_2000000000300.jpg,405,64
13890,images/coco_414201_crowd.jpg,599,106
13891,images/danbooru_anime_11918974.jpg,479,78
13892,images/coco_408071_1251843.jpg,556,90
13893,images/danbooru_anime_11921096.jpg,523,80
13894,images/coco_139261_2164586.jpg,567,91
13895,images/painting_humanart_9000000002376.jpg,462,74
13896,images/real_human_humanart_15000000000580.jpg,620,104
13897,images/coco_382999_515553.jpg,469,78
13898,images/painting_humanart_2000000001329.jpg,418,69
13899,images/real_human_humanart_17000000000113.jpg,518,80
13900,images/coco_118564_425102.jpg,461,73
13901,images/painting_humanart_1000000001192.jpg,408,68
13902,images/real_human_humanart_17000000002066.jpg,605,90
13903,images/real_human_humanart_15000000001597.jpg,609,98
13904,images/painting_humanart_9000000000733.jpg,308,51
13905,images/real_human_humanart_17000000001634.jpg,371,58
13906,images/painting_humanart_1000000001466.jpg,389,68
13907,images/painting_humanart_6000000003501.jpg,467,73
13908,images/real_human_humanart_15000000002225.jpg,582,91
13909,images/painting_humanart_1000000001686.jpg,611,97
13910,images/painting_humanart_6000000001938.jpg,565,94
13911,images/real_human_humanart_17000000000787.jpg,833,128
13912,images/painting_humanart_2000000001194.jpg,276,43
13913,images/painting_humanart_10000000000242.jpg,305,47
13914,images/real_human_humanart_17000000000163.jpg,642,91
13915,images/coco_532295_468072.jpg,345,57
13916,images/coco_44029_462209.jpg,401,62
13917,images/painting_humanart_1000000000796.jpg,577,94
13918,images/coco_553436_crowd.jpg,246,41
13919,images/danbooru_anime_11904422.jpg,599,99
13920,images/coco_53058_439865.jpg,356,62
13921,images/painting_humanart_6000000000047.jpg,308,52
13922,images/painting_humanart_10000000003786.jpg,363,58
13923,images/real_human_humanart_15000000001647.jpg,519,79
13924,images/danbooru_anime_11915941.jpg,385,59
13925,images/coco_299254_454565.jpg,424,69
13926,images/coco_192656_472911.jpg,381,64
13927,images/danbooru_anime_11921266.jpg,448,76
13928,images/painting_humanart_1000000001250.jpg,425,72
13929,images/coco_83466_crowd.jpg,496,74
13930,images/painting_humanart_2000000000954.jpg,529,82
13931,images/coco_503799_433016.jpg,247,43
13932,images/painting_humanart_6000000001414.jpg,509,91
13933,images/real_human_humanart_15000000001861.jpg,563,92
13934,images/painting_humanart_2000000000294.jpg,417,63
13935,images/painting_humanart_6000000000912.jpg,607,97
13936,images/painting_humanart_1000000000958.jpg,541,86
13937,images/real_human_humanart_15000000002465.jpg,394,63
13938,images/painting_humanart_10000000001626.jpg,575,87
13939,images/sculpture_humanart_14000000003969.jpg,686,108
13940,images/painting_humanart_2000000001661.jpg,353,58
13941,images/coco_86202_466971.jpg,421,65
13942,images/painting_humanart_2000000002571.jpg,679,112
13943,images/painting_humanart_10000000001243.jpg,619,96
13944,images/painting_humanart_10000000000357.jpg,650,105
13945,images/painting_humanart_1000000003646.jpg,626,100
13946,images/coco_362348_crowd.jpg,381,63
13947,images/sculpture_humanart_14000000001134.jpg,460,73
13948,images/real_human_humanart_17000000002249.jpg,649,96
13949,images/coco_340069_446337.jpg,486,75
13950,images/sculpture_humanart_14000000004230.jpg,640,105
13951,images/danbooru_anime_11916973.jpg,590,90
13952,images/danbooru_anime_11921059.jpg,549,87
13953,images/coco_109403_crowd.jpg,352,61
13954,images/danbooru_anime_11916079.jpg,557,89
13955,images/real_human_humanart_17000000001497.jpg,667,101
13956,images/painting_humanart_6000000002862.jpg,447,68
13957,images/sculpture_humanart_14000000000162.jpg,703,110
13958,images/painting_humanart_2000000002349.jpg,424,64
13959,images/painting_humanart_2000000003215.jpg,690,95
13960,images/real_human_humanart_17000000001641.jpg,643,94
13961,images/real_human_humanart_15000000000681.jpg,620,98
13962,images/painting_humanart_9000000000585.jpg,415,66
13963,images/painting_humanart_6000000002950.jpg,356,64
13964,images/real_human_humanart_15000000001008.jpg,891,145
13965,images/coco_210749_432012.jpg,440,75
13966,images/painting_humanart_2000000003311.jpg,707,104
13967,images/real_human_humanart_15000000002327.jpg,474,71
13968,images/real_human_humanart_15000000001730.jpg,596,95
13969,images/sculpture_humanart_14000000000459.jpg,619,105
13970,images/danbooru_anime_11908378.jpg,578,90
13971,images/coco_94513_202453.jpg,341,55
13972,images/real_human_humanart_17000000000054.jpg,755,122
13973,images/painting_humanart_10000000000472.jpg,383,61
13974,images/painting_humanart_2000000003094.jpg,441,66
13975,images/painting_humanart_10000000000363.jpg,405,65
13976,images/sculpture_humanart_14000000000698.jpg,794,124
13977,images/danbooru_anime_11916062.jpg,531,87
13978,images/painting_humanart_6000000001102.jpg,542,88
13979,images/painting_humanart_1000000007876.jpg,590,90
13980,images/painting_humanart_1000000001243.jpg,356,59
13981,images/painting_humanart_6000000002802.jpg,552,98
13982,images/danbooru_anime_11919688.jpg,337,56
13983,images/coco_573179_202146.jpg,328,54
13984,images/painting_humanart_10000000004333.jpg,262,43
13985,images/coco_469158_471336.jpg,372,65
13986,images/danbooru_anime_11913418.jpg,572,88
13987,images/danbooru_anime_11903052.jpg,544,90
13988,images/coco_308670_454450.jpg,400,65
13989,images/real_human_humanart_15000000002175.jpg,806,131
13990,images/real_human_humanart_15000000000658.jpg,899,141
13991,images/coco_349090_498231.jpg,360,58
13992,images/painting_humanart_2000000001788.jpg,557,90
13993,images/coco_554892_crowd.jpg,358,61
13994,images/real_human_humanart_15000000000584.jpg,542,84
13995,images/real_human_humanart_15000000000891.jpg,610,101
13996,images/real_human_humanart_17000000000368.jpg,541,84
13997,images/painting_humanart_9000000002064.jpg,671,111
13998,images/danbooru_anime_11918581.jpg,551,86
13999,images/coco_143479_494756.jpg,659,106
14000,images/coco_213695_crowd.jpg,508,76
14001,images/painting_humanart_9000000000555.jpg,728,111
14002,images/coco_183620_crowd.jpg,418,66
14003,images/painting_humanart_10000000000370.jpg,426,65
14004,images/painting_humanart_10000000002130.jpg,414,63
14005,images/painting_humanart_2000000002431.jpg,472,78
14006,images/painting_humanart_10000000003669.jpg,413,67
14007,images/sculpture_humanart_14000000000608.jpg,584,89
14008,images/painting_humanart_2000000003201.jpg,578,100
14009,images/painting_humanart_9000000001592.jpg,337,50
14010,images/coco_347535_494487.jpg,421,68
14011,images/painting_humanart_10000000000527.jpg,570,82
14012,images/painting_humanart_10000000002371.jpg,324,52
14013,images/sculpture_humanart_14000000001084.jpg,457,69
14014,images/painting_humanart_6000000001175.jpg,555,94
14015,images/coco_518383_452689.jpg,295,46
14016,images/coco_379542_449327.jpg,568,85
14017,images/painting_humanart_6000000000581.jpg,337,60
14018,images/sculpture_humanart_14000000000760.jpg,697,115
14019,images/real_human_humanart_15000000000620.jpg,603,89
14020,images/sculpture_humanart_14000000001952.jpg,526,82
14021,images/painting_humanart_10000000004790.jpg,452,77
14022,images/painting_humanart_10000000001893.jpg,545,84
14023,images/painting_humanart_2000000001138.jpg,481,75
14024,images/danbooru_anime_11911741.jpg,410,65
14025,images/coco_531299_crowd.jpg,339,59
14026,images/painting_humanart_2000000000845.jpg,511,85
14027,images/coco_28671_434670.jpg,497,79
14028,images/painting_humanart_1000000004796.jpg,475,74
14029,images/danbooru_anime_11920761.jpg,343,49
14030,images/painting_humanart_9000000001692.jpg,414,64
14031,images/coco_44536_421162.jpg,495,79
14032,images/real_human_humanart_15000000000667.jpg,590,95
14033,images/painting_humanart_6000000003116.jpg,481,78
14034,images/sculpture_humanart_14000000001742.jpg,308,43
14035,images/painting_humanart_6000000001603.jpg,309,48
14036,images/real_human_humanart_15000000002077.jpg,550,84
14037,images/real_human_humanart_15000000001807.jpg,830,126
14038,images/coco_170852_453320.jpg,463,69
14039,images/coco_249532_crowd.jpg,540,94
14040,images/painting_humanart_9000000000755.jpg,512,77
14041,images/real_human_humanart_15000000000926.jpg,457,75
14042,images/coco_19322_198344.jpg,444,78
14043,images/danbooru_anime_11917175.jpg,562,87
14044,images/coco_354242_202738.jpg,231,39
14045,images/danbooru_anime_11915537.jpg,529,87
14046,images/painting_humanart_10000000003890.jpg,336,59
14047,images/painting_humanart_9000000000262.jpg,260,43
14048,images/painting_humanart_9000000001104.jpg,477,70
14049,images/painting_humanart_10000000002782.jpg,468,78
14050,images/coco_259345_470900.jpg,610,97
14051,images/painting_humanart_10000000006095.jpg,381,62
14052,images/danbooru_anime_11908283.jpg,338,55
14053,images/sculpture_humanart_14000000002018.jpg,570,81
14054,images/sculpture_humanart_14000000004406.jpg,688,100
14055,images/coco_340007_499529.jpg,430,68
14056,images/real_human_humanart_15000000000296.jpg,305,49
14057,images/painting_humanart_10000000004157.jpg,716,115
14058,images/danbooru_anime_11909379.jpg,557,91
14059,images/danbooru_anime_11916318.jpg,520,77
14060,images/danbooru_anime_11908279.jpg,555,84
14061,images/sculpture_humanart_14000000004316.jpg,566,91
14062,images/painting_humanart_9000000001384.jpg,335,55
14063,images/sculpture_humanart_14000000003824.jpg,694,103
14064,images/coco_313315_212201.jpg,374,63
14065,images/coco_482848_426633.jpg,413,70
14066,images/painting_humanart_10000000001017.jpg,419,60
14067,images/danbooru_anime_11917414.jpg,385,60
14068,images/coco_128704_crowd.jpg,317,45
14069,images/painting_humanart_1000000000677.jpg,593,88
14070,images/coco_528351_crowd.jpg,519,82
14071,images/danbooru_anime_11909168.jpg,493,67
14072,images/coco_40886_552811.jpg,805,125
14073,images/painting_humanart_1000000002261.jpg,562,90
14074,images/painting_humanart_9000000000064.jpg,231,37
14075,images/painting_humanart_2000000002269.jpg,665,102
14076,images/painting_humanart_6000000003215.jpg,524,80
14077,images/real_human_humanart_15000000000006.jpg,716,112
14078,images/real_human_humanart_17000000000449.jpg,674,99
14079,images/painting_humanart_10000000000431.jpg,745,110
14080,images/danbooru_anime_11900212.jpg,592,88
14081,images/painting_humanart_10000000003384.jpg,345,53
14082,images/real_human_humanart_17000000000506.jpg,646,106
14083,images/painting_humanart_2000000001674.jpg,733,119
14084,images/painting_humanart_6000000003599.jpg,630,97
14085,images/painting_humanart_2000000001921.jpg,522,80
14086,images/painting_humanart_2000000001063.jpg,460,74
14087,images/painting_humanart_1000000005504.jpg,307,50
14088,images/real_human_humanart_17000000000379.jpg,716,110
14089,images/sculpture_humanart_14000000001716.jpg,607,87
14090,images/sculpture_humanart_14000000000757.jpg,418,63
14091,images/danbooru_anime_11919912.jpg,427,66
14092,images/real_human_humanart_17000000000340.jpg,519,72
14093,images/coco_272153_207975.jpg,454,71
14094,images/coco_473250_1725314.jpg,189,32
14095,images/painting_humanart_1000000000224.jpg,580,90
14096,images/real_human_humanart_15000000000588.jpg,697,104
14097,images/danbooru_anime_11911590.jpg,538,91
14098,images/painting_humanart_9000000002076.jpg,523,81
14099,images/painting_humanart_10000000000624.jpg,404,59
14100,images/painting_humanart_6000000001526.jpg,340,58
14101,images/sculpture_humanart_14000000001629.jpg,345,54
14102,images/painting_humanart_6000000001410.jpg,304,53
14103,images/painting_humanart_2000000001257.jpg,404,67
14104,images/coco_370165_197381.jpg,455,74
14105,images/painting_humanart_2000000003151.jpg,504,81
14106,images/painting_humanart_6000000001543.jpg,317,56
14107,images/coco_52016_423687.jpg,335,53
14108,images/danbooru_anime_11906048.jpg,282,46
14109,images/painting_humanart_6000000002509.jpg,300,50
14110,images/painting_humanart_6000000002171.jpg,426,67
14111,images/real_human_humanart_17000000001577.jpg,611,100
14112,images/real_human_humanart_17000000000689.jpg,452,72
14113,images/coco_515895_187524.jpg,239,42
14114,images/coco_300357_424348.jpg,266,39
14115,images/painting_humanart_6000000001044.jpg,328,49
14116,images/painting_humanart_2000000002490.jpg,639,104
14117,images/painting_humanart_2000000000278.jpg,635,89
14118,images/real_human_humanart_15000000000972.jpg,615,95
14119,images/painting_humanart_9000000000440.jpg,415,62
14120,images/real_human_humanart_17000000000886.jpg,719,109
14121,images/real_human_humanart_17000000000959.jpg,688,110
14122,images/coco_144795_184785.jpg,457,77
14123,images/painting_humanart_2000000000525.jpg,752,114
14124,images/painting_humanart_10000000001244.jpg,392,63
14125,images/painting_humanart_9000000000105.jpg,425,65
14126,images/painting_humanart_1000000003076.jpg,392,64
14127,images/painting_humanart_2000000000163.jpg,522,81
14128,images/sculpture_humanart_14000000001078.jpg,645,103
14129,images/painting_humanart_2000000001990.jpg,546,88
14130,images/painting_humanart_10000000006351.jpg,458,73
14131,images/real_human_humanart_17000000000524.jpg,640,99
14132,images/painting_humanart_1000000000365.jpg,392,69
14133,images/coco_302512_484293.jpg,308,52
14134,images/painting_humanart_10000000000042.jpg,495,76
14135,images/real_human_humanart_15000000000411.jpg,733,109
14136,images/painting_humanart_10000000001627.jpg,337,50
14137,images/painting_humanart_9000000000907.jpg,612,91
14138,images/coco_213132_crowd.jpg,570,92
14139,images/painting_humanart_6000000002219.jpg,719,121
14140,images/danbooru_anime_11920245.jpg,393,60
14141,images/sculpture_humanart_14000000004420.jpg,580,93
14142,images/real_human_humanart_17000000001727.jpg,554,87
14143,images/sculpture_humanart_14000000001776.jpg,235,37
14144,images/coco_152211_470746.jpg,378,59
14145,images/real_human_humanart_17000000000294.jpg,558,80
14146,images/painting_humanart_6000000002915.jpg,429,64
14147,images/painting_humanart_10000000000859.jpg,380,55
14148,images/real_human_humanart_15000000000562.jpg,574,90
14149,images/real_human_humanart_15000000000576.jpg,476,70
14150,images/real_human_humanart_15000000001780.jpg,513,79
14151,images/sculpture_humanart_14000000000626.jpg,550,93
14152,images/coco_318702_218605.jpg,236,40
14153,images/sculpture_humanart_14000000000022.jpg,586,84
14154,images/real_human_humanart_15000000001406.jpg,638,90
14155,images/danbooru_anime_11921157.jpg,384,62
14156,images/real_human_humanart_15000000000619.jpg,783,120
14157,images/painting_humanart_1000000000280.jpg,812,123
14158,images/coco_347848_513581.jpg,531,85
14159,images/painting_humanart_9000000000675.jpg,569,88
14160,images/painting_humanart_10000000004750.jpg,426,71
14161,images/painting_humanart_9000000001281.jpg,471,78
14162,images/coco_493509_477213.jpg,675,112
14163,images/sculpture_humanart_14000000004564.jpg,784,118
14164,images/painting_humanart_9000000002615.jpg,748,119
14165,images/painting_humanart_6000000003347.jpg,333,58
14166,images/coco_148911_441338.jpg,262,43
14167,images/painting_humanart_2000000000598.jpg,572,94
14168,images/painting_humanart_2000000002433.jpg,533,81
14169,images/coco_569432_476697.jpg,574,92
14170,images/painting_humanart_2000000001281.jpg,448,71
14171,images/coco_257058_crowd.jpg,471,84
14172,images/danbooru_anime_11903206.jpg,233,37
14173,images/painting_humanart_10000000000478.jpg,419,63
14174,images/real_human_humanart_15000000000334.jpg,529,78
14175,images/real_human_humanart_15000000001069.jpg,607,92
14176,images/danbooru_anime_11918267.jpg,311,47
14177,images/painting_humanart_10000000000019.jpg,547,85
14178,images/danbooru_anime_11913447.jpg,495,73
14179,images/danbooru_anime_11920852.jpg,421,71
14180,images/real_human_humanart_15000000000245.jpg,757,116
14181,images/painting_humanart_2000000001702.jpg,479,82
14182,images/sculpture_humanart_14000000003698.jpg,598,98
14183,images/painting_humanart_6000000000749.jpg,705,107
14184,images/painting_humanart_9000000000203.jpg,406,67
14185,images/painting_humanart_9000000001521.jpg,370,56
14186,images/danbooru_anime_11921150.jpg,387,62
14187,images/real_human_humanart_17000000001600.jpg,318,49
14188,images/real_human_humanart_17000000002158.jpg,596,89
14189,images/coco_447237_439031.jpg,449,69
14190,images/danbooru_anime_11915963.jpg,394,61
14191,images/painting_humanart_10000000006344.jpg,410,62
14192,images/coco_249453_479383.jpg,603,103
14193,images/painting_humanart_9000000000213.jpg,390,57
14194,images/sculpture_humanart_14000000001452.jpg,579,91
14195,images/sculpture_humanart_14000000003715.jpg,821,121
14196,images/danbooru_anime_11917164.jpg,724,113
14197,images/coco_63549_459884.jpg,396,64
14198,images/painting_humanart_2000000002500.jpg,459,75
14199,images/painting_humanart_6000000001830.jpg,460,83
14200,images/real_human_humanart_15000000002120.jpg,668,108
14201,images/real_human_humanart_15000000001229.jpg,451,69
14202,images/real_human_humanart_15000000001046.jpg,288,44
14203,images/sculpture_humanart_14000000004223.jpg,509,80
14204,images/danbooru_anime_11910584.jpg,440,72
14205,images/painting_humanart_10000000002908.jpg,616,92
14206,images/danbooru_anime_11912028.jpg,287,46
14207,images/real_human_humanart_15000000002195.jpg,675,105
14208,images/real_human_humanart_15000000000769.jpg,525,78
14209,images/painting_humanart_10000000000125.jpg,549,75
14210,images/painting_humanart_6000000000084.jpg,676,104
14211,images/real_human_humanart_15000000001639.jpg,568,91
14212,images/danbooru_anime_11911294.jpg,413,61
14213,images/painting_humanart_10000000000530.jpg,575,93
14214,images/coco_327314_198628.jpg,713,122
14215,images/danbooru_anime_11916996.jpg,339,58
14216,images/coco_392022_457826.jpg,386,63
14217,images/coco_94922_2152086.jpg,389,63
14218,images/sculpture_humanart_14000000001999.jpg,430,63
14219,images/coco_51335_crowd.jpg,447,73
14220,images/painting_humanart_2000000003287.jpg,475,76
14221,images/painting_humanart_2000000002489.jpg,660,101
14222,images/sculpture_humanart_14000000004334.jpg,470,73
14223,images/real_human_humanart_17000000002356.jpg,527,79
14224,images/real_human_humanart_17000000001229.jpg,526,83
14225,images/danbooru_anime_11920567.jpg,680,111
14226,images/danbooru_anime_11920313.jpg,497,82
14227,images/danbooru_anime_11903884.jpg,422,64
14228,images/real_human_humanart_17000000000041.jpg,698,101
14229,images/real_human_humanart_15000000000260.jpg,505,82
14230,images/real_human_humanart_17000000001633.jpg,526,84
14231,images/real_human_humanart_17000000001364.jpg,405,61
14232,images/painting_humanart_10000000001498.jpg,482,85
14233,images/danbooru_anime_11918853.jpg,621,95
14234,images/painting_humanart_10000000002549.jpg,524,78
14235,images/coco_289444_crowd.jpg,354,62
14236,images/coco_23807_crowd.jpg,528,87
14237,images/real_human_humanart_17000000000314.jpg,746,110
14238,images/painting_humanart_1000000001569.jpg,562,98
14239,images/danbooru_anime_11919433.jpg,588,96
14240,images/danbooru_anime_11917130.jpg,425,71
14241,images/danbooru_anime_11919405.jpg,430,66
14242,images/sculpture_humanart_14000000004045.jpg,779,129
14243,images/coco_557785_427970.jpg,272,45
14244,images/painting_humanart_10000000000152.jpg,699,101
14245,images/painting_humanart_6000000003528.jpg,619,94
14246,images/sculpture_humanart_14000000003945.jpg,760,119
14247,images/painting_humanart_1000000005871.jpg,373,58
14248,images/painting_humanart_2000000001564.jpg,567,88
14249,images/danbooru_anime_11920829.jpg,306,48
14250,images/painting_humanart_2000000001122.jpg,725,118
14251,images/painting_humanart_9000000001206.jpg,525,82
14252,images/coco_90592_423965.jpg,441,68
14253,images/real_human_humanart_17000000002201.jpg,877,133
14254,images/painting_humanart_10000000000335.jpg,465,72
14255,images/painting_humanart_10000000000953.jpg,558,87
14256,images/danbooru_anime_11921117.jpg,400,63
14257,images/coco_520124_crowd.jpg,634,100
14258,images/painting_humanart_10000000000277.jpg,440,61
14259,images/real_human_humanart_17000000000551.jpg,570,94
14260,images/danbooru_anime_11913993.jpg,629,93
14261,images/real_human_humanart_15000000000302.jpg,774,122
14262,images/painting_humanart_2000000002632.jpg,649,98
14263,images/painting_humanart_2000000002597.jpg,305,47
14264,images/coco_546773_crowd.jpg,681,114
14265,images/painting_humanart_2000000000929.jpg,595,95
14266,images/danbooru_anime_11906458.jpg,379,63
14267,images/coco_42260_crowd.jpg,468,79
14268,images/real_human_humanart_17000000001854.jpg,765,125
14269,images/coco_558661_529734.jpg,383,59
14270,images/painting_humanart_10000000000838.jpg,424,64
14271,images/painting_humanart_1000000004026.jpg,161,28
14272,images/painting_humanart_2000000000948.jpg,692,107
14273,images/sculpture_humanart_14000000004313.jpg,677,102
14274,images/painting_humanart_10000000003642.jpg,316,51
14275,images/painting_humanart_10000000002279.jpg,409,62
14276,images/sculpture_humanart_14000000004551.jpg,690,101
14277,images/sculpture_humanart_14000000001831.jpg,420,66
14278,images/coco_432146_451607.jpg,322,47
14279,images/coco_126123_crowd.jpg,424,69
14280,images/danbooru_anime_11919350.jpg,422,67
14281,images/painting_humanart_9000000002384.jpg,449,77
14282,images/danbooru_anime_11904196.jpg,387,60
14283,images/painting_humanart_1000000000330.jpg,555,91
14284,images/danbooru_anime_11916679.jpg,685,107
14285,images/coco_369259_crowd.jpg,458,85
14286,images/coco_334648_443683.jpg,697,115
14287,images/coco_124684_1748227.jpg,633,104
14288,images/danbooru_anime_11904010.jpg,520,77
14289,images/danbooru_anime_11915691.jpg,361,58
14290,images/painting_humanart_10000000000392.jpg,501,74
14291,images/painting_humanart_9000000001661.jpg,623,99
14292,images/sculpture_humanart_14000000000029.jpg,856,132
14293,images/painting_humanart_6000000000800.jpg,513,86
14294,images/real_human_humanart_15000000000289.jpg,553,82
14295,images/painting_humanart_9000000000788.jpg,324,55
14296,images/painting_humanart_10000000000129.jpg,503,78
14297,images/real_human_humanart_17000000001716.jpg,653,101
14298,images/danbooru_anime_11919447.jpg,372,56
14299,images/coco_530765_214720.jpg,403,67
14300,images/real_human_humanart_17000000001474.jpg,529,76
14301,images/painting_humanart_9000000000834.jpg,315,50
14302,images/danbooru_anime_11920575.jpg,679,115
14303,images/real_human_humanart_15000000000625.jpg,613,90
14304,images/danbooru_anime_11917415.jpg,548,83
14305,images/painting_humanart_6000000000016.jpg,533,84
14306,images/sculpture_humanart_14000000001822.jpg,304,49
14307,images/coco_452836_426338.jpg,356,55
14308,images/painting_humanart_10000000000131.jpg,572,92
14309,images/painting_humanart_6000000002308.jpg,428,73
14310,images/painting_humanart_2000000002139.jpg,499,73
14311,images/painting_humanart_6000000003230.jpg,517,87
14312,images/coco_297610_crowd.jpg,379,57
14313,images/sculpture_humanart_14000000001353.jpg,492,75
14314,images/painting_humanart_10000000000003.jpg,459,71
14315,images/sculpture_humanart_14000000003264.jpg,490,70
14316,images/danbooru_anime_11905587.jpg,508,77
14317,images/coco_146112_crowd.jpg,583,105
14318,images/painting_humanart_1000000001378.jpg,542,83
14319,images/sculpture_humanart_14000000000337.jpg,508,78
14320,images/real_human_humanart_15000000000280.jpg,523,79
14321,images/danbooru_anime_11919118.jpg,476,71
14322,images/painting_humanart_6000000000817.jpg,416,67
14323,images/coco_329957_crowd.jpg,357,53
14324,images/danbooru_anime_11913250.jpg,505,81
14325,images/real_human_humanart_15000000000028.jpg,800,129
14326,images/painting_humanart_10000000000562.jpg,384,60
14327,images/painting_humanart_2000000002550.jpg,309,49
14328,images/painting_humanart_2000000003190.jpg,572,92
14329,images/painting_humanart_9000000002654.jpg,497,77
14330,images/painting_humanart_2000000002868.jpg,453,68
14331,images/danbooru_anime_11909757.jpg,555,92
14332,images/coco_92205_2154228.jpg,437,70
14333,images/real_human_humanart_15000000001568.jpg,519,81
14334,images/coco_105872_crowd.jpg,397,61
14335,images/painting_humanart_10000000002708.jpg,507,84
14336,images/coco_138995_470909.jpg,427,65
14337,images/coco_559303_439888.jpg,368,63
14338,images/danbooru_anime_11908963.jpg,509,86
14339,images/painting_humanart_9000000001859.jpg,646,104
14340,images/sculpture_humanart_14000000002002.jpg,474,66
14341,images/coco_137362_crowd.jpg,391,57
14342,images/painting_humanart_9000000001182.jpg,243,38
14343,images/painting_humanart_9000000000035.jpg,331,51
14344,images/real_human_humanart_15000000000447.jpg,454,68
14345,images/sculpture_humanart_14000000003996.jpg,566,93
14346,images/painting_humanart_9000000001664.jpg,456,71
14347,images/painting_humanart_9000000002184.jpg,376,68
14348,images/painting_humanart_10000000000237.jpg,380,53
14349,images/danbooru_anime_11911505.jpg,364,58
14350,images/painting_humanart_2000000000409.jpg,676,109
14351,images/painting_humanart_6000000003112.jpg,576,102
14352,images/painting_humanart_10000000000376.jpg,698,111
14353,images/real_human_humanart_15000000001813.jpg,669,107
14354,images/real_human_humanart_15000000001484.jpg,577,86
14355,images/painting_humanart_2000000001378.jpg,537,95
14356,images/danbooru_anime_11920968.jpg,475,79
14357,images/real_human_humanart_17000000000737.jpg,788,122
14358,images/coco_470364_206328.jpg,605,106
14359,images/danbooru_anime_11917222.jpg,377,62
14360,images/coco_85852_186087.jpg,434,67
14361,images/sculpture_humanart_14000000003932.jpg,640,92
14362,images/real_human_humanart_15000000001165.jpg,674,102
14363,images/painting_humanart_9000000000823.jpg,368,54
14364,images/real_human_humanart_15000000001161.jpg,481,71
14365,images/painting_humanart_9000000002061.jpg,389,57
14366,images/coco_199553_484133.jpg,351,58
14367,images/sculpture_humanart_14000000004407.jpg,327,48
14368,images/sculpture_humanart_14000000004162.jpg,591,93
14369,images/real_human_humanart_17000000000587.jpg,926,137
14370,images/danbooru_anime_11915946.jpg,432,66
14371,images/real_human_humanart_15000000001838.jpg,646,101
14372,images/coco_407644_440617.jpg,356,56
14373,images/coco_253579_1266033.jpg,446,66
14374,images/painting_humanart_6000000002192.jpg,388,58
14375,images/sculpture_humanart_14000000004151.jpg,403,58
14376,images/real_human_humanart_17000000002153.jpg,338,50
14377,images/sculpture_humanart_14000000004274.jpg,542,78
14378,images/painting_humanart_6000000003485.jpg,295,49
14379,images/coco_291048_503355.jpg,584,100
14380,images/coco_249325_203670.jpg,529,91
14381,images/danbooru_anime_11919233.jpg,590,91
14382,images/painting_humanart_10000000006015.jpg,333,55
14383,images/painting_humanart_2000000001382.jpg,756,121
14384,images/painting_humanart_9000000000124.jpg,321,49
14385,images/real_human_humanart_15000000002334.jpg,684,105
14386,images/coco_342232_crowd.jpg,390,63
14387,images/coco_21924_crowd.jpg,247,41
14388,images/coco_391837_194701.jpg,405,65
14389,images/real_human_humanart_17000000000801.jpg,977,154
14390,images/real_human_humanart_17000000000924.jpg,758,109
14391,images/real_human_humanart_15000000002076.jpg,633,95
14392,images/painting_humanart_2000000001341.jpg,501,79
14393,images/real_human_humanart_17000000001358.jpg,661,106
14394,images/real_human_humanart_17000000002510.jpg,697,102
14395,images/painting_humanart_6000000001403.jpg,483,73
14396,images/painting_humanart_10000000002499.jpg,341,59
14397,images/real_human_humanart_15000000001726.jpg,752,113
14398,images/real_human_humanart_17000000002318.jpg,650,104
14399,images/coco_444804_crowd.jpg,392,64
14400,images/coco_112568_crowd.jpg,308,54
14401,images/sculpture_humanart_14000000000143.jpg,579,91
14402,images/coco_82312_205920.jpg,347,59
14403,images/painting_humanart_6000000000970.jpg,527,90
14404,images/coco_434511_454562.jpg,465,78
14405,images/sculpture_humanart_14000000004314.jpg,421,69
14406,images/painting_humanart_2000000000886.jpg,616,94
14407,images/real_human_humanart_17000000000672.jpg,449,69
14408,images/painting_humanart_10000000000102.jpg,584,89
14409,images/painting_humanart_10000000000779.jpg,596,94
14410,images/sculpture_humanart_14000000000120.jpg,406,65
14411,images/real_human_humanart_17000000000700.jpg,766,124
14412,images/painting_humanart_9000000002326.jpg,333,54
14413,images/painting_humanart_6000000001751.jpg,488,84
14414,images/real_human_humanart_15000000002083.jpg,856,130
14415,images/sculpture_humanart_14000000003792.jpg,456,67
14416,images/coco_287970_crowd.jpg,393,67
14417,images/real_human_humanart_15000000001781.jpg,617,93
14418,images/real_human_humanart_15000000001329.jpg,615,92
14419,images/painting_humanart_6000000003467.jpg,641,99
14420,images/real_human_humanart_17000000001888.jpg,474,72
14421,images/coco_383462_212848.jpg,271,48
14422,images/painting_humanart_9000000000281.jpg,509,77
14423,images/danbooru_anime_11920798.jpg,598,97
14424,images/painting_humanart_2000000001317.jpg,576,88
14425,images/painting_humanart_10000000004517.jpg,658,109
14426,images/painting_humanart_10000000000794.jpg,363,59
14427,images/danbooru_anime_11900443.jpg,573,88
14428,images/real_human_humanart_17000000001139.jpg,688,110
14429,images/painting_humanart_10000000000568.jpg,463,69
14430,images/real_human_humanart_17000000000270.jpg,667,108
14431,images/danbooru_anime_11919476.jpg,467,78
14432,images/danbooru_anime_11906173.jpg,303,49
14433,images/sculpture_humanart_14000000003850.jpg,621,100
14434,images/sculpture_humanart_14000000001405.jpg,698,103
14435,images/painting_humanart_1000000007385.jpg,307,53
14436,images/painting_humanart_6000000000055.jpg,561,85
14437,images/coco_432131_464066.jpg,257,39
14438,images/real_human_humanart_17000000000459.jpg,600,86
14439,images/coco_127510_508684.jpg,377,62
14440,images/painting_humanart_1000000006703.jpg,493,80
14441,images/coco_163139_crowd.jpg,521,79
14442,images/coco_280705_2154664.jpg,484,75
14443,images/coco_461838_440513.jpg,295,48
14444,images/sculpture_humanart_14000000000817.jpg,764,118
14445,images/painting_humanart_10000000002257.jpg,258,44
14446,images/painting_humanart_6000000002971.jpg,362,57
14447,images/painting_humanart_9000000000304.jpg,381,66
14448,images/real_human_humanart_15000000000992.jpg,569,83
14449,images/sculpture_humanart_14000000004139.jpg,560,81
14450,images/coco_186036_crowd.jpg,348,56
14451,images/danbooru_anime_11921312.jpg,592,90
14452,images/painting_humanart_2000000000240.jpg,470,79
14453,images/danbooru_anime_11918993.jpg,555,84
14454,images/painting_humanart_9000000001111.jpg,548,80
14455,images/painting_humanart_1000000008320.jpg,637,107
14456,images/coco_175052_428891.jpg,535,83
14457,images/coco_142261_212980.jpg,265,44
14458,images/painting_humanart_10000000000901.jpg,413,63
14459,images/real_human_humanart_17000000001838.jpg,633,106
14460,images/painting_humanart_2000000000080.jpg,368,58
14461,images/coco_225494_crowd.jpg,656,104
14462,images/coco_466981_425460.jpg,452,76
14463,images/painting_humanart_1000000001105.jpg,582,92
14464,images/painting_humanart_6000000002247.jpg,606,94
14465,images/painting_humanart_1000000000702.jpg,658,106
14466,images/sculpture_humanart_14000000004098.jpg,598,93
14467,images/painting_humanart_6000000002606.jpg,511,88
14468,images/real_human_humanart_17000000001875.jpg,679,114
14469,images/sculpture_humanart_14000000000991.jpg,708,101
14470,images/coco_440045_crowd.jpg,338,51
14471,images/sculpture_humanart_14000000003704.jpg,401,59
14472,images/painting_humanart_10000000004216.jpg,362,55
14473,images/painting_humanart_1000000002868.jpg,238,39
14474,images/coco_427870_crowd.jpg,424,70
14475,images/coco_580108_crowd.jpg,667,108
14476,images/coco_14167_crowd.jpg,377,60
14477,images/painting_humanart_9000000000626.jpg,403,60
14478,images/coco_31471_crowd.jpg,724,110
14479,images/coco_34299_crowd.jpg,434,73
14480,images/painting_humanart_6000000000632.jpg,376,60
14481,images/real_human_humanart_17000000001694.jpg,709,106
14482,images/real_human_humanart_17000000001924.jpg,455,71
14483,images/painting_humanart_10000000000922.jpg,329,50
14484,images/coco_25282_196857.jpg,405,65
14485,images/painting_humanart_9000000002503.jpg,523,82
14486,images/coco_553862_crowd.jpg,581,97
14487,images/real_human_humanart_17000000002285.jpg,617,95
14488,images/real_human_humanart_15000000001104.jpg,589,92
14489,images/coco_378334_crowd.jpg,298,45
14490,images/real_human_humanart_15000000001756.jpg,676,105
14491,images/real_human_humanart_15000000001581.jpg,517,75
14492,images/coco_561806_1724090.jpg,328,57
14493,images/sculpture_humanart_14000000000712.jpg,458,70
14494,images/coco_246066_479826.jpg,495,81
14495,images/painting_humanart_6000000001241.jpg,365,58
14496,images/real_human_humanart_17000000001893.jpg,640,103
14497,images/coco_99615_448428.jpg,468,74
14498,images/painting_humanart_1000000001141.jpg,582,91
14499,images/painting_humanart_2000000000642.jpg,542,86
14500,images/painting_humanart_9000000001043.jpg,558,89
14501,images/coco_99592_472131.jpg,555,94
14502,images/coco_305576_427850.jpg,468,73
14503,images/danbooru_anime_11906941.jpg,583,100
14504,images/sculpture_humanart_14000000001784.jpg,589,85
14505,images/painting_humanart_9000000001461.jpg,433,59
14506,images/coco_304596_426517.jpg,323,52
14507,images/painting_humanart_10000000004677.jpg,487,77
14508,images/painting_humanart_1000000001377.jpg,434,68
14509,images/painting_humanart_9000000001660.jpg,348,56
14510,images/painting_humanart_6000000001229.jpg,320,55
14511,images/sculpture_humanart_14000000001936.jpg,425,63
14512,images/painting_humanart_1000000001188.jpg,479,83
14513,images/sculpture_humanart_14000000001832.jpg,430,70
14514,images/painting_humanart_9000000002469.jpg,372,55
14515,images/danbooru_anime_11920001.jpg,238,39
14516,images/danbooru_anime_11910250.jpg,345,57
14517,images/painting_humanart_6000000003509.jpg,589,99
14518,images/painting_humanart_6000000002019.jpg,507,86
14519,images/painting_humanart_2000000000802.jpg,495,75
14520,images/painting_humanart_1000000002113.jpg,310,54
14521,images/danbooru_anime_11920617.jpg,749,119
14522,images/sculpture_humanart_14000000000820.jpg,282,46
14523,images/painting_humanart_2000000001489.jpg,525,78
14524,images/painting_humanart_10000000000121.jpg,538,76
14525,images/coco_332877_crowd.jpg,412,60
14526,images/danbooru_anime_11911905.jpg,402,64
14527,images/coco_309638_470122.jpg,389,65
14528,images/coco_336355_crowd.jpg,304,55
14529,images/danbooru_anime_11917422.jpg,450,70
14530,images/painting_humanart_10000000001205.jpg,285,46
14531,images/painting_humanart_9000000001036.jpg,309,43
14532,images/painting_humanart_2000000001881.jpg,438,67
14533,images/painting_humanart_2000000002076.jpg,698,109
14534,images/painting_humanart_2000000000902.jpg,347,57
14535,images/real_human_humanart_17000000000913.jpg,747,120
14536,images/sculpture_humanart_14000000001678.jpg,724,111
14537,images/coco_532812_crowd.jpg,463,74
14538,images/painting_humanart_9000000001718.jpg,508,76
14539,images/coco_99798_2204748.jpg,405,67
14540,images/real_human_humanart_15000000002244.jpg,680,108
14541,images/painting_humanart_2000000001228.jpg,644,105
14542,images/coco_263505_201404.jpg,487,84
14543,images/painting_humanart_10000000000956.jpg,369,55
14544,images/danbooru_anime_11916107.jpg,202,34
14545,images/danbooru_anime_11901466.jpg,525,82
14546,images/coco_243968_485595.jpg,323,53
14547,images/danbooru_anime_11915288.jpg,586,94
14548,images/real_human_humanart_15000000001593.jpg,694,111
14549,images/painting_humanart_9000000002399.jpg,397,68
14550,images/sculpture_humanart_14000000001770.jpg,450,66
14551,images/painting_humanart_9000000001117.jpg,457,81
14552,images/real_human_humanart_15000000000737.jpg,631,98
14553,images/coco_302310_crowd.jpg,316,52
14554,images/painting_humanart_10000000005135.jpg,511,84
14555,images/sculpture_humanart_14000000004281.jpg,578,97
14556,images/real_human_humanart_17000000000203.jpg,713,109
14557,images/painting_humanart_1000000004110.jpg,547,90
14558,images/danbooru_anime_11904253.jpg,612,95
14559,images/sculpture_humanart_14000000003793.jpg,650,99
14560,images/sculpture_humanart_14000000001964.jpg,445,71
14561,images/danbooru_anime_11904385.jpg,370,58
14562,images/painting_humanart_6000000001672.jpg,339,54
14563,images/sculpture_humanart_14000000004410.jpg,640,101
14564,images/painting_humanart_10000000005153.jpg,685,106
14565,images/painting_humanart_10000000000150.jpg,211,38
14566,images/danbooru_anime_11917825.jpg,715,115
14567,images/real_human_humanart_15000000000084.jpg,554,89
14568,images/sculpture_humanart_14000000001969.jpg,640,92
14569,images/painting_humanart_2000000000856.jpg,573,89
14570,images/danbooru_anime_11921030.jpg,466,73
14571,images/sculpture_humanart_14000000003743.jpg,517,74
14572,images/coco_349438_490179.jpg,372,61
14573,images/real_human_humanart_17000000000800.jpg,606,93
14574,images/sculpture_humanart_14000000001587.jpg,438,61
14575,images/painting_humanart_9000000000226.jpg,389,60
14576,images/danbooru_anime_11920841.jpg,632,103
14577,images/sculpture_humanart_14000000004376.jpg,489,73
14578,images/painting_humanart_9000000002127.jpg,422,61
14579,images/sculpture_humanart_14000000004345.jpg,573,95
14580,images/coco_497312_224828.jpg,552,98
14581,images/painting_humanart_9000000001725.jpg,881,139
14582,images/coco_93746_459540.jpg,336,62
14583,images/coco_119513_crowd.jpg,440,68
14584,images/coco_531967_423829.jpg,629,106
14585,images/danbooru_anime_11917081.jpg,409,60
14586,images/danbooru_anime_11911055.jpg,534,87
14587,images/real_human_humanart_15000000002372.jpg,615,97
14588,images/coco_166392_509391.jpg,311,50
14589,images/painting_humanart_10000000006383.jpg,284,43
14590,images/coco_387655_1727859.jpg,553,92
14591,images/painting_humanart_2000000001091.jpg,751,114
14592,images/painting_humanart_6000000002835.jpg,611,93
14593,images/painting_humanart_9000000001194.jpg,521,80
14594,images/painting_humanart_2000000002204.jpg,377,62
14595,images/painting_humanart_9000000002404.jpg,296,49
14596,images/real_human_humanart_15000000000786.jpg,1021,159
14597,images/coco_95692_456092.jpg,311,56
14598,images/coco_249936_crowd.jpg,333,57
14599,images/sculpture_humanart_14000000001308.jpg,633,96
14600,images/coco_301937_189525.jpg,538,92
14601,images/painting_humanart_2000000002802.jpg,541,80
14602,images/painting_humanart_2000000002859.jpg,656,102
14603,images/painting_humanart_6000000002953.jpg,634,102
14604,images/painting_humanart_10000000000048.jpg,326,51
14605,images/danbooru_anime_11919429.jpg,416,65
14606,images/sculpture_humanart_14000000001498.jpg,581,90
14607,images/coco_268058_461417.jpg,524,86
14608,images/real_human_humanart_15000000001359.jpg,724,114
14609,images/painting_humanart_9000000001200.jpg,533,85
14610,images/painting_humanart_2000000000236.jpg,813,125
14611,images/sculpture_humanart_14000000003928.jpg,675,114
14612,images/danbooru_anime_11901398.jpg,325,52
14613,images/sculpture_humanart_14000000004135.jpg,458,73
14614,images/painting_humanart_10000000003680.jpg,435,70
14615,images/coco_34930_crowd.jpg,426,72
14616,images/painting_humanart_6000000001525.jpg,265,43
14617,images/real_human_humanart_17000000001091.jpg,698,111
14618,images/coco_271259_486269.jpg,605,104
14619,images/danbooru_anime_11920100.jpg,444,74
14620,images/sculpture_humanart_14000000001918.jpg,387,63
14621,images/painting_humanart_10000000000356.jpg,592,91
14622,images/coco_250893_crowd.jpg,344,58
14623,images/painting_humanart_1000000008389.jpg,280,44
14624,images/painting_humanart_2000000001033.jpg,585,87
14625,images/real_human_humanart_17000000001354.jpg,351,59
14626,images/painting_humanart_10000000000928.jpg,392,59
14627,images/painting_humanart_2000000001225.jpg,672,109
14628,images/coco_558587_468941.jpg,388,64
14629,images/painting_humanart_1000000000486.jpg,641,104
14630,images/real_human_humanart_15000000000818.jpg,470,68
14631,images/coco_421042_484667.jpg,367,63
14632,images/painting_humanart_9000000000639.jpg,376,59
14633,images/real_human_humanart_15000000002067.jpg,637,95
14634,images/danbooru_anime_11917151.jpg,443,66
14635,images/coco_157960_crowd.jpg,491,80
14636,images/real_human_humanart_15000000001810.jpg,702,117
14637,images/danbooru_anime_11920941.jpg,473,68
14638,images/painting_humanart_10000000005871.jpg,339,49
14639,images/painting_humanart_2000000000314.jpg,281,47
14640,images/sculpture_humanart_14000000001981.jpg,255,37
14641,images/coco_510587_447974.jpg,401,62
14642,images/painting_humanart_10000000000027.jpg,496,74
14643,images/danbooru_anime_11917191.jpg,411,63
14644,images/coco_279209_509460.jpg,381,68
14645,images/painting_humanart_10000000000842.jpg,519,79
14646,images/painting_humanart_10000000001049.jpg,502,76
14647,images/painting_humanart_9000000000249.jpg,227,37
14648,images/danbooru_anime_11915552.jpg,396,64
14649,images/painting_humanart_1000000006740.jpg,305,51
14650,images/real_human_humanart_15000000000333.jpg,378,57
14651,images/painting_humanart_10000000000163.jpg,363,65
14652,images/painting_humanart_6000000002832.jpg,328,54
14653,images/painting_humanart_6000000001314.jpg,507,76
14654,images/danbooru_anime_11909195.jpg,389,62
14655,images/coco_545978_crowd.jpg,448,69
14656,images/painting_humanart_1000000001733.jpg,454,73
14657,images/painting_humanart_2000000000992.jpg,691,109
14658,images/painting_humanart_10000000001961.jpg,480,75
14659,images/painting_humanart_6000000003189.jpg,611,102
14660,images/painting_humanart_6000000000351.jpg,616,96
14661,images/coco_241638_435541.jpg,294,46
14662,images/real_human_humanart_17000000002215.jpg,708,110
14663,images/sculpture_humanart_14000000003874.jpg,658,97
14664,images/painting_humanart_2000000002404.jpg,379,54
14665,images/sculpture_humanart_14000000001155.jpg,516,85
14666,images/coco_233711_1228011.jpg,344,51
14667,images/danbooru_anime_11918955.jpg,720,122
14668,images/danbooru_anime_11917158.jpg,558,91
14669,images/painting_humanart_10000000000949.jpg,317,49
14670,images/coco_143107_2198438.jpg,272,44
14671,images/painting_humanart_1000000005902.jpg,384,58
14672,images/real_human_humanart_17000000000597.jpg,582,88
14673,images/sculpture_humanart_14000000001089.jpg,660,103
14674,images/sculpture_humanart_14000000001922.jpg,509,76
14675,images/danbooru_anime_11917114.jpg,392,67
14676,images/sculpture_humanart_14000000002105.jpg,510,80
14677,images/danbooru_anime_11915256.jpg,503,75
14678,images/real_human_humanart_17000000001159.jpg,550,83
14679,images/real_human_humanart_17000000001513.jpg,727,116
14680,images/real_human_humanart_15000000000011.jpg,674,98
14681,images/painting_humanart_2000000002630.jpg,498,83
14682,images/painting_humanart_2000000001793.jpg,532,88
14683,images/danbooru_anime_11915541.jpg,337,53
14684,images/sculpture_humanart_14000000001924.jpg,593,85
14685,images/sculpture_humanart_14000000001622.jpg,523,83
14686,images/real_human_humanart_17000000001362.jpg,506,73
14687,images/coco_328940_crowd.jpg,488,92
14688,images/sculpture_humanart_14000000001877.jpg,477,70
14689,images/painting_humanart_1000000002670.jpg,487,69
14690,images/coco_84767_crowd.jpg,393,61
14691,images/coco_27528_458076.jpg,400,64
14692,images/real_human_humanart_15000000000096.jpg,323,52
14693,images/real_human_humanart_15000000002234.jpg,529,86
14694,images/painting_humanart_9000000002129.jpg,386,65
14695,images/coco_439982_1730527.jpg,400,62
14696,images/sculpture_humanart_14000000000056.jpg,275,40
14697,images/coco_577033_crowd.jpg,603,98
14698,images/painting_humanart_10000000002837.jpg,401,69
14699,images/painting_humanart_10000000000689.jpg,280,45
14700,images/coco_421370_197328.jpg,431,72
14701,images/painting_humanart_9000000001693.jpg,380,64
14702,images/danbooru_anime_11920682.jpg,412,73
14703,images/real_human_humanart_17000000001531.jpg,641,99
14704,images/real_human_humanart_15000000002436.jpg,528,79
14705,images/painting_humanart_9000000000506.jpg,487,75
14706,images/painting_humanart_6000000002855.jpg,481,80
14707,images/painting_humanart_2000000002623.jpg,418,71
14708,images/sculpture_humanart_14000000004560.jpg,566,80
14709,images/coco_239130_1710256.jpg,236,48
14710,images/painting_humanart_2000000002493.jpg,496,81
14711,images/coco_405531_491751.jpg,403,70
14712,images/coco_361111_203144.jpg,510,84
14713,images/coco_487349_496788.jpg,238,38
14714,images/danbooru_anime_11920946.jpg,630,101
14715,images/sculpture_humanart_14000000004166.jpg,869,139
14716,images/real_human_humanart_17000000000359.jpg,687,108
14717,images/real_human_humanart_17000000000230.jpg,653,105
14718,images/sculpture_humanart_14000000003856.jpg,664,105
14719,images/painting_humanart_2000000003227.jpg,535,83
14720,images/painting_humanart_10000000001342.jpg,510,81
14721,images/painting_humanart_6000000002290.jpg,471,85
14722,images/real_human_humanart_15000000000909.jpg,367,59
14723,images/coco_293802_crowd.jpg,477,75
14724,images/coco_2302_197236.jpg,289,45
14725,images/painting_humanart_9000000002545.jpg,396,72
14726,images/painting_humanart_9000000001211.jpg,452,74
14727,images/real_human_humanart_17000000000004.jpg,333,52
14728,images/coco_180739_456498.jpg,437,75
14729,images/danbooru_anime_11918877.jpg,543,98
14730,images/coco_338678_1717448.jpg,411,68
14731,images/danbooru_anime_11908853.jpg,403,65
14732,images/painting_humanart_10000000004655.jpg,556,90
14733,images/danbooru_anime_11920512.jpg,359,57
14734,images/coco_479950_crowd.jpg,255,38
14735,images/real_human_humanart_17000000001809.jpg,669,94
14736,images/painting_humanart_10000000000104.jpg,365,61
14737,images/painting_humanart_2000000000063.jpg,383,58
14738,images/painting_humanart_10000000001690.jpg,574,96
14739,images/sculpture_humanart_14000000002014.jpg,703,105
14740,images/painting_humanart_9000000001013.jpg,398,62
14741,images/painting_humanart_6000000002948.jpg,545,86
14742,images/sculpture_humanart_14000000002062.jpg,632,97
14743,images/real_human_humanart_17000000001012.jpg,787,131
14744,images/coco_191687_crowd.jpg,351,53
14745,images/painting_humanart_9000000002212.jpg,657,96
14746,images/coco_20342_crowd.jpg,531,87
14747,images/real_human_humanart_15000000001487.jpg,626,100
14748,images/sculpture_humanart_14000000004128.jpg,460,67
14749,images/painting_humanart_9000000001317.jpg,223,41
14750,images/coco_120964_crowd.jpg,363,58
14751,images/painting_humanart_1000000008249.jpg,408,66
14752,images/painting_humanart_10000000000480.jpg,573,80
14753,images/painting_humanart_2000000000289.jpg,507,82
14754,images/coco_452676_439635.jpg,478,77
14755,images/coco_560598_421938.jpg,557,98
14756,images/danbooru_anime_11908423.jpg,283,46
14757,images/real_human_humanart_15000000002141.jpg,682,113
14758,images/painting_humanart_6000000001961.jpg,419,65
14759,images/coco_493192_452473.jpg,381,63
14760,images/painting_humanart_2000000000359.jpg,577,93
14761,images/real_human_humanart_15000000002489.jpg,842,126
14762,images/sculpture_humanart_14000000003849.jpg,460,72
14763,images/painting_humanart_6000000003410.jpg,523,85
14764,images/coco_382557_crowd.jpg,437,72
14765,images/painting_humanart_10000000000009.jpg,455,68
14766,images/painting_humanart_10000000000057.jpg,272,46
14767,images/real_human_humanart_15000000002376.jpg,701,107
14768,images/painting_humanart_1000000000362.jpg,554,91
14769,images/painting_humanart_10000000000198.jpg,412,67
14770,images/sculpture_humanart_14000000001824.jpg,699,105
14771,images/danbooru_anime_11900033.jpg,621,100
14772,images/sculpture_humanart_14000000003959.jpg,571,88
14773,images/real_human_humanart_17000000001052.jpg,853,138
14774,images/sculpture_humanart_14000000004097.jpg,555,87
14775,images/painting_humanart_6000000001214.jpg,571,89
14776,images/painting_humanart_9000000002552.jpg,579,94
14777,images/coco_533106_crowd.jpg,441,72
14778,images/painting_humanart_9000000002653.jpg,364,58
14779,images/coco_158887_crowd.jpg,347,59
14780,images/painting_humanart_10000000000854.jpg,392,62
14781,images/sculpture_humanart_14000000000431.jpg,747,121
14782,images/coco_520427_crowd.jpg,438,68
14783,images/painting_humanart_10000000005706.jpg,548,92
14784,images/coco_106484_216046.jpg,570,93
14785,images/real_human_humanart_17000000000481.jpg,800,122
14786,images/coco_575012_crowd.jpg,511,84
14787,images/painting_humanart_2000000000424.jpg,783,125
14788,images/coco_365366_187863.jpg,376,60
14789,images/painting_humanart_9000000000395.jpg,475,74
14790,images/real_human_humanart_17000000001788.jpg,623,98
14791,images/painting_humanart_10000000001665.jpg,333,53
14792,images/real_human_humanart_17000000001432.jpg,710,113
14793,images/coco_467863_470986.jpg,353,62
14794,images/painting_humanart_2000000001862.jpg,594,94
14795,images/coco_234766_1740254.jpg,549,92
14796,images/sculpture_humanart_14000000000692.jpg,742,113
14797,images/coco_327514_188955.jpg,568,91
14798,images/real_human_humanart_15000000001068.jpg,799,129
14799,images/danbooru_anime_11920130.jpg,441,71
14800,images/painting_humanart_10000000000535.jpg,431,64
14801,images/coco_185201_449648.jpg,317,55
14802,images/sculpture_humanart_14000000004514.jpg,599,89
14803,images/danbooru_anime_11916680.jpg,602,99
14804,images/real_human_humanart_15000000000846.jpg,698,107
14805,images/painting_humanart_6000000002908.jpg,465,71
14806,images/painting_humanart_1000000000481.jpg,312,52
14807,images/painting_humanart_2000000001090.jpg,776,117
14808,images/sculpture_humanart_14000000001914.jpg,392,60
14809,images/painting_humanart_2000000001282.jpg,549,87
14810,images/painting_humanart_10000000004282.jpg,485,73
14811,images/painting_humanart_10000000000994.jpg,421,68
14812,images/painting_humanart_1000000004254.jpg,600,95
14813,images/coco_546670_449902.jpg,511,82
14814,images/painting_humanart_10000000003975.jpg,349,55
14815,images/coco_73278_crowd.jpg,700,125
14816,images/real_human_humanart_15000000000890.jpg,616,92
14817,images/painting_humanart_10000000003348.jpg,497,78
14818,images/painting_humanart_1000000003535.jpg,446,68
14819,images/real_human_humanart_17000000000607.jpg,754,117
14820,images/coco_238449_441635.jpg,460,78
14821,images/painting_humanart_1000000001206.jpg,629,102
14822,images/painting_humanart_2000000002038.jpg,498,83
14823,images/painting_humanart_9000000000963.jpg,385,62
14824,images/coco_42837_493771.jpg,328,55
14825,images/painting_humanart_6000000003251.jpg,335,53
14826,images/coco_391620_213150.jpg,430,73
14827,images/painting_humanart_10000000003009.jpg,503,79
14828,images/painting_humanart_1000000005758.jpg,612,96
14829,images/real_human_humanart_15000000001958.jpg,862,141
14830,images/sculpture_humanart_14000000000863.jpg,615,95
14831,images/coco_397522_421377.jpg,512,78
14832,images/coco_74832_519344.jpg,423,69
14833,images/painting_humanart_2000000000272.jpg,381,57
14834,images/painting_humanart_2000000001597.jpg,652,103
14835,images/coco_292227_crowd.jpg,546,84
14836,images/real_human_humanart_17000000001542.jpg,665,99
14837,images/real_human_humanart_17000000000716.jpg,496,80
14838,images/painting_humanart_2000000000679.jpg,646,105
14839,images/real_human_humanart_15000000001346.jpg,632,97
14840,images/coco_129690_crowd.jpg,440,77
14841,images/sculpture_humanart_14000000001746.jpg,716,105
14842,images/painting_humanart_2000000001296.jpg,440,70
14843,images/coco_219848_crowd.jpg,401,68
14844,images/danbooru_anime_11903802.jpg,385,59
14845,images/painting_humanart_9000000000526.jpg,685,108
14846,images/painting_humanart_1000000008109.jpg,398,66
14847,images/real_human_humanart_17000000000908.jpg,584,92
14848,images/real_human_humanart_17000000001247.jpg,699,103
14849,images/coco_91839_211662.jpg,333,59
14850,images/real_human_humanart_15000000000366.jpg,534,91
14851,images/real_human_humanart_15000000002457.jpg,942,151
14852,images/painting_humanart_2000000002557.jpg,524,81
14853,images/painting_humanart_9000000002149.jpg,387,60
14854,images/sculpture_humanart_14000000004409.jpg,559,83
14855,images/danbooru_anime_11920524.jpg,563,82
14856,images/painting_humanart_9000000002408.jpg,665,114
14857,images/coco_305799_1752482.jpg,364,56
14858,images/real_human_humanart_15000000001273.jpg,796,116
14859,images/painting_humanart_6000000002477.jpg,291,47
14860,images/real_human_humanart_15000000000714.jpg,459,66
14861,images/painting_humanart_2000000000297.jpg,496,80
14862,images/painting_humanart_9000000002251.jpg,511,86
14863,images/painting_humanart_10000000005597.jpg,574,84
14864,images/sculpture_humanart_14000000003875.jpg,585,88
14865,images/painting_humanart_9000000000452.jpg,357,55
14866,images/painting_humanart_10000000001014.jpg,457,65
14867,images/danbooru_anime_11900324.jpg,444,74
14868,images/painting_humanart_2000000002885.jpg,463,73
14869,images/painting_humanart_9000000001930.jpg,555,88
14870,images/sculpture_humanart_14000000001765.jpg,541,85
14871,images/coco_310008_crowd.jpg,698,113
14872,images/painting_humanart_10000000006261.jpg,339,50
14873,images/coco_555131_crowd.jpg,364,68
14874,images/coco_544857_2152694.jpg,371,61
14875,images/coco_451951_2191133.jpg,274,46
14876,images/painting_humanart_2000000003220.jpg,680,107
14877,images/danbooru_anime_11902512.jpg,398,65
14878,images/real_human_humanart_17000000000958.jpg,457,76
14879,images/real_human_humanart_17000000000946.jpg,671,101
14880,images/coco_294073_225081.jpg,397,69
14881,images/sculpture_humanart_14000000001845.jpg,428,64
14882,images/danbooru_anime_11916471.jpg,745,107
14883,images/painting_humanart_9000000002680.jpg,347,58
14884,images/painting_humanart_9000000000519.jpg,574,95
14885,images/real_human_humanart_17000000000331.jpg,428,68
14886,images/real_human_humanart_17000000000500.jpg,894,136
14887,images/painting_humanart_1000000002541.jpg,588,94
14888,images/painting_humanart_6000000003548.jpg,627,100
14889,images/painting_humanart_10000000000782.jpg,348,55
14890,images/real_human_humanart_17000000001567.jpg,692,104
14891,images/danbooru_anime_11916825.jpg,455,71
14892,images/painting_humanart_10000000005081.jpg,244,40
14893,images/coco_184929_crowd.jpg,599,84
14894,images/sculpture_humanart_14000000003947.jpg,618,97
14895,images/coco_275754_2155087.jpg,396,64
14896,images/sculpture_humanart_14000000000614.jpg,721,111
14897,images/painting_humanart_9000000000141.jpg,517,77
14898,images/danbooru_anime_11904310.jpg,332,55
14899,images/painting_humanart_6000000001967.jpg,644,104
14900,images/danbooru_anime_11919712.jpg,232,36
14901,images/coco_198972_212382.jpg,292,46
14902,images/painting_humanart_2000000001601.jpg,790,117
14903,images/painting_humanart_9000000001133.jpg,537,85
14904,images/sculpture_humanart_14000000002066.jpg,738,114
14905,images/danbooru_anime_11917106.jpg,407,66
14906,images/sculpture_humanart_14000000001328.jpg,652,104
14907,images/danbooru_anime_11919487.jpg,448,71
14908,images/painting_humanart_9000000002107.jpg,328,55
14909,images/painting_humanart_10000000003495.jpg,274,47
14910,images/coco_299734_crowd.jpg,282,47
14911,images/painting_humanart_10000000000232.jpg,489,71
14912,images/danbooru_anime_11919755.jpg,231,36
14913,images/coco_450308_crowd.jpg,307,52
14914,images/danbooru_anime_11920481.jpg,357,58
14915,images/danbooru_anime_11914094.jpg,333,56
14916,images/real_human_humanart_17000000001066.jpg,583,95
14917,images/coco_137622_crowd.jpg,376,66
14918,images/coco_173514_450161.jpg,362,57
14919,images/coco_376059_457160.jpg,373,55
14920,images/painting_humanart_6000000002749.jpg,610,97
14921,images/painting_humanart_10000000000655.jpg,374,62
14922,images/coco_559462_crowd.jpg,316,53
14923,images/real_human_humanart_17000000002079.jpg,633,96
14924,images/painting_humanart_1000000004685.jpg,357,57
14925,images/painting_humanart_10000000001987.jpg,583,88
14926,images/real_human_humanart_15000000001306.jpg,771,130
14927,images/painting_humanart_10000000000783.jpg,392,60
14928,images/real_human_humanart_17000000000562.jpg,646,105
14929,images/painting_humanart_6000000001073.jpg,611,89
14930,images/real_human_humanart_15000000002020.jpg,589,90
14931,images/painting_humanart_2000000003081.jpg,391,63
14932,images/coco_196574_436289.jpg,322,52
14933,images/coco_166190_465451.jpg,395,59
14934,images/painting_humanart_9000000002249.jpg,504,85
14935,images/painting_humanart_6000000002989.jpg,363,59
14936,images/painting_humanart_2000000001424.jpg,565,92
14937,images/danbooru_anime_11917431.jpg,475,80
14938,images/real_human_humanart_15000000000452.jpg,608,90
14939,images/danbooru_anime_11910328.jpg,443,72
14940,images/painting_humanart_9000000001573.jpg,404,67
14941,images/coco_239988_crowd.jpg,410,57
14942,images/coco_134098_452363.jpg,301,54
14943,images/painting_humanart_9000000001004.jpg,400,63
14944,images/danbooru_anime_11920002.jpg,331,51
14945,images/sculpture_humanart_14000000004385.jpg,534,80
14946,images/painting_humanart_10000000004501.jpg,394,60
14947,images/painting_humanart_9000000001413.jpg,483,73
14948,images/real_human_humanart_17000000001395.jpg,669,101
14949,images/danbooru_anime_11911812.jpg,496,80
14950,images/coco_168162_crowd.jpg,311,53
14951,images/sculpture_humanart_14000000003652.jpg,697,112
14952,images/coco_99583_465229.jpg,260,44
14953,images/danbooru_anime_11919148.jpg,541,83
14954,images/painting_humanart_10000000005306.jpg,566,95
14955,images/sculpture_humanart_14000000001714.jpg,598,89
14956,images/real_human_humanart_15000000001855.jpg,770,111
14957,images/coco_40341_454428.jpg,760,121
14958,images/real_human_humanart_17000000000364.jpg,898,149
14959,images/painting_humanart_1000000001635.jpg,381,62
14960,images/sculpture_humanart_14000000001609.jpg,562,85
14961,images/painting_humanart_2000000000507.jpg,578,93
14962,images/painting_humanart_6000000001208.jpg,304,52
14963,images/painting_humanart_10000000004057.jpg,586,92
14964,images/danbooru_anime_11921430.jpg,471,73
14965,images/danbooru_anime_11910547.jpg,364,60
14966,images/coco_79619_2163437.jpg,352,56
14967,images/painting_humanart_2000000002798.jpg,513,81
14968,images/painting_humanart_2000000001432.jpg,614,98
14969,images/sculpture_humanart_14000000002111.jpg,616,86
14970,images/coco_538242_crowd.jpg,497,84
14971,images/coco_469119_crowd.jpg,294,54
14972,images/real_human_humanart_17000000000051.jpg,561,81
14973,images/sculpture_humanart_14000000000864.jpg,566,88
14974,images/real_human_humanart_15000000002438.jpg,572,88
14975,images/painting_humanart_9000000001969.jpg,683,105
14976,images/coco_206851_crowd.jpg,365,59
14977,images/painting_humanart_1000000001700.jpg,607,93
14978,images/real_human_humanart_15000000000381.jpg,724,114
14979,images/painting_humanart_10000000000572.jpg,283,39
14980,images/real_human_humanart_15000000001517.jpg,421,60
14981,images/coco_441453_183546.jpg,424,67
14982,images/coco_408289_436726.jpg,266,45
14983,images/real_human_humanart_15000000001543.jpg,637,94
14984,images/real_human_humanart_17000000000191.jpg,617,96
14985,images/painting_humanart_1000000000122.jpg,520,87
14986,images/real_human_humanart_17000000002203.jpg,722,114
14987,images/real_human_humanart_17000000000997.jpg,683,114
14988,images/coco_17095_185469.jpg,359,59
14989,images/sculpture_humanart_14000000003908.jpg,608,100
14990,images/painting_humanart_9000000001139.jpg,317,54
14991,images/painting_humanart_9000000001632.jpg,466,78
14992,images/painting_humanart_2000000000212.jpg,617,103
14993,images/coco_46077_crowd.jpg,295,51
14994,images/sculpture_humanart_14000000001212.jpg,492,78
14995,images/painting_humanart_6000000001895.jpg,626,101
14996,images/coco_449191_437798.jpg,401,66
14997,images/painting_humanart_9000000002646.jpg,519,82
14998,images/real_human_humanart_17000000000847.jpg,821,127
14999,images/coco_494782_486420.jpg,485,83
15000,images/painting_humanart_6000000001462.jpg,470,84
15001,images/danbooru_anime_11921404.jpg,553,93
15002,images/real_human_humanart_17000000002083.jpg,469,72
15003,images/danbooru_anime_11921301.jpg,327,46
15004,images/painting_humanart_9000000002190.jpg,628,106
15005,images/sculpture_humanart_14000000001802.jpg,491,71
15006,images/painting_humanart_6000000001787.jpg,395,69
15007,images/painting_humanart_1000000000621.jpg,589,101
15008,images/painting_humanart_10000000006046.jpg,496,86
15009,images/real_human_humanart_17000000000106.jpg,630,94
15010,images/real_human_humanart_17000000000159.jpg,788,115
15011,images/painting_humanart_6000000001926.jpg,534,89
15012,images/painting_humanart_10000000000814.jpg,417,64
15013,images/sculpture_humanart_14000000001729.jpg,514,75
15014,images/painting_humanart_2000000000789.jpg,359,58
15015,images/sculpture_humanart_14000000001856.jpg,608,96
15016,images/coco_161586_465593.jpg,613,100
15017,images/painting_humanart_9000000002720.jpg,279,42
15018,images/painting_humanart_6000000003315.jpg,374,65
15019,images/sculpture_humanart_14000000003905.jpg,772,125
15020,images/painting_humanart_10000000005724.jpg,509,78
15021,images/sculpture_humanart_14000000001538.jpg,408,62
15022,images/danbooru_anime_11911847.jpg,359,56
15023,images/painting_humanart_10000000000942.jpg,400,62
15024,images/coco_254004_crowd.jpg,601,98
15025,images/coco_14175_428718.jpg,496,82
15026,images/coco_490199_crowd.jpg,356,60
15027,images/painting_humanart_6000000001035.jpg,561,92
15028,images/coco_39718_crowd.jpg,492,79
15029,images/painting_humanart_2000000000013.jpg,764,120
15030,images/real_human_humanart_17000000000779.jpg,769,122
15031,images/painting_humanart_6000000002768.jpg,426,69
15032,images/coco_156497_225733.jpg,616,103
15033,images/danbooru_anime_11920848.jpg,495,74
15034,images/danbooru_anime_11921032.jpg,736,110
15035,images/painting_humanart_2000000002180.jpg,681,106
15036,images/painting_humanart_9000000001702.jpg,782,116
15037,images/painting_humanart_2000000003253.jpg,480,81
15038,images/coco_301928_186701.jpg,336,56
15039,images/coco_306585_crowd.jpg,333,54
15040,images/danbooru_anime_11919208.jpg,588,103
15041,images/painting_humanart_9000000000247.jpg,467,74
15042,images/painting_humanart_2000000001212.jpg,736,119
15043,images/danbooru_anime_11919232.jpg,462,71
15044,images/painting_humanart_2000000000344.jpg,551,86
15045,images/real_human_humanart_15000000001328.jpg,533,87
15046,images/coco_191112_crowd.jpg,521,87
15047,images/coco_196660_1228818.jpg,299,56
15048,images/painting_humanart_10000000006345.jpg,342,54
15049,images/real_human_humanart_17000000002247.jpg,637,111
15050,images/danbooru_anime_11920050.jpg,279,40
15051,images/painting_humanart_6000000002092.jpg,469,72
15052,images/painting_humanart_10000000003057.jpg,523,85
15053,images/danbooru_anime_11908775.jpg,523,74
15054,images/coco_293554_192707.jpg,727,120
15055,images/painting_humanart_9000000000864.jpg,576,91
15056,images/sculpture_humanart_14000000001292.jpg,482,73
15057,images/sculpture_humanart_14000000004328.jpg,686,107
15058,images/danbooru_anime_11921209.jpg,502,81
15059,images/sculpture_humanart_14000000000611.jpg,653,106
15060,images/real_human_humanart_15000000000785.jpg,517,79
15061,images/real_human_humanart_15000000000020.jpg,586,88
15062,images/danbooru_anime_11909120.jpg,351,52
15063,images/real_human_humanart_15000000001113.jpg,568,89
15064,images/painting_humanart_10000000000507.jpg,471,70
15065,images/real_human_humanart_17000000000518.jpg,779,115
15066,images/painting_humanart_10000000000114.jpg,423,60
15067,images/painting_humanart_2000000000505.jpg,534,86
15068,images/painting_humanart_6000000003090.jpg,286,49
15069,images/painting_humanart_2000000001617.jpg,456,72
15070,images/real_human_humanart_17000000002342.jpg,528,80
15071,images/danbooru_anime_11921289.jpg,622,94
15072,images/danbooru_anime_11919111.jpg,582,87
15073,images/painting_humanart_9000000001094.jpg,277,45
15074,images/real_human_humanart_15000000000569.jpg,746,115
15075,images/painting_humanart_2000000001156.jpg,527,77
15076,images/danbooru_anime_11908020.jpg,350,54
15077,images/painting_humanart_10000000006426.jpg,546,88
15078,images/real_human_humanart_17000000001801.jpg,299,42
15079,images/painting_humanart_1000000001220.jpg,608,98
15080,images/painting_humanart_9000000000559.jpg,423,66
15081,images/painting_humanart_9000000000058.jpg,493,83
15082,images/coco_265550_501438.jpg,235,35
15083,images/painting_humanart_9000000000558.jpg,632,98
15084,images/danbooru_anime_11921259.jpg,440,74
15085,images/painting_humanart_9000000002733.jpg,255,43
15086,images/danbooru_anime_11917323.jpg,402,61
15087,images/coco_477112_199373.jpg,401,62
15088,images/danbooru_anime_11917280.jpg,508,86
15089,images/painting_humanart_2000000001065.jpg,385,63
15090,images/danbooru_anime_11918544.jpg,356,54
15091,images/danbooru_anime_11920572.jpg,640,105
15092,images/coco_207670_crowd.jpg,512,81
15093,images/painting_humanart_1000000000770.jpg,274,43
15094,images/painting_humanart_2000000003044.jpg,626,98
15095,images/danbooru_anime_11919617.jpg,455,74
15096,images/painting_humanart_9000000000155.jpg,460,75
15097,images/real_human_humanart_17000000001841.jpg,653,103
15098,images/painting_humanart_6000000001307.jpg,569,89
15099,images/real_human_humanart_17000000001302.jpg,515,78
15100,images/painting_humanart_9000000001066.jpg,345,55
15101,images/real_human_humanart_15000000002325.jpg,516,81
15102,images/painting_humanart_1000000007902.jpg,409,62
15103,images/painting_humanart_6000000003060.jpg,514,84
15104,images/danbooru_anime_11906190.jpg,282,43
15105,images/painting_humanart_2000000000628.jpg,536,91
15106,images/danbooru_anime_11909495.jpg,481,82
15107,images/painting_humanart_2000000000113.jpg,436,73
15108,images/real_human_humanart_17000000000971.jpg,740,106
15109,images/painting_humanart_10000000004572.jpg,324,54
15110,images/coco_66238_432793.jpg,361,57
15111,images/danbooru_anime_11916011.jpg,668,113
15112,images/painting_humanart_10000000000038.jpg,406,62
15113,images/sculpture_humanart_14000000004446.jpg,314,49
15114,images/painting_humanart_10000000006276.jpg,424,65
15115,images/painting_humanart_6000000002413.jpg,433,77
15116,images/danbooru_anime_11913831.jpg,514,85
15117,images/painting_humanart_2000000001172.jpg,734,108
15118,images/coco_400915_501713.jpg,536,87
15119,images/painting_humanart_1000000005417.jpg,358,57
15120,images/coco_491921_crowd.jpg,262,43
15121,images/painting_humanart_9000000000581.jpg,720,112
15122,images/sculpture_humanart_14000000001436.jpg,520,84
15123,images/sculpture_humanart_14000000000634.jpg,580,90
15124,images/painting_humanart_9000000001552.jpg,382,60
15125,images/real_human_humanart_15000000001791.jpg,431,65
15126,images/real_human_humanart_15000000002452.jpg,653,97
15127,images/painting_humanart_1000000000566.jpg,441,70
15128,images/real_human_humanart_17000000001195.jpg,365,58
15129,images/painting_humanart_2000000003100.jpg,410,64
15130,images/real_human_humanart_17000000002039.jpg,534,83
15131,images/painting_humanart_1000000002387.jpg,400,66
15132,images/painting_humanart_10000000000885.jpg,462,73
15133,images/coco_460346_488210.jpg,349,55
15134,images/painting_humanart_9000000000066.jpg,377,64
15135,images/painting_humanart_10000000000934.jpg,656,98
15136,images/coco_140068_crowd.jpg,390,63
15137,images/painting_humanart_10000000001314.jpg,435,66
15138,images/danbooru_anime_11916015.jpg,531,84
15139,images/painting_humanart_10000000002957.jpg,298,49
15140,images/coco_463203_439236.jpg,607,111
15141,images/coco_49731_461706.jpg,478,79
15142,images/coco_452618_188334.jpg,456,75
15143,images/painting_humanart_9000000000399.jpg,444,67
15144,images/painting_humanart_2000000001590.jpg,451,71
15145,images/sculpture_humanart_14000000001490.jpg,280,42
15146,images/danbooru_anime_11920860.jpg,296,46
15147,images/painting_humanart_6000000003293.jpg,411,65
15148,images/real_human_humanart_15000000001185.jpg,639,99
15149,images/coco_16879_crowd.jpg,486,81
15150,images/sculpture_humanart_14000000000847.jpg,570,92
15151,images/real_human_humanart_15000000001626.jpg,654,106
15152,images/real_human_humanart_15000000000055.jpg,666,103
15153,images/painting_humanart_6000000000054.jpg,505,83
15154,images/sculpture_humanart_14000000004312.jpg,380,58
15155,images/painting_humanart_6000000000533.jpg,698,113
15156,images/painting_humanart_1000000006681.jpg,244,33
15157,images/coco_578849_429148.jpg,464,79
15158,images/painting_humanart_10000000006485.jpg,334,53
15159,images/painting_humanart_2000000002060.jpg,313,54
15160,images/sculpture_humanart_14000000003751.jpg,646,98
15161,images/painting_humanart_9000000001082.jpg,621,99
15162,images/coco_519542_crowd.jpg,427,69
15163,images/painting_humanart_2000000001803.jpg,479,71
15164,images/painting_humanart_2000000001868.jpg,669,100
15165,images/real_human_humanart_17000000002348.jpg,672,102
15166,images/real_human_humanart_15000000000265.jpg,667,108
15167,images/painting_humanart_6000000002072.jpg,671,114
15168,images/danbooru_anime_11919560.jpg,500,73
15169,images/painting_humanart_10000000005956.jpg,320,49
15170,images/sculpture_humanart_14000000004394.jpg,685,110
15171,images/real_human_humanart_17000000002424.jpg,622,98
15172,images/painting_humanart_6000000000548.jpg,667,109
15173,images/painting_humanart_6000000003631.jpg,390,64
15174,images/sculpture_humanart_14000000004007.jpg,697,106
15175,images/painting_humanart_9000000001220.jpg,603,97
15176,images/real_human_humanart_17000000000604.jpg,557,82
15177,images/real_human_humanart_15000000000598.jpg,691,110
15178,images/danbooru_anime_11916729.jpg,627,104
15179,images/sculpture_humanart_14000000001887.jpg,547,76
15180,images/painting_humanart_10000000001085.jpg,503,75
15181,images/coco_521404_187792.jpg,450,78
15182,images/painting_humanart_6000000002955.jpg,345,58
15183,images/danbooru_anime_11911696.jpg,294,47
15184,images/danbooru_anime_11902318.jpg,646,97
15185,images/coco_483553_crowd.jpg,362,60
15186,images/real_human_humanart_15000000001054.jpg,817,134
15187,images/painting_humanart_10000000005975.jpg,323,50
15188,images/danbooru_anime_11917194.jpg,673,96
15189,images/painting_humanart_2000000001245.jpg,609,97
15190,images/painting_humanart_9000000000685.jpg,378,59
15191,images/painting_humanart_1000000001267.jpg,271,44
15192,images/painting_humanart_2000000000086.jpg,624,100
15193,images/painting_humanart_1000000003404.jpg,445,72
15194,images/real_human_humanart_15000000001335.jpg,626,110
15195,images/painting_humanart_1000000003128.jpg,446,70
15196,images/danbooru_anime_11910359.jpg,492,81
15197,images/painting_humanart_2000000002479.jpg,558,88
15198,images/danbooru_anime_11917223.jpg,371,60
15199,images/real_human_humanart_15000000001659.jpg,582,85
15200,images/painting_humanart_9000000001652.jpg,388,61
15201,images/painting_humanart_2000000003280.jpg,443,66
15202,images/painting_humanart_10000000000479.jpg,350,50
15203,images/coco_565438_crowd.jpg,454,72
15204,images/danbooru_anime_11915590.jpg,462,73
15205,images/painting_humanart_2000000003163.jpg,512,83
15206,images/danbooru_anime_11912691.jpg,548,87
15207,images/coco_174633_crowd.jpg,406,68
15208,images/painting_humanart_1000000004750.jpg,498,82
15209,images/real_human_humanart_17000000000455.jpg,557,89
15210,images/painting_humanart_2000000002903.jpg,603,88
15211,images/coco_84825_508839.jpg,350,53
15212,images/sculpture_humanart_14000000001379.jpg,715,116
15213,images/painting_humanart_1000000005659.jpg,219,35
15214,images/painting_humanart_1000000000591.jpg,449,71
15215,images/real_human_humanart_15000000000768.jpg,805,127
15216,images/sculpture_humanart_14000000000682.jpg,402,59
15217,images/painting_humanart_9000000000845.jpg,291,46
15218,images/sculpture_humanart_14000000004215.jpg,592,88
15219,images/coco_511145_188115.jpg,372,60
15220,images/coco_413839_199732.jpg,369,61
15221,images/coco_285192_crowd.jpg,293,50
15222,images/painting_humanart_1000000002203.jpg,484,81
15223,images/painting_humanart_10000000000666.jpg,763,118
15224,images/painting_humanart_1000000003337.jpg,615,105
15225,images/real_human_humanart_17000000002089.jpg,656,98
15226,images/coco_279420_475632.jpg,435,73
15227,images/coco_367710_484296.jpg,322,52
15228,images/painting_humanart_9000000002156.jpg,442,74
15229,images/danbooru_anime_11903081.jpg,407,60
15230,images/sculpture_humanart_14000000003694.jpg,561,87
15231,images/danbooru_anime_11910120.jpg,362,59
15232,images/real_human_humanart_15000000000558.jpg,626,99
15233,images/danbooru_anime_11900427.jpg,451,72
15234,images/painting_humanart_10000000000496.jpg,333,52
15235,images/coco_391642_464595.jpg,305,50
15236,images/coco_455772_442049.jpg,389,66
15237,images/coco_342260_crowd.jpg,521,87
15238,images/painting_humanart_2000000003083.jpg,608,103
15239,images/painting_humanart_6000000003254.jpg,567,93
15240,images/painting_humanart_6000000000227.jpg,437,69
15241,images/real_human_humanart_15000000001268.jpg,516,80
15242,images/danbooru_anime_11918379.jpg,582,93
15243,images/painting_humanart_2000000000770.jpg,548,87
15244,images/painting_humanart_9000000002504.jpg,312,48
15245,images/painting_humanart_10000000003734.jpg,414,72
15246,images/painting_humanart_1000000002695.jpg,536,79
15247,images/painting_humanart_10000000000302.jpg,472,71
15248,images/coco_347823_crowd.jpg,381,62
15249,images/danbooru_anime_11921271.jpg,493,70
15250,images/painting_humanart_2000000000899.jpg,481,82
15251,images/danbooru_anime_11903735.jpg,675,111
15252,images/coco_405216_crowd.jpg,329,54
15253,images/painting_humanart_2000000001202.jpg,635,100
15254,images/painting_humanart_2000000001509.jpg,321,52
15255,images/coco_107990_231565.jpg,357,56
15256,images/painting_humanart_10000000000647.jpg,298,49
15257,images/coco_27969_crowd.jpg,616,100
15258,images/danbooru_anime_11903036.jpg,367,57
15259,images/painting_humanart_10000000000722.jpg,307,52
15260,images/painting_humanart_9000000002484.jpg,318,47
15261,images/danbooru_anime_11903060.jpg,701,107
15262,images/painting_humanart_9000000001293.jpg,413,62
15263,images/danbooru_anime_11919604.jpg,301,44
15264,images/real_human_humanart_17000000000197.jpg,795,124
15265,images/coco_160126_454260.jpg,357,63
15266,images/painting_humanart_10000000002275.jpg,427,66
15267,images/coco_147488_2164997.jpg,395,62
15268,images/real_human_humanart_15000000001765.jpg,598,90
15269,images/coco_258382_201956.jpg,262,42
15270,images/painting_humanart_2000000000274.jpg,522,77
15271,images/sculpture_humanart_14000000004453.jpg,366,57
15272,images/painting_humanart_10000000005569.jpg,464,77
15273,images/painting_humanart_6000000002886.jpg,242,40
15274,images/painting_humanart_6000000002003.jpg,359,49
15275,images/real_human_humanart_15000000001663.jpg,718,112
15276,images/real_human_humanart_17000000000195.jpg,633,101
15277,images/painting_humanart_2000000002612.jpg,420,63
15278,images/painting_humanart_1000000001684.jpg,355,60
15279,images/danbooru_anime_11918138.jpg,571,92
15280,images/coco_206806_223803.jpg,380,60
15281,images/coco_391343_crowd.jpg,468,72
15282,images/danbooru_anime_11906765.jpg,387,57
15283,images/painting_humanart_2000000002047.jpg,707,116
15284,images/sculpture_humanart_14000000001044.jpg,545,87
15285,images/danbooru_anime_11920945.jpg,656,101
15286,images/painting_humanart_10000000004310.jpg,551,79
15287,images/painting_humanart_1000000002851.jpg,563,85
15288,images/painting_humanart_10000000000483.jpg,493,73
15289,images/coco_299207_439592.jpg,676,111
15290,images/coco_543740_455766.jpg,424,68
15291,images/painting_humanart_1000000001872.jpg,685,108
15292,images/danbooru_anime_11916661.jpg,630,103
15293,images/real_human_humanart_17000000000117.jpg,689,108
15294,images/painting_humanart_1000000002026.jpg,336,54
15295,images/sculpture_humanart_14000000002054.jpg,469,71
15296,images/painting_humanart_1000000004592.jpg,293,48
15297,images/painting_humanart_1000000001922.jpg,581,86
15298,images/coco_184181_2208104.jpg,408,70
15299,images/real_human_humanart_17000000001980.jpg,673,107
15300,images/coco_13379_459244.jpg,555,95
15301,images/danbooru_anime_11916160.jpg,303,47
15302,images/painting_humanart_9000000001072.jpg,424,69
15303,images/painting_humanart_2000000001809.jpg,643,103
15304,images/real_human_humanart_17000000001559.jpg,560,91
15305,images/danbooru_anime_11912917.jpg,505,76
15306,images/real_human_humanart_17000000002206.jpg,799,116
15307,images/coco_122413_185666.jpg,360,60
15308,images/real_human_humanart_17000000000706.jpg,783,131
15309,images/real_human_humanart_15000000002270.jpg,854,139
15310,images/danbooru_anime_11920469.jpg,600,96
15311,images/painting_humanart_1000000000124.jpg,520,82
15312,images/painting_humanart_2000000003242.jpg,374,61
15313,images/real_human_humanart_15000000002245.jpg,626,104
15314,images/painting_humanart_10000000000250.jpg,447,73
15315,images/danbooru_anime_11921218.jpg,802,126
15316,images/coco_431570_224689.jpg,458,73
15317,images/coco_107741_crowd.jpg,587,90
15318,images/coco_431208_474545.jpg,363,60
15319,images/danbooru_anime_11920496.jpg,388,61
15320,images/sculpture_humanart_14000000002042.jpg,714,104
15321,images/danbooru_anime_11919469.jpg,602,100
15322,images/coco_267684_430015.jpg,514,83
15323,images/painting_humanart_10000000005166.jpg,424,67
15324,images/danbooru_anime_11920886.jpg,599,97
15325,images/danbooru_anime_11915533.jpg,408,67
15326,images/coco_235017_1728602.jpg,499,85
15327,images/real_human_humanart_17000000001946.jpg,644,99
15328,images/painting_humanart_1000000004624.jpg,348,53
15329,images/danbooru_anime_11901469.jpg,357,55
15330,images/painting_humanart_9000000002362.jpg,382,65
15331,images/coco_553253_447221.jpg,557,91
15332,images/sculpture_humanart_14000000003772.jpg,693,105
15333,images/danbooru_anime_11909051.jpg,445,76
15334,images/real_human_humanart_15000000002153.jpg,728,117
15335,images/painting_humanart_9000000001502.jpg,415,62
15336,images/sculpture_humanart_14000000004538.jpg,934,138
15337,images/painting_humanart_9000000000999.jpg,377,58
15338,images/real_human_humanart_15000000002172.jpg,809,135
15339,images/danbooru_anime_11916260.jpg,431,66
15340,images/coco_502582_crowd.jpg,379,59
15341,images/painting_humanart_2000000002917.jpg,320,51
15342,images/danbooru_anime_11909877.jpg,300,50
15343,images/coco_244931_crowd.jpg,504,80
15344,images/painting_humanart_10000000004974.jpg,598,96
15345,images/painting_humanart_1000000000771.jpg,289,46
15346,images/painting_humanart_10000000000998.jpg,326,49
15347,images/painting_humanart_10000000002866.jpg,353,57
15348,images/coco_338703_crowd.jpg,495,84
15349,images/coco_435312_498796.jpg,432,70
15350,images/painting_humanart_9000000000012.jpg,248,35
15351,images/coco_431432_crowd.jpg,490,73
15352,images/painting_humanart_10000000003986.jpg,559,90
15353,images/danbooru_anime_11917327.jpg,350,51
15354,images/painting_humanart_10000000000796.jpg,548,84
15355,images/painting_humanart_6000000003511.jpg,499,82
15356,images/real_human_humanart_15000000000853.jpg,627,103
15357,images/real_human_humanart_15000000000787.jpg,715,112
15358,images/danbooru_anime_11920668.jpg,726,116
15359,images/painting_humanart_1000000000688.jpg,312,47
15360,images/danbooru_anime_11917103.jpg,608,98
15361,images/painting_humanart_6000000001246.jpg,374,56
15362,images/danbooru_anime_11921245.jpg,705,113
15363,images/painting_humanart_2000000000596.jpg,619,93
15364,images/painting_humanart_6000000000423.jpg,456,71
15365,images/real_human_humanart_17000000000358.jpg,839,138
15366,images/painting_humanart_1000000001907.jpg,276,43
15367,images/coco_25860_510015.jpg,495,83
15368,images/painting_humanart_6000000001096.jpg,658,112
15369,images/sculpture_humanart_14000000000749.jpg,555,85
15370,images/real_human_humanart_17000000002289.jpg,748,125
15371,images/painting_humanart_2000000001570.jpg,676,106
15372,images/painting_humanart_9000000002597.jpg,466,75
15373,images/coco_272955_524126.jpg,309,52
15374,images/painting_humanart_6000000001834.jpg,305,51
15375,images/danbooru_anime_11919596.jpg,417,64
15376,images/painting_humanart_2000000001759.jpg,470,83
15377,images/painting_humanart_9000000002730.jpg,575,95
15378,images/painting_humanart_6000000001212.jpg,486,80
15379,images/sculpture_humanart_14000000000907.jpg,578,89
15380,images/coco_52066_205645.jpg,436,70
15381,images/coco_450357_crowd.jpg,411,68
15382,images/real_human_humanart_15000000002237.jpg,312,45
15383,images/real_human_humanart_15000000001267.jpg,417,67
15384,images/coco_377352_crowd.jpg,342,55
15385,images/painting_humanart_2000000001275.jpg,448,72
15386,images/real_human_humanart_17000000001291.jpg,512,85
15387,images/real_human_humanart_15000000001657.jpg,484,72
15388,images/danbooru_anime_11910249.jpg,379,59
15389,images/painting_humanart_2000000002863.jpg,632,91
15390,images/real_human_humanart_17000000000690.jpg,633,99
15391,images/painting_humanart_9000000001054.jpg,660,106
15392,images/painting_humanart_6000000000285.jpg,665,107
15393,images/painting_humanart_6000000002220.jpg,547,88
15394,images/coco_334021_430219.jpg,338,56
15395,images/coco_264382_crowd.jpg,665,104
15396,images/painting_humanart_2000000001924.jpg,559,89
15397,images/painting_humanart_2000000002419.jpg,482,69
15398,images/coco_112949_427025.jpg,269,44
15399,images/painting_humanart_6000000001200.jpg,546,89
15400,images/painting_humanart_1000000002542.jpg,570,95
15401,images/coco_109503_451150.jpg,402,67
15402,images/painting_humanart_2000000000121.jpg,658,102
15403,images/painting_humanart_2000000003214.jpg,462,66
15404,images/sculpture_humanart_14000000000475.jpg,677,98
15405,images/sculpture_humanart_14000000001368.jpg,686,104
15406,images/coco_21979_crowd.jpg,337,53
15407,images/danbooru_anime_11919027.jpg,570,92
15408,images/painting_humanart_2000000000808.jpg,345,52
15409,images/painting_humanart_6000000000883.jpg,476,73
15410,images/coco_316007_crowd.jpg,513,89
15411,images/danbooru_anime_11920364.jpg,550,92
15412,images/coco_142574_crowd.jpg,372,62
15413,images/real_human_humanart_17000000002459.jpg,602,93
15414,images/danbooru_anime_11921454.jpg,461,65
15415,images/real_human_humanart_17000000000497.jpg,918,147
15416,images/painting_humanart_1000000005566.jpg,283,45
15417,images/real_human_humanart_17000000001747.jpg,618,95
15418,images/danbooru_anime_11908930.jpg,491,81
15419,images/coco_464526_206821.jpg,385,67
15420,images/painting_humanart_9000000000700.jpg,417,70
15421,images/real_human_humanart_17000000001585.jpg,411,61
15422,images/danbooru_anime_11914476.jpg,483,78
15423,images/coco_360409_201690.jpg,304,48
15424,images/coco_363126_421490.jpg,247,39
15425,images/danbooru_anime_11917015.jpg,442,65
15426,images/coco_124327_crowd.jpg,472,81
15427,images/painting_humanart_1000000005159.jpg,647,106
15428,images/coco_233305_432295.jpg,546,85
15429,images/real_human_humanart_15000000001408.jpg,707,108
15430,images/coco_169690_448283.jpg,658,108
15431,images/real_human_humanart_15000000002338.jpg,689,104
15432,images/real_human_humanart_17000000000928.jpg,289,45
15433,images/sculpture_humanart_14000000004418.jpg,527,83
15434,images/painting_humanart_10000000002399.jpg,665,108
15435,images/coco_87070_442763.jpg,332,56
15436,images/painting_humanart_9000000002620.jpg,552,83
15437,images/coco_172408_crowd.jpg,397,63
15438,images/painting_humanart_2000000002212.jpg,498,83
15439,images/painting_humanart_6000000001131.jpg,503,76
15440,images/painting_humanart_2000000000824.jpg,480,76
15441,images/real_human_humanart_15000000000201.jpg,716,115
15442,images/real_human_humanart_15000000001352.jpg,521,79
15443,images/real_human_humanart_17000000000095.jpg,337,50
15444,images/coco_311015_441517.jpg,441,74
15445,images/danbooru_anime_11909189.jpg,190,32
15446,images/painting_humanart_1000000005010.jpg,505,77
15447,images/painting_humanart_6000000003248.jpg,593,103
15448,images/painting_humanart_10000000005120.jpg,369,59
15449,images/painting_humanart_1000000000369.jpg,542,87
15450,images/sculpture_humanart_14000000000456.jpg,580,84
15451,images/painting_humanart_6000000001264.jpg,448,68
15452,images/danbooru_anime_11915666.jpg,587,94
15453,images/coco_316189_435506.jpg,372,65
15454,images/coco_513692_481497.jpg,623,100
15455,images/painting_humanart_2000000001663.jpg,467,76
15456,images/real_human_humanart_15000000001226.jpg,189,33
15457,images/painting_humanart_10000000000866.jpg,559,89
15458,images/painting_humanart_9000000002661.jpg,423,67
15459,images/sculpture_humanart_14000000001312.jpg,540,84
15460,images/painting_humanart_1000000007208.jpg,491,79
15461,images/painting_humanart_10000000006327.jpg,426,62
15462,images/painting_humanart_9000000001009.jpg,287,44
15463,images/sculpture_humanart_14000000001744.jpg,526,82
15464,images/painting_humanart_10000000000595.jpg,471,69
15465,images/danbooru_anime_11916617.jpg,443,74
15466,images/coco_290839_crowd.jpg,318,51
15467,images/coco_379734_crowd.jpg,685,109
15468,images/real_human_humanart_17000000000244.jpg,608,94
15469,images/painting_humanart_2000000003118.jpg,431,64
15470,images/coco_221669_crowd.jpg,523,87
15471,images/painting_humanart_2000000000839.jpg,360,52
15472,images/real_human_humanart_15000000000762.jpg,792,118
15473,images/painting_humanart_1000000000523.jpg,265,44
15474,images/danbooru_anime_11902107.jpg,575,91
15475,images/painting_humanart_2000000001582.jpg,459,74
15476,images/painting_humanart_2000000000924.jpg,313,52
15477,images/danbooru_anime_11903924.jpg,357,57
15478,images/sculpture_humanart_14000000001154.jpg,1102,161
15479,images/painting_humanart_1000000001641.jpg,399,63
15480,images/real_human_humanart_15000000000444.jpg,539,87
15481,images/coco_457877_crowd.jpg,276,44
15482,images/coco_10142_469874.jpg,388,66
15483,images/real_human_humanart_15000000000485.jpg,650,102
15484,images/coco_365099_479703.jpg,409,72
15485,images/coco_113233_427487.jpg,548,92
15486,images/coco_282942_195028.jpg,602,103
15487,images/painting_humanart_1000000003295.jpg,343,56
15488,images/danbooru_anime_11903844.jpg,579,84
15489,images/real_human_humanart_15000000000533.jpg,847,131
15490,images/coco_102329_433925.jpg,343,54
15491,images/painting_humanart_6000000001016.jpg,516,79
15492,images/painting_humanart_9000000000389.jpg,407,69
15493,images/real_human_humanart_17000000001374.jpg,572,87
15494,images/real_human_humanart_17000000001896.jpg,700,115
15495,images/painting_humanart_9000000000791.jpg,462,66
15496,images/sculpture_humanart_14000000004373.jpg,411,70
15497,images/real_human_humanart_15000000001866.jpg,664,102
15498,images/danbooru_anime_11917190.jpg,396,60
15499,images/real_human_humanart_17000000000419.jpg,657,103
15500,images/danbooru_anime_11921212.jpg,551,92
15501,images/painting_humanart_2000000000473.jpg,824,127
15502,images/sculpture_humanart_14000000001404.jpg,716,105
15503,images/coco_59015_crowd.jpg,712,135
15504,images/painting_humanart_9000000000711.jpg,398,58
15505,images/danbooru_anime_11908499.jpg,424,70
15506,images/painting_humanart_6000000002689.jpg,580,92
15507,images/danbooru_anime_11915407.jpg,895,141
15508,images/real_human_humanart_15000000001731.jpg,691,112
15509,images/painting_humanart_6000000003352.jpg,336,58
15510,images/real_human_humanart_15000000000932.jpg,682,98
15511,images/coco_265635_433162.jpg,370,57
15512,images/painting_humanart_1000000000332.jpg,506,78
15513,images/painting_humanart_9000000000840.jpg,495,80
15514,images/real_human_humanart_17000000000601.jpg,188,31
15515,images/coco_517465_432121.jpg,336,55
15516,images/painting_humanart_10000000003871.jpg,361,58
15517,images/sculpture_humanart_14000000001816.jpg,618,91
15518,images/real_human_humanart_15000000001907.jpg,692,103
15519,images/coco_277761_crowd.jpg,326,51
15520,images/coco_393674_430221.jpg,422,69
15521,images/coco_294585_477308.jpg,393,63
15522,images/painting_humanart_1000000001407.jpg,385,56
15523,images/real_human_humanart_17000000001080.jpg,654,112
15524,images/painting_humanart_9000000000173.jpg,371,61
15525,images/danbooru_anime_11921396.jpg,474,78
15526,images/painting_humanart_2000000003113.jpg,547,82
15527,images/coco_491215_1246517.jpg,457,74
15528,images/painting_humanart_10000000003456.jpg,507,81
15529,images/painting_humanart_9000000000534.jpg,556,90
15530,images/danbooru_anime_11919809.jpg,424,63
15531,images/real_human_humanart_15000000000065.jpg,564,98
15532,images/sculpture_humanart_14000000004188.jpg,433,67
15533,images/sculpture_humanart_14000000004321.jpg,463,72
15534,images/sculpture_humanart_14000000001329.jpg,655,114
15535,images/sculpture_humanart_14000000001878.jpg,513,77
15536,images/painting_humanart_10000000000318.jpg,386,64
15537,images/painting_humanart_1000000005081.jpg,520,81
15538,images/sculpture_humanart_14000000004092.jpg,642,102
15539,images/coco_527313_crowd.jpg,366,58
15540,images/painting_humanart_9000000001548.jpg,605,89
15541,images/coco_579696_crowd.jpg,730,118
15542,images/coco_405894_198699.jpg,320,54
15543,images/danbooru_anime_11920419.jpg,373,58
15544,images/danbooru_anime_11918566.jpg,492,80
15545,images/painting_humanart_6000000001742.jpg,253,47
15546,images/danbooru_anime_11915950.jpg,621,97
15547,images/painting_humanart_10000000000593.jpg,674,102
15548,images/sculpture_humanart_14000000004270.jpg,647,97
15549,images/painting_humanart_1000000008323.jpg,351,61
15550,images/coco_542024_crowd.jpg,481,80
15551,images/painting_humanart_2000000001629.jpg,678,104
15552,images/coco_136042_184569.jpg,389,70
15553,images/real_human_humanart_17000000002450.jpg,622,102
15554,images/painting_humanart_10000000003207.jpg,453,75
15555,images/danbooru_anime_11900987.jpg,448,70
15556,images/danbooru_anime_11901400.jpg,447,73
15557,images/real_human_humanart_17000000001969.jpg,515,80
15558,images/painting_humanart_10000000003687.jpg,671,106
15559,images/painting_humanart_6000000003200.jpg,386,65
15560,images/coco_200168_1259309.jpg,578,95
15561,images/painting_humanart_2000000002862.jpg,454,63
15562,images/coco_367142_1233264.jpg,342,52
15563,images/painting_humanart_2000000001400.jpg,592,92
15564,images/real_human_humanart_17000000001984.jpg,943,143
15565,images/painting_humanart_10000000000208.jpg,449,70
15566,images/danbooru_anime_11903760.jpg,636,104
15567,images/danbooru_anime_11902920.jpg,458,69
15568,images/painting_humanart_6000000001413.jpg,579,86
15569,images/real_human_humanart_15000000000155.jpg,599,87
15570,images/coco_135281_crowd.jpg,389,64
15571,images/coco_435391_crowd.jpg,439,71
15572,images/coco_512290_crowd.jpg,239,40
15573,images/coco_61503_2153158.jpg,331,53
15574,images/painting_humanart_10000000002788.jpg,335,57
15575,images/real_human_humanart_15000000000229.jpg,648,96
15576,images/painting_humanart_6000000003171.jpg,462,78
15577,images/painting_humanart_2000000002954.jpg,357,55
15578,images/real_human_humanart_15000000001796.jpg,575,96
15579,images/sculpture_humanart_14000000002032.jpg,549,89
15580,images/coco_542570_crowd.jpg,410,71
15581,images/coco_67785_189283.jpg,535,89
15582,images/painting_humanart_6000000003213.jpg,589,91
15583,images/painting_humanart_9000000001991.jpg,519,88
15584,images/real_human_humanart_15000000000691.jpg,570,86
15585,images/painting_humanart_1000000004229.jpg,507,85
15586,images/danbooru_anime_11903533.jpg,468,74
15587,images/painting_humanart_10000000000798.jpg,277,45
15588,images/painting_humanart_6000000001010.jpg,523,89
15589,images/painting_humanart_6000000002822.jpg,517,81
15590,images/coco_172342_crowd.jpg,653,108
15591,images/coco_248382_466207.jpg,336,55
15592,images/real_human_humanart_17000000001939.jpg,534,81
15593,images/real_human_humanart_15000000000470.jpg,416,63
15594,images/painting_humanart_6000000001118.jpg,524,85
15595,images/danbooru_anime_11919013.jpg,362,62
15596,images/painting_humanart_10000000002575.jpg,302,51
15597,images/real_human_humanart_17000000002297.jpg,493,72
15598,images/danbooru_anime_11906834.jpg,597,98
15599,images/real_human_humanart_17000000000957.jpg,893,139
15600,images/real_human_humanart_15000000002385.jpg,617,97
15601,images/painting_humanart_9000000001270.jpg,437,69
15602,images/sculpture_humanart_14000000000804.jpg,656,103
15603,images/painting_humanart_10000000003527.jpg,332,52
15604,images/danbooru_anime_11907183.jpg,411,67
15605,images/painting_humanart_10000000003205.jpg,498,80
15606,images/painting_humanart_9000000000045.jpg,530,85
15607,images/coco_173229_424050.jpg,291,50
15608,images/painting_humanart_10000000001881.jpg,442,71
15609,images/painting_humanart_9000000000985.jpg,385,59
15610,images/painting_humanart_2000000002793.jpg,713,114
15611,images/painting_humanart_10000000003413.jpg,539,87
15612,images/danbooru_anime_11916886.jpg,563,92
15613,images/danbooru_anime_11917410.jpg,594,98
15614,images/painting_humanart_6000000002330.jpg,348,59
15615,images/danbooru_anime_11912716.jpg,489,75
15616,images/coco_497109_crowd.jpg,325,64
15617,images/real_human_humanart_17000000002465.jpg,611,103
15618,images/danbooru_anime_11915092.jpg,259,44
15619,images/danbooru_anime_11917566.jpg,686,108
15620,images/painting_humanart_2000000000592.jpg,586,97
15621,images/coco_53635_442280.jpg,339,54
15622,images/real_human_humanart_15000000001202.jpg,851,137
15623,images/painting_humanart_2000000002789.jpg,611,93
15624,images/sculpture_humanart_14000000000855.jpg,650,101
15625,images/coco_208107_crowd.jpg,311,51
15626,images/painting_humanart_10000000001721.jpg,275,45
15627,images/painting_humanart_9000000001278.jpg,386,56
15628,images/coco_342165_219559.jpg,413,64
15629,images/real_human_humanart_15000000000692.jpg,773,114
15630,images/sculpture_humanart_14000000003896.jpg,719,104
15631,images/painting_humanart_1000000005652.jpg,469,81
15632,images/real_human_humanart_15000000000610.jpg,611,94
15633,images/real_human_humanart_17000000001299.jpg,549,82
15634,images/danbooru_anime_11902557.jpg,616,96
15635,images/painting_humanart_1000000001877.jpg,768,122
15636,images/painting_humanart_9000000000114.jpg,551,87
15637,images/painting_humanart_1000000001808.jpg,613,98
15638,images/sculpture_humanart_14000000003938.jpg,507,78
15639,images/danbooru_anime_11910121.jpg,754,118
15640,images/painting_humanart_10000000000309.jpg,464,73
15641,images/real_human_humanart_17000000000491.jpg,684,107
15642,images/painting_humanart_10000000002874.jpg,369,57
15643,images/painting_humanart_9000000001777.jpg,280,40
15644,images/painting_humanart_10000000000632.jpg,258,40
15645,images/real_human_humanart_17000000000369.jpg,668,108
15646,images/painting_humanart_10000000002704.jpg,569,88
15647,images/danbooru_anime_11902395.jpg,530,86
15648,images/sculpture_humanart_14000000004040.jpg,382,59
15649,images/coco_240295_crowd.jpg,504,82
15650,images/danbooru_anime_11919125.jpg,483,79
15651,images/danbooru_anime_11911445.jpg,792,120
15652,images/painting_humanart_6000000002078.jpg,265,44
15653,images/real_human_humanart_15000000002280.jpg,827,133
15654,images/coco_466939_209819.jpg,377,61
15655,images/sculpture_humanart_14000000004246.jpg,493,80
15656,images/real_human_humanart_15000000002194.jpg,735,116
15657,images/danbooru_anime_11905347.jpg,752,119
15658,images/danbooru_anime_11921336.jpg,869,142
15659,images/coco_155007_crowd.jpg,362,62
15660,images/painting_humanart_6000000001536.jpg,300,45
15661,images/painting_humanart_9000000002094.jpg,656,104
15662,images/coco_354132_184149.jpg,297,51
15663,images/danbooru_anime_11920205.jpg,564,85
15664,images/painting_humanart_10000000005867.jpg,355,58
15665,images/painting_humanart_2000000000497.jpg,678,113
15666,images/real_human_humanart_15000000001043.jpg,578,88
15667,images/painting_humanart_10000000000597.jpg,608,96
15668,images/painting_humanart_1000000004735.jpg,449,79
15669,images/danbooru_anime_11916565.jpg,558,89
15670,images/real_human_humanart_17000000001552.jpg,633,98
15671,images/danbooru_anime_11915802.jpg,505,74
15672,images/coco_551334_193729.jpg,263,42
15673,images/real_human_humanart_17000000000282.jpg,472,74
15674,images/coco_121006_475911.jpg,326,55
15675,images/real_human_humanart_15000000000460.jpg,479,79
15676,images/coco_29776_196282.jpg,415,67
15677,images/coco_125071_481692.jpg,485,83
15678,images/danbooru_anime_11917616.jpg,559,84
15679,images/coco_91636_crowd.jpg,377,63
15680,images/painting_humanart_10000000004339.jpg,306,48
15681,images/real_human_humanart_17000000001814.jpg,557,83
15682,images/sculpture_humanart_14000000000649.jpg,615,97
15683,images/painting_humanart_9000000000929.jpg,465,65
15684,images/coco_424002_crowd.jpg,262,46
15685,images/coco_107661_crowd.jpg,859,146
15686,images/real_human_humanart_15000000000954.jpg,655,100
15687,images/coco_247625_crowd.jpg,445,74
15688,images/painting_humanart_6000000000694.jpg,500,83
15689,images/painting_humanart_10000000006314.jpg,539,82
15690,images/painting_humanart_9000000000219.jpg,405,62
15691,images/painting_humanart_1000000000500.jpg,432,61
15692,images/painting_humanart_6000000003496.jpg,505,84
15693,images/sculpture_humanart_14000000000679.jpg,595,91
15694,images/real_human_humanart_15000000001385.jpg,839,122
15695,images/coco_576987_435514.jpg,422,67
15696,images/painting_humanart_6000000001277.jpg,387,63
15697,images/real_human_humanart_15000000001002.jpg,582,91
15698,images/danbooru_anime_11910152.jpg,337,53
15699,images/painting_humanart_2000000000610.jpg,586,93
15700,images/danbooru_anime_11906886.jpg,457,76
15701,images/coco_260409_198018.jpg,390,63
15702,images/coco_363522_crowd.jpg,386,65
15703,images/danbooru_anime_11911169.jpg,482,78
15704,images/painting_humanart_9000000002236.jpg,534,82
15705,images/painting_humanart_9000000001531.jpg,815,139
15706,images/painting_humanart_2000000001963.jpg,587,95
15707,images/painting_humanart_9000000002742.jpg,450,69
15708,images/coco_203747_crowd.jpg,400,63
15709,images/painting_humanart_6000000000502.jpg,582,94
15710,images/painting_humanart_6000000002148.jpg,413,75
15711,images/painting_humanart_9000000001464.jpg,329,50
15712,images/danbooru_anime_11920936.jpg,369,56
15713,images/danbooru_anime_11909178.jpg,313,51
15714,images/coco_328836_crowd.jpg,455,79
15715,images/real_human_humanart_15000000000397.jpg,611,95
15716,images/danbooru_anime_11905305.jpg,450,73
15717,images/coco_58690_427786.jpg,530,87
15718,images/painting_humanart_9000000001922.jpg,457,71
15719,images/danbooru_anime_11920186.jpg,715,115
15720,images/danbooru_anime_11900400.jpg,444,68
15721,images/painting_humanart_10000000000316.jpg,295,45
15722,images/painting_humanart_6000000000915.jpg,427,76
15723,images/coco_89329_195831.jpg,316,49
15724,images/painting_humanart_10000000005502.jpg,412,64
15725,images/real_human_humanart_15000000002461.jpg,479,73
15726,images/painting_humanart_10000000000417.jpg,324,50
15727,images/coco_279491_crowd.jpg,637,99
15728,images/painting_humanart_2000000000926.jpg,627,105
15729,images/painting_humanart_1000000003186.jpg,319,51
15730,images/real_human_humanart_15000000000345.jpg,617,91
15731,images/sculpture_humanart_14000000003661.jpg,830,120
15732,images/painting_humanart_2000000000537.jpg,644,96
15733,images/painting_humanart_1000000007305.jpg,246,39
15734,images/real_human_humanart_17000000002086.jpg,591,91
15735,images/coco_395717_204010.jpg,328,55
15736,images/danbooru_anime_11904011.jpg,332,55
15737,images/painting_humanart_1000000006570.jpg,596,96
15738,images/coco_126564_426181.jpg,465,73
15739,images/painting_humanart_6000000002703.jpg,406,64
15740,images/sculpture_humanart_14000000004080.jpg,836,129
15741,images/coco_355453_454702.jpg,408,69
15742,images/painting_humanart_10000000001089.jpg,326,48
15743,images/painting_humanart_2000000001523.jpg,390,61
15744,images/danbooru_anime_11920965.jpg,489,76
15745,images/danbooru_anime_11906790.jpg,448,68
15746,images/painting_humanart_2000000003224.jpg,440,70
15747,images/coco_515289_crowd.jpg,557,92
15748,images/painting_humanart_1000000000211.jpg,270,48
15749,images/danbooru_anime_11921158.jpg,431,70
15750,images/coco_179374_crowd.jpg,446,74
15751,images/painting_humanart_9000000001003.jpg,298,45
15752,images/danbooru_anime_11920875.jpg,690,117
15753,images/painting_humanart_2000000001666.jpg,414,69
15754,images/painting_humanart_1000000004704.jpg,307,53
15755,images/painting_humanart_6000000000705.jpg,532,84
15756,images/coco_354572_428202.jpg,682,97
15757,images/painting_humanart_2000000000250.jpg,371,61
15758,images/painting_humanart_2000000002586.jpg,327,51
15759,images/painting_humanart_1000000002181.jpg,400,65
15760,images/real_human_humanart_17000000000776.jpg,707,107
15761,images/real_human_humanart_15000000001527.jpg,726,106
15762,images/sculpture_humanart_14000000000934.jpg,687,109
15763,images/sculpture_humanart_14000000004318.jpg,443,67
15764,images/painting_humanart_10000000004302.jpg,468,69
15765,images/painting_humanart_6000000000201.jpg,588,91
15766,images/real_human_humanart_15000000000537.jpg,525,77
15767,images/painting_humanart_6000000001091.jpg,537,90
15768,images/sculpture_humanart_14000000001039.jpg,387,62
15769,images/danbooru_anime_11921061.jpg,601,102
15770,images/coco_317254_209381.jpg,316,52
15771,images/coco_132024_428695.jpg,293,48
15772,images/danbooru_anime_11917129.jpg,369,58
15773,images/danbooru_anime_11921091.jpg,457,75
15774,images/danbooru_anime_11921280.jpg,381,62
15775,images/real_human_humanart_15000000000097.jpg,530,80
15776,images/coco_99341_crowd.jpg,483,82
15777,images/painting_humanart_10000000001631.jpg,457,72
15778,images/painting_humanart_1000000007892.jpg,218,37
15779,images/painting_humanart_2000000003005.jpg,499,81
15780,images/painting_humanart_9000000001286.jpg,486,80
15781,images/real_human_humanart_17000000001728.jpg,784,122
15782,images/painting_humanart_2000000000712.jpg,500,81
15783,images/coco_21613_513926.jpg,346,57
15784,images/real_human_humanart_15000000001490.jpg,564,91
15785,images/coco_485917_1710002.jpg,343,56
15786,images/sculpture_humanart_14000000000609.jpg,668,99
15787,images/coco_141197_439314.jpg,368,60
15788,images/coco_364031_193165.jpg,560,90
15789,images/real_human_humanart_17000000000796.jpg,416,65
15790,images/coco_440284_crowd.jpg,267,38
15791,images/painting_humanart_2000000003240.jpg,508,75
15792,images/painting_humanart_10000000003622.jpg,474,72
15793,images/painting_humanart_10000000005435.jpg,340,53
15794,images/painting_humanart_9000000000575.jpg,314,48
15795,images/painting_humanart_9000000002297.jpg,769,122
15796,images/coco_297314_crowd.jpg,396,67
15797,images/real_human_humanart_15000000001403.jpg,574,89
15798,images/painting_humanart_9000000000242.jpg,493,74
15799,images/painting_humanart_10000000005728.jpg,502,81
15800,images/sculpture_humanart_14000000001563.jpg,411,59
15801,images/real_human_humanart_17000000001106.jpg,649,99
15802,images/danbooru_anime_11921308.jpg,353,55
15803,images/coco_137586_187271.jpg,543,94
15804,images/sculpture_humanart_14000000004174.jpg,1009,144
15805,images/coco_163543_490545.jpg,477,75
15806,images/real_human_humanart_15000000000466.jpg,628,93
15807,images/danbooru_anime_11910528.jpg,278,42
15808,images/painting_humanart_6000000001754.jpg,497,78
15809,images/painting_humanart_9000000000890.jpg,350,57
15810,images/real_human_humanart_15000000001583.jpg,211,31
15811,images/coco_482160_480338.jpg,587,96
15812,images/real_human_humanart_17000000001477.jpg,621,96
15813,images/danbooru_anime_11915583.jpg,513,78
15814,images/coco_474119_488380.jpg,469,77
15815,images/coco_170640_196235.jpg,491,79
15816,images/danbooru_anime_11899878.jpg,499,73
15817,images/coco_521689_crowd.jpg,333,59
15818,images/painting_humanart_1000000000030.jpg,387,63
15819,images/coco_62060_crowd.jpg,308,50
15820,images/danbooru_anime_11900272.jpg,518,80
15821,images/painting_humanart_1000000002419.jpg,338,50
15822,images/painting_humanart_10000000000554.jpg,364,56
15823,images/coco_212288_438370.jpg,417,69
15824,images/painting_humanart_10000000000982.jpg,444,68
15825,images/coco_368402_476223.jpg,521,81
15826,images/real_human_humanart_17000000001469.jpg,623,95
15827,images/danbooru_anime_11907857.jpg,335,51
15828,images/real_human_humanart_17000000000256.jpg,611,97
15829,images/painting_humanart_10000000003794.jpg,526,80
15830,images/sculpture_humanart_14000000001975.jpg,725,113
15831,images/coco_122135_crowd.jpg,504,89
15832,images/real_human_humanart_17000000000923.jpg,677,105
15833,images/real_human_humanart_17000000001901.jpg,533,79
15834,images/coco_436218_444505.jpg,535,87
15835,images/painting_humanart_10000000002729.jpg,437,67
15836,images/sculpture_humanart_14000000003890.jpg,662,103
15837,images/coco_4275_495497.jpg,409,64
15838,images/painting_humanart_1000000004260.jpg,589,98
15839,images/real_human_humanart_17000000000781.jpg,569,94
15840,images/sculpture_humanart_14000000003935.jpg,626,97
15841,images/danbooru_anime_11919150.jpg,333,54
15842,images/coco_493196_crowd.jpg,422,77
15843,images/painting_humanart_9000000002464.jpg,440,64
15844,images/coco_351868_crowd.jpg,832,140
15845,images/danbooru_anime_11921412.jpg,496,75
15846,images/coco_515751_433496.jpg,336,57
15847,images/real_human_humanart_15000000001858.jpg,749,109
15848,images/painting_humanart_1000000004782.jpg,474,70
15849,images/real_human_humanart_15000000001738.jpg,834,134
15850,images/painting_humanart_9000000000781.jpg,301,48
15851,images/coco_553353_505405.jpg,508,77
15852,images/real_human_humanart_17000000001571.jpg,753,114
15853,images/sculpture_humanart_14000000001506.jpg,676,102
15854,images/danbooru_anime_11901392.jpg,501,77
15855,images/real_human_humanart_15000000002476.jpg,818,116
15856,images/painting_humanart_10000000006497.jpg,588,90
15857,images/painting_humanart_6000000001205.jpg,513,78
15858,images/coco_50752_425603.jpg,682,104
15859,images/danbooru_anime_11920401.jpg,395,62
15860,images/real_human_humanart_15000000002455.jpg,486,68
15861,images/sculpture_humanart_14000000004369.jpg,615,95
15862,images/painting_humanart_2000000002851.jpg,678,107
15863,images/real_human_humanart_15000000000695.jpg,691,107
15864,images/coco_347170_476505.jpg,367,65
15865,images/real_human_humanart_15000000001076.jpg,558,94
15866,images/coco_537211_202461.jpg,663,108
15867,images/real_human_humanart_17000000002433.jpg,669,111
15868,images/painting_humanart_10000000001312.jpg,259,41
15869,images/painting_humanart_1000000007830.jpg,318,49
15870,images/painting_humanart_1000000002564.jpg,482,77
15871,images/painting_humanart_10000000000183.jpg,471,79
15872,images/real_human_humanart_15000000000144.jpg,649,94
15873,images/danbooru_anime_11918068.jpg,491,73
15874,images/painting_humanart_9000000002667.jpg,428,66
15875,images/painting_humanart_10000000004758.jpg,318,53
15876,images/painting_humanart_10000000002930.jpg,150,22
15877,images/painting_humanart_2000000001516.jpg,500,76
15878,images/sculpture_humanart_14000000000137.jpg,289,44
15879,images/painting_humanart_6000000003176.jpg,364,56
15880,images/danbooru_anime_11902431.jpg,412,66
15881,images/coco_362369_466930.jpg,451,76
15882,images/sculpture_humanart_14000000000055.jpg,719,101
15883,images/real_human_humanart_17000000000740.jpg,667,106
15884,images/painting_humanart_10000000005433.jpg,309,50
15885,images/real_human_humanart_15000000000298.jpg,581,89
15886,images/sculpture_humanart_14000000003819.jpg,617,99
15887,images/real_human_humanart_17000000002417.jpg,744,124
15888,images/danbooru_anime_11916614.jpg,754,109
15889,images/danbooru_anime_11921044.jpg,520,73
15890,images/painting_humanart_2000000000141.jpg,558,86
15891,images/coco_172952_crowd.jpg,580,99
15892,images/painting_humanart_10000000003645.jpg,596,87
15893,images/real_human_humanart_15000000000287.jpg,830,136
15894,images/painting_humanart_9000000001951.jpg,377,54
15895,images/painting_humanart_9000000002065.jpg,597,94
15896,images/danbooru_anime_11921419.jpg,683,115
15897,images/painting_humanart_2000000003065.jpg,704,108
15898,images/painting_humanart_1000000000323.jpg,319,52
15899,images/real_human_humanart_17000000002511.jpg,589,86
15900,images/coco_254164_504305.jpg,434,69
15901,images/painting_humanart_9000000001025.jpg,562,85
15902,images/painting_humanart_6000000003080.jpg,592,96
15903,images/danbooru_anime_11903353.jpg,603,90
15904,images/painting_humanart_10000000000893.jpg,377,59
15905,images/coco_383322_crowd.jpg,330,55
15906,images/sculpture_humanart_14000000003907.jpg,517,83
15907,images/painting_humanart_9000000001073.jpg,493,78
15908,images/coco_265066_422394.jpg,367,58
15909,images/real_human_humanart_17000000000713.jpg,737,113
15910,images/real_human_humanart_15000000000901.jpg,699,107
15911,images/painting_humanart_6000000000299.jpg,436,74
15912,images/painting_humanart_9000000002732.jpg,540,82
15913,images/painting_humanart_9000000000143.jpg,382,61
15914,images/real_human_humanart_15000000001407.jpg,555,87
15915,images/coco_401429_442655.jpg,286,50
15916,images/coco_384834_204932.jpg,387,66
15917,images/coco_433279_crowd.jpg,405,65
15918,images/painting_humanart_10000000000037.jpg,364,54
15919,images/painting_humanart_2000000002602.jpg,528,83
15920,images/coco_416746_crowd.jpg,470,85
15921,images/painting_humanart_2000000003332.jpg,349,47
15922,images/painting_humanart_9000000002577.jpg,463,67
15923,images/sculpture_humanart_14000000004169.jpg,899,141
15924,images/danbooru_anime_11910348.jpg,446,72
15925,images/sculpture_humanart_14000000000975.jpg,594,95
15926,images/coco_163782_crowd.jpg,566,85
15927,images/painting_humanart_1000000007422.jpg,265,44
15928,images/sculpture_humanart_14000000004121.jpg,457,72
15929,images/painting_humanart_9000000001630.jpg,398,65
15930,images/real_human_humanart_15000000001493.jpg,599,93
15931,images/painting_humanart_2000000000378.jpg,517,83
15932,images/painting_humanart_9000000002726.jpg,728,118
15933,images/painting_humanart_1000000003188.jpg,308,49
15934,images/sculpture_humanart_14000000001525.jpg,508,73
15935,images/real_human_humanart_15000000000388.jpg,608,98
15936,images/real_human_humanart_15000000001702.jpg,455,70
15937,images/danbooru_anime_11917404.jpg,460,76
15938,images/coco_238691_crowd.jpg,452,68
15939,images/sculpture_humanart_14000000003873.jpg,750,116
15940,images/coco_130773_465703.jpg,375,67
15941,images/coco_397101_224183.jpg,427,72
15942,images/coco_373785_464140.jpg,295,48
15943,images/painting_humanart_1000000000915.jpg,324,52
15944,images/painting_humanart_9000000002571.jpg,587,94
15945,images/real_human_humanart_17000000001929.jpg,550,87
15946,images/danbooru_anime_11909576.jpg,255,37
15947,images/coco_179960_crowd.jpg,652,114
15948,images/real_human_humanart_17000000002029.jpg,601,97
15949,images/sculpture_humanart_14000000001657.jpg,608,90
15950,images/danbooru_anime_11916648.jpg,628,92
15951,images/danbooru_anime_11903730.jpg,426,65
15952,images/coco_268059_436232.jpg,693,112
15953,images/sculpture_humanart_14000000000727.jpg,600,93
15954,images/painting_humanart_1000000003266.jpg,568,90
15955,images/painting_humanart_10000000001649.jpg,351,58
15956,images/painting_humanart_6000000002791.jpg,632,105
15957,images/painting_humanart_6000000001471.jpg,532,89
15958,images/coco_306412_451219.jpg,370,61
15959,images/painting_humanart_1000000007365.jpg,536,92
15960,images/real_human_humanart_17000000000979.jpg,479,69
15961,images/painting_humanart_6000000003531.jpg,329,54
15962,images/sculpture_humanart_14000000001346.jpg,671,98
15963,images/sculpture_humanart_14000000003765.jpg,530,81
15964,images/real_human_humanart_15000000001349.jpg,681,101
15965,images/painting_humanart_9000000000485.jpg,459,81
15966,images/painting_humanart_6000000002779.jpg,578,92
15967,images/coco_444913_440282.jpg,239,43
15968,images/real_human_humanart_15000000000994.jpg,656,94
15969,images/danbooru_anime_11912609.jpg,649,105
15970,images/real_human_humanart_15000000000475.jpg,679,107
15971,images/painting_humanart_6000000001316.jpg,511,88
15972,images/painting_humanart_10000000000036.jpg,330,48
15973,images/painting_humanart_2000000001092.jpg,556,87
15974,images/sculpture_humanart_14000000004234.jpg,601,97
15975,images/coco_314154_424051.jpg,377,61
15976,images/real_human_humanart_17000000001665.jpg,369,56
15977,images/painting_humanart_9000000000687.jpg,281,48
15978,images/painting_humanart_2000000002524.jpg,365,56
15979,images/coco_457249_crowd.jpg,384,68
15980,images/painting_humanart_10000000000452.jpg,152,22
15981,images/painting_humanart_6000000002409.jpg,521,80
15982,images/painting_humanart_9000000000320.jpg,585,91
15983,images/sculpture_humanart_14000000001595.jpg,537,83
15984,images/real_human_humanart_17000000002471.jpg,537,80
15985,images/danbooru_anime_11916563.jpg,700,112
15986,images/danbooru_anime_11907629.jpg,238,37
15987,images/real_human_humanart_17000000001088.jpg,560,91
15988,images/coco_329008_crowd.jpg,335,57
15989,images/painting_humanart_6000000002454.jpg,515,82
15990,images/painting_humanart_2000000002012.jpg,645,97
15991,images/coco_544278_crowd.jpg,583,92
15992,images/danbooru_anime_11910952.jpg,485,78
15993,images/coco_535668_crowd.jpg,373,66
15994,images/real_human_humanart_15000000002459.jpg,541,83
15995,images/painting_humanart_2000000002797.jpg,329,39
15996,images/real_human_humanart_17000000000805.jpg,645,101
15997,images/real_human_humanart_17000000002386.jpg,823,132
15998,images/painting_humanart_6000000002131.jpg,467,74
15999,images/real_human_humanart_15000000001871.jpg,673,103
16000,images/painting_humanart_9000000001165.jpg,479,71
16001,images/danbooru_anime_11920286.jpg,513,79
16002,images/danbooru_anime_11921446.jpg,399,64
16003,images/painting_humanart_10000000000308.jpg,483,76
16004,images/painting_humanart_6000000003178.jpg,598,96
16005,images/painting_humanart_2000000001062.jpg,376,62
16006,images/coco_501762_453951.jpg,435,78
16007,images/danbooru_anime_11912002.jpg,612,102
16008,images/coco_335579_195489.jpg,397,65
16009,images/danbooru_anime_11910589.jpg,568,85
16010,images/painting_humanart_6000000001561.jpg,536,84
16011,images/sculpture_humanart_14000000004474.jpg,737,112
16012,images/real_human_humanart_15000000000418.jpg,438,67
16013,images/coco_302842_426715.jpg,342,65
16014,images/painting_humanart_2000000002629.jpg,481,74
16015,images/painting_humanart_6000000003196.jpg,276,46
16016,images/danbooru_anime_11910161.jpg,611,97
16017,images/real_human_humanart_15000000000051.jpg,591,88
16018,images/painting_humanart_10000000000852.jpg,226,37
16019,images/painting_humanart_10000000000327.jpg,540,85
16020,images/danbooru_anime_11917853.jpg,377,60
16021,images/real_human_humanart_17000000001120.jpg,568,92
16022,images/danbooru_anime_11900543.jpg,387,59
16023,images/danbooru_anime_11903442.jpg,545,84
16024,images/coco_263223_2198140.jpg,418,65
16025,images/painting_humanart_2000000003039.jpg,568,87
16026,images/painting_humanart_1000000006450.jpg,413,73
16027,images/painting_humanart_1000000006659.jpg,290,48
16028,images/painting_humanart_10000000002860.jpg,277,44
16029,images/painting_humanart_10000000002751.jpg,504,72
16030,images/painting_humanart_9000000000641.jpg,328,54
16031,images/danbooru_anime_11920503.jpg,558,89
16032,images/coco_10014_crowd.jpg,465,79
16033,images/coco_400886_432106.jpg,269,45
16034,images/painting_humanart_6000000001481.jpg,364,59
16035,images/sculpture_humanart_14000000003787.jpg,486,75
16036,images/coco_57508_423457.jpg,277,43
16037,images/painting_humanart_9000000000870.jpg,507,72
16038,images/danbooru_anime_11909287.jpg,840,132
16039,images/real_human_humanart_15000000001538.jpg,561,86
16040,images/real_human_humanart_17000000000613.jpg,667,104
16041,images/real_human_humanart_15000000000939.jpg,305,53
16042,images/coco_207437_crowd.jpg,241,40
16043,images/painting_humanart_10000000003743.jpg,383,63
16044,images/coco_258209_1755329.jpg,267,48
16045,images/real_human_humanart_17000000002200.jpg,768,108
16046,images/coco_41638_555577.jpg,316,52
16047,images/painting_humanart_1000000002356.jpg,349,55
16048,images/painting_humanart_10000000006039.jpg,453,65
16049,images/sculpture_humanart_14000000004168.jpg,741,107
16050,images/danbooru_anime_11915004.jpg,336,52
16051,images/coco_7333_456211.jpg,352,61
16052,images/painting_humanart_6000000001871.jpg,411,69
16053,images/painting_humanart_2000000001557.jpg,528,86
16054,images/real_human_humanart_15000000000916.jpg,500,76
16055,images/real_human_humanart_17000000000881.jpg,774,120
16056,images/painting_humanart_1000000000368.jpg,375,57
16057,images/coco_279824_192005.jpg,314,55
16058,images/real_human_humanart_17000000000521.jpg,649,101
16059,images/painting_humanart_9000000001639.jpg,374,67
16060,images/real_human_humanart_15000000000480.jpg,764,117
16061,images/real_human_humanart_17000000002110.jpg,833,139
16062,images/painting_humanart_2000000000937.jpg,543,87
16063,images/painting_humanart_2000000001917.jpg,419,66
16064,images/painting_humanart_10000000004839.jpg,564,85
16065,images/painting_humanart_10000000000261.jpg,305,51
16066,images/painting_humanart_1000000003115.jpg,427,67
16067,images/painting_humanart_2000000002495.jpg,453,71
16068,images/sculpture_humanart_14000000004378.jpg,610,102
16069,images/coco_284341_440358.jpg,297,50
16070,images/real_human_humanart_15000000001993.jpg,645,100
16071,images/sculpture_humanart_14000000000264.jpg,640,92
16072,images/sculpture_humanart_14000000000504.jpg,586,91
16073,images/painting_humanart_6000000001396.jpg,445,75
16074,images/coco_156889_crowd.jpg,563,94
16075,images/danbooru_anime_11921304.jpg,556,90
16076,images/real_human_humanart_15000000001417.jpg,777,125
16077,images/sculpture_humanart_14000000002126.jpg,510,77
16078,images/coco_433547_crowd.jpg,501,84
16079,images/coco_544272_186035.jpg,337,55
16080,images/painting_humanart_10000000003857.jpg,312,52
16081,images/painting_humanart_1000000000476.jpg,337,54
16082,images/danbooru_anime_11916554.jpg,532,79
16083,images/coco_478356_491322.jpg,453,69
16084,images/painting_humanart_1000000003133.jpg,296,50
16085,images/danbooru_anime_11907041.jpg,388,60
16086,images/coco_449895_455231.jpg,416,60
16087,images/painting_humanart_2000000002400.jpg,606,89
16088,images/danbooru_anime_11919001.jpg,561,91
16089,images/real_human_humanart_15000000000590.jpg,609,89
16090,images/danbooru_anime_11917089.jpg,527,84
16091,images/painting_humanart_6000000000660.jpg,433,71
16092,images/painting_humanart_10000000003053.jpg,471,71
16093,images/painting_humanart_10000000005425.jpg,594,97
16094,images/coco_459103_crowd.jpg,479,80
16095,images/painting_humanart_10000000002875.jpg,535,91
16096,images/coco_225945_crowd.jpg,399,64
16097,images/danbooru_anime_11915726.jpg,720,117
16098,images/sculpture_humanart_14000000004227.jpg,381,54
16099,images/sculpture_humanart_14000000000002.jpg,720,110
16100,images/real_human_humanart_15000000002246.jpg,622,97
16101,images/danbooru_anime_11914188.jpg,720,115
16102,images/painting_humanart_6000000000288.jpg,650,107
16103,images/painting_humanart_6000000000901.jpg,409,64
16104,images/painting_humanart_6000000001290.jpg,269,42
16105,images/painting_humanart_2000000001302.jpg,592,99
16106,images/real_human_humanart_17000000000188.jpg,481,74
16107,images/real_human_humanart_17000000001296.jpg,696,104
16108,images/painting_humanart_6000000003312.jpg,616,107
16109,images/painting_humanart_10000000003643.jpg,400,65
16110,images/painting_humanart_2000000001891.jpg,466,65
16111,images/sculpture_humanart_14000000004526.jpg,518,77
16112,images/painting_humanart_2000000001278.jpg,594,92
16113,images/sculpture_humanart_14000000000997.jpg,552,78
16114,images/painting_humanart_1000000000495.jpg,325,53
16115,images/painting_humanart_1000000001644.jpg,504,79
16116,images/painting_humanart_6000000000461.jpg,535,89
16117,images/real_human_humanart_15000000000017.jpg,638,97
16118,images/real_human_humanart_17000000002031.jpg,481,75
16119,images/coco_178283_438561.jpg,226,36
16120,images/coco_487698_1244901.jpg,477,82
16121,images/painting_humanart_6000000002068.jpg,504,73
16122,images/painting_humanart_9000000002303.jpg,685,113
16123,images/sculpture_humanart_14000000004499.jpg,730,107
16124,images/coco_464906_1241729.jpg,610,101
16125,images/painting_humanart_2000000002786.jpg,510,73
16126,images/coco_155466_crowd.jpg,227,36
16127,images/coco_330205_471669.jpg,370,61
16128,images/danbooru_anime_11920075.jpg,429,67
16129,images/coco_43625_492214.jpg,256,48
16130,images/coco_84097_514340.jpg,367,58
16131,images/coco_330736_crowd.jpg,433,71
16132,images/coco_189267_497826.jpg,349,50
16133,images/real_human_humanart_15000000001037.jpg,611,92
16134,images/painting_humanart_6000000001427.jpg,457,77
16135,images/real_human_humanart_15000000001124.jpg,763,125
16136,images/real_human_humanart_17000000002209.jpg,591,101
16137,images/painting_humanart_9000000001291.jpg,368,55
16138,images/danbooru_anime_11907348.jpg,559,91
16139,images/danbooru_anime_11907909.jpg,533,80
16140,images/real_human_humanart_15000000000098.jpg,724,104
16141,images/real_human_humanart_17000000000797.jpg,885,142
16142,images/sculpture_humanart_14000000004300.jpg,688,107
16143,images/painting_humanart_1000000003476.jpg,421,66
16144,images/painting_humanart_1000000008536.jpg,287,45
16145,images/coco_134386_crowd.jpg,311,50
16146,images/painting_humanart_6000000000765.jpg,551,89
16147,images/painting_humanart_1000000003541.jpg,375,60
16148,images/coco_342770_2162149.jpg,357,60
16149,images/coco_103747_426229.jpg,306,47
16150,images/real_human_humanart_15000000000172.jpg,500,84
16151,images/danbooru_anime_11911051.jpg,447,74
16152,images/coco_63563_2228889.jpg,273,44
16153,images/danbooru_anime_11910030.jpg,551,85
16154,images/painting_humanart_9000000001873.jpg,466,70
16155,images/danbooru_anime_11916562.jpg,667,108
16156,images/real_human_humanart_15000000002395.jpg,588,95
16157,images/painting_humanart_10000000000531.jpg,404,64
16158,images/coco_520237_crowd.jpg,449,77
16159,images/painting_humanart_1000000006603.jpg,349,57
16160,images/painting_humanart_10000000000642.jpg,244,38
16161,images/painting_humanart_2000000002288.jpg,452,71
16162,images/painting_humanart_10000000002611.jpg,241,38
16163,images/danbooru_anime_11920793.jpg,533,81
16164,images/coco_154254_1724964.jpg,377,67
16165,images/real_human_humanart_15000000001703.jpg,553,85
16166,images/painting_humanart_10000000002689.jpg,414,66
16167,images/coco_248069_433569.jpg,407,68
16168,images/danbooru_anime_11903798.jpg,532,88
16169,images/real_human_humanart_17000000001172.jpg,598,87
16170,images/painting_humanart_9000000000042.jpg,799,122
16171,images/sculpture_humanart_14000000001373.jpg,438,65
16172,images/painting_humanart_10000000004616.jpg,530,86
16173,images/painting_humanart_6000000000002.jpg,588,94
16174,images/real_human_humanart_17000000001928.jpg,389,65
16175,images/real_human_humanart_15000000000696.jpg,680,97
16176,images/coco_132719_430915.jpg,323,53
16177,images/danbooru_anime_11913893.jpg,219,36
16178,images/real_human_humanart_17000000002432.jpg,633,90
16179,images/coco_75595_446222.jpg,342,54
16180,images/painting_humanart_10000000000775.jpg,329,49
16181,images/coco_320396_207138.jpg,287,48
16182,images/danbooru_anime_11921249.jpg,594,102
16183,images/painting_humanart_10000000001211.jpg,401,66
16184,images/painting_humanart_6000000001159.jpg,535,87
16185,images/painting_humanart_9000000000706.jpg,501,75
16186,images/painting_humanart_10000000000757.jpg,368,55
16187,images/painting_humanart_2000000001616.jpg,642,98
16188,images/painting_humanart_10000000002112.jpg,293,46
16189,images/painting_humanart_2000000001697.jpg,388,65
16190,images/sculpture_humanart_14000000002074.jpg,748,111
16191,images/sculpture_humanart_14000000004299.jpg,464,71
16192,images/coco_133690_189310.jpg,462,81
16193,images/real_human_humanart_17000000001215.jpg,315,45
16194,images/painting_humanart_10000000004585.jpg,447,75
16195,images/sculpture_humanart_14000000001715.jpg,445,66
16196,images/painting_humanart_10000000002656.jpg,347,55
16197,images/coco_424641_crowd.jpg,338,60
16198,images/sculpture_humanart_14000000001566.jpg,730,103
16199,images/real_human_humanart_15000000002181.jpg,282,43
16200,images/painting_humanart_10000000000573.jpg,309,48
16201,images/sculpture_humanart_14000000004107.jpg,660,102
16202,images/danbooru_anime_11906323.jpg,280,44
16203,images/real_human_humanart_15000000000828.jpg,674,105
16204,images/painting_humanart_6000000002698.jpg,542,93
16205,images/real_human_humanart_15000000001456.jpg,534,87
16206,images/painting_humanart_2000000001089.jpg,673,118
16207,images/painting_humanart_1000000002228.jpg,507,81
16208,images/coco_62109_crowd.jpg,251,36
16209,images/sculpture_humanart_14000000003641.jpg,537,83
16210,images/painting_humanart_2000000000100.jpg,565,85
16211,images/painting_humanart_10000000000139.jpg,446,70
16212,images/coco_157370_443058.jpg,266,44
16213,images/coco_543218_436661.jpg,519,82
16214,images/sculpture_humanart_14000000004531.jpg,757,113
16215,images/painting_humanart_9000000001913.jpg,439,67
16216,images/painting_humanart_1000000001873.jpg,335,54
16217,images/coco_471858_201132.jpg,291,48
16218,images/coco_399991_424516.jpg,287,47
16219,images/danbooru_anime_11912683.jpg,295,45
16220,images/danbooru_anime_11921250.jpg,291,45
16221,images/danbooru_anime_11920087.jpg,504,78
16222,images/painting_humanart_9000000002497.jpg,317,48
16223,images/sculpture_humanart_14000000001519.jpg,564,79
16224,images/painting_humanart_9000000002611.jpg,488,75
16225,images/coco_504747_535375.jpg,417,72
16226,images/sculpture_humanart_14000000004308.jpg,673,101
16227,images/danbooru_anime_11917123.jpg,499,81
16228,images/sculpture_humanart_14000000004529.jpg,792,118
16229,images/coco_574769_201078.jpg,390,68
16230,images/coco_92543_444921.jpg,417,67
16231,images/painting_humanart_2000000002688.jpg,669,110
16232,images/sculpture_humanart_14000000000613.jpg,501,80
16233,images/painting_humanart_10000000000520.jpg,518,76
16234,images/coco_93493_2164458.jpg,309,47
16235,images/coco_561780_crowd.jpg,543,83
16236,images/danbooru_anime_11916671.jpg,472,66
16237,images/painting_humanart_6000000002632.jpg,315,49
16238,images/painting_humanart_1000000007561.jpg,458,77
16239,images/sculpture_humanart_14000000003651.jpg,439,67
16240,images/painting_humanart_2000000002456.jpg,378,57
16241,images/painting_humanart_6000000003181.jpg,523,85
16242,images/painting_humanart_6000000003174.jpg,672,106
16243,images/danbooru_anime_11917816.jpg,371,62
16244,images/coco_500657_190657.jpg,327,54
16245,images/painting_humanart_10000000002177.jpg,567,87
16246,images/danbooru_anime_11909117.jpg,281,49
16247,images/coco_359066_201060.jpg,413,69
16248,images/painting_humanart_1000000003986.jpg,440,74
16249,images/painting_humanart_9000000002153.jpg,480,83
16250,images/coco_465986_1707746.jpg,395,64
16251,images/danbooru_anime_11919129.jpg,406,66
16252,images/painting_humanart_10000000000961.jpg,534,79
16253,images/painting_humanart_10000000003032.jpg,592,90
16254,images/painting_humanart_2000000002930.jpg,606,98
16255,images/sculpture_humanart_14000000003741.jpg,597,92
16256,images/painting_humanart_10000000001683.jpg,382,63
16257,images/painting_humanart_6000000002397.jpg,561,96
16258,images/sculpture_humanart_14000000001455.jpg,332,49
16259,images/danbooru_anime_11919178.jpg,554,87
16260,images/coco_476552_crowd.jpg,298,47
16261,images/painting_humanart_6000000002967.jpg,476,79
16262,images/coco_345937_220014.jpg,513,86
16263,images/painting_humanart_2000000003329.jpg,350,52
16264,images/sculpture_humanart_14000000001841.jpg,660,98
16265,images/coco_13867_2156543.jpg,382,62
16266,images/coco_283203_1727244.jpg,409,61
16267,images/coco_314193_429579.jpg,398,66
16268,images/real_human_humanart_17000000000219.jpg,716,101
16269,images/coco_549297_crowd.jpg,520,83
16270,images/painting_humanart_2000000002568.jpg,299,52
16271,images/sculpture_humanart_14000000003943.jpg,613,94
16272,images/real_human_humanart_17000000001759.jpg,776,118
16273,images/real_human_humanart_15000000000113.jpg,583,84
16274,images/danbooru_anime_11913994.jpg,479,77
16275,images/painting_humanart_9000000001092.jpg,420,68
16276,images/danbooru_anime_11916424.jpg,553,90
16277,images/danbooru_anime_11901718.jpg,580,91
16278,images/coco_361055_2156485.jpg,231,40
16279,images/danbooru_anime_11909703.jpg,458,77
16280,images/painting_humanart_10000000003999.jpg,784,131
16281,images/painting_humanart_10000000001370.jpg,535,85
16282,images/painting_humanart_10000000000022.jpg,437,64
16283,images/coco_258132_crowd.jpg,294,45
16284,images/painting_humanart_1000000008434.jpg,478,76
16285,images/painting_humanart_9000000001887.jpg,762,113
16286,images/coco_171443_444580.jpg,432,70
16287,images/sculpture_humanart_14000000001799.jpg,675,101
16288,images/sculpture_humanart_14000000000041.jpg,470,69
16289,images/painting_humanart_6000000000762.jpg,311,51
16290,images/painting_humanart_9000000001705.jpg,536,78
16291,images/coco_273230_476778.jpg,365,59
16292,images/coco_215845_crowd.jpg,385,59
16293,images/painting_humanart_10000000000652.jpg,253,43
16294,images/painting_humanart_6000000002158.jpg,274,43
16295,images/painting_humanart_2000000001367.jpg,569,108
16296,images/coco_325736_480141.jpg,262,43
16297,images/real_human_humanart_15000000002381.jpg,738,116
16298,images/coco_106046_443527.jpg,427,70
16299,images/coco_168775_196173.jpg,469,80
16300,images/danbooru_anime_11907349.jpg,435,64
16301,images/danbooru_anime_11909969.jpg,680,108
16302,images/real_human_humanart_17000000001228.jpg,651,104
16303,images/danbooru_anime_11916643.jpg,615,99
16304,images/painting_humanart_9000000002425.jpg,354,58
16305,images/painting_humanart_9000000000479.jpg,384,57
16306,images/danbooru_anime_11919120.jpg,505,79
16307,images/coco_198120_crowd.jpg,417,63
16308,images/coco_282658_crowd.jpg,374,63
16309,images/danbooru_anime_11919470.jpg,421,67
16310,images/painting_humanart_9000000000157.jpg,303,47
16311,images/real_human_humanart_15000000001360.jpg,684,109
16312,images/painting_humanart_6000000002180.jpg,340,60
16313,images/sculpture_humanart_14000000003904.jpg,556,90
16314,images/painting_humanart_2000000003009.jpg,513,76
16315,images/coco_574672_crowd.jpg,254,43
16316,images/painting_humanart_2000000001018.jpg,429,72
16317,images/painting_humanart_6000000001273.jpg,351,59
16318,images/painting_humanart_6000000003013.jpg,708,117
16319,images/painting_humanart_2000000003181.jpg,511,78
16320,images/painting_humanart_6000000000134.jpg,367,61
16321,images/real_human_humanart_15000000001114.jpg,561,91
16322,images/painting_humanart_9000000002612.jpg,327,51
16323,images/sculpture_humanart_14000000000150.jpg,373,57
16324,images/painting_humanart_2000000001175.jpg,529,78
16325,images/real_human_humanart_15000000001723.jpg,539,84
16326,images/painting_humanart_10000000002106.jpg,656,112
16327,images/real_human_humanart_15000000000851.jpg,753,111
16328,images/coco_369986_crowd.jpg,527,84
16329,images/painting_humanart_2000000001634.jpg,663,111
16330,images/danbooru_anime_11918568.jpg,584,97
16331,images/painting_humanart_9000000002432.jpg,336,54
16332,images/coco_480408_206461.jpg,183,32
16333,images/danbooru_anime_11902492.jpg,384,54
16334,images/painting_humanart_2000000001008.jpg,528,82
16335,images/real_human_humanart_15000000001727.jpg,664,108
16336,images/sculpture_humanart_14000000001730.jpg,636,96
16337,images/coco_273961_crowd.jpg,336,52
16338,images/real_human_humanart_15000000001767.jpg,670,102
16339,images/coco_301282_crowd.jpg,286,48
16340,images/painting_humanart_1000000000662.jpg,343,54
16341,images/painting_humanart_6000000002134.jpg,628,92
16342,images/coco_209602_1714798.jpg,316,52
16343,images/coco_158440_1205452.jpg,428,64
16344,images/painting_humanart_1000000003150.jpg,514,93
16345,images/painting_humanart_2000000001824.jpg,524,87
16346,images/coco_379841_1202908.jpg,381,57
16347,images/danbooru_anime_11907177.jpg,467,75
16348,images/danbooru_anime_11916287.jpg,387,60
16349,images/painting_humanart_2000000002726.jpg,606,88
16350,images/danbooru_anime_11921293.jpg,667,100
16351,images/sculpture_humanart_14000000004315.jpg,606,95
16352,images/coco_406729_421110.jpg,625,102
16353,images/painting_humanart_9000000001069.jpg,356,52
16354,images/real_human_humanart_17000000001064.jpg,632,96
16355,images/real_human_humanart_15000000002333.jpg,706,100
16356,images/painting_humanart_10000000001618.jpg,338,51
16357,images/painting_humanart_9000000002001.jpg,763,135
16358,images/real_human_humanart_17000000001751.jpg,660,117
16359,images/painting_humanart_6000000002536.jpg,433,73
16360,images/real_human_humanart_15000000002467.jpg,945,145
16361,images/danbooru_anime_11906634.jpg,596,100
16362,images/painting_humanart_10000000000892.jpg,381,58
16363,images/coco_124387_429580.jpg,321,50
16364,images/painting_humanart_6000000002776.jpg,694,107
16365,images/danbooru_anime_11912009.jpg,589,92
16366,images/painting_humanart_2000000001198.jpg,598,97
16367,images/painting_humanart_2000000001195.jpg,451,69
16368,images/real_human_humanart_17000000002171.jpg,507,77
16369,images/painting_humanart_2000000002163.jpg,516,84
16370,images/coco_163112_502363.jpg,459,80
16371,images/sculpture_humanart_14000000004541.jpg,746,114
16372,images/coco_206859_crowd.jpg,408,68
16373,images/real_human_humanart_15000000000963.jpg,545,87
16374,images/danbooru_anime_11900644.jpg,232,37
16375,images/painting_humanart_9000000001635.jpg,537,84
16376,images/painting_humanart_9000000001833.jpg,690,114
16377,images/coco_384461_463625.jpg,524,82
16378,images/painting_humanart_1000000000235.jpg,527,91
16379,images/coco_29727_450339.jpg,388,66
16380,images/coco_377155_425581.jpg,472,75
16381,images/real_human_humanart_15000000001418.jpg,570,86
16382,images/coco_153822_442463.jpg,396,59
16383,images/coco_108953_202629.jpg,339,57
16384,images/real_human_humanart_17000000001962.jpg,613,91
16385,images/danbooru_anime_11916978.jpg,689,113
16386,images/painting_humanart_9000000001954.jpg,518,83
16387,images/painting_humanart_1000000003410.jpg,592,90
16388,images/painting_humanart_6000000000313.jpg,513,83
16389,images/real_human_humanart_15000000001931.jpg,640,96
16390,images/painting_humanart_6000000000314.jpg,499,86
16391,images/coco_141887_459994.jpg,348,54
16392,images/real_human_humanart_15000000001423.jpg,805,114
16393,images/real_human_humanart_15000000000614.jpg,706,110
16394,images/real_human_humanart_17000000000821.jpg,876,133
16395,images/painting_humanart_6000000003164.jpg,612,94
16396,images/real_human_humanart_15000000001319.jpg,684,107
16397,images/painting_humanart_10000000004294.jpg,596,91
16398,images/real_human_humanart_17000000000722.jpg,531,81
16399,images/real_human_humanart_15000000002136.jpg,557,85
16400,images/painting_humanart_10000000002184.jpg,459,74
16401,images/coco_434689_crowd.jpg,416,64
16402,images/coco_523696_474363.jpg,435,72
16403,images/real_human_humanart_15000000002147.jpg,727,106
16404,images/sculpture_humanart_14000000004401.jpg,247,38
16405,images/painting_humanart_2000000002336.jpg,672,100
16406,images/painting_humanart_9000000002407.jpg,439,70
16407,images/painting_humanart_6000000001774.jpg,360,58
16408,images/painting_humanart_2000000000777.jpg,471,74
16409,images/danbooru_anime_11920253.jpg,506,93
16410,images/coco_9395_448683.jpg,364,58
16411,images/danbooru_anime_11917352.jpg,558,90
16412,images/painting_humanart_6000000001366.jpg,505,76
16413,images/coco_2014_crowd.jpg,336,55
16414,images/coco_526371_494908.jpg,596,95
16415,images/real_human_humanart_17000000000312.jpg,471,75
16416,images/sculpture_humanart_14000000000396.jpg,718,111
16417,images/coco_173245_1712261.jpg,420,68
16418,images/real_human_humanart_15000000001897.jpg,676,104
16419,images/real_human_humanart_15000000000753.jpg,461,79
16420,images/real_human_humanart_17000000002204.jpg,785,110
16421,images/coco_407274_427999.jpg,249,41
16422,images/coco_407532_2160520.jpg,516,82
16423,images/real_human_humanart_17000000001069.jpg,810,131
16424,images/painting_humanart_2000000002810.jpg,445,72
16425,images/coco_19444_crowd.jpg,596,100
16426,images/painting_humanart_10000000003121.jpg,353,54
16427,images/real_human_humanart_17000000000741.jpg,729,112
16428,images/coco_354539_crowd.jpg,392,66
16429,images/painting_humanart_9000000001181.jpg,442,70
16430,images/real_human_humanart_17000000000544.jpg,598,94
16431,images/real_human_humanart_17000000002068.jpg,747,108
16432,images/coco_273708_438572.jpg,567,94
16433,images/coco_373713_crowd.jpg,784,136
16434,images/real_human_humanart_15000000001646.jpg,715,102
16435,images/danbooru_anime_11920192.jpg,354,55
16436,images/coco_375063_1256613.jpg,462,76
16437,images/painting_humanart_1000000008562.jpg,642,93
16438,images/danbooru_anime_11908164.jpg,388,63
16439,images/coco_345389_1206844.jpg,361,58
16440,images/painting_humanart_6000000001585.jpg,671,111
16441,images/painting_humanart_10000000006072.jpg,502,80
16442,images/painting_humanart_9000000000939.jpg,753,119
16443,images/coco_118965_500691.jpg,473,80
16444,images/danbooru_anime_11919645.jpg,427,68
16445,images/coco_198004_crowd.jpg,365,58
16446,images/coco_245660_2160184.jpg,326,51
16447,images/danbooru_anime_11908014.jpg,619,98
16448,images/painting_humanart_1000000002352.jpg,370,65
16449,images/danbooru_anime_11919827.jpg,464,73
16450,images/danbooru_anime_11921253.jpg,765,130
16451,images/painting_humanart_2000000000945.jpg,695,112
16452,images/coco_138488_crowd.jpg,427,68
16453,images/sculpture_humanart_14000000003912.jpg,667,105
16454,images/sculpture_humanart_14000000001779.jpg,282,43
16455,images/painting_humanart_10000000005131.jpg,395,61
16456,images/painting_humanart_10000000002353.jpg,604,89
16457,images/painting_humanart_10000000000965.jpg,383,62
16458,images/sculpture_humanart_14000000003780.jpg,569,85
16459,images/painting_humanart_10000000000886.jpg,457,70
16460,images/danbooru_anime_11920296.jpg,431,66
16461,images/painting_humanart_1000000001040.jpg,436,69
16462,images/painting_humanart_6000000002624.jpg,444,73
16463,images/sculpture_humanart_14000000004262.jpg,664,103
16464,images/coco_231402_crowd.jpg,419,65
16465,images/sculpture_humanart_14000000003681.jpg,744,111
16466,images/coco_302958_446464.jpg,327,52
16467,images/real_human_humanart_17000000000896.jpg,777,127
16468,images/danbooru_anime_11920730.jpg,482,77
16469,images/painting_humanart_10000000000113.jpg,549,80
16470,images/painting_humanart_2000000000841.jpg,577,89
16471,images/real_human_humanart_15000000000589.jpg,327,50
16472,images/coco_277945_crowd.jpg,438,72
16473,images/painting_humanart_9000000000977.jpg,280,44
16474,images/painting_humanart_9000000001513.jpg,306,49
16475,images/coco_369840_crowd.jpg,388,63
16476,images/painting_humanart_9000000001221.jpg,441,61
16477,images/painting_humanart_10000000005708.jpg,540,81
16478,images/real_human_humanart_17000000000367.jpg,734,119
16479,images/real_human_humanart_17000000000305.jpg,562,86
16480,images/painting_humanart_10000000002543.jpg,462,71
16481,images/painting_humanart_9000000001708.jpg,492,78
16482,images/coco_437609_193169.jpg,308,52
16483,images/painting_humanart_2000000001120.jpg,542,85
16484,images/real_human_humanart_15000000001062.jpg,515,76
16485,images/sculpture_humanart_14000000000319.jpg,640,100
16486,images/coco_173704_473740.jpg,519,85
16487,images/sculpture_humanart_14000000003852.jpg,525,82
16488,images/danbooru_anime_11916641.jpg,382,61
16489,images/real_human_humanart_15000000001558.jpg,405,64
16490,images/painting_humanart_9000000001738.jpg,422,64
16491,images/real_human_humanart_17000000000830.jpg,636,101
16492,images/real_human_humanart_15000000000125.jpg,499,74
16493,images/danbooru_anime_11919223.jpg,270,42
16494,images/painting_humanart_10000000005465.jpg,492,80
16495,images/coco_77821_467296.jpg,295,48
16496,images/coco_511469_crowd.jpg,336,54
16497,images/sculpture_humanart_14000000000653.jpg,300,49
16498,images/painting_humanart_2000000002999.jpg,454,67
16499,images/coco_1180_crowd.jpg,413,61
16500,images/coco_423529_441178.jpg,285,47
16501,images/danbooru_anime_11918443.jpg,568,75
16502,images/coco_371869_crowd.jpg,652,100
16503,images/real_human_humanart_15000000001071.jpg,330,55
16504,images/painting_humanart_2000000002844.jpg,416,70
16505,images/real_human_humanart_17000000001420.jpg,622,94
16506,images/coco_390401_crowd.jpg,547,85
16507,images/painting_humanart_10000000003106.jpg,272,41
16508,images/painting_humanart_6000000002095.jpg,557,82
16509,images/coco_425555_222124.jpg,376,63
16510,images/real_human_humanart_17000000001796.jpg,449,64
16511,images/painting_humanart_10000000005252.jpg,308,50
16512,images/coco_326420_1725943.jpg,270,40
16513,images/painting_humanart_9000000001771.jpg,316,46
16514,images/painting_humanart_9000000002416.jpg,582,95
16515,images/painting_humanart_1000000006688.jpg,424,65
16516,images/painting_humanart_9000000001586.jpg,592,97
16517,images/real_human_humanart_17000000000899.jpg,524,84
16518,images/danbooru_anime_11920535.jpg,504,82
16519,images/painting_humanart_1000000008253.jpg,431,70
16520,images/coco_540556_485377.jpg,325,49
16521,images/real_human_humanart_15000000000415.jpg,714,103
16522,images/coco_269033_442499.jpg,228,36
16523,images/painting_humanart_9000000001428.jpg,335,49
16524,images/real_human_humanart_15000000000557.jpg,625,95
16525,images/painting_humanart_10000000003799.jpg,636,97
16526,images/danbooru_anime_11918109.jpg,345,56
16527,images/coco_144273_crowd.jpg,445,75
16528,images/real_human_humanart_17000000001635.jpg,643,94
16529,images/coco_574825_crowd.jpg,564,97
16530,images/painting_humanart_6000000003131.jpg,593,92
16531,images/painting_humanart_2000000002351.jpg,510,83
16532,images/real_human_humanart_17000000002367.jpg,541,84
16533,images/painting_humanart_1000000004338.jpg,312,48
16534,images/danbooru_anime_11912145.jpg,721,120
16535,images/painting_humanart_2000000000577.jpg,414,65
16536,images/sculpture_humanart_14000000001495.jpg,618,92
16537,images/painting_humanart_9000000001432.jpg,346,51
16538,images/danbooru_anime_11919620.jpg,568,87
16539,images/painting_humanart_10000000000669.jpg,378,63
16540,images/danbooru_anime_11907269.jpg,722,118
16541,images/real_human_humanart_15000000001402.jpg,699,112
16542,images/painting_humanart_6000000001952.jpg,326,55
16543,images/painting_humanart_2000000002350.jpg,538,84
16544,images/coco_423619_441790.jpg,481,75
16545,images/danbooru_anime_11919675.jpg,456,69
16546,images/painting_humanart_9000000001371.jpg,356,52
16547,images/coco_189193_200945.jpg,472,81
16548,images/real_human_humanart_17000000000179.jpg,707,105
16549,images/painting_humanart_2000000003330.jpg,501,75
16550,images/coco_17869_192266.jpg,629,99
16551,images/coco_187533_crowd.jpg,790,130
16552,images/danbooru_anime_11919109.jpg,598,93
16553,images/painting_humanart_1000000002351.jpg,351,58
16554,images/painting_humanart_10000000000140.jpg,502,80
16555,images/painting_humanart_10000000002777.jpg,463,72
16556,images/painting_humanart_9000000000551.jpg,284,47
16557,images/sculpture_humanart_14000000004327.jpg,611,102
16558,images/painting_humanart_2000000001587.jpg,637,99
16559,images/sculpture_humanart_14000000001034.jpg,572,80
16560,images/coco_306636_473698.jpg,504,80
16561,images/coco_538319_crowd.jpg,484,80
16562,images/painting_humanart_2000000000718.jpg,636,102
16563,images/sculpture_humanart_14000000004189.jpg,635,104
16564,images/coco_111409_196374.jpg,197,32
16565,images/painting_humanart_2000000002361.jpg,625,95
16566,images/painting_humanart_2000000002418.jpg,768,114
16567,images/painting_humanart_9000000000990.jpg,266,44
16568,images/painting_humanart_9000000002440.jpg,447,67
16569,images/painting_humanart_10000000005950.jpg,511,76
16570,images/coco_564281_crowd.jpg,712,113
16571,images/real_human_humanart_17000000002435.jpg,564,87
16572,images/painting_humanart_9000000002665.jpg,512,86
16573,images/painting_humanart_1000000000060.jpg,473,75
16574,images/painting_humanart_2000000002837.jpg,606,86
16575,images/real_human_humanart_17000000001013.jpg,810,120
16576,images/painting_humanart_1000000002206.jpg,465,77
16577,images/real_human_humanart_15000000001795.jpg,628,94
16578,images/painting_humanart_2000000002644.jpg,608,89
16579,images/painting_humanart_9000000000088.jpg,366,56
16580,images/real_human_humanart_17000000000221.jpg,632,94
16581,images/coco_307786_498164.jpg,360,59
16582,images/danbooru_anime_11915734.jpg,451,66
16583,images/painting_humanart_2000000001677.jpg,671,109
16584,images/real_human_humanart_17000000001470.jpg,771,122
16585,images/coco_67765_crowd.jpg,426,73
16586,images/painting_humanart_1000000003615.jpg,285,51
16587,images/real_human_humanart_17000000001155.jpg,522,89
16588,images/painting_humanart_1000000003209.jpg,393,68
16589,images/real_human_humanart_17000000001244.jpg,682,111
16590,images/painting_humanart_10000000004972.jpg,514,85
16591,images/danbooru_anime_11921331.jpg,445,72
16592,images/sculpture_humanart_14000000001127.jpg,692,107
16593,images/painting_humanart_10000000006568.jpg,337,52
16594,images/sculpture_humanart_14000000004069.jpg,757,114
16595,images/coco_353067_2161019.jpg,343,56
16596,images/danbooru_anime_11907525.jpg,295,46
16597,images/danbooru_anime_11909928.jpg,653,102
16598,images/danbooru_anime_11904167.jpg,433,72
16599,images/real_human_humanart_15000000001239.jpg,778,123
16600,images/painting_humanart_1000000001142.jpg,445,78
16601,images/danbooru_anime_11921162.jpg,327,50
16602,images/real_human_humanart_15000000002168.jpg,734,119
16603,images/painting_humanart_9000000001986.jpg,366,54
16604,images/painting_humanart_9000000000969.jpg,480,72
16605,images/painting_humanart_2000000002179.jpg,452,63
16606,images/coco_33672_195641.jpg,639,109
16607,images/painting_humanart_6000000001674.jpg,283,39
16608,images/coco_392764_446572.jpg,423,68
16609,images/coco_419828_469833.jpg,460,75
16610,images/painting_humanart_2000000002671.jpg,644,103
16611,images/danbooru_anime_11911088.jpg,404,67
16612,images/real_human_humanart_17000000000318.jpg,594,90
16613,images/coco_18794_479722.jpg,232,37
16614,images/coco_163540_crowd.jpg,797,138
16615,images/real_human_humanart_15000000002331.jpg,600,86
16616,images/coco_296236_442606.jpg,391,61
16617,images/sculpture_humanart_14000000003215.jpg,568,90
16618,images/painting_humanart_2000000001660.jpg,361,53
16619,images/painting_humanart_10000000005462.jpg,373,54
16620,images/coco_170127_crowd.jpg,387,68
16621,images/coco_441156_crowd.jpg,366,60
16622,images/sculpture_humanart_14000000000200.jpg,608,99
16623,images/painting_humanart_6000000000770.jpg,411,71
16624,images/painting_humanart_9000000002341.jpg,369,61
16625,images/painting_humanart_6000000002149.jpg,596,96
16626,images/coco_476843_crowd.jpg,258,44
16627,images/real_human_humanart_15000000000560.jpg,638,96
16628,images/painting_humanart_6000000003114.jpg,543,93
16629,images/painting_humanart_1000000008396.jpg,384,57
16630,images/real_human_humanart_17000000001692.jpg,432,66
16631,images/coco_505344_515260.jpg,297,47
16632,images/danbooru_anime_11916654.jpg,409,66
16633,images/real_human_humanart_15000000001145.jpg,555,85
16634,images/danbooru_anime_11921277.jpg,318,52
16635,images/coco_576704_512990.jpg,458,80
16636,images/real_human_humanart_17000000001018.jpg,608,94
16637,images/coco_248235_475851.jpg,630,97
16638,images/real_human_humanart_17000000000156.jpg,725,116
16639,images/coco_477946_479233.jpg,589,95
16640,images/painting_humanart_6000000002471.jpg,596,95
16641,images/sculpture_humanart_14000000001522.jpg,445,72
16642,images/sculpture_humanart_14000000003767.jpg,695,109
16643,images/coco_89839_488122.jpg,408,66
16644,images/sculpture_humanart_14000000000894.jpg,691,106
16645,images/danbooru_anime_11917011.jpg,606,102
16646,images/real_human_humanart_15000000000002.jpg,705,116
16647,images/painting_humanart_9000000002427.jpg,412,71
16648,images/sculpture_humanart_14000000004306.jpg,522,79
16649,images/painting_humanart_6000000000952.jpg,361,62
16650,images/coco_343914_431708.jpg,247,43
16651,images/real_human_humanart_15000000001183.jpg,701,115
16652,images/painting_humanart_10000000005211.jpg,326,51
16653,images/painting_humanart_9000000002566.jpg,413,64
16654,images/painting_humanart_10000000006216.jpg,602,99
16655,images/painting_humanart_10000000000052.jpg,564,89
16656,images/painting_humanart_6000000001320.jpg,459,86
16657,images/real_human_humanart_17000000000927.jpg,641,93
16658,images/painting_humanart_9000000002131.jpg,442,71
16659,images/painting_humanart_6000000002513.jpg,369,59
16660,images/painting_humanart_9000000000059.jpg,362,56
16661,images/real_human_humanart_17000000002492.jpg,648,104
16662,images/real_human_humanart_17000000000454.jpg,682,104
16663,images/danbooru_anime_11917333.jpg,341,60
16664,images/sculpture_humanart_14000000000341.jpg,542,77
16665,images/painting_humanart_2000000002600.jpg,309,52
16666,images/painting_humanart_2000000001337.jpg,450,80
16667,images/coco_5879_crowd.jpg,559,86
16668,images/painting_humanart_2000000000162.jpg,692,110
16669,images/sculpture_humanart_14000000001804.jpg,632,94
16670,images/painting_humanart_6000000003233.jpg,630,99
16671,images/real_human_humanart_15000000001372.jpg,661,106
16672,images/sculpture_humanart_14000000003674.jpg,684,102
16673,images/coco_206417_crowd.jpg,341,55
16674,images/danbooru_anime_11919135.jpg,536,90
16675,images/sculpture_humanart_14000000001837.jpg,513,78
16676,images/painting_humanart_10000000000164.jpg,785,119
16677,images/painting_humanart_9000000002605.jpg,302,48
16678,images/danbooru_anime_11921255.jpg,630,101
16679,images/real_human_humanart_17000000001011.jpg,731,120
16680,images/painting_humanart_1000000001075.jpg,566,99
16681,images/real_human_humanart_17000000001847.jpg,595,100
16682,images/real_human_humanart_17000000002400.jpg,745,113
16683,images/real_human_humanart_15000000001401.jpg,856,135
16684,images/painting_humanart_2000000000650.jpg,666,105
16685,images/sculpture_humanart_14000000001872.jpg,739,114
16686,images/painting_humanart_2000000002068.jpg,381,59
16687,images/sculpture_humanart_14000000001217.jpg,499,73
16688,images/danbooru_anime_11916689.jpg,518,75
16689,images/coco_382256_crowd.jpg,473,76
16690,images/real_human_humanart_17000000001257.jpg,636,108
16691,images/coco_174402_421097.jpg,573,96
16692,images/sculpture_humanart_14000000004333.jpg,563,88
16693,images/coco_295114_452782.jpg,254,43
16694,images/real_human_humanart_15000000001058.jpg,869,142
16695,images/coco_35525_481445.jpg,473,72
16696,images/painting_humanart_6000000000127.jpg,460,72
16697,images/danbooru_anime_11915684.jpg,256,37
16698,images/painting_humanart_10000000006324.jpg,440,70
16699,images/coco_377097_469163.jpg,474,74
16700,images/danbooru_anime_11920827.jpg,634,103
16701,images/real_human_humanart_17000000002508.jpg,473,73
16702,images/real_human_humanart_17000000000037.jpg,660,95
16703,images/painting_humanart_2000000001711.jpg,542,82
16704,images/danbooru_anime_11919694.jpg,445,75
16705,images/painting_humanart_2000000000145.jpg,575,89
16706,images/painting_humanart_10000000000819.jpg,551,86
16707,images/coco_61805_crowd.jpg,372,65
16708,images/real_human_humanart_17000000000238.jpg,742,114
16709,images/sculpture_humanart_14000000001236.jpg,555,88
16710,images/painting_humanart_9000000001154.jpg,499,82
16711,images/danbooru_anime_11912730.jpg,566,87
16712,images/coco_533283_185415.jpg,488,81
16713,images/real_human_humanart_15000000001295.jpg,942,139
16714,images/real_human_humanart_17000000001292.jpg,919,142
16715,images/coco_408449_crowd.jpg,740,128
16716,images/real_human_humanart_15000000000882.jpg,552,86
16717,images/coco_516422_crowd.jpg,425,75
16718,images/painting_humanart_6000000001504.jpg,572,91
16719,images/painting_humanart_1000000002794.jpg,551,91
16720,images/painting_humanart_6000000000535.jpg,467,73
16721,images/coco_275034_437326.jpg,422,71
16722,images/real_human_humanart_17000000000900.jpg,691,113
16723,images/coco_258850_474124.jpg,423,72
16724,images/real_human_humanart_15000000000688.jpg,587,87
16725,images/painting_humanart_2000000001741.jpg,481,78
16726,images/sculpture_humanart_14000000000915.jpg,393,60
16727,images/real_human_humanart_15000000001225.jpg,518,81
16728,images/painting_humanart_6000000002263.jpg,523,88
16729,images/danbooru_anime_11914936.jpg,304,51
16730,images/coco_438186_511260.jpg,478,81
16731,images/painting_humanart_6000000001255.jpg,569,95
16732,images/painting_humanart_6000000002601.jpg,435,73
16733,images/real_human_humanart_15000000001073.jpg,471,69
16734,images/painting_humanart_9000000000234.jpg,406,63
16735,images/real_human_humanart_17000000001724.jpg,428,63
16736,images/coco_315384_445320.jpg,612,97
16737,images/sculpture_humanart_14000000000552.jpg,549,88
16738,images/real_human_humanart_15000000002425.jpg,287,48
16739,images/danbooru_anime_11903597.jpg,625,95
16740,images/painting_humanart_2000000001010.jpg,487,84
16741,images/real_human_humanart_17000000000252.jpg,645,102
16742,images/real_human_humanart_17000000001749.jpg,639,105
16743,images/danbooru_anime_11907460.jpg,424,70
16744,images/coco_313735_199522.jpg,472,74
16745,images/painting_humanart_2000000000353.jpg,681,106
16746,images/coco_4359_crowd.jpg,424,66
16747,images/sculpture_humanart_14000000004320.jpg,630,100
16748,images/coco_525732_445709.jpg,591,94
16749,images/coco_241124_crowd.jpg,774,126
16750,images/painting_humanart_1000000002294.jpg,568,102
16751,images/sculpture_humanart_14000000003699.jpg,320,52
16752,images/real_human_humanart_15000000002243.jpg,803,123
16753,images/coco_472088_crowd.jpg,603,96
16754,images/coco_178446_crowd.jpg,446,76
16755,images/real_human_humanart_17000000000013.jpg,647,97
16756,images/sculpture_humanart_14000000000761.jpg,755,120
16757,images/sculpture_humanart_14000000001386.jpg,560,84
16758,images/painting_humanart_2000000000550.jpg,622,99
16759,images/real_human_humanart_15000000000797.jpg,628,101
16760,images/painting_humanart_2000000002974.jpg,473,73
16761,images/real_human_humanart_17000000001649.jpg,581,92
16762,images/danbooru_anime_11920453.jpg,464,71
16763,images/real_human_humanart_17000000000102.jpg,516,82
16764,images/painting_humanart_2000000001784.jpg,573,89
16765,images/painting_humanart_2000000003238.jpg,526,85
16766,images/danbooru_anime_11911499.jpg,397,63
16767,images/coco_227019_422752.jpg,399,65
16768,images/sculpture_humanart_14000000004489.jpg,276,43
16769,images/danbooru_anime_11921433.jpg,437,70
16770,images/painting_humanart_2000000000035.jpg,328,55
16771,images/danbooru_anime_11917299.jpg,336,46
16772,images/painting_humanart_1000000000367.jpg,335,51
16773,images/coco_229067_crowd.jpg,309,48
16774,images/real_human_humanart_15000000001834.jpg,630,101
16775,images/painting_humanart_10000000000528.jpg,331,52
16776,images/painting_humanart_1000000008281.jpg,498,83
16777,images/painting_humanart_10000000005184.jpg,470,68
16778,images/coco_14874_477826.jpg,635,111
16779,images/real_human_humanart_17000000000849.jpg,762,117
16780,images/painting_humanart_2000000001332.jpg,310,51
16781,images/painting_humanart_2000000001732.jpg,627,94
16782,images/painting_humanart_10000000004856.jpg,388,56
16783,images/coco_505471_192722.jpg,364,61
16784,images/painting_humanart_2000000001996.jpg,411,57
16785,images/real_human_humanart_17000000001721.jpg,413,62
16786,images/sculpture_humanart_14000000002101.jpg,502,71
16787,images/real_human_humanart_15000000001079.jpg,339,47
16788,images/coco_42492_193417.jpg,414,66
16789,images/danbooru_anime_11916088.jpg,394,61
16790,images/coco_413124_524352.jpg,430,71
16791,images/danbooru_anime_11908461.jpg,422,70
16792,images/painting_humanart_1000000000641.jpg,668,112
16793,images/danbooru_anime_11915964.jpg,440,72
16794,images/coco_550707_crowd.jpg,516,89
16795,images/painting_humanart_1000000008315.jpg,380,61
16796,images/painting_humanart_10000000001554.jpg,277,43
16797,images/painting_humanart_10000000000997.jpg,494,76
16798,images/coco_12938_474528.jpg,543,90
16799,images/coco_112816_425229.jpg,544,88
16800,images/painting_humanart_2000000003071.jpg,706,106
16801,images/real_human_humanart_15000000002070.jpg,599,94
16802,images/painting_humanart_2000000002510.jpg,795,118
16803,images/real_human_humanart_17000000000274.jpg,621,90
16804,images/real_human_humanart_17000000000660.jpg,755,121
16805,images/sculpture_humanart_14000000003841.jpg,594,93
16806,images/painting_humanart_10000000003819.jpg,571,83
16807,images/real_human_humanart_15000000001431.jpg,620,103
16808,images/coco_417742_crowd.jpg,403,70
16809,images/painting_humanart_1000000001814.jpg,640,105
16810,images/coco_31717_429056.jpg,284,47
16811,images/painting_humanart_2000000002959.jpg,613,97
16812,images/danbooru_anime_11917282.jpg,838,130
16813,images/danbooru_anime_11917056.jpg,708,106
16814,images/coco_79544_2158300.jpg,579,91
16815,images/coco_91052_crowd.jpg,383,58
16816,images/sculpture_humanart_14000000000555.jpg,515,85
16817,images/real_human_humanart_15000000000698.jpg,926,150
16818,images/coco_435358_446963.jpg,349,58
16819,images/coco_523217_crowd.jpg,667,107
16820,images/real_human_humanart_17000000002138.jpg,719,108
16821,images/painting_humanart_1000000002816.jpg,595,95
16822,images/coco_581040_513864.jpg,441,75
16823,images/danbooru_anime_11902206.jpg,212,33
16824,images/painting_humanart_6000000003327.jpg,352,61
16825,images/real_human_humanart_17000000000164.jpg,633,90
16826,images/real_human_humanart_17000000002191.jpg,914,133
16827,images/real_human_humanart_17000000001685.jpg,342,59
16828,images/painting_humanart_2000000001451.jpg,367,56
16829,images/coco_494555_463059.jpg,312,51
16830,images/coco_513072_crowd.jpg,680,108
16831,images/sculpture_humanart_14000000000461.jpg,600,92
16832,images/danbooru_anime_11920248.jpg,471,79
16833,images/painting_humanart_2000000002082.jpg,544,83
16834,images/coco_507719_crowd.jpg,327,51
16835,images/coco_422025_441967.jpg,261,47
16836,images/painting_humanart_2000000000707.jpg,413,63
16837,images/danbooru_anime_11920211.jpg,556,87
16838,images/coco_374430_crowd.jpg,564,95
16839,images/painting_humanart_2000000002847.jpg,687,113
16840,images/danbooru_anime_11904560.jpg,449,70
16841,images/painting_humanart_9000000001096.jpg,345,52
16842,images/painting_humanart_10000000004116.jpg,322,49
16843,images/painting_humanart_2000000002441.jpg,584,82
16844,images/painting_humanart_10000000000352.jpg,247,35
16845,images/coco_446232_480613.jpg,500,81
16846,images/painting_humanart_2000000001349.jpg,441,73
16847,images/painting_humanart_2000000000893.jpg,430,65
16848,images/real_human_humanart_17000000002485.jpg,516,78
16849,images/painting_humanart_10000000002410.jpg,267,44
16850,images/painting_humanart_10000000000219.jpg,556,86
16851,images/danbooru_anime_11901644.jpg,656,101
16852,images/danbooru_anime_11921045.jpg,342,53
16853,images/painting_humanart_6000000000645.jpg,400,58
16854,images/painting_humanart_10000000000274.jpg,288,46
16855,images/danbooru_anime_11920918.jpg,468,74
16856,images/painting_humanart_10000000004700.jpg,356,58
16857,images/painting_humanart_1000000002560.jpg,360,55
16858,images/painting_humanart_2000000003169.jpg,396,64
16859,images/painting_humanart_2000000000455.jpg,645,102
16860,images/real_human_humanart_17000000000835.jpg,588,90
16861,images/painting_humanart_9000000000522.jpg,478,76
16862,images/painting_humanart_6000000002380.jpg,382,57
16863,images/real_human_humanart_15000000001852.jpg,661,101
16864,images/painting_humanart_6000000003597.jpg,537,80
16865,images/real_human_humanart_17000000001902.jpg,663,110
16866,images/painting_humanart_9000000001616.jpg,671,119
16867,images/painting_humanart_2000000003138.jpg,553,84
16868,images/painting_humanart_1000000000955.jpg,516,84
16869,images/real_human_humanart_15000000000893.jpg,516,81
16870,images/painting_humanart_10000000003133.jpg,651,97
16871,images/painting_humanart_2000000002265.jpg,643,103
16872,images/coco_372620_crowd.jpg,313,50
16873,images/coco_461256_1740219.jpg,462,76
16874,images/real_human_humanart_17000000000536.jpg,852,130
16875,images/sculpture_humanart_14000000000457.jpg,468,71
16876,images/real_human_humanart_17000000002055.jpg,616,87
16877,images/painting_humanart_1000000000650.jpg,368,56
16878,images/sculpture_humanart_14000000000257.jpg,589,89
16879,images/sculpture_humanart_14000000004257.jpg,408,60
16880,images/painting_humanart_1000000000676.jpg,437,68
16881,images/coco_490366_430246.jpg,270,44
16882,images/painting_humanart_10000000000189.jpg,511,74
16883,images/coco_394892_443696.jpg,331,56
16884,images/painting_humanart_2000000000875.jpg,515,86
16885,images/painting_humanart_2000000001116.jpg,709,123
16886,images/painting_humanart_6000000003271.jpg,587,94
16887,images/painting_humanart_1000000004918.jpg,229,39
16888,images/painting_humanart_9000000000716.jpg,308,43
16889,images/painting_humanart_10000000001704.jpg,573,102
16890,images/sculpture_humanart_14000000000165.jpg,679,109
16891,images/danbooru_anime_11903462.jpg,334,51
16892,images/painting_humanart_6000000001758.jpg,555,94
16893,images/sculpture_humanart_14000000000805.jpg,592,92
16894,images/coco_315037_467757.jpg,485,83
16895,images/painting_humanart_6000000002911.jpg,551,87
16896,images/sculpture_humanart_14000000004248.jpg,615,90
16897,images/real_human_humanart_17000000001447.jpg,405,62
16898,images/painting_humanart_1000000001099.jpg,408,72
16899,images/real_human_humanart_17000000000678.jpg,658,100
16900,images/painting_humanart_2000000001059.jpg,564,88
16901,images/coco_107853_433157.jpg,391,61
16902,images/painting_humanart_1000000001393.jpg,596,97
16903,images/painting_humanart_6000000001393.jpg,254,40
16904,images/painting_humanart_2000000000276.jpg,581,83
16905,images/real_human_humanart_15000000002408.jpg,760,123
16906,images/real_human_humanart_17000000001453.jpg,673,111
16907,images/real_human_humanart_17000000002452.jpg,527,82
16908,images/painting_humanart_2000000000395.jpg,663,93
16909,images/danbooru_anime_11906940.jpg,499,79
16910,images/real_human_humanart_15000000002404.jpg,537,87
16911,images/danbooru_anime_11916939.jpg,592,98
16912,images/real_human_humanart_17000000001161.jpg,502,81
16913,images/painting_humanart_9000000001195.jpg,604,89
16914,images/real_human_humanart_15000000002312.jpg,684,107
16915,images/coco_563680_529450.jpg,308,52
16916,images/sculpture_humanart_14000000000385.jpg,602,90
16917,images/real_human_humanart_15000000001602.jpg,743,116
16918,images/coco_534516_crowd.jpg,335,56
16919,images/painting_humanart_6000000003399.jpg,259,41
16920,images/sculpture_humanart_14000000001709.jpg,629,92
16921,images/coco_415153_467140.jpg,255,44
16922,images/painting_humanart_9000000001710.jpg,590,89
16923,images/real_human_humanart_15000000002045.jpg,1020,153
16924,images/painting_humanart_9000000000187.jpg,312,47
16925,images/coco_482080_216193.jpg,592,103
16926,images/danbooru_anime_11920864.jpg,290,48
16927,images/painting_humanart_2000000002808.jpg,385,60
16928,images/coco_276476_crowd.jpg,336,62
16929,images/painting_humanart_1000000000860.jpg,547,89
16930,images/coco_359232_crowd.jpg,429,69
16931,images/painting_humanart_10000000000560.jpg,288,47
16932,images/real_human_humanart_15000000000523.jpg,647,104
16933,images/painting_humanart_9000000002009.jpg,258,41
16934,images/painting_humanart_6000000000267.jpg,449,69
16935,images/coco_528729_237872.jpg,507,89
16936,images/sculpture_humanart_14000000004074.jpg,278,43
16937,images/painting_humanart_6000000000147.jpg,242,42
16938,images/danbooru_anime_11912885.jpg,311,48
16939,images/sculpture_humanart_14000000004414.jpg,534,81
16940,images/danbooru_anime_11910498.jpg,505,82
16941,images/painting_humanart_9000000001605.jpg,553,87
16942,images/painting_humanart_1000000004030.jpg,554,84
16943,images/real_human_humanart_17000000001459.jpg,637,95
16944,images/painting_humanart_1000000000263.jpg,573,96
16945,images/coco_115930_crowd.jpg,470,76
16946,images/real_human_humanart_17000000001916.jpg,357,59
16947,images/danbooru_anime_11920249.jpg,448,65
16948,images/painting_humanart_1000000000618.jpg,350,57
16949,images/danbooru_anime_11916993.jpg,376,65
16950,images/coco_329687_crowd.jpg,466,79
16951,images/painting_humanart_10000000000605.jpg,351,51
16952,images/painting_humanart_1000000001665.jpg,485,85
16953,images/coco_193388_2153606.jpg,371,60
16954,images/coco_214363_crowd.jpg,355,52
16955,images/coco_505636_464625.jpg,355,58
16956,images/painting_humanart_10000000003616.jpg,386,60
16957,images/painting_humanart_9000000000380.jpg,369,57
16958,images/coco_557556_crowd.jpg,405,65
16959,images/coco_441841_188081.jpg,544,86
16960,images/real_human_humanart_17000000001741.jpg,652,103
16961,images/coco_409708_crowd.jpg,546,88
16962,images/painting_humanart_1000000002722.jpg,310,53
16963,images/real_human_humanart_15000000001668.jpg,689,106
16964,images/painting_humanart_2000000001013.jpg,683,116
16965,images/sculpture_humanart_14000000003966.jpg,616,83
16966,images/painting_humanart_6000000003014.jpg,234,37
16967,images/painting_humanart_6000000001970.jpg,242,35
16968,images/real_human_humanart_17000000000889.jpg,672,107
16969,images/painting_humanart_10000000001633.jpg,557,84
16970,images/painting_humanart_6000000002021.jpg,574,91
16971,images/painting_humanart_9000000002279.jpg,409,66
16972,images/painting_humanart_1000000005740.jpg,323,55
16973,images/coco_335587_489067.jpg,291,48
16974,images/danbooru_anime_11903522.jpg,488,81
16975,images/real_human_humanart_17000000001268.jpg,597,90
16976,images/danbooru_anime_11919220.jpg,379,62
16977,images/real_human_humanart_15000000002060.jpg,770,119
16978,images/coco_281725_crowd.jpg,328,50
16979,images/coco_34900_442166.jpg,497,85
16980,images/real_human_humanart_15000000000383.jpg,685,105
16981,images/coco_531928_crowd.jpg,306,55
16982,images/danbooru_anime_11920094.jpg,475,80
16983,images/real_human_humanart_17000000001587.jpg,328,49
16984,images/danbooru_anime_11911859.jpg,401,61
16985,images/real_human_humanart_15000000000889.jpg,571,89
16986,images/painting_humanart_6000000002869.jpg,346,57
16987,images/real_human_humanart_15000000000136.jpg,654,99
16988,images/coco_75187_471861.jpg,587,87
16989,images/sculpture_humanart_14000000004256.jpg,701,109
16990,images/real_human_humanart_15000000002421.jpg,730,126
16991,images/painting_humanart_2000000000605.jpg,446,71
16992,images/painting_humanart_10000000002829.jpg,642,102
16993,images/sculpture_humanart_14000000000226.jpg,578,85
16994,images/painting_humanart_10000000002964.jpg,524,79
16995,images/real_human_humanart_15000000001554.jpg,311,45
16996,images/real_human_humanart_15000000000195.jpg,707,109
16997,images/painting_humanart_2000000002601.jpg,257,42
16998,images/painting_humanart_9000000000517.jpg,410,61
16999,images/coco_346560_212904.jpg,512,88
17000,images/real_human_humanart_17000000002102.jpg,475,76
17001,images/painting_humanart_9000000002367.jpg,569,91
17002,images/coco_504498_188918.jpg,632,99
17003,images/real_human_humanart_15000000000167.jpg,476,75
17004,images/real_human_humanart_15000000001605.jpg,800,121
17005,images/painting_humanart_10000000000951.jpg,528,84
17006,images/coco_548939_433198.jpg,331,58
17007,images/real_human_humanart_15000000001415.jpg,474,73
17008,images/real_human_humanart_17000000001506.jpg,583,90
17009,images/painting_humanart_6000000002388.jpg,541,87
17010,images/real_human_humanart_15000000001040.jpg,507,74
17011,images/real_human_humanart_15000000001369.jpg,684,101
17012,images/coco_444502_crowd.jpg,300,51
17013,images/painting_humanart_10000000002007.jpg,463,72
17014,images/danbooru_anime_11916965.jpg,465,70
17015,images/painting_humanart_9000000002570.jpg,504,80
17016,images/painting_humanart_10000000004813.jpg,391,58
17017,images/danbooru_anime_11917117.jpg,527,86
17018,images/danbooru_anime_11918794.jpg,250,39
17019,images/coco_131361_195698.jpg,575,88
17020,images/painting_humanart_6000000001115.jpg,632,102
17021,images/painting_humanart_6000000002843.jpg,344,57
17022,images/painting_humanart_2000000000516.jpg,519,84
17023,images/painting_humanart_10000000005427.jpg,677,113
17024,images/painting_humanart_2000000001552.jpg,418,63
17025,images/coco_97646_1716768.jpg,336,51
17026,images/real_human_humanart_17000000000135.jpg,703,110
17027,images/painting_humanart_2000000000729.jpg,680,101
17028,images/painting_humanart_1000000000630.jpg,678,114
17029,images/real_human_humanart_17000000002504.jpg,797,126
17030,images/painting_humanart_2000000000946.jpg,533,75
17031,images/painting_humanart_1000000001664.jpg,463,76
17032,images/painting_humanart_1000000005306.jpg,477,75
17033,images/real_human_humanart_17000000000635.jpg,884,141
17034,images/real_human_humanart_17000000001982.jpg,725,109
17035,images/danbooru_anime_11915593.jpg,444,72
17036,images/real_human_humanart_17000000000429.jpg,713,113
17037,images/real_human_humanart_15000000001927.jpg,664,106
17038,images/sculpture_humanart_14000000001649.jpg,556,80
17039,images/real_human_humanart_17000000000269.jpg,287,46
17040,images/painting_humanart_6000000000846.jpg,596,103
17041,images/real_human_humanart_17000000001444.jpg,733,117
17042,images/danbooru_anime_11919504.jpg,342,58
17043,images/real_human_humanart_17000000000990.jpg,503,79
17044,images/danbooru_anime_11920831.jpg,608,96
17045,images/painting_humanart_1000000001945.jpg,672,100
17046,images/coco_37875_488200.jpg,427,64
17047,images/real_human_humanart_17000000001439.jpg,415,62
17048,images/sculpture_humanart_14000000003798.jpg,799,122
17049,images/danbooru_anime_11907060.jpg,395,64
17050,images/painting_humanart_10000000002742.jpg,253,39
17051,images/real_human_humanart_15000000001835.jpg,592,92
17052,images/coco_162363_1211104.jpg,710,114
17053,images/coco_33405_210263.jpg,406,68
17054,images/danbooru_anime_11917423.jpg,498,78
17055,images/painting_humanart_1000000001106.jpg,369,67
17056,images/real_human_humanart_15000000000653.jpg,661,103
17057,images/sculpture_humanart_14000000000807.jpg,620,91
17058,images/painting_humanart_9000000002626.jpg,408,66
17059,images/painting_humanart_10000000000372.jpg,446,69
17060,images/real_human_humanart_15000000001348.jpg,842,131
17061,images/real_human_humanart_17000000000930.jpg,543,89
17062,images/coco_565903_489746.jpg,251,37
17063,images/real_human_humanart_17000000002006.jpg,564,90
17064,images/painting_humanart_1000000001261.jpg,375,61
17065,images/coco_85795_448071.jpg,280,45
17066,images/coco_388677_crowd.jpg,364,60
17067,images/danbooru_anime_11917478.jpg,625,97
17068,images/painting_humanart_10000000000598.jpg,363,52
17069,images/painting_humanart_1000000000366.jpg,558,82
17070,images/painting_humanart_6000000000104.jpg,485,83
17071,images/painting_humanart_1000000000547.jpg,388,56
17072,images/coco_190014_453866.jpg,525,82
17073,images/painting_humanart_6000000002787.jpg,558,96
17074,images/sculpture_humanart_14000000003683.jpg,689,105
17075,images/painting_humanart_2000000001412.jpg,608,103
17076,images/coco_346577_428010.jpg,336,51
17077,images/danbooru_anime_11910040.jpg,410,63
17078,images/real_human_humanart_17000000001899.jpg,506,76
17079,images/sculpture_humanart_14000000002005.jpg,635,95
17080,images/painting_humanart_10000000001976.jpg,333,56
17081,images/real_human_humanart_17000000000250.jpg,632,101
17082,images/real_human_humanart_17000000000226.jpg,676,101
17083,images/real_human_humanart_17000000001457.jpg,611,94
17084,images/painting_humanart_6000000001385.jpg,369,61
17085,images/real_human_humanart_15000000002124.jpg,656,99
17086,images/painting_humanart_10000000001432.jpg,340,58
17087,images/painting_humanart_2000000001625.jpg,497,83
17088,images/painting_humanart_2000000002960.jpg,516,78
17089,images/coco_85316_crowd.jpg,370,59
17090,images/real_human_humanart_15000000000970.jpg,549,85
17091,images/painting_humanart_2000000002771.jpg,554,86
17092,images/danbooru_anime_11908370.jpg,743,118
17093,images/painting_humanart_9000000002281.jpg,606,94
17094,images/real_human_humanart_15000000001617.jpg,622,93
17095,images/painting_humanart_10000000000234.jpg,267,42
17096,images/danbooru_anime_11920129.jpg,312,46
17097,images/painting_humanart_2000000002399.jpg,538,83
17098,images/real_human_humanart_15000000000789.jpg,997,153
17099,images/painting_humanart_6000000001896.jpg,496,74
17100,images/real_human_humanart_15000000001075.jpg,700,115
17101,images/painting_humanart_6000000000015.jpg,317,52
17102,images/sculpture_humanart_14000000001767.jpg,528,80
17103,images/painting_humanart_2000000002734.jpg,632,97
17104,images/danbooru_anime_11920426.jpg,578,93
17105,images/painting_humanart_6000000000457.jpg,447,69
17106,images/painting_humanart_6000000002294.jpg,635,101
17107,images/coco_207178_crowd.jpg,448,77
17108,images/real_human_humanart_15000000002204.jpg,600,88
17109,images/painting_humanart_9000000001338.jpg,467,78
17110,images/painting_humanart_10000000000499.jpg,532,83
17111,images/sculpture_humanart_14000000003888.jpg,436,75
17112,images/coco_196490_crowd.jpg,605,93
17113,images/real_human_humanart_15000000002434.jpg,738,111
17114,images/coco_558845_435787.jpg,350,57
17115,images/painting_humanart_1000000003381.jpg,443,73
17116,images/painting_humanart_10000000000136.jpg,337,52
17117,images/painting_humanart_9000000002708.jpg,344,56
17118,images/coco_246951_crowd.jpg,273,45
17119,images/sculpture_humanart_14000000002016.jpg,547,81
17120,images/real_human_humanart_15000000002451.jpg,632,97
17121,images/painting_humanart_6000000000430.jpg,496,81
17122,images/painting_humanart_9000000000097.jpg,445,69
17123,images/real_human_humanart_15000000002363.jpg,678,102
17124,images/coco_365993_crowd.jpg,473,77
17125,images/coco_345139_2191235.jpg,668,110
17126,images/painting_humanart_2000000000002.jpg,532,84
17127,images/danbooru_anime_11905270.jpg,416,67
17128,images/painting_humanart_1000000006415.jpg,367,64
17129,images/coco_126606_crowd.jpg,459,73
17130,images/coco_359589_447496.jpg,506,88
17131,images/painting_humanart_6000000002416.jpg,589,94
17132,images/real_human_humanart_15000000000655.jpg,597,99
17133,images/sculpture_humanart_14000000001897.jpg,651,93
17134,images/painting_humanart_9000000000462.jpg,315,46
17135,images/painting_humanart_2000000001071.jpg,466,76
17136,images/coco_330986_crowd.jpg,280,48
17137,images/painting_humanart_2000000001032.jpg,350,52
17138,images/painting_humanart_6000000002130.jpg,369,58
17139,images/real_human_humanart_15000000000601.jpg,419,61
17140,images/painting_humanart_10000000000301.jpg,471,71
17141,images/coco_419235_crowd.jpg,449,72
17142,images/painting_humanart_10000000003399.jpg,386,58
17143,images/painting_humanart_10000000004146.jpg,609,94
17144,images/painting_humanart_2000000003055.jpg,637,100
17145,images/painting_humanart_9000000000364.jpg,432,71
17146,images/real_human_humanart_17000000001200.jpg,467,75
17147,images/painting_humanart_10000000000613.jpg,522,83
17148,images/painting_humanart_10000000003303.jpg,457,69
17149,images/real_human_humanart_17000000001758.jpg,703,112
17150,images/coco_221713_187879.jpg,370,56
17151,images/painting_humanart_9000000002527.jpg,499,83
17152,images/coco_506356_1715394.jpg,397,60
17153,images/danbooru_anime_11915592.jpg,378,60
17154,images/painting_humanart_2000000000126.jpg,354,52
17155,images/painting_humanart_1000000001813.jpg,334,50
17156,images/real_human_humanart_15000000001228.jpg,623,95
17157,images/painting_humanart_6000000002488.jpg,559,87
17158,images/danbooru_anime_11904579.jpg,367,55
17159,images/coco_155873_219427.jpg,295,51
17160,images/real_human_humanart_15000000001253.jpg,677,109
17161,images/danbooru_anime_11906359.jpg,342,50
17162,images/danbooru_anime_11913842.jpg,479,81
17163,images/painting_humanart_10000000005869.jpg,422,66
17164,images/danbooru_anime_11916640.jpg,463,72
17165,images/real_human_humanart_15000000000981.jpg,503,81
17166,images/painting_humanart_9000000000633.jpg,533,88
17167,images/coco_13175_494305.jpg,321,50
17168,images/painting_humanart_1000000002054.jpg,538,83
17169,images/painting_humanart_1000000000140.jpg,331,52
17170,images/painting_humanart_9000000000913.jpg,433,63
17171,images/coco_229350_crowd.jpg,606,97
17172,images/painting_humanart_9000000001358.jpg,626,95
17173,images/painting_humanart_2000000003282.jpg,466,75
17174,images/coco_51549_421266.jpg,198,33
17175,images/danbooru_anime_11920115.jpg,231,38
17176,images/real_human_humanart_15000000002121.jpg,635,105
17177,images/danbooru_anime_11917398.jpg,483,79
17178,images/painting_humanart_9000000001625.jpg,521,80
17179,images/coco_127474_crowd.jpg,403,69
17180,images/danbooru_anime_11917290.jpg,428,76
17181,images/coco_356937_530945.jpg,352,57
17182,images/sculpture_humanart_14000000004380.jpg,557,91
17183,images/coco_145831_crowd.jpg,499,76
17184,images/real_human_humanart_15000000001994.jpg,902,137
17185,images/real_human_humanart_17000000000229.jpg,394,56
17186,images/danbooru_anime_11914214.jpg,385,64
17187,images/painting_humanart_1000000006591.jpg,497,75
17188,images/danbooru_anime_11919708.jpg,302,49
17189,images/painting_humanart_6000000002628.jpg,389,62
17190,images/coco_70815_199882.jpg,392,68
17191,images/coco_113019_433623.jpg,545,89
17192,images/painting_humanart_2000000000903.jpg,614,98
17193,images/sculpture_humanart_14000000004296.jpg,546,88
17194,images/coco_543531_crowd.jpg,496,79
17195,images/coco_357291_497518.jpg,350,62
17196,images/painting_humanart_1000000002460.jpg,358,61
17197,images/sculpture_humanart_14000000000250.jpg,438,72
17198,images/sculpture_humanart_14000000001680.jpg,581,87
17199,images/painting_humanart_1000000007922.jpg,330,56
17200,images/painting_humanart_10000000000820.jpg,447,69
17201,images/painting_humanart_6000000003541.jpg,398,66
17202,images/painting_humanart_10000000001506.jpg,513,81
17203,images/painting_humanart_2000000001268.jpg,371,59
17204,images/painting_humanart_2000000000564.jpg,452,72
17205,images/danbooru_anime_11916489.jpg,621,97
17206,images/coco_224358_crowd.jpg,412,63
17207,images/coco_18158_crowd.jpg,377,64
17208,images/painting_humanart_1000000008256.jpg,351,55
17209,images/danbooru_anime_11919420.jpg,456,63
17210,images/coco_337305_500713.jpg,293,48
17211,images/painting_humanart_2000000002660.jpg,595,90
17212,images/coco_92257_424573.jpg,582,98
17213,images/painting_humanart_2000000002861.jpg,547,82
17214,images/real_human_humanart_17000000000040.jpg,585,94
17215,images/danbooru_anime_11915806.jpg,635,100
17216,images/painting_humanart_2000000001498.jpg,488,78
17217,images/painting_humanart_9000000001645.jpg,521,81
17218,images/painting_humanart_1000000001186.jpg,626,100
17219,images/coco_184295_crowd.jpg,456,79
17220,images/painting_humanart_9000000000307.jpg,263,38
17221,images/danbooru_anime_11919590.jpg,608,93
17222,images/sculpture_humanart_14000000004244.jpg,761,132
17223,images/sculpture_humanart_14000000001706.jpg,612,89
17224,images/painting_humanart_10000000001890.jpg,577,88
17225,images/coco_51605_493368.jpg,474,74
17226,images/coco_570678_476940.jpg,489,78
17227,images/real_human_humanart_17000000001082.jpg,736,112
17228,images/coco_544237_crowd.jpg,453,67
17229,images/coco_494456_crowd.jpg,325,48
17230,images/painting_humanart_6000000000724.jpg,484,83
17231,images/real_human_humanart_17000000001033.jpg,457,73
17232,images/painting_humanart_2000000002717.jpg,492,80
17233,images/danbooru_anime_11919700.jpg,356,55
17234,images/real_human_humanart_15000000000474.jpg,653,106
17235,images/painting_humanart_2000000000034.jpg,484,85
17236,images/painting_humanart_10000000006203.jpg,567,91
17237,images/painting_humanart_6000000000508.jpg,560,91
17238,images/painting_humanart_10000000000848.jpg,370,55
17239,images/painting_humanart_1000000006024.jpg,542,94
17240,images/painting_humanart_6000000000745.jpg,258,39
17241,images/sculpture_humanart_14000000004038.jpg,738,121
17242,images/real_human_humanart_15000000001563.jpg,519,81
17243,images/coco_196506_229353.jpg,455,75
17244,images/coco_243418_crowd.jpg,574,91
17245,images/painting_humanart_1000000001528.jpg,272,44
17246,images/danbooru_anime_11921007.jpg,437,69
17247,images/real_human_humanart_15000000000861.jpg,517,81
17248,images/painting_humanart_10000000005543.jpg,355,58
17249,images/coco_304008_459189.jpg,330,54
17250,images/coco_499252_464293.jpg,342,54
17251,images/danbooru_anime_11901161.jpg,356,53
17252,images/coco_534887_190483.jpg,334,60
17253,images/sculpture_humanart_14000000001809.jpg,639,98
17254,images/coco_422755_200362.jpg,489,86
17255,images/danbooru_anime_11915920.jpg,484,77
17256,images/sculpture_humanart_14000000001549.jpg,628,91
17257,images/real_human_humanart_17000000002090.jpg,531,81
17258,images/coco_6906_488117.jpg,558,98
17259,images/coco_250276_203701.jpg,338,55
17260,images/painting_humanart_6000000000426.jpg,382,64
17261,images/coco_414576_crowd.jpg,472,72
17262,images/coco_111909_220992.jpg,364,65
17263,images/painting_humanart_10000000002590.jpg,316,52
17264,images/painting_humanart_2000000002469.jpg,411,73
17265,images/painting_humanart_10000000000120.jpg,557,92
17266,images/danbooru_anime_11916587.jpg,545,90
17267,images/sculpture_humanart_14000000000084.jpg,759,120
17268,images/real_human_humanart_15000000001740.jpg,651,108
17269,images/painting_humanart_2000000001521.jpg,986,145
17270,images/real_human_humanart_17000000000910.jpg,654,97
17271,images/painting_humanart_1000000008427.jpg,559,93
17272,images/real_human_humanart_15000000000218.jpg,724,117
17273,images/coco_407602_crowd.jpg,580,84
17274,images/painting_humanart_9000000002272.jpg,495,74
17275,images/danbooru_anime_11912116.jpg,700,109
17276,images/coco_75990_crowd.jpg,484,79
17277,images/real_human_humanart_15000000000716.jpg,551,83
17278,images/painting_humanart_1000000000198.jpg,437,74
17279,images/real_human_humanart_17000000002345.jpg,591,88
17280,images/sculpture_humanart_14000000000025.jpg,652,109
17281,images/real_human_humanart_15000000000982.jpg,648,99
17282,images/danbooru_anime_11911105.jpg,623,97
17283,images/painting_humanart_1000000000576.jpg,374,61
17284,images/coco_158924_453171.jpg,399,63
17285,images/coco_565085_crowd.jpg,273,46
17286,images/coco_427401_493715.jpg,412,68
17287,images/coco_226579_crowd.jpg,359,61
17288,images/real_human_humanart_17000000000295.jpg,467,65
17289,images/coco_392511_crowd.jpg,540,81
17290,images/painting_humanart_1000000002156.jpg,382,58
17291,images/real_human_humanart_17000000001326.jpg,447,71
17292,images/painting_humanart_2000000001028.jpg,536,89
17293,images/danbooru_anime_11902739.jpg,362,60
17294,images/real_human_humanart_15000000001686.jpg,672,101
17295,images/danbooru_anime_11918264.jpg,473,78
17296,images/real_human_humanart_17000000000567.jpg,542,81
17297,images/painting_humanart_10000000000145.jpg,254,36
17298,images/painting_humanart_10000000000222.jpg,484,67
17299,images/painting_humanart_1000000001867.jpg,532,88
17300,images/coco_484485_2018857.jpg,424,63
17301,images/painting_humanart_6000000003184.jpg,405,64
17302,images/real_human_humanart_15000000000802.jpg,487,81
17303,images/coco_345154_427037.jpg,298,50
17304,images/coco_259465_471078.jpg,474,70
17305,images/coco_400887_crowd.jpg,349,58
17306,images/real_human_humanart_17000000001564.jpg,633,96
17307,images/real_human_humanart_15000000001198.jpg,501,81
17308,images/real_human_humanart_15000000001764.jpg,646,107
17309,images/painting_humanart_9000000000681.jpg,707,109
17310,images/real_human_humanart_15000000002193.jpg,640,98
17311,images/coco_232054_466783.jpg,643,108
17312,images/coco_25467_456966.jpg,468,71
17313,images/painting_humanart_10000000000154.jpg,261,42
17314,images/real_human_humanart_15000000001018.jpg,572,91
17315,images/real_human_humanart_17000000001889.jpg,741,103
17316,images/painting_humanart_1000000000877.jpg,245,39
17317,images/real_human_humanart_17000000001871.jpg,412,66
17318,images/danbooru_anime_11919598.jpg,430,68
17319,images/painting_humanart_10000000002036.jpg,544,87
17320,images/real_human_humanart_15000000001481.jpg,489,80
17321,images/painting_humanart_2000000001026.jpg,575,86
17322,images/painting_humanart_10000000006088.jpg,239,38
17323,images/sculpture_humanart_14000000003368.jpg,614,97
17324,images/coco_446920_crowd.jpg,158,25
17325,images/painting_humanart_6000000002321.jpg,371,61
17326,images/coco_258078_184741.jpg,495,80
17327,images/coco_427518_crowd.jpg,652,110
17328,images/painting_humanart_10000000004379.jpg,606,93
17329,images/coco_17311_228138.jpg,331,56
17330,images/coco_15559_477109.jpg,399,61
17331,images/coco_106900_crowd.jpg,548,96
17332,images/painting_humanart_10000000002923.jpg,463,83
17333,images/painting_humanart_10000000004622.jpg,447,76
17334,images/coco_468043_193882.jpg,405,66
17335,images/painting_humanart_6000000003069.jpg,299,49
17336,images/coco_80337_440705.jpg,486,80
17337,images/painting_humanart_10000000003661.jpg,400,57
17338,images/painting_humanart_1000000001762.jpg,262,44
17339,images/danbooru_anime_11920872.jpg,484,78
17340,images/real_human_humanart_17000000000718.jpg,527,89
17341,images/sculpture_humanart_14000000003785.jpg,242,42
17342,images/real_human_humanart_17000000000035.jpg,605,83
17343,images/painting_humanart_9000000001908.jpg,332,52
17344,images/real_human_humanart_15000000000624.jpg,527,89
17345,images/painting_humanart_6000000000232.jpg,605,98
17346,images/painting_humanart_10000000000690.jpg,487,72
17347,images/painting_humanart_10000000001655.jpg,497,76
17348,images/real_human_humanart_15000000001746.jpg,558,94
17349,images/sculpture_humanart_14000000004268.jpg,416,62
17350,images/painting_humanart_1000000008397.jpg,401,60
17351,images/danbooru_anime_11911848.jpg,489,75
17352,images/real_human_humanart_17000000002013.jpg,550,85
17353,images/danbooru_anime_11920025.jpg,248,40
17354,images/danbooru_anime_11920323.jpg,610,91
17355,images/coco_539079_468437.jpg,458,72
17356,images/sculpture_humanart_14000000000045.jpg,617,92
17357,images/coco_234572_430327.jpg,299,47
17358,images/coco_79070_2156868.jpg,316,54
17359,images/painting_humanart_1000000000657.jpg,411,65
17360,images/coco_338256_210484.jpg,261,45
17361,images/painting_humanart_10000000006339.jpg,511,83
17362,images/painting_humanart_2000000003230.jpg,292,53
17363,images/painting_humanart_9000000001239.jpg,272,44
17364,images/coco_34015_191952.jpg,532,86
17365,images/coco_450724_188432.jpg,307,55
17366,images/sculpture_humanart_14000000000259.jpg,517,80
17367,images/painting_humanart_6000000001632.jpg,445,71
17368,images/coco_118181_184685.jpg,362,59
17369,images/danbooru_anime_11914217.jpg,548,92
17370,images/painting_humanart_9000000001934.jpg,372,56
17371,images/sculpture_humanart_14000000004432.jpg,686,104
17372,images/painting_humanart_10000000000589.jpg,537,79
17373,images/sculpture_humanart_14000000004396.jpg,443,64
17374,images/painting_humanart_2000000002594.jpg,308,52
17375,images/coco_275332_crowd.jpg,477,86
17376,images/sculpture_humanart_14000000001801.jpg,692,102
17377,images/danbooru_anime_11905160.jpg,577,87
17378,images/sculpture_humanart_14000000001395.jpg,510,77
17379,images/painting_humanart_1000000007453.jpg,333,60
17380,images/coco_418816_197491.jpg,597,95
17381,images/real_human_humanart_17000000000833.jpg,847,128
17382,images/danbooru_anime_11915720.jpg,595,91
17383,images/real_human_humanart_15000000002373.jpg,605,96
17384,images/painting_humanart_2000000002186.jpg,617,89
17385,images/coco_52703_190123.jpg,417,65
17386,images/painting_humanart_6000000003253.jpg,460,78
17387,images/painting_humanart_2000000000128.jpg,416,66
17388,images/coco_50493_crowd.jpg,306,51
17389,images/coco_235964_454464.jpg,302,53
17390,images/painting_humanart_1000000002562.jpg,523,80
17391,images/sculpture_humanart_14000000004337.jpg,360,53
17392,images/real_human_humanart_17000000001620.jpg,662,104
17393,images/painting_humanart_9000000002467.jpg,727,120
17394,images/painting_humanart_9000000002670.jpg,500,80
17395,images/coco_259216_438565.jpg,437,66
17396,images/real_human_humanart_15000000001699.jpg,680,107
17397,images/danbooru_anime_11915334.jpg,477,80
17398,images/danbooru_anime_11916963.jpg,725,110
17399,images/coco_128140_2153839.jpg,423,71
17400,images/coco_285799_452923.jpg,378,64
17401,images/coco_224368_444170.jpg,416,69
17402,images/sculpture_humanart_14000000000743.jpg,609,95
17403,images/sculpture_humanart_14000000001903.jpg,532,80
17404,images/danbooru_anime_11918808.jpg,607,98
17405,images/painting_humanart_10000000002811.jpg,583,90
17406,images/painting_humanart_9000000001177.jpg,355,57
17407,images/real_human_humanart_15000000000645.jpg,629,96
17408,images/real_human_humanart_15000000002047.jpg,540,82
17409,images/painting_humanart_1000000007192.jpg,417,71
17410,images/painting_humanart_1000000001584.jpg,495,74
17411,images/danbooru_anime_11918501.jpg,342,57
17412,images/painting_humanart_1000000008350.jpg,563,94
17413,images/danbooru_anime_11921352.jpg,649,101
17414,images/real_human_humanart_17000000001113.jpg,622,102
17415,images/real_human_humanart_15000000000465.jpg,646,94
17416,images/sculpture_humanart_14000000001305.jpg,644,100
17417,images/painting_humanart_10000000001805.jpg,472,80
17418,images/painting_humanart_6000000000558.jpg,276,47
17419,images/painting_humanart_10000000001552.jpg,527,86
17420,images/coco_71095_451041.jpg,290,45
17421,images/painting_humanart_2000000000234.jpg,539,92
17422,images/real_human_humanart_15000000000724.jpg,568,84
17423,images/painting_humanart_6000000000639.jpg,313,52
17424,images/coco_227806_crowd.jpg,414,66
17425,images/painting_humanart_10000000004410.jpg,327,46
17426,images/coco_400950_crowd.jpg,312,54
17427,images/painting_humanart_6000000001664.jpg,562,97
17428,images/painting_humanart_10000000002850.jpg,388,66
17429,images/painting_humanart_2000000000387.jpg,656,108
17430,images/painting_humanart_9000000002298.jpg,399,74
17431,images/real_human_humanart_17000000001304.jpg,701,107
17432,images/danbooru_anime_11912960.jpg,445,75
17433,images/painting_humanart_1000000001248.jpg,439,69
17434,images/danbooru_anime_11909500.jpg,412,66
17435,images/coco_219841_crowd.jpg,651,110
17436,images/painting_humanart_2000000000140.jpg,564,90
17437,images/painting_humanart_10000000001334.jpg,506,80
17438,images/painting_humanart_9000000000747.jpg,380,63
17439,images/painting_humanart_9000000001684.jpg,513,83
17440,images/danbooru_anime_11913690.jpg,564,88
17441,images/painting_humanart_9000000001370.jpg,397,64
17442,images/real_human_humanart_17000000000815.jpg,637,95
17443,images/painting_humanart_2000000000997.jpg,603,103
17444,images/painting_humanart_9000000002345.jpg,508,81
17445,images/coco_348730_482830.jpg,314,51
17446,images/painting_humanart_10000000005104.jpg,416,68
17447,images/coco_205670_184277.jpg,646,108
17448,images/painting_humanart_2000000001875.jpg,536,81
17449,images/painting_humanart_10000000004190.jpg,462,72
17450,images/coco_323682_443890.jpg,489,78
17451,images/coco_227742_470377.jpg,383,58
17452,images/painting_humanart_10000000000262.jpg,456,80
17453,images/painting_humanart_9000000001145.jpg,365,59
17454,images/painting_humanart_2000000002151.jpg,651,101
17455,images/coco_138220_2157283.jpg,385,67
17456,images/painting_humanart_9000000002245.jpg,656,106
17457,images/danbooru_anime_11920417.jpg,349,58
17458,images/real_human_humanart_17000000001144.jpg,645,100
17459,images/coco_118867_429844.jpg,466,72
17460,images/painting_humanart_1000000008267.jpg,308,58
17461,images/painting_humanart_6000000003622.jpg,537,80
17462,images/painting_humanart_9000000000991.jpg,391,66
17463,images/coco_134198_466050.jpg,302,50
17464,images/painting_humanart_9000000002336.jpg,419,67
17465,images/coco_388439_crowd.jpg,429,69
17466,images/coco_550365_490172.jpg,359,57
17467,images/painting_humanart_6000000002938.jpg,475,72
17468,images/painting_humanart_1000000000226.jpg,288,49
17469,images/danbooru_anime_11916488.jpg,543,86
17470,images/painting_humanart_2000000000989.jpg,425,65
17471,images/painting_humanart_6000000003263.jpg,614,105
17472,images/real_human_humanart_15000000001725.jpg,519,81
17473,images/danbooru_anime_11915518.jpg,437,63
17474,images/coco_105647_crowd.jpg,533,82
17475,images/painting_humanart_2000000001011.jpg,539,86
17476,images/real_human_humanart_17000000000596.jpg,744,119
17477,images/painting_humanart_10000000002954.jpg,213,34
17478,images/real_human_humanart_15000000001580.jpg,710,114
17479,images/painting_humanart_10000000000587.jpg,318,48
17480,images/coco_558635_crowd.jpg,463,78
17481,images/sculpture_humanart_14000000001677.jpg,805,124
17482,images/painting_humanart_10000000005067.jpg,456,69
17483,images/painting_humanart_10000000002716.jpg,508,84
17484,images/coco_91545_455312.jpg,311,52
17485,images/coco_266677_492034.jpg,342,59
17486,images/coco_554348_186462.jpg,243,43
17487,images/real_human_humanart_15000000001689.jpg,539,79
17488,images/coco_344307_crowd.jpg,383,64
17489,images/coco_323067_491865.jpg,755,125
17490,images/danbooru_anime_11918541.jpg,494,83
17491,images/painting_humanart_10000000003468.jpg,294,47
17492,images/painting_humanart_1000000001266.jpg,395,62
17493,images/painting_humanart_2000000000778.jpg,544,91
17494,images/coco_282145_crowd.jpg,625,108
17495,images/coco_355214_187776.jpg,490,80
