file_name,_split,caption_token_len
coco_100098_193288.jpg,train,52
coco_10012_1730659.jpg,train,43
coco_10023_439238.jpg,train,88
coco_10040_crowd.jpg,train,71
coco_100438_crowd.jpg,train,103
coco_100553_455521.jpg,train,107
coco_100977_crowd.jpg,train,85
coco_101088_crowd.jpg,train,102
coco_101172_183092.jpg,train,98
coco_10138_228945.jpg,train,102
coco_10142_469874.jpg,train,82
coco_101491_crowd.jpg,train,89
coco_10149_191566.jpg,train,117
coco_101656_186340.jpg,train,68
coco_10192_446799.jpg,train,69
coco_102329_433925.jpg,train,69
coco_102353_451098.jpg,train,126
coco_102497_215537.jpg,train,90
coco_10249_468383.jpg,train,51
coco_102532_crowd.jpg,train,87
coco_102555_crowd.jpg,train,120
coco_102746_crowd.jpg,train,88
coco_102837_471724.jpg,train,64
coco_102872_crowd.jpg,train,71
coco_102908_430597.jpg,train,99
coco_102928_447164.jpg,train,98
coco_103114_crowd.jpg,train,71
coco_103134_crowd.jpg,train,154
coco_103227_486387.jpg,train,76
coco_103413_497545.jpg,train,96
coco_103431_crowd.jpg,train,59
coco_103462_1723204.jpg,train,91
coco_103491_1238096.jpg,train,91
coco_103579_crowd.jpg,train,85
coco_103697_435277.jpg,train,115
coco_103747_426229.jpg,train,59
coco_103837_208307.jpg,train,148
coco_103855_crowd.jpg,train,69
coco_103873_crowd.jpg,train,90
coco_10393_207348.jpg,train,140
coco_104221_crowd.jpg,train,110
coco_104340_crowd.jpg,train,89
coco_104393_crowd.jpg,train,99
coco_104406_446594.jpg,train,80
coco_104422_501299.jpg,train,156
coco_104453_480966.jpg,train,64
coco_104563_510122.jpg,train,54
coco_10463_503497.jpg,train,73
coco_104751_465120.jpg,train,69
coco_105053_448498.jpg,train,60
coco_105303_450705.jpg,train,100
coco_105448_423022.jpg,train,82
coco_105518_215078.jpg,train,87
coco_105647_crowd.jpg,train,131
coco_105872_crowd.jpg,train,92
coco_105974_452683.jpg,train,56
coco_106046_443527.jpg,train,80
coco_106073_427113.jpg,train,115
coco_106096_437341.jpg,train,90
coco_106172_202939.jpg,train,91
coco_106228_crowd.jpg,train,105
coco_106314_crowd.jpg,train,108
coco_106375_195245.jpg,train,102
coco_10644_crowd.jpg,train,113
coco_106484_216046.jpg,train,126
coco_106508_185226.jpg,train,126
coco_106739_crowd.jpg,train,57
coco_106810_198201.jpg,train,87
coco_106900_crowd.jpg,train,116
coco_107004_crowd.jpg,train,91
coco_107227_206584.jpg,train,85
coco_107360_482940.jpg,train,66
coco_107661_crowd.jpg,train,182
coco_107741_crowd.jpg,train,119
coco_10779_199503.jpg,train,76
coco_107853_433157.jpg,train,82
coco_107964_441251.jpg,train,93
coco_107990_231565.jpg,train,75
coco_108056_491704.jpg,train,84
coco_108094_crowd.jpg,train,73
coco_108130_crowd.jpg,train,54
coco_108272_crowd.jpg,train,115
coco_108425_458108.jpg,train,122
coco_108803_crowd.jpg,train,89
coco_108838_crowd.jpg,train,75
coco_108953_202629.jpg,train,69
coco_109229_442795.jpg,train,79
coco_109231_crowd.jpg,train,113
coco_109308_455663.jpg,train,86
coco_109403_crowd.jpg,train,76
coco_109503_451150.jpg,train,84
coco_109539_1693850.jpg,train,56
coco_109889_462962.jpg,train,57
coco_110052_1713165.jpg,train,129
coco_110460_2155346.jpg,train,108
coco_110482_186245.jpg,train,123
coco_110551_crowd.jpg,train,69
coco_110618_429345.jpg,train,68
coco_110769_430102.jpg,train,81
coco_111109_428598.jpg,train,83
coco_111409_196374.jpg,train,34
coco_111629_506011.jpg,train,89
coco_111644_470789.jpg,train,50
coco_111825_crowd.jpg,train,130
coco_111907_474705.jpg,train,116
coco_111909_220992.jpg,train,76
coco_111910_438900.jpg,train,139
coco_111944_471889.jpg,train,114
coco_112160_457119.jpg,train,79
coco_112568_crowd.jpg,train,60
coco_112582_437271.jpg,train,76
coco_112816_425229.jpg,train,132
coco_112949_427025.jpg,train,51
coco_11316_483796.jpg,train,84
coco_113233_427487.jpg,train,115
coco_113294_1719500.jpg,train,77
coco_11340_crowd.jpg,train,108
coco_113588_crowd.jpg,train,124
coco_113590_crowd.jpg,train,110
coco_113756_crowd.jpg,train,85
coco_113975_crowd.jpg,train,107
coco_113989_535870.jpg,train,61
coco_114055_crowd.jpg,train,58
coco_114158_456142.jpg,train,76
coco_114183_crowd.jpg,train,65
coco_114239_192618.jpg,train,57
coco_114291_crowd.jpg,train,57
coco_114313_459479.jpg,train,107
coco_114352_457455.jpg,train,96
coco_114481_crowd.jpg,train,95
coco_11449_441049.jpg,train,73
coco_114579_426649.jpg,train,99
coco_114790_434462.jpg,train,54
coco_114946_crowd.jpg,train,52
coco_115243_crowd.jpg,train,107
coco_115314_198441.jpg,train,84
coco_11538_187867.jpg,train,85
coco_115579_479993.jpg,train,134
coco_115584_490518.jpg,train,72
coco_115626_184172.jpg,train,60
coco_115700_crowd.jpg,train,126
coco_115930_crowd.jpg,train,95
coco_116067_crowd.jpg,train,96
coco_116173_446546.jpg,train,58
coco_116354_443638.jpg,train,71
coco_116389_454299.jpg,train,68
coco_116455_193389.jpg,train,68
coco_116574_2207739.jpg,train,52
coco_116712_186683.jpg,train,62
coco_117037_crowd.jpg,train,157
coco_117222_crowd.jpg,train,104
coco_117508_466984.jpg,train,66
coco_117584_441680.jpg,train,57
coco_117674_crowd.jpg,train,87
coco_117690_432485.jpg,train,96
coco_1180_crowd.jpg,train,76
coco_118406_crowd.jpg,train,75
coco_118564_425102.jpg,train,90
coco_118867_429844.jpg,train,90
coco_118965_500691.jpg,train,99
coco_118966_crowd.jpg,train,77
coco_119075_2156290.jpg,train,73
coco_119134_crowd.jpg,train,97
coco_119166_185902.jpg,train,72
coco_119308_442395.jpg,train,82
coco_119476_211515.jpg,train,189
coco_119502_423694.jpg,train,89
coco_119876_189198.jpg,train,56
coco_119939_crowd.jpg,train,71
coco_119964_2162942.jpg,train,88
coco_120099_183502.jpg,train,90
coco_12020_crowd.jpg,train,100
coco_120234_438631.jpg,train,58
coco_120340_crowd.jpg,train,92
coco_120356_190848.jpg,train,98
coco_120745_2149090.jpg,train,62
coco_120783_2158567.jpg,train,93
coco_120964_crowd.jpg,train,74
coco_121006_475911.jpg,train,67
coco_121381_440512.jpg,train,60
coco_121534_crowd.jpg,train,79
coco_121570_197138.jpg,train,90
coco_121788_487284.jpg,train,71
coco_121849_465697.jpg,train,78
coco_122120_438078.jpg,train,78
coco_122135_crowd.jpg,train,105
coco_122161_crowd.jpg,train,117
coco_122199_crowd.jpg,train,76
coco_12238_206281.jpg,train,85
coco_122413_185666.jpg,train,74
coco_12269_483662.jpg,train,121
coco_122766_456409.jpg,train,56
coco_123137_crowd.jpg,train,93
coco_123360_crowd.jpg,train,125
coco_12343_2153230.jpg,train,78
coco_123570_crowd.jpg,train,96
coco_12370_199325.jpg,train,100
coco_123964_crowd.jpg,train,82
coco_124387_429580.jpg,train,64
coco_124620_496265.jpg,train,133
coco_124684_1748227.jpg,train,131
coco_124796_436372.jpg,train,110
coco_124873_crowd.jpg,train,73
coco_124949_crowd.jpg,train,95
coco_125071_481692.jpg,train,101
coco_125707_1208254.jpg,train,115
coco_125873_crowd.jpg,train,103
coco_125983_crowd.jpg,train,68
coco_126123_crowd.jpg,train,80
coco_126257_467497.jpg,train,113
coco_126564_426181.jpg,train,88
coco_126606_crowd.jpg,train,97
coco_126727_1727781.jpg,train,81
coco_126833_crowd.jpg,train,91
coco_126895_crowd.jpg,train,86
coco_127474_crowd.jpg,train,80
coco_12754_crowd.jpg,train,106
coco_127669_1246977.jpg,train,52
coco_127990_430340.jpg,train,68
coco_128140_2153839.jpg,train,89
coco_12817_507541.jpg,train,74
coco_128586_crowd.jpg,train,98
coco_128704_crowd.jpg,train,64
coco_128830_crowd.jpg,train,55
coco_128978_184933.jpg,train,58
coco_129100_crowd.jpg,train,70
coco_12927_207055.jpg,train,60
coco_12938_474528.jpg,train,120
coco_12947_crowd.jpg,train,69
coco_129690_crowd.jpg,train,98
coco_129706_447757.jpg,train,55
coco_129864_476006.jpg,train,51
coco_12991_1229234.jpg,train,53
coco_130240_438394.jpg,train,89
coco_130419_466828.jpg,train,79
coco_130432_430707.jpg,train,130
coco_130619_crowd.jpg,train,118
coco_130773_465703.jpg,train,79
coco_131018_512474.jpg,train,57
coco_13132_crowd.jpg,train,60
coco_131361_195698.jpg,train,107
coco_131661_457716.jpg,train,84
coco_13175_494305.jpg,train,70
coco_131804_212463.jpg,train,60
coco_131919_2159589.jpg,train,68
coco_132024_428695.jpg,train,58
coco_132272_465680.jpg,train,88
coco_132288_453843.jpg,train,53
coco_132644_451757.jpg,train,62
coco_132719_430915.jpg,train,71
coco_132791_200184.jpg,train,62
coco_132901_crowd.jpg,train,144
coco_13296_crowd.jpg,train,58
coco_133042_crowd.jpg,train,91
coco_133090_crowd.jpg,train,93
coco_133327_432446.jpg,train,93
coco_133608_crowd.jpg,train,92
coco_133680_crowd.jpg,train,85
coco_133690_189310.jpg,train,103
coco_13379_459244.jpg,train,114
coco_133869_crowd.jpg,train,103
coco_134098_452363.jpg,train,66
coco_134198_466050.jpg,train,59
coco_134285_458346.jpg,train,92
coco_134386_crowd.jpg,train,55
coco_134618_474368.jpg,train,98
coco_134926_445902.jpg,train,76
coco_134981_crowd.jpg,train,126
coco_135281_crowd.jpg,train,76
coco_135356_431425.jpg,train,134
coco_135785_crowd.jpg,train,74
coco_135846_crowd.jpg,train,92
coco_136042_184569.jpg,train,85
coco_136143_505447.jpg,train,82
coco_136285_crowd.jpg,train,76
coco_13639_491811.jpg,train,76
coco_136501_431948.jpg,train,84
coco_136770_crowd.jpg,train,134
coco_136908_435207.jpg,train,65
coco_137330_crowd.jpg,train,124
coco_137362_crowd.jpg,train,71
coco_137586_187271.jpg,train,114
coco_137622_crowd.jpg,train,78
coco_137654_crowd.jpg,train,196
coco_137844_439528.jpg,train,190
coco_137992_474833.jpg,train,82
coco_138220_2157283.jpg,train,79
coco_138488_crowd.jpg,train,79
coco_138503_crowd.jpg,train,162
coco_13867_2156543.jpg,train,74
coco_13892_2152627.jpg,train,91
coco_138937_1748858.jpg,train,78
coco_138995_470909.jpg,train,80
coco_139140_189148.jpg,train,100
coco_139261_2164586.jpg,train,124
coco_139294_crowd.jpg,train,138
coco_13943_1733354.jpg,train,100
coco_139512_192239.jpg,train,106
coco_139637_190415.jpg,train,60
coco_139969_crowd.jpg,train,79
coco_140007_481005.jpg,train,68
coco_140068_crowd.jpg,train,76
coco_140087_479004.jpg,train,73
coco_140263_487867.jpg,train,87
coco_14029_461659.jpg,train,75
coco_14041_428879.jpg,train,134
coco_140465_218579.jpg,train,67
coco_140785_crowd.jpg,train,70
coco_140963_crowd.jpg,train,113
coco_141197_439314.jpg,train,71
coco_141205_crowd.jpg,train,78
coco_14135_448395.jpg,train,53
coco_141416_crowd.jpg,train,109
coco_141634_218410.jpg,train,49
coco_141651_crowd.jpg,train,60
coco_14167_crowd.jpg,train,79
coco_14175_428718.jpg,train,104
coco_141887_459994.jpg,train,62
coco_141962_480221.jpg,train,91
coco_142261_212980.jpg,train,50
coco_142386_crowd.jpg,train,85
coco_142574_crowd.jpg,train,70
coco_142667_crowd.jpg,train,131
coco_142718_crowd.jpg,train,72
coco_143101_428852.jpg,train,84
coco_143103_crowd.jpg,train,65
coco_143107_2198438.jpg,train,50
coco_143143_crowd.jpg,train,72
coco_143305_crowd.jpg,train,130
coco_143479_494756.jpg,train,132
coco_143554_2160697.jpg,train,62
coco_143576_477064.jpg,train,85
coco_143582_213182.jpg,train,96
coco_143737_crowd.jpg,train,64
coco_143901_441115.jpg,train,94
coco_143908_183103.jpg,train,84
coco_144273_crowd.jpg,train,94
coco_14428_454926.jpg,train,94
coco_144379_456845.jpg,train,127
coco_14470_crowd.jpg,train,78
coco_144795_184785.jpg,train,96
coco_144862_crowd.jpg,train,106
coco_144929_1726388.jpg,train,52
coco_145025_184608.jpg,train,63
coco_145378_crowd.jpg,train,56
coco_145422_crowd.jpg,train,71
coco_14547_2164208.jpg,train,94
coco_145604_crowd.jpg,train,81
coco_145684_2151348.jpg,train,67
coco_145734_crowd.jpg,train,110
coco_145824_478136.jpg,train,81
coco_145831_crowd.jpg,train,93
coco_146112_crowd.jpg,train,124
coco_146123_435727.jpg,train,66
coco_146150_crowd.jpg,train,89
coco_146190_509246.jpg,train,118
coco_146193_462987.jpg,train,89
coco_146240_crowd.jpg,train,126
coco_14635_crowd.jpg,train,100
coco_146448_crowd.jpg,train,87
coco_146487_crowd.jpg,train,52
coco_146676_450352.jpg,train,162
coco_146723_445208.jpg,train,64
coco_146742_427175.jpg,train,109
coco_146837_209577.jpg,train,51
coco_146855_490150.jpg,train,84
coco_147101_crowd.jpg,train,102
coco_147346_crowd.jpg,train,149
coco_147393_455425.jpg,train,83
coco_147471_crowd.jpg,train,104
coco_147488_2164997.jpg,train,74
coco_147653_468009.jpg,train,40
coco_147958_445781.jpg,train,107
coco_147979_185410.jpg,train,51
coco_148193_193476.jpg,train,60
coco_148243_crowd.jpg,train,100
coco_148526_crowd.jpg,train,134
coco_14874_477826.jpg,train,138
coco_148843_185616.jpg,train,87
coco_148911_441338.jpg,train,53
coco_149014_2160586.jpg,train,77
coco_149470_444070.jpg,train,78
coco_149571_490214.jpg,train,49
coco_149592_crowd.jpg,train,50
coco_149669_crowd.jpg,train,113
coco_149780_445988.jpg,train,59
coco_149903_206433.jpg,train,72
coco_149962_444159.jpg,train,172
coco_150088_470874.jpg,train,107
coco_150292_crowd.jpg,train,106
coco_150317_438392.jpg,train,80
coco_15032_422388.jpg,train,118
coco_150342_crowd.jpg,train,116
coco_150410_223089.jpg,train,65
coco_150508_430777.jpg,train,144
coco_15050_436331.jpg,train,120
coco_150533_448224.jpg,train,48
coco_150834_crowd.jpg,train,95
coco_151084_545144.jpg,train,90
coco_151138_436430.jpg,train,58
coco_151159_crowd.jpg,train,90
coco_151338_crowd.jpg,train,71
coco_151896_204594.jpg,train,79
coco_151988_crowd.jpg,train,49
coco_152211_470746.jpg,train,77
coco_152258_crowd.jpg,train,112
coco_152543_crowd.jpg,train,76
coco_152702_188979.jpg,train,119
coco_153013_crowd.jpg,train,92
coco_153520_crowd.jpg,train,50
coco_153631_crowd.jpg,train,87
coco_153692_205626.jpg,train,74
coco_153717_196338.jpg,train,79
coco_153803_crowd.jpg,train,114
coco_153822_442463.jpg,train,70
coco_154139_458904.jpg,train,72
coco_154154_crowd.jpg,train,92
coco_154254_1724964.jpg,train,81
coco_154263_crowd.jpg,train,94
coco_154497_crowd.jpg,train,125
coco_154861_439889.jpg,train,61
coco_154884_crowd.jpg,train,140
coco_155007_crowd.jpg,train,73
coco_155465_541460.jpg,train,106
coco_155466_crowd.jpg,train,41
coco_15559_477109.jpg,train,80
coco_155644_crowd.jpg,train,97
coco_155873_219427.jpg,train,57
coco_156246_468936.jpg,train,68
coco_156324_431279.jpg,train,70
coco_156375_479282.jpg,train,78
coco_1563_439971.jpg,train,101
coco_156497_225733.jpg,train,119
coco_156636_443159.jpg,train,73
coco_156747_1246968.jpg,train,84
coco_156756_197419.jpg,train,60
coco_156889_crowd.jpg,train,118
coco_157053_216631.jpg,train,86
coco_157352_crowd.jpg,train,57
coco_157417_202549.jpg,train,81
coco_15778_crowd.jpg,train,59
coco_157862_446307.jpg,train,76
coco_157948_463292.jpg,train,75
coco_157960_crowd.jpg,train,93
coco_15810_crowd.jpg,train,98
coco_158292_crowd.jpg,train,86
coco_158440_1205452.jpg,train,93
coco_158466_479116.jpg,train,78
coco_15883_461431.jpg,train,102
coco_158887_crowd.jpg,train,70
coco_158922_1218440.jpg,train,55
coco_158924_453171.jpg,train,78
coco_1592_438895.jpg,train,59
coco_159372_535531.jpg,train,67
coco_159377_crowd.jpg,train,76
coco_159832_429095.jpg,train,75
coco_159898_crowd.jpg,train,88
coco_159969_448335.jpg,train,110
coco_160126_454260.jpg,train,77
coco_160166_crowd.jpg,train,126
coco_160190_183953.jpg,train,71
coco_160195_crowd.jpg,train,62
coco_160341_422571.jpg,train,126
coco_160351_453630.jpg,train,86
coco_160531_191294.jpg,train,86
coco_16064_crowd.jpg,train,56
coco_160652_443661.jpg,train,96
coco_161112_184642.jpg,train,76
coco_161517_crowd.jpg,train,134
coco_161567_crowd.jpg,train,73
coco_161586_465593.jpg,train,122
coco_161810_crowd.jpg,train,102
coco_162021_crowd.jpg,train,85
coco_162067_crowd.jpg,train,188
coco_162362_crowd.jpg,train,99
coco_162363_1211104.jpg,train,140
coco_16237_2161396.jpg,train,78
coco_162429_crowd.jpg,train,72
coco_162627_187838.jpg,train,73
coco_162774_437478.jpg,train,50
coco_162855_487908.jpg,train,87
coco_163112_502363.jpg,train,93
coco_163127_2162148.jpg,train,52
coco_163139_crowd.jpg,train,104
coco_163260_crowd.jpg,train,93
coco_163518_449479.jpg,train,104
coco_163540_crowd.jpg,train,159
coco_163543_490545.jpg,train,98
coco_163575_190842.jpg,train,86
coco_163755_crowd.jpg,train,63
coco_163782_crowd.jpg,train,112
coco_163814_422323.jpg,train,94
coco_164135_448481.jpg,train,63
coco_164835_crowd.jpg,train,70
coco_164848_456576.jpg,train,129
coco_16497_2162521.jpg,train,91
coco_165012_430978.jpg,train,67
coco_165419_461362.jpg,train,49
coco_165476_crowd.jpg,train,134
coco_165986_crowd.jpg,train,59
coco_166190_465451.jpg,train,81
coco_166255_crowd.jpg,train,102
coco_166392_509391.jpg,train,69
coco_166624_434824.jpg,train,58
coco_167074_468753.jpg,train,64
coco_167082_1714224.jpg,train,94
coco_167235_484150.jpg,train,131
coco_167270_422120.jpg,train,40
coco_167273_1718257.jpg,train,57
coco_167724_1727254.jpg,train,89
coco_167792_crowd.jpg,train,63
coco_167854_200479.jpg,train,109
coco_168162_crowd.jpg,train,72
coco_16817_474744.jpg,train,107
coco_168231_426195.jpg,train,110
coco_168248_1270104.jpg,train,65
coco_168340_449931.jpg,train,58
coco_168355_476084.jpg,train,83
coco_168580_crowd.jpg,train,66
coco_168775_196173.jpg,train,100
coco_168781_189407.jpg,train,119
coco_168797_433467.jpg,train,79
coco_16879_crowd.jpg,train,100
coco_168811_crowd.jpg,train,83
coco_169028_462839.jpg,train,58
coco_169331_crowd.jpg,train,98
coco_169436_487049.jpg,train,91
coco_169500_470526.jpg,train,57
coco_169514_2156153.jpg,train,78
coco_169539_2205730.jpg,train,77
coco_16961_crowd.jpg,train,157
coco_169648_470371.jpg,train,87
coco_169690_448283.jpg,train,130
coco_169972_255747.jpg,train,91
coco_170000_2158669.jpg,train,102
coco_17003_429752.jpg,train,82
coco_1700_429163.jpg,train,56
coco_170127_crowd.jpg,train,78
coco_170173_crowd.jpg,train,125
coco_170178_crowd.jpg,train,144
coco_17018_crowd.jpg,train,88
coco_170640_196235.jpg,train,102
coco_170852_453320.jpg,train,86
coco_17095_185469.jpg,train,71
coco_171016_2156022.jpg,train,77
coco_171351_196090.jpg,train,76
coco_171371_crowd.jpg,train,77
coco_171443_444580.jpg,train,84
coco_171524_crowd.jpg,train,35
coco_171546_506814.jpg,train,81
coco_171622_503737.jpg,train,48
coco_171762_421113.jpg,train,68
coco_171880_442195.jpg,train,78
coco_171962_226419.jpg,train,94
coco_172342_crowd.jpg,train,133
coco_172408_crowd.jpg,train,79
coco_17244_207651.jpg,train,84
coco_17267_crowd.jpg,train,92
coco_172952_crowd.jpg,train,115
coco_17311_228138.jpg,train,69
coco_173161_crowd.jpg,train,111
coco_173229_424050.jpg,train,64
coco_173245_1712261.jpg,train,79
coco_173340_475815.jpg,train,118
coco_173375_511930.jpg,train,63
coco_173400_1707079.jpg,train,80
coco_173514_450161.jpg,train,73
coco_173704_473740.jpg,train,105
coco_174043_crowd.jpg,train,81
coco_174145_crowd.jpg,train,89
coco_174313_201536.jpg,train,110
coco_174402_421097.jpg,train,118
coco_174603_crowd.jpg,train,79
coco_174633_crowd.jpg,train,82
coco_175024_187786.jpg,train,74
coco_175052_428891.jpg,train,105
coco_175506_crowd.jpg,train,109
coco_175653_421823.jpg,train,93
coco_175737_186439.jpg,train,115
coco_175831_crowd.jpg,train,125
coco_175863_465102.jpg,train,104
coco_175864_crowd.jpg,train,125
coco_176009_crowd.jpg,train,96
coco_176031_crowd.jpg,train,113
coco_176278_445000.jpg,train,124
coco_176519_crowd.jpg,train,74
coco_176595_209656.jpg,train,76
coco_177064_469970.jpg,train,60
coco_177338_crowd.jpg,train,57
coco_177919_crowd.jpg,train,73
coco_177938_crowd.jpg,train,63
coco_177952_518785.jpg,train,77
coco_177953_crowd.jpg,train,81
coco_178283_438561.jpg,train,51
coco_178446_crowd.jpg,train,92
coco_178587_476528.jpg,train,95
coco_17869_192266.jpg,train,119
coco_179199_1211644.jpg,train,72
coco_179374_crowd.jpg,train,92
coco_179584_crowd.jpg,train,63
coco_179599_430428.jpg,train,117
coco_179960_crowd.jpg,train,132
coco_180283_458955.jpg,train,89
coco_180289_200392.jpg,train,75
coco_180718_2162559.jpg,train,57
coco_180984_crowd.jpg,train,92
coco_181026_486073.jpg,train,76
coco_181133_235868.jpg,train,55
coco_181296_191215.jpg,train,95
coco_181383_crowd.jpg,train,81
coco_18158_crowd.jpg,train,76
coco_181677_crowd.jpg,train,90
coco_181786_428830.jpg,train,70
coco_181805_492933.jpg,train,68
coco_181980_crowd.jpg,train,116
coco_182339_212093.jpg,train,119
coco_182523_crowd.jpg,train,65
coco_182715_494733.jpg,train,123
coco_183176_crowd.jpg,train,75
coco_183393_188283.jpg,train,114
coco_18358_2157234.jpg,train,67
coco_183620_crowd.jpg,train,82
coco_183677_crowd.jpg,train,125
coco_183843_518810.jpg,train,85
coco_183905_1238988.jpg,train,83
coco_183970_430732.jpg,train,63
coco_18426_221205.jpg,train,130
coco_184295_crowd.jpg,train,90
coco_18444_475225.jpg,train,50
coco_184929_crowd.jpg,train,106
coco_184972_crowd.jpg,train,132
coco_185156_207003.jpg,train,84
coco_185201_449648.jpg,train,67
coco_185240_crowd.jpg,train,67
coco_185305_465817.jpg,train,75
coco_185598_432361.jpg,train,59
coco_185639_463938.jpg,train,75
coco_185838_421698.jpg,train,59
coco_186026_497477.jpg,train,65
coco_186036_crowd.jpg,train,64
coco_186095_190009.jpg,train,72
coco_186218_crowd.jpg,train,73
coco_187132_1706953.jpg,train,73
coco_187244_456351.jpg,train,66
coco_18728_427604.jpg,train,100
coco_187533_crowd.jpg,train,163
coco_187795_crowd.jpg,train,114
coco_18783_221996.jpg,train,112
coco_187857_crowd.jpg,train,90
coco_18794_479722.jpg,train,48
coco_188308_crowd.jpg,train,55
coco_188386_crowd.jpg,train,40
coco_188460_194891.jpg,train,137
coco_188866_559214.jpg,train,116
coco_188946_519929.jpg,train,82
coco_18896_1716680.jpg,train,112
coco_189103_432990.jpg,train,61
coco_189193_200945.jpg,train,96
coco_189267_497826.jpg,train,65
coco_189368_423373.jpg,train,63
coco_189936_crowd.jpg,train,105
coco_190313_crowd.jpg,train,83
coco_190423_crowd.jpg,train,107
coco_190689_446643.jpg,train,77
coco_190829_crowd.jpg,train,110
coco_190907_crowd.jpg,train,131
coco_190995_500908.jpg,train,110
coco_191000_429954.jpg,train,102
coco_191112_crowd.jpg,train,103
coco_191158_449567.jpg,train,66
coco_191169_203203.jpg,train,71
coco_19157_crowd.jpg,train,50
coco_191687_crowd.jpg,train,69
coco_191758_crowd.jpg,train,79
coco_191981_436593.jpg,train,82
coco_192039_454228.jpg,train,76
coco_192095_463010.jpg,train,120
coco_192181_475691.jpg,train,74
coco_192362_525904.jpg,train,69
coco_192656_472911.jpg,train,78
coco_192932_2153320.jpg,train,72
coco_19322_198344.jpg,train,90
coco_193349_crowd.jpg,train,115
coco_193388_2153606.jpg,train,73
coco_193401_204678.jpg,train,55
coco_193474_439622.jpg,train,123
coco_193605_424659.jpg,train,241
coco_193622_203419.jpg,train,52
coco_193968_crowd.jpg,train,49
coco_194013_216425.jpg,train,63
coco_194153_1732951.jpg,train,95
coco_194440_188744.jpg,train,82
coco_19444_crowd.jpg,train,121
coco_194704_428478.jpg,train,124
coco_195408_186295.jpg,train,57
coco_195594_1228727.jpg,train,63
coco_195673_457752.jpg,train,53
coco_195697_459356.jpg,train,63
coco_195750_crowd.jpg,train,82
coco_195798_crowd.jpg,train,115
coco_195862_crowd.jpg,train,90
coco_195955_crowd.jpg,train,69
coco_196046_crowd.jpg,train,96
coco_196212_442485.jpg,train,68
coco_196280_423860.jpg,train,105
coco_196458_428842.jpg,train,53
coco_196490_crowd.jpg,train,128
coco_196506_229353.jpg,train,93
coco_196574_436289.jpg,train,67
coco_196660_1228818.jpg,train,69
coco_19716_493874.jpg,train,94
coco_197280_crowd.jpg,train,95
coco_197352_crowd.jpg,train,73
coco_197492_440074.jpg,train,82
coco_197683_crowd.jpg,train,66
coco_198004_crowd.jpg,train,70
coco_198120_crowd.jpg,train,75
coco_198352_203728.jpg,train,70
coco_198447_crowd.jpg,train,112
coco_198486_441361.jpg,train,89
coco_198645_469576.jpg,train,110
coco_198972_212382.jpg,train,59
coco_19904_crowd.jpg,train,55
coco_199215_crowd.jpg,train,128
coco_199387_438359.jpg,train,165
coco_199403_452019.jpg,train,65
coco_199404_1727460.jpg,train,141
coco_199481_193037.jpg,train,93
coco_199540_423847.jpg,train,112
coco_199876_crowd.jpg,train,75
coco_199883_crowd.jpg,train,69
coco_199962_184371.jpg,train,94
coco_200058_501996.jpg,train,91
coco_200168_1259309.jpg,train,117
coco_200563_480814.jpg,train,57
coco_200572_448340.jpg,train,177
coco_200605_464518.jpg,train,88
coco_200668_crowd.jpg,train,60
coco_200717_432734.jpg,train,108
coco_200745_crowd.jpg,train,107
coco_201141_473135.jpg,train,100
coco_201207_crowd.jpg,train,73
coco_201305_1722671.jpg,train,71
coco_201498_500301.jpg,train,67
coco_2014_crowd.jpg,train,68
coco_20161_441585.jpg,train,63
coco_20178_510695.jpg,train,100
coco_201899_195555.jpg,train,107
coco_202389_1725195.jpg,train,102
coco_20254_431085.jpg,train,71
coco_203085_252626.jpg,train,118
coco_203119_498908.jpg,train,84
coco_203239_crowd.jpg,train,82
coco_203345_crowd.jpg,train,149
coco_20342_crowd.jpg,train,109
coco_203631_456035.jpg,train,88
coco_203669_422319.jpg,train,59
coco_203747_crowd.jpg,train,90
coco_204049_462138.jpg,train,69
coco_20410_202365.jpg,train,139
coco_204162_492272.jpg,train,79
coco_204232_crowd.jpg,train,68
coco_204525_466308.jpg,train,80
coco_204767_crowd.jpg,train,140
coco_204943_crowd.jpg,train,126
coco_205002_229246.jpg,train,54
coco_205134_506473.jpg,train,94
coco_205238_425389.jpg,train,93
coco_205504_422043.jpg,train,167
coco_205573_crowd.jpg,train,114
coco_205670_184277.jpg,train,125
coco_205676_crowd.jpg,train,86
coco_206268_193101.jpg,train,67
coco_206381_194422.jpg,train,114
coco_206417_crowd.jpg,train,68
coco_20641_crowd.jpg,train,101
coco_20671_201364.jpg,train,110
coco_206851_crowd.jpg,train,75
coco_206859_crowd.jpg,train,82
coco_206907_crowd.jpg,train,110
coco_207019_468566.jpg,train,99
coco_207177_509764.jpg,train,63
coco_207178_crowd.jpg,train,94
coco_207437_crowd.jpg,train,46
coco_207458_423088.jpg,train,80
coco_207548_crowd.jpg,train,77
coco_207611_crowd.jpg,train,93
coco_207670_crowd.jpg,train,114
coco_20788_442081.jpg,train,83
coco_207969_crowd.jpg,train,116
coco_208031_204952.jpg,train,52
coco_208107_crowd.jpg,train,58
coco_208283_233714.jpg,train,69
coco_208476_451741.jpg,train,56
coco_208517_crowd.jpg,train,88
coco_208549_193408.jpg,train,93
coco_208566_465314.jpg,train,102
coco_208808_2166358.jpg,train,137
coco_208871_207393.jpg,train,80
coco_20904_crowd.jpg,train,96
coco_209130_crowd.jpg,train,123
coco_209468_183062.jpg,train,114
coco_209544_426038.jpg,train,78
coco_209602_1714798.jpg,train,62
coco_209782_crowd.jpg,train,79
coco_209835_crowd.jpg,train,95
coco_209925_457675.jpg,train,66
coco_210060_184435.jpg,train,78
coco_210149_crowd.jpg,train,51
coco_210457_crowd.jpg,train,158
coco_210749_432012.jpg,train,88
coco_210883_crowd.jpg,train,81
coco_211097_crowd.jpg,train,129
coco_211141_487287.jpg,train,72
coco_211189_crowd.jpg,train,74
coco_211206_488819.jpg,train,115
coco_211246_crowd.jpg,train,131
coco_211370_crowd.jpg,train,109
coco_211491_462567.jpg,train,102
coco_211690_crowd.jpg,train,62
coco_211722_467788.jpg,train,79
coco_212116_crowd.jpg,train,34
coco_212288_438370.jpg,train,88
coco_21240_431968.jpg,train,75
coco_212470_crowd.jpg,train,52
coco_212545_2155594.jpg,train,101
coco_212558_crowd.jpg,train,120
coco_212739_crowd.jpg,train,83
coco_212817_crowd.jpg,train,139
coco_213132_crowd.jpg,train,104
coco_213280_crowd.jpg,train,54
coco_213455_439014.jpg,train,75
coco_213586_1732890.jpg,train,107
coco_213695_crowd.jpg,train,92
coco_213773_436989.jpg,train,103
coco_213978_452703.jpg,train,121
coco_214127_425405.jpg,train,59
coco_214199_2163888.jpg,train,73
coco_214244_431923.jpg,train,109
coco_214274_crowd.jpg,train,106
coco_214363_crowd.jpg,train,65
coco_21470_488809.jpg,train,91
coco_214727_430042.jpg,train,84
coco_214871_1707990.jpg,train,80
coco_215151_crowd.jpg,train,103
coco_215482_crowd.jpg,train,85
coco_215708_crowd.jpg,train,117
coco_215755_crowd.jpg,train,82
coco_215845_crowd.jpg,train,87
coco_216050_484946.jpg,train,147
coco_216051_199356.jpg,train,53
coco_21613_513926.jpg,train,75
coco_216228_crowd.jpg,train,119
coco_216417_187008.jpg,train,73
coco_216861_186739.jpg,train,169
coco_216863_crowd.jpg,train,118
coco_217009_crowd.jpg,train,80
coco_217312_crowd.jpg,train,89
coco_217323_454552.jpg,train,80
coco_217393_192955.jpg,train,97
coco_217440_191293.jpg,train,111
coco_217593_crowd.jpg,train,92
coco_21764_crowd.jpg,train,78
coco_217654_474889.jpg,train,90
coco_218476_190187.jpg,train,80
coco_218721_421243.jpg,train,77
coco_218947_499210.jpg,train,106
coco_21900_187531.jpg,train,68
coco_21924_crowd.jpg,train,52
coco_219525_217708.jpg,train,95
coco_21979_crowd.jpg,train,70
coco_219841_crowd.jpg,train,136
coco_219848_crowd.jpg,train,84
coco_220187_crowd.jpg,train,100
coco_220277_478060.jpg,train,89
coco_220382_482479.jpg,train,49
coco_220511_crowd.jpg,train,66
coco_220531_460948.jpg,train,63
coco_221272_445481.jpg,train,62
coco_221282_crowd.jpg,train,115
coco_221521_crowd.jpg,train,89
coco_221523_190143.jpg,train,75
coco_221547_crowd.jpg,train,78
coco_221669_crowd.jpg,train,113
coco_221713_187879.jpg,train,77
coco_221864_1210585.jpg,train,65
coco_222370_crowd.jpg,train,103
coco_222648_493404.jpg,train,81
coco_222711_crowd.jpg,train,91
coco_222771_crowd.jpg,train,105
coco_223157_crowd.jpg,train,112
coco_223243_429378.jpg,train,80
coco_223256_crowd.jpg,train,95
coco_223300_441619.jpg,train,94
coco_223335_211818.jpg,train,61
coco_224104_212284.jpg,train,65
coco_224220_crowd.jpg,train,92
coco_224322_191088.jpg,train,90
coco_224358_crowd.jpg,train,87
coco_224368_444170.jpg,train,81
coco_225494_crowd.jpg,train,128
coco_225686_crowd.jpg,train,82
coco_225791_476889.jpg,train,70
coco_225792_crowd.jpg,train,73
coco_225913_crowd.jpg,train,90
coco_225945_crowd.jpg,train,79
coco_226173_467208.jpg,train,66
coco_226197_472494.jpg,train,97
coco_226380_crowd.jpg,train,110
coco_22646_448911.jpg,train,109
coco_226579_crowd.jpg,train,73
coco_226588_crowd.jpg,train,91
coco_22671_216247.jpg,train,76
coco_226848_crowd.jpg,train,96
coco_227019_422752.jpg,train,74
coco_227073_187888.jpg,train,82
coco_227221_crowd.jpg,train,112
coco_227230_422439.jpg,train,83
coco_227433_222009.jpg,train,89
coco_227463_454004.jpg,train,84
coco_227742_470377.jpg,train,78
coco_227806_crowd.jpg,train,87
coco_227852_1267123.jpg,train,85
coco_227882_crowd.jpg,train,89
coco_228135_481941.jpg,train,95
coco_22816_crowd.jpg,train,81
coco_228580_484643.jpg,train,69
coco_229067_crowd.jpg,train,60
coco_229329_crowd.jpg,train,139
coco_229350_crowd.jpg,train,123
coco_229531_crowd.jpg,train,132
coco_229765_crowd.jpg,train,73
coco_22979_crowd.jpg,train,141
coco_229889_451576.jpg,train,97
coco_2302_197236.jpg,train,54
coco_230454_crowd.jpg,train,104
coco_230679_190737.jpg,train,131
coco_230780_451814.jpg,train,143
coco_230877_457214.jpg,train,61
coco_230884_458471.jpg,train,44
coco_230964_1225992.jpg,train,91
coco_230995_1750673.jpg,train,126
coco_231240_crowd.jpg,train,50
coco_231379_crowd.jpg,train,105
coco_231402_crowd.jpg,train,83
coco_231628_216850.jpg,train,72
coco_231644_crowd.jpg,train,118
coco_231806_crowd.jpg,train,108
coco_231954_450676.jpg,train,95
coco_232073_crowd.jpg,train,57
coco_232488_crowd.jpg,train,92
coco_232511_crowd.jpg,train,82
coco_232592_2152641.jpg,train,91
coco_232597_473884.jpg,train,109
coco_232612_196168.jpg,train,111
coco_232654_476199.jpg,train,67
coco_233119_crowd.jpg,train,114
coco_233233_467899.jpg,train,79
coco_233305_432295.jpg,train,111
coco_233405_438515.jpg,train,69
coco_233711_1228011.jpg,train,69
coco_233868_191816.jpg,train,96
coco_234251_213139.jpg,train,65
coco_234518_427976.jpg,train,65
coco_234554_451918.jpg,train,118
coco_234572_430327.jpg,train,61
coco_234766_1740254.jpg,train,111
coco_235000_202370.jpg,train,86
coco_235017_1728602.jpg,train,104
coco_235126_crowd.jpg,train,57
coco_235302_crowd.jpg,train,152
coco_235340_432439.jpg,train,76
coco_235701_186092.jpg,train,114
coco_23579_crowd.jpg,train,233
coco_235808_crowd.jpg,train,70
coco_235864_crowd.jpg,train,73
coco_235964_454464.jpg,train,61
coco_236023_crowd.jpg,train,57
coco_236189_crowd.jpg,train,57
coco_236272_crowd.jpg,train,112
coco_236432_525476.jpg,train,79
coco_236865_452409.jpg,train,60
coco_236866_432680.jpg,train,40
coco_236874_450850.jpg,train,68
coco_237075_crowd.jpg,train,64
coco_237357_468589.jpg,train,79
coco_23741_189748.jpg,train,131
coco_237463_453678.jpg,train,118
coco_237496_493566.jpg,train,70
coco_237745_476181.jpg,train,77
coco_237814_crowd.jpg,train,115
coco_237942_454507.jpg,train,70
coco_23802_193105.jpg,train,62
coco_238065_488885.jpg,train,82
coco_23807_crowd.jpg,train,102
coco_238199_453204.jpg,train,65
coco_238449_441635.jpg,train,95
coco_238691_crowd.jpg,train,90
coco_23895_crowd.jpg,train,147
coco_239093_crowd.jpg,train,67
coco_239130_1710256.jpg,train,53
coco_239351_crowd.jpg,train,103
coco_239445_519017.jpg,train,63
coco_23991_crowd.jpg,train,103
coco_239988_crowd.jpg,train,96
coco_240102_crowd.jpg,train,67
coco_240137_459591.jpg,train,49
coco_240147_472147.jpg,train,76
coco_240213_447605.jpg,train,92
coco_240295_crowd.jpg,train,103
coco_240340_223687.jpg,train,81
coco_240537_215555.jpg,train,49
coco_24106_427517.jpg,train,74
coco_241124_crowd.jpg,train,160
coco_241317_497321.jpg,train,61
coco_241318_crowd.jpg,train,40
coco_241340_203678.jpg,train,53
coco_241373_195906.jpg,train,53
coco_241638_435541.jpg,train,59
coco_241837_188950.jpg,train,79
coco_241882_443510.jpg,train,70
coco_241889_502346.jpg,train,81
coco_241_crowd.jpg,train,113
coco_242365_438486.jpg,train,134
coco_242906_198592.jpg,train,51
coco_242945_438384.jpg,train,73
coco_243212_184286.jpg,train,65
coco_243341_431916.jpg,train,49
coco_243418_crowd.jpg,train,149
coco_243780_crowd.jpg,train,85
coco_243825_crowd.jpg,train,107
coco_24386_crowd.jpg,train,101
coco_243912_crowd.jpg,train,86
coco_243968_485595.jpg,train,63
coco_244050_186987.jpg,train,115
coco_244455_crowd.jpg,train,106
coco_244550_227884.jpg,train,75
coco_244931_crowd.jpg,train,105
coco_245182_crowd.jpg,train,86
coco_245301_193377.jpg,train,108
coco_245462_199889.jpg,train,82
coco_245660_2160184.jpg,train,64
coco_246004_476382.jpg,train,55
coco_246040_442001.jpg,train,83
coco_246064_183209.jpg,train,53
coco_246066_479826.jpg,train,96
coco_24609_crowd.jpg,train,79
coco_246106_437192.jpg,train,72
coco_246398_1209122.jpg,train,87
coco_246442_461077.jpg,train,86
coco_246612_429713.jpg,train,92
coco_246629_crowd.jpg,train,78
coco_246746_205192.jpg,train,247
coco_246863_511706.jpg,train,78
coco_246878_463336.jpg,train,92
coco_246951_crowd.jpg,train,59
coco_247141_489776.jpg,train,67
coco_247625_crowd.jpg,train,86
coco_247714_203223.jpg,train,91
coco_248007_423665.jpg,train,78
coco_248051_2198620.jpg,train,69
coco_248069_433569.jpg,train,78
coco_248224_455491.jpg,train,149
coco_248235_475851.jpg,train,125
coco_248242_crowd.jpg,train,90
coco_248382_466207.jpg,train,67
coco_248427_crowd.jpg,train,164
coco_248441_209255.jpg,train,72
coco_248445_crowd.jpg,train,68
coco_248701_508917.jpg,train,49
coco_248761_186396.jpg,train,107
coco_248924_475706.jpg,train,107
coco_249046_424283.jpg,train,122
coco_249301_crowd.jpg,train,96
coco_24931_1717384.jpg,train,85
coco_249325_203670.jpg,train,121
coco_249453_479383.jpg,train,130
coco_249532_crowd.jpg,train,116
coco_249687_421934.jpg,train,59
coco_249757_crowd.jpg,train,97
coco_249883_468332.jpg,train,65
coco_249936_crowd.jpg,train,68
coco_25005_435862.jpg,train,93
coco_250167_426007.jpg,train,124
coco_250258_crowd.jpg,train,91
coco_250276_203701.jpg,train,70
coco_250506_425243.jpg,train,76
coco_250629_crowd.jpg,train,94
coco_250730_215719.jpg,train,70
coco_250870_crowd.jpg,train,85
coco_250893_crowd.jpg,train,68
coco_250939_193997.jpg,train,82
coco_251741_crowd.jpg,train,94
coco_252091_427313.jpg,train,131
coco_252220_441591.jpg,train,85
coco_25244_454335.jpg,train,108
coco_252468_1725545.jpg,train,85
coco_2525_crowd.jpg,train,100
coco_25282_196857.jpg,train,78
coco_25293_473891.jpg,train,81
coco_253579_1266033.jpg,train,81
coco_253746_421568.jpg,train,74
coco_253838_439611.jpg,train,51
coco_253964_crowd.jpg,train,104
coco_253986_crowd.jpg,train,118
coco_254004_crowd.jpg,train,119
coco_254164_504305.jpg,train,89
coco_254589_crowd.jpg,train,92
coco_25467_456966.jpg,train,91
coco_254919_crowd.jpg,train,56
coco_255112_440471.jpg,train,90
coco_255158_455480.jpg,train,88
coco_255338_503343.jpg,train,79
coco_25551_2163487.jpg,train,109
coco_255630_450484.jpg,train,59
coco_255662_193405.jpg,train,81
coco_255795_482716.jpg,train,72
coco_256031_469253.jpg,train,72
coco_256035_2204841.jpg,train,83
coco_256199_crowd.jpg,train,140
coco_256260_430024.jpg,train,54
coco_256743_crowd.jpg,train,86
coco_256769_crowd.jpg,train,93
coco_257058_crowd.jpg,train,98
coco_257656_430098.jpg,train,79
coco_258019_438054.jpg,train,137
coco_258061_434762.jpg,train,61
coco_258078_184741.jpg,train,105
coco_258132_crowd.jpg,train,59
coco_258209_1755329.jpg,train,56
coco_258330_440709.jpg,train,80
coco_258382_201956.jpg,train,54
coco_258433_crowd.jpg,train,75
coco_25860_510015.jpg,train,102
coco_25864_423385.jpg,train,76
coco_258762_431778.jpg,train,143
coco_258850_474124.jpg,train,91
coco_258915_220146.jpg,train,104
coco_259037_422348.jpg,train,103
coco_259056_crowd.jpg,train,79
coco_259099_471315.jpg,train,89
coco_259216_438565.jpg,train,84
coco_259345_470900.jpg,train,122
coco_259465_471078.jpg,train,82
coco_259513_190779.jpg,train,95
coco_259665_crowd.jpg,train,80
coco_25990_459987.jpg,train,129
coco_25997_1726130.jpg,train,47
coco_260036_438218.jpg,train,53
coco_260221_221577.jpg,train,98
coco_260238_crowd.jpg,train,80
coco_260363_208520.jpg,train,67
coco_260370_483968.jpg,train,87
coco_260478_crowd.jpg,train,91
coco_260994_crowd.jpg,train,120
coco_261050_432193.jpg,train,73
coco_261068_crowd.jpg,train,100
coco_261363_490602.jpg,train,60
coco_261603_198873.jpg,train,111
coco_26176_439552.jpg,train,108
coco_261777_459412.jpg,train,55
coco_261779_441625.jpg,train,97
coco_261787_2207154.jpg,train,79
coco_26209_202485.jpg,train,121
coco_262275_227827.jpg,train,66
coco_262672_463662.jpg,train,64
coco_262746_461512.jpg,train,105
coco_262873_502826.jpg,train,110
coco_263136_206842.jpg,train,50
coco_263163_1709117.jpg,train,77
coco_263223_2198140.jpg,train,83
coco_263251_crowd.jpg,train,96
coco_263505_201404.jpg,train,97
coco_263613_191285.jpg,train,92
coco_263647_444617.jpg,train,87
coco_263696_450791.jpg,train,67
coco_263700_crowd.jpg,train,90
coco_26374_503995.jpg,train,87
coco_263834_crowd.jpg,train,153
coco_264375_crowd.jpg,train,130
coco_264382_crowd.jpg,train,141
coco_264497_crowd.jpg,train,123
coco_264572_465246.jpg,train,80
coco_264771_463649.jpg,train,81
coco_264819_195956.jpg,train,79
coco_264961_crowd.jpg,train,77
coco_265066_422394.jpg,train,73
coco_26507_crowd.jpg,train,60
coco_265151_195328.jpg,train,134
coco_265550_501438.jpg,train,52
coco_26560_2161313.jpg,train,78
coco_265635_433162.jpg,train,79
coco_266151_470273.jpg,train,123
coco_26617_2154283.jpg,train,71
coco_266437_2203729.jpg,train,59
coco_266677_492034.jpg,train,67
coco_267200_497106.jpg,train,88
coco_267314_432553.jpg,train,76
coco_267625_1208106.jpg,train,78
coco_267683_431135.jpg,train,140
coco_267684_430015.jpg,train,95
coco_267690_crowd.jpg,train,78
coco_268059_436232.jpg,train,142
coco_268224_crowd.jpg,train,97
coco_268469_214736.jpg,train,117
coco_268725_193805.jpg,train,127
coco_268987_426415.jpg,train,75
coco_269015_482291.jpg,train,70
coco_269033_442499.jpg,train,43
coco_269058_crowd.jpg,train,72
coco_269172_crowd.jpg,train,97
coco_269721_crowd.jpg,train,119
coco_269807_189217.jpg,train,50
coco_270215_1712758.jpg,train,119
coco_270420_490021.jpg,train,96
coco_270744_196543.jpg,train,99
coco_270815_crowd.jpg,train,93
coco_271259_486269.jpg,train,125
coco_271759_423568.jpg,train,87
coco_272110_crowd.jpg,train,65
coco_272153_207975.jpg,train,92
coco_272440_432153.jpg,train,103
coco_272955_524126.jpg,train,64
coco_272958_444398.jpg,train,53
coco_273190_crowd.jpg,train,79
coco_273230_476778.jpg,train,87
coco_273470_514247.jpg,train,109
coco_273684_2152994.jpg,train,76
coco_273708_438572.jpg,train,112
coco_273728_1202907.jpg,train,45
coco_273961_crowd.jpg,train,67
coco_273967_213668.jpg,train,81
coco_274216_220132.jpg,train,87
coco_274240_423849.jpg,train,71
coco_274418_461652.jpg,train,122
coco_274451_crowd.jpg,train,86
coco_27478_426337.jpg,train,77
coco_275034_437326.jpg,train,86
coco_27519_crowd.jpg,train,120
coco_275215_490855.jpg,train,108
coco_27528_458076.jpg,train,74
coco_275332_crowd.jpg,train,101
coco_27565_449036.jpg,train,72
coco_275754_2155087.jpg,train,77
coco_276151_429689.jpg,train,87
coco_276215_crowd.jpg,train,108
coco_276260_208086.jpg,train,73
coco_276476_crowd.jpg,train,79
coco_276841_514733.jpg,train,73
coco_277710_443393.jpg,train,68
coco_277761_crowd.jpg,train,63
coco_277812_crowd.jpg,train,153
coco_277945_crowd.jpg,train,90
coco_278095_crowd.jpg,train,53
coco_278172_183361.jpg,train,75
coco_278290_crowd.jpg,train,75
coco_278359_195296.jpg,train,107
coco_278435_crowd.jpg,train,101
coco_278801_467423.jpg,train,50
coco_278853_499188.jpg,train,66
coco_278977_487581.jpg,train,108
coco_279209_509460.jpg,train,84
coco_279256_217789.jpg,train,83
coco_279259_436310.jpg,train,102
coco_279265_213843.jpg,train,88
coco_279491_crowd.jpg,train,134
coco_279521_crowd.jpg,train,115
coco_279634_crowd.jpg,train,82
coco_27969_crowd.jpg,train,125
coco_279806_201811.jpg,train,67
coco_279818_crowd.jpg,train,125
coco_279824_192005.jpg,train,69
coco_280073_196566.jpg,train,90
coco_280184_465696.jpg,train,67
coco_280370_crowd.jpg,train,96
coco_280464_441460.jpg,train,61
coco_280705_2154664.jpg,train,104
coco_280766_216064.jpg,train,66
coco_280819_467202.jpg,train,141
coco_280858_2166127.jpg,train,78
coco_280976_1756525.jpg,train,57
coco_281008_184409.jpg,train,83
coco_281040_560390.jpg,train,58
coco_281072_457255.jpg,train,109
coco_281111_438405.jpg,train,129
coco_281315_crowd.jpg,train,161
coco_281429_437776.jpg,train,89
coco_281475_203409.jpg,train,53
coco_281534_190729.jpg,train,68
coco_281601_crowd.jpg,train,108
coco_281628_466199.jpg,train,76
coco_281676_187191.jpg,train,75
coco_281725_crowd.jpg,train,64
coco_281766_crowd.jpg,train,94
coco_281837_crowd.jpg,train,123
coco_28194_466558.jpg,train,50
coco_282134_193689.jpg,train,84
coco_282145_crowd.jpg,train,128
coco_282225_466515.jpg,train,72
coco_282658_crowd.jpg,train,86
coco_282680_470106.jpg,train,77
coco_282942_195028.jpg,train,132
coco_283186_521503.jpg,train,96
coco_283203_1727244.jpg,train,73
coco_283216_crowd.jpg,train,96
coco_283264_431319.jpg,train,46
coco_283698_crowd.jpg,train,76
coco_284341_440358.jpg,train,59
coco_284421_527134.jpg,train,62
coco_285192_crowd.jpg,train,61
coco_285293_467912.jpg,train,68
coco_28535_443019.jpg,train,82
coco_285437_482139.jpg,train,119
coco_285462_crowd.jpg,train,86
coco_285583_crowd.jpg,train,94
coco_285799_452923.jpg,train,79
coco_286018_crowd.jpg,train,61
coco_28671_434670.jpg,train,96
coco_286813_184042.jpg,train,113
coco_28692_431043.jpg,train,128
coco_287235_crowd.jpg,train,90
coco_287335_463039.jpg,train,94
coco_287469_crowd.jpg,train,137
coco_287570_2156946.jpg,train,53
coco_287748_185830.jpg,train,74
coco_288174_440333.jpg,train,68
coco_288408_508315.jpg,train,86
coco_288491_crowd.jpg,train,131
coco_288528_crowd.jpg,train,54
coco_288576_188886.jpg,train,76
coco_288599_crowd.jpg,train,96
coco_289263_207515.jpg,train,55
coco_289323_crowd.jpg,train,85
coco_289444_crowd.jpg,train,79
coco_289512_202117.jpg,train,79
coco_290115_450376.jpg,train,118
coco_290221_1205788.jpg,train,96
coco_290231_191375.jpg,train,146
coco_290416_440702.jpg,train,99
coco_29045_468344.jpg,train,74
coco_29059_265938.jpg,train,94
coco_290868_crowd.jpg,train,85
coco_290881_188124.jpg,train,57
coco_290959_crowd.jpg,train,92
coco_291048_503355.jpg,train,129
coco_291202_2162628.jpg,train,127
coco_291251_465315.jpg,train,68
coco_29151_2151253.jpg,train,56
coco_291606_204929.jpg,train,95
coco_291834_crowd.jpg,train,84
coco_291930_183271.jpg,train,82
coco_292156_447859.jpg,train,49
coco_292169_228933.jpg,train,67
coco_292188_194492.jpg,train,84
coco_292227_crowd.jpg,train,106
coco_292485_431438.jpg,train,107
coco_292590_425544.jpg,train,64
coco_292648_crowd.jpg,train,66
coco_292901_1215660.jpg,train,87
coco_292988_2156052.jpg,train,67
coco_293148_500431.jpg,train,119
coco_293315_crowd.jpg,train,67
coco_293554_192707.jpg,train,152
coco_293564_crowd.jpg,train,74
coco_293768_481437.jpg,train,79
coco_293802_crowd.jpg,train,91
coco_293891_480396.jpg,train,79
coco_294011_441994.jpg,train,99
coco_294073_225081.jpg,train,83
coco_294307_1748947.jpg,train,71
coco_294373_crowd.jpg,train,112
coco_294585_477308.jpg,train,74
coco_294776_492419.jpg,train,63
coco_294853_crowd.jpg,train,175
coco_295092_490954.jpg,train,118
coco_295105_427163.jpg,train,73
coco_295114_452782.jpg,train,54
coco_295303_450967.jpg,train,70
coco_295308_438821.jpg,train,93
coco_295377_426048.jpg,train,76
coco_295403_crowd.jpg,train,82
coco_295409_crowd.jpg,train,67
coco_295589_crowd.jpg,train,118
coco_29573_434731.jpg,train,83
coco_295945_199305.jpg,train,80
coco_296236_442606.jpg,train,75
coco_296243_472125.jpg,train,91
coco_296459_431405.jpg,train,83
coco_296460_445093.jpg,train,102
coco_296492_196284.jpg,train,86
coco_29656_crowd.jpg,train,120
coco_296676_crowd.jpg,train,78
coco_296684_457596.jpg,train,60
coco_296848_495030.jpg,train,73
coco_296906_467591.jpg,train,58
coco_296994_crowd.jpg,train,72
coco_297220_2150678.jpg,train,88
coco_29727_450339.jpg,train,83
coco_297299_462413.jpg,train,106
coco_297314_crowd.jpg,train,82
coco_297610_crowd.jpg,train,68
coco_297669_195495.jpg,train,65
coco_297676_crowd.jpg,train,102
coco_29776_196282.jpg,train,85
coco_297812_200794.jpg,train,125
coco_297933_470044.jpg,train,107
coco_298186_crowd.jpg,train,58
coco_298197_crowd.jpg,train,105
coco_298225_219360.jpg,train,56
coco_29833_1207723.jpg,train,82
coco_298586_crowd.jpg,train,70
coco_298629_crowd.jpg,train,104
coco_298784_crowd.jpg,train,65
coco_298812_477645.jpg,train,55
coco_299207_439592.jpg,train,145
coco_299254_454565.jpg,train,87
coco_299631_477457.jpg,train,139
coco_299734_crowd.jpg,train,55
coco_299986_436539.jpg,train,56
coco_300012_428977.jpg,train,71
coco_300214_492777.jpg,train,61
coco_300357_424348.jpg,train,56
coco_300472_455532.jpg,train,111
coco_301282_crowd.jpg,train,55
coco_301491_453944.jpg,train,83
coco_301541_1708710.jpg,train,92
coco_301574_crowd.jpg,train,60
coco_301581_436578.jpg,train,85
coco_301746_crowd.jpg,train,80
coco_301755_449977.jpg,train,81
coco_301766_422055.jpg,train,148
coco_301928_186701.jpg,train,67
coco_301937_189525.jpg,train,122
coco_30198_435192.jpg,train,103
coco_302206_crowd.jpg,train,104
coco_302222_crowd.jpg,train,118
coco_302252_455607.jpg,train,67
coco_302290_crowd.jpg,train,46
coco_302310_crowd.jpg,train,69
coco_302512_484293.jpg,train,65
coco_302767_434614.jpg,train,88
coco_302842_426715.jpg,train,71
coco_302958_446464.jpg,train,68
coco_303026_434418.jpg,train,69
coco_303321_206687.jpg,train,82
coco_303520_crowd.jpg,train,82
coco_303607_crowd.jpg,train,62
coco_303626_435721.jpg,train,134
coco_303768_209472.jpg,train,63
coco_303926_crowd.jpg,train,102
coco_303971_186016.jpg,train,63
coco_304008_459189.jpg,train,64
coco_304083_crowd.jpg,train,70
coco_304186_crowd.jpg,train,50
coco_304217_231952.jpg,train,76
coco_304330_527492.jpg,train,72
coco_304578_205220.jpg,train,89
coco_304596_426517.jpg,train,65
coco_304834_449471.jpg,train,125
coco_305050_2151477.jpg,train,86
coco_305195_494931.jpg,train,107
coco_30534_1223012.jpg,train,79
coco_305376_443016.jpg,train,88
coco_305423_1740664.jpg,train,61
coco_305437_crowd.jpg,train,126
coco_305576_427850.jpg,train,90
coco_305799_1752482.jpg,train,82
coco_305873_487353.jpg,train,77
coco_306061_473686.jpg,train,57
coco_306394_423031.jpg,train,80
coco_306412_451219.jpg,train,75
coco_306495_1741490.jpg,train,64
coco_306585_crowd.jpg,train,71
coco_306611_crowd.jpg,train,75
coco_306619_crowd.jpg,train,92
coco_306636_473698.jpg,train,105
coco_306716_195799.jpg,train,116
coco_306908_crowd.jpg,train,115
coco_306931_422377.jpg,train,112
coco_306972_crowd.jpg,train,117
coco_30707_214249.jpg,train,98
coco_307332_crowd.jpg,train,46
coco_307342_crowd.jpg,train,93
coco_307523_1741230.jpg,train,48
coco_307538_204170.jpg,train,167
coco_307547_441542.jpg,train,120
coco_307786_498164.jpg,train,78
coco_307866_485092.jpg,train,64
coco_307873_crowd.jpg,train,79
coco_307943_crowd.jpg,train,84
coco_308128_472901.jpg,train,48
coco_308630_458352.jpg,train,96
coco_308670_454450.jpg,train,88
coco_308677_212674.jpg,train,60
coco_309071_217109.jpg,train,142
coco_309120_424488.jpg,train,155
coco_309510_431116.jpg,train,109
coco_309610_446367.jpg,train,107
coco_309859_crowd.jpg,train,80
coco_309862_crowd.jpg,train,119
coco_309940_452284.jpg,train,45
coco_310008_crowd.jpg,train,155
coco_310035_422038.jpg,train,78
coco_310071_crowd.jpg,train,111
coco_310121_crowd.jpg,train,81
coco_310442_210196.jpg,train,71
coco_310553_crowd.jpg,train,86
coco_31061_crowd.jpg,train,117
coco_310725_2204865.jpg,train,81
coco_310788_194377.jpg,train,82
coco_310998_2158698.jpg,train,54
coco_3109_2191267.jpg,train,99
coco_311015_441517.jpg,train,91
coco_31121_484310.jpg,train,122
coco_311309_crowd.jpg,train,88
coco_311902_1725059.jpg,train,68
coco_312020_187953.jpg,train,87
coco_312175_429227.jpg,train,137
coco_312341_crowd.jpg,train,90
coco_312783_crowd.jpg,train,92
coco_312803_crowd.jpg,train,95
coco_313093_189403.jpg,train,82
coco_313315_212201.jpg,train,87
coco_313627_crowd.jpg,train,77
coco_313733_crowd.jpg,train,77
coco_313735_199522.jpg,train,94
coco_313762_1734018.jpg,train,84
coco_313916_crowd.jpg,train,114
coco_313922_crowd.jpg,train,50
coco_314147_458500.jpg,train,109
coco_314154_424051.jpg,train,80
coco_314193_429579.jpg,train,76
coco_314383_crowd.jpg,train,102
coco_31442_453950.jpg,train,58
coco_314685_462437.jpg,train,73
coco_31471_crowd.jpg,train,157
coco_314812_221524.jpg,train,65
coco_314880_crowd.jpg,train,80
coco_314986_203113.jpg,train,57
coco_315037_467757.jpg,train,101
coco_315338_2150724.jpg,train,86
coco_315384_445320.jpg,train,120
coco_315448_215849.jpg,train,60
coco_315564_crowd.jpg,train,77
coco_315620_crowd.jpg,train,95
coco_315641_534809.jpg,train,54
coco_315696_198182.jpg,train,96
coco_315908_208112.jpg,train,68
coco_315939_crowd.jpg,train,94
coco_316007_crowd.jpg,train,103
coco_316189_435506.jpg,train,85
coco_316605_crowd.jpg,train,81
coco_316795_190100.jpg,train,54
coco_31699_crowd.jpg,train,75
coco_31717_429056.jpg,train,60
coco_317254_209381.jpg,train,64
coco_317410_crowd.jpg,train,106
coco_317448_436038.jpg,train,82
coco_317639_455969.jpg,train,115
coco_317939_449145.jpg,train,93
coco_318200_crowd.jpg,train,65
coco_318219_crowd.jpg,train,80
coco_31825_464423.jpg,train,59
coco_318314_423078.jpg,train,65
coco_318543_435915.jpg,train,90
coco_318570_473696.jpg,train,41
coco_318702_218605.jpg,train,47
coco_319073_482451.jpg,train,61
coco_319275_483485.jpg,train,63
coco_319432_450303.jpg,train,78
coco_319487_183372.jpg,train,83
coco_319647_430668.jpg,train,84
coco_31981_470473.jpg,train,63
coco_31984_crowd.jpg,train,112
coco_319908_crowd.jpg,train,95
coco_320106_459623.jpg,train,86
coco_320150_454944.jpg,train,116
coco_320350_crowd.jpg,train,69
coco_320396_207138.jpg,train,59
coco_320461_422340.jpg,train,79
coco_320480_crowd.jpg,train,111
coco_320641_213849.jpg,train,66
coco_320715_451679.jpg,train,84
coco_320843_2164023.jpg,train,49
coco_320864_479453.jpg,train,62
coco_3209_crowd.jpg,train,57
coco_321258_439000.jpg,train,71
coco_321663_crowd.jpg,train,106
coco_321811_453250.jpg,train,52
coco_322029_crowd.jpg,train,105
coco_322056_188505.jpg,train,65
coco_322177_506813.jpg,train,51
coco_322261_crowd.jpg,train,64
coco_32258_crowd.jpg,train,93
coco_322922_crowd.jpg,train,86
coco_32300_crowd.jpg,train,100
coco_323067_491865.jpg,train,155
coco_323288_439537.jpg,train,109
coco_323552_437524.jpg,train,83
coco_323682_443890.jpg,train,101
coco_323851_197862.jpg,train,112
coco_323951_1229565.jpg,train,126
coco_324135_1227251.jpg,train,100
coco_324155_crowd.jpg,train,87
coco_324285_191520.jpg,train,70
coco_324340_470996.jpg,train,55
coco_324595_crowd.jpg,train,138
coco_32464_1751822.jpg,train,104
coco_325237_crowd.jpg,train,101
coco_325239_422846.jpg,train,54
coco_325374_207845.jpg,train,110
coco_32538_184866.jpg,train,81
coco_325473_443012.jpg,train,82
coco_325593_435341.jpg,train,76
coco_325602_crowd.jpg,train,80
coco_325736_480141.jpg,train,54
coco_325958_199147.jpg,train,145
coco_326058_192833.jpg,train,74
coco_326088_crowd.jpg,train,69
coco_326284_473770.jpg,train,61
coco_326368_193636.jpg,train,58
coco_326420_1725943.jpg,train,49
coco_326510_crowd.jpg,train,79
coco_326555_crowd.jpg,train,68
coco_326664_521670.jpg,train,96
coco_326702_crowd.jpg,train,100
coco_326774_223255.jpg,train,62
coco_326837_2155955.jpg,train,78
coco_326938_crowd.jpg,train,93
coco_327314_198628.jpg,train,148
coco_327417_2191001.jpg,train,66
coco_327514_188955.jpg,train,113
coco_32760_crowd.jpg,train,88
coco_32777_crowd.jpg,train,111
coco_328110_crowd.jpg,train,85
coco_328284_457334.jpg,train,99
coco_328397_427964.jpg,train,88
coco_328409_465374.jpg,train,83
coco_328818_2155927.jpg,train,76
coco_328836_crowd.jpg,train,96
coco_328_crowd.jpg,train,71
coco_329008_crowd.jpg,train,65
coco_329088_432402.jpg,train,87
coco_32947_1717985.jpg,train,102
coco_32965_194299.jpg,train,100
coco_329687_crowd.jpg,train,99
coco_329932_461067.jpg,train,84
coco_329957_crowd.jpg,train,68
coco_330053_crowd.jpg,train,121
coco_330091_1212417.jpg,train,83
coco_330205_471669.jpg,train,75
coco_330348_1233077.jpg,train,75
coco_330387_439620.jpg,train,108
coco_33044_517534.jpg,train,125
coco_330478_503262.jpg,train,82
coco_33055_423747.jpg,train,77
coco_330699_443818.jpg,train,72
coco_330736_crowd.jpg,train,87
coco_330754_crowd.jpg,train,96
coco_330845_194102.jpg,train,80
coco_330986_crowd.jpg,train,54
coco_331083_2208006.jpg,train,60
coco_331180_488386.jpg,train,73
coco_331185_192677.jpg,train,65
coco_331366_crowd.jpg,train,98
coco_331403_433196.jpg,train,65
coco_331529_crowd.jpg,train,102
coco_331686_crowd.jpg,train,48
coco_331844_430860.jpg,train,96
coco_332058_456424.jpg,train,60
coco_332282_crowd.jpg,train,126
coco_332292_crowd.jpg,train,89
coco_332582_2151916.jpg,train,117
coco_332607_487262.jpg,train,74
coco_332653_crowd.jpg,train,106
coco_332844_225122.jpg,train,60
coco_332851_424015.jpg,train,83
coco_332869_crowd.jpg,train,66
coco_332877_crowd.jpg,train,97
coco_332916_455687.jpg,train,85
coco_33325_crowd.jpg,train,149
coco_333314_crowd.jpg,train,64
coco_333538_crowd.jpg,train,119
coco_333730_218060.jpg,train,86
coco_333737_198350.jpg,train,75
coco_333756_443590.jpg,train,72
coco_33377_crowd.jpg,train,84
coco_334021_430219.jpg,train,67
coco_33405_210263.jpg,train,95
coco_334077_207951.jpg,train,54
coco_334222_440196.jpg,train,54
coco_334240_191700.jpg,train,78
coco_334291_crowd.jpg,train,93
coco_334321_crowd.jpg,train,84
coco_33441_517201.jpg,train,64
coco_334648_443683.jpg,train,146
coco_334713_187655.jpg,train,89
coco_335041_456533.jpg,train,96
coco_335065_crowd.jpg,train,103
coco_335579_195489.jpg,train,81
coco_335585_220432.jpg,train,71
coco_335587_489067.jpg,train,58
coco_335814_crowd.jpg,train,124
coco_335839_475081.jpg,train,75
coco_336101_1727495.jpg,train,112
coco_336166_459442.jpg,train,84
coco_336245_426089.jpg,train,105
coco_336355_crowd.jpg,train,63
coco_336360_crowd.jpg,train,87
coco_33645_474151.jpg,train,68
coco_336602_454053.jpg,train,74
coco_33672_195641.jpg,train,133
coco_336802_192949.jpg,train,78
coco_337305_500713.jpg,train,58
coco_33731_439052.jpg,train,73
coco_337354_crowd.jpg,train,52
coco_337375_crowd.jpg,train,72
coco_337453_440302.jpg,train,106
coco_337517_425865.jpg,train,76
coco_337619_crowd.jpg,train,53
coco_337843_484107.jpg,train,94
coco_338041_crowd.jpg,train,70
coco_33815_crowd.jpg,train,60
coco_338256_210484.jpg,train,55
coco_338375_crowd.jpg,train,75
coco_338678_1717448.jpg,train,84
coco_338703_crowd.jpg,train,105
coco_338847_453921.jpg,train,81
coco_339009_crowd.jpg,train,109
coco_33900_478594.jpg,train,75
coco_339058_crowd.jpg,train,113
coco_339245_crowd.jpg,train,103
coco_339336_471231.jpg,train,121
coco_33958_2154927.jpg,train,72
coco_339676_crowd.jpg,train,106
coco_339678_427534.jpg,train,135
coco_339703_478411.jpg,train,87
coco_339988_425985.jpg,train,134
coco_340007_499529.jpg,train,96
coco_340069_446337.jpg,train,94
coco_34015_191952.jpg,train,112
coco_340308_423149.jpg,train,66
coco_340368_crowd.jpg,train,118
coco_341010_422363.jpg,train,122
coco_341017_201864.jpg,train,57
coco_341041_421397.jpg,train,75
coco_341113_430746.jpg,train,85
coco_341487_crowd.jpg,train,46
coco_341910_445215.jpg,train,88
coco_34212_436695.jpg,train,53
coco_342146_crowd.jpg,train,121
coco_342165_219559.jpg,train,82
coco_34222_189078.jpg,train,61
coco_342232_crowd.jpg,train,79
coco_342260_crowd.jpg,train,123
coco_342521_crowd.jpg,train,88
coco_342675_205290.jpg,train,100
coco_342770_2162149.jpg,train,78
coco_34299_crowd.jpg,train,90
coco_343062_423737.jpg,train,124
coco_343401_crowd.jpg,train,100
coco_343769_crowd.jpg,train,153
coco_343914_431708.jpg,train,47
coco_343978_436699.jpg,train,82
coco_344005_crowd.jpg,train,76
coco_344125_crowd.jpg,train,117
coco_344271_214206.jpg,train,68
coco_344307_crowd.jpg,train,79
coco_344410_crowd.jpg,train,68
coco_344498_crowd.jpg,train,56
coco_344548_190302.jpg,train,105
coco_344741_crowd.jpg,train,53
coco_344862_crowd.jpg,train,86
coco_345139_2191235.jpg,train,140
coco_345154_427037.jpg,train,60
coco_345294_423705.jpg,train,59
coco_345389_1206844.jpg,train,72
coco_345665_437970.jpg,train,80
coco_345787_crowd.jpg,train,92
coco_345847_451669.jpg,train,76
coco_345937_220014.jpg,train,104
coco_345960_431267.jpg,train,105
coco_346154_215325.jpg,train,78
coco_346175_435363.jpg,train,67
coco_346275_458311.jpg,train,78
coco_346560_212904.jpg,train,103
coco_346717_crowd.jpg,train,96
coco_346774_crowd.jpg,train,105
coco_346821_crowd.jpg,train,67
coco_346972_507855.jpg,train,82
coco_347170_476505.jpg,train,75
coco_347179_crowd.jpg,train,66
coco_347535_494487.jpg,train,89
coco_347620_192469.jpg,train,74
coco_347823_crowd.jpg,train,73
coco_347848_513581.jpg,train,118
coco_347982_crowd.jpg,train,98
coco_348087_crowd.jpg,train,108
coco_348092_219830.jpg,train,144
coco_348447_crowd.jpg,train,116
coco_348469_458105.jpg,train,50
coco_348524_crowd.jpg,train,116
coco_348594_crowd.jpg,train,46
coco_348701_429177.jpg,train,75
coco_348730_482830.jpg,train,59
coco_348795_478077.jpg,train,99
coco_348838_2164053.jpg,train,65
coco_34900_442166.jpg,train,101
coco_349090_498231.jpg,train,74
coco_34930_crowd.jpg,train,97
coco_349414_484308.jpg,train,67
coco_349438_490179.jpg,train,75
coco_349559_479546.jpg,train,66
coco_349590_crowd.jpg,train,88
coco_349622_485108.jpg,train,84
coco_34993_186329.jpg,train,69
coco_350099_508416.jpg,train,83
coco_350386_crowd.jpg,train,108
coco_350457_crowd.jpg,train,68
coco_350668_422161.jpg,train,60
coco_350840_1733464.jpg,train,57
coco_350855_crowd.jpg,train,125
coco_350874_crowd.jpg,train,68
coco_350930_crowd.jpg,train,152
coco_350974_crowd.jpg,train,126
coco_351140_1724933.jpg,train,78
coco_351577_1716791.jpg,train,109
coco_351793_422249.jpg,train,66
coco_351868_crowd.jpg,train,166
coco_352007_crowd.jpg,train,68
coco_352027_422623.jpg,train,52
coco_352302_crowd.jpg,train,80
coco_352361_crowd.jpg,train,83
coco_352496_crowd.jpg,train,54
coco_352949_449680.jpg,train,78
coco_353001_crowd.jpg,train,127
coco_353067_2161019.jpg,train,66
coco_35313_445403.jpg,train,89
coco_353510_428380.jpg,train,74
coco_353577_crowd.jpg,train,70
coco_353989_1288832.jpg,train,76
coco_354027_crowd.jpg,train,115
coco_354132_184149.jpg,train,63
coco_354241_189235.jpg,train,62
coco_354242_202738.jpg,train,45
coco_354254_2198525.jpg,train,76
coco_354539_crowd.jpg,train,83
coco_354572_428202.jpg,train,127
coco_354685_422995.jpg,train,70
coco_354929_crowd.jpg,train,67
coco_355137_425240.jpg,train,71
coco_355179_205188.jpg,train,66
coco_355214_187776.jpg,train,95
coco_35525_481445.jpg,train,85
coco_355297_446061.jpg,train,92
coco_355342_crowd.jpg,train,101
coco_355453_454702.jpg,train,90
coco_355513_431940.jpg,train,54
coco_356421_441850.jpg,train,77
coco_356827_422306.jpg,train,64
coco_356920_472719.jpg,train,70
coco_356937_530945.jpg,train,70
coco_357291_497518.jpg,train,74
coco_357312_452503.jpg,train,85
coco_357317_425149.jpg,train,113
coco_357322_crowd.jpg,train,128
coco_357335_494473.jpg,train,67
coco_357529_495323.jpg,train,94
coco_357542_216871.jpg,train,118
coco_357743_crowd.jpg,train,55
coco_357758_190335.jpg,train,75
coco_357782_crowd.jpg,train,114
coco_35795_507976.jpg,train,72
coco_358019_crowd.jpg,train,68
coco_358058_421527.jpg,train,112
coco_3580_208033.jpg,train,141
coco_359066_201060.jpg,train,90
coco_359232_crowd.jpg,train,91
coco_359238_189288.jpg,train,62
coco_359270_2163754.jpg,train,104
coco_359387_1706112.jpg,train,102
coco_359589_447496.jpg,train,103
coco_359851_crowd.jpg,train,80
coco_360208_crowd.jpg,train,74
coco_360409_201690.jpg,train,66
coco_360716_479465.jpg,train,53
coco_360735_184262.jpg,train,76
coco_360818_463417.jpg,train,51
coco_361022_189486.jpg,train,75
coco_361055_2156485.jpg,train,50
coco_361106_crowd.jpg,train,88
coco_361111_203144.jpg,train,112
coco_361245_crowd.jpg,train,168
coco_361265_481782.jpg,train,113
coco_361382_225380.jpg,train,78
coco_361521_431100.jpg,train,126
coco_361860_477833.jpg,train,143
coco_361948_crowd.jpg,train,97
coco_361964_191474.jpg,train,101
coco_361992_crowd.jpg,train,61
coco_362090_2205271.jpg,train,63
coco_362122_crowd.jpg,train,64
coco_36230_crowd.jpg,train,107
coco_362343_crowd.jpg,train,154
coco_362348_crowd.jpg,train,74
coco_362369_466930.jpg,train,96
coco_362563_crowd.jpg,train,77
coco_362778_crowd.jpg,train,101
coco_362812_233278.jpg,train,110
coco_363036_crowd.jpg,train,110
coco_363048_crowd.jpg,train,84
coco_36311_502157.jpg,train,80
coco_363126_421490.jpg,train,46
coco_363134_crowd.jpg,train,91
coco_363272_crowd.jpg,train,54
coco_36333_501716.jpg,train,74
coco_363403_455150.jpg,train,125
coco_363522_crowd.jpg,train,79
coco_363577_205575.jpg,train,101
coco_363594_crowd.jpg,train,88
coco_363640_2155553.jpg,train,45
coco_364031_193165.jpg,train,112
coco_364243_crowd.jpg,train,72
coco_364284_486123.jpg,train,70
coco_364567_202302.jpg,train,60
coco_364608_427791.jpg,train,99
coco_364745_crowd.jpg,train,150
coco_365068_crowd.jpg,train,91
coco_365099_479703.jpg,train,89
coco_365191_459372.jpg,train,60
coco_365366_187863.jpg,train,85
coco_365444_190393.jpg,train,61
coco_365663_crowd.jpg,train,69
coco_365687_1713999.jpg,train,107
coco_365701_459628.jpg,train,117
coco_365711_441235.jpg,train,83
coco_365752_crowd.jpg,train,60
coco_365851_455713.jpg,train,79
coco_365993_crowd.jpg,train,98
coco_366031_190986.jpg,train,103
coco_366502_446386.jpg,train,75
coco_366679_214479.jpg,train,89
coco_366931_crowd.jpg,train,109
coco_367142_1233264.jpg,train,68
coco_367610_223746.jpg,train,62
coco_367710_484296.jpg,train,63
coco_367953_500216.jpg,train,89
coco_368049_472875.jpg,train,104
coco_368402_476223.jpg,train,100
coco_368528_545129.jpg,train,57
coco_368565_crowd.jpg,train,51
coco_368676_crowd.jpg,train,187
coco_368844_520031.jpg,train,117
coco_369259_crowd.jpg,train,101
coco_369393_crowd.jpg,train,67
coco_369840_crowd.jpg,train,77
coco_369913_470250.jpg,train,140
coco_369986_crowd.jpg,train,97
coco_370165_197381.jpg,train,92
coco_370207_crowd.jpg,train,118
coco_370209_427880.jpg,train,125
coco_370233_crowd.jpg,train,83
coco_370331_crowd.jpg,train,69
coco_370401_477714.jpg,train,53
coco_370657_crowd.jpg,train,68
coco_370701_209990.jpg,train,138
coco_370890_443118.jpg,train,66
coco_370953_crowd.jpg,train,122
coco_371129_453483.jpg,train,108
coco_371365_crowd.jpg,train,112
coco_371427_216651.jpg,train,84
coco_371869_crowd.jpg,train,120
coco_37209_crowd.jpg,train,55
coco_372113_crowd.jpg,train,156
coco_372191_crowd.jpg,train,59
coco_372233_1748249.jpg,train,111
coco_372620_crowd.jpg,train,57
coco_372731_197323.jpg,train,63
coco_373289_449946.jpg,train,72
coco_373344_197165.jpg,train,64
coco_373424_2151290.jpg,train,94
coco_373577_183972.jpg,train,98
coco_373713_crowd.jpg,train,165
coco_373768_crowd.jpg,train,137
coco_374368_435936.jpg,train,83
coco_374430_crowd.jpg,train,123
coco_374487_1728169.jpg,train,96
coco_374559_crowd.jpg,train,76
coco_374702_450232.jpg,train,105
coco_375063_1256613.jpg,train,103
coco_37513_198615.jpg,train,78
coco_376059_457160.jpg,train,87
coco_376208_crowd.jpg,train,49
coco_376449_2158561.jpg,train,48
coco_376549_430463.jpg,train,73
coco_37655_1206342.jpg,train,78
coco_376628_crowd.jpg,train,75
coco_37677_440353.jpg,train,100
coco_377060_186631.jpg,train,67
coco_377097_469163.jpg,train,107
coco_377111_423918.jpg,train,83
coco_377155_425581.jpg,train,90
coco_377352_crowd.jpg,train,73
coco_377577_442590.jpg,train,77
coco_377802_429432.jpg,train,126
coco_378163_194539.jpg,train,104
coco_378334_crowd.jpg,train,53
coco_378347_crowd.jpg,train,159
coco_37846_436281.jpg,train,79
coco_378482_187588.jpg,train,94
coco_378561_212700.jpg,train,74
coco_378652_455286.jpg,train,46
coco_378658_crowd.jpg,train,66
coco_378667_438084.jpg,train,93
coco_3786_1722033.jpg,train,60
coco_37875_488200.jpg,train,85
coco_379734_crowd.jpg,train,130
coco_379784_2198424.jpg,train,88
coco_379841_1202908.jpg,train,73
coco_380088_207682.jpg,train,74
coco_380140_478723.jpg,train,76
coco_38031_crowd.jpg,train,103
coco_380330_456074.jpg,train,78
coco_380414_crowd.jpg,train,72
coco_380634_193445.jpg,train,61
coco_380828_crowd.jpg,train,116
coco_380979_480091.jpg,train,108
coco_380993_crowd.jpg,train,75
coco_381262_crowd.jpg,train,161
coco_381416_1210434.jpg,train,56
coco_381608_crowd.jpg,train,178
coco_381925_438518.jpg,train,58
coco_381991_188914.jpg,train,89
coco_382256_crowd.jpg,train,91
coco_382263_433242.jpg,train,81
coco_382406_199002.jpg,train,128
coco_382512_crowd.jpg,train,79
coco_382557_crowd.jpg,train,106
coco_382572_422690.jpg,train,61
coco_382683_crowd.jpg,train,98
coco_382715_crowd.jpg,train,94
coco_382801_437803.jpg,train,90
coco_382848_190798.jpg,train,111
coco_382999_515553.jpg,train,96
coco_383046_2160190.jpg,train,48
coco_383322_crowd.jpg,train,66
coco_383324_439296.jpg,train,93
coco_383397_1762333.jpg,train,88
coco_383462_212848.jpg,train,59
coco_383518_crowd.jpg,train,86
coco_383703_440840.jpg,train,127
coco_383777_209152.jpg,train,108
coco_384114_crowd.jpg,train,128
coco_384348_430804.jpg,train,99
coco_384416_crowd.jpg,train,112
coco_384461_463625.jpg,train,99
coco_384462_1207955.jpg,train,53
coco_384723_518103.jpg,train,57
coco_384834_204932.jpg,train,83
coco_384995_449205.jpg,train,86
coco_385057_crowd.jpg,train,129
coco_385154_465196.jpg,train,71
coco_385454_crowd.jpg,train,134
coco_385540_223732.jpg,train,102
coco_38572_crowd.jpg,train,66
coco_385779_444252.jpg,train,83
coco_38586_crowd.jpg,train,126
coco_385877_187460.jpg,train,59
coco_385896_433683.jpg,train,90
coco_385912_225857.jpg,train,72
coco_38601_450444.jpg,train,79
coco_386035_482217.jpg,train,77
coco_386424_crowd.jpg,train,136
coco_386589_188611.jpg,train,149
coco_386677_440873.jpg,train,74
coco_386718_196900.jpg,train,95
coco_386968_crowd.jpg,train,88
coco_38726_461126.jpg,train,62
coco_387463_507831.jpg,train,102
coco_387655_1727859.jpg,train,112
coco_387696_crowd.jpg,train,132
coco_388161_crowd.jpg,train,91
coco_38828_198029.jpg,train,64
coco_388398_crowd.jpg,train,93
coco_388422_crowd.jpg,train,62
coco_388439_crowd.jpg,train,84
coco_388464_475165.jpg,train,65
coco_388654_463562.jpg,train,104
coco_388677_crowd.jpg,train,72
coco_388829_2155171.jpg,train,82
coco_389116_218438.jpg,train,81
coco_389206_438253.jpg,train,93
coco_389273_504677.jpg,train,57
coco_389738_crowd.jpg,train,117
coco_389974_1733705.jpg,train,114
coco_390298_184845.jpg,train,73
coco_390401_crowd.jpg,train,114
coco_390731_crowd.jpg,train,62
coco_391343_crowd.jpg,train,102
coco_391365_1748414.jpg,train,71
coco_391620_213150.jpg,train,88
coco_391642_464595.jpg,train,62
coco_391662_482590.jpg,train,67
coco_391837_194701.jpg,train,79
coco_391862_191506.jpg,train,81
coco_391933_223290.jpg,train,87
coco_391940_crowd.jpg,train,85
coco_392022_457826.jpg,train,79
coco_39202_481441.jpg,train,111
coco_392144_crowd.jpg,train,80
coco_392183_468194.jpg,train,68
coco_392382_crowd.jpg,train,75
coco_392443_423811.jpg,train,86
coco_392506_209178.jpg,train,84
coco_392511_crowd.jpg,train,124
coco_392612_crowd.jpg,train,54
coco_39267_510195.jpg,train,55
coco_392781_538000.jpg,train,107
coco_392967_crowd.jpg,train,104
coco_393284_427667.jpg,train,76
coco_393513_434431.jpg,train,85
coco_393674_430221.jpg,train,82
coco_393720_554186.jpg,train,76
coco_3938_crowd.jpg,train,81
coco_393984_2164589.jpg,train,101
coco_394050_crowd.jpg,train,87
coco_394246_471732.jpg,train,85
coco_394892_443696.jpg,train,61
coco_395046_208792.jpg,train,98
coco_395248_199531.jpg,train,117
coco_395382_crowd.jpg,train,74
coco_395621_crowd.jpg,train,61
coco_395717_204010.jpg,train,66
coco_395749_crowd.jpg,train,87
coco_39606_443974.jpg,train,87
coco_396617_428840.jpg,train,53
coco_396687_crowd.jpg,train,102
coco_396820_crowd.jpg,train,67
coco_396972_crowd.jpg,train,123
coco_397101_224183.jpg,train,90
coco_39718_crowd.jpg,train,97
coco_397211_crowd.jpg,train,109
coco_39731_474130.jpg,train,67
coco_397352_crowd.jpg,train,135
coco_397522_421377.jpg,train,106
coco_398309_1740016.jpg,train,58
coco_398637_crowd.jpg,train,47
coco_39866_449189.jpg,train,75
coco_398992_190544.jpg,train,92
coco_399178_crowd.jpg,train,69
coco_399415_crowd.jpg,train,74
coco_399545_crowd.jpg,train,83
coco_399759_421587.jpg,train,77
coco_399790_crowd.jpg,train,120
coco_399822_crowd.jpg,train,106
coco_399879_422879.jpg,train,82
coco_399991_424516.jpg,train,62
coco_400062_484798.jpg,train,91
coco_40016_446279.jpg,train,112
coco_400401_1709234.jpg,train,90
coco_400456_185437.jpg,train,89
coco_400887_crowd.jpg,train,72
coco_400915_501713.jpg,train,103
coco_400950_crowd.jpg,train,65
coco_401018_crowd.jpg,train,73
coco_401028_1238611.jpg,train,74
coco_401068_196118.jpg,train,87
coco_4011_439811.jpg,train,99
coco_401330_crowd.jpg,train,90
coco_401403_472724.jpg,train,64
coco_401411_445789.jpg,train,115
coco_401429_442655.jpg,train,60
coco_401552_188584.jpg,train,89
coco_402250_crowd.jpg,train,62
coco_402328_crowd.jpg,train,157
coco_402405_440238.jpg,train,77
coco_402499_crowd.jpg,train,67
coco_402588_crowd.jpg,train,131
coco_402711_425703.jpg,train,89
coco_402723_crowd.jpg,train,115
coco_402823_188087.jpg,train,81
coco_403054_427537.jpg,train,41
coco_403515_439794.jpg,train,65
coco_403758_crowd.jpg,train,54
coco_403943_crowd.jpg,train,67
coco_403995_crowd.jpg,train,111
coco_404088_crowd.jpg,train,67
coco_404464_crowd.jpg,train,102
coco_404476_crowd.jpg,train,91
coco_404517_449441.jpg,train,71
coco_404528_475774.jpg,train,79
coco_404687_428440.jpg,train,59
coco_404710_195160.jpg,train,105
coco_404992_197122.jpg,train,72
coco_405191_487524.jpg,train,92
coco_405216_crowd.jpg,train,64
coco_405529_1729174.jpg,train,54
coco_405531_491751.jpg,train,81
coco_405736_453073.jpg,train,63
coco_405762_441587.jpg,train,66
coco_405894_198699.jpg,train,66
coco_405962_crowd.jpg,train,81
coco_406555_488447.jpg,train,86
coco_406723_crowd.jpg,train,70
coco_406729_421110.jpg,train,129
coco_4069_crowd.jpg,train,57
coco_407017_crowd.jpg,train,103
coco_407225_188002.jpg,train,95
coco_407274_427999.jpg,train,46
coco_407443_crowd.jpg,train,63
coco_407532_2160520.jpg,train,97
coco_407602_crowd.jpg,train,108
coco_407644_440617.jpg,train,71
coco_408071_1251843.jpg,train,100
coco_408103_1203409.jpg,train,53
coco_408289_436726.jpg,train,56
coco_408535_493795.jpg,train,64
coco_40886_552811.jpg,train,154
coco_408903_472896.jpg,train,85
coco_409100_224636.jpg,train,62
coco_409117_crowd.jpg,train,70
coco_409178_2155451.jpg,train,104
coco_409221_1745691.jpg,train,68
coco_409364_crowd.jpg,train,87
coco_409708_crowd.jpg,train,110
coco_40998_crowd.jpg,train,110
coco_410004_crowd.jpg,train,57
coco_410019_191338.jpg,train,61
coco_410056_191658.jpg,train,86
coco_41011_184973.jpg,train,66
coco_410272_464465.jpg,train,77
coco_410319_crowd.jpg,train,136
coco_410380_2207133.jpg,train,114
coco_410942_crowd.jpg,train,70
coco_411472_490393.jpg,train,61
coco_411484_494253.jpg,train,114
coco_411564_207645.jpg,train,82
coco_411587_452386.jpg,train,59
coco_41212_433717.jpg,train,118
coco_412285_456510.jpg,train,50
coco_412437_crowd.jpg,train,151
coco_412510_427378.jpg,train,84
coco_412621_477581.jpg,train,92
coco_413043_498957.jpg,train,57
coco_413079_186141.jpg,train,96
coco_413124_524352.jpg,train,86
coco_413320_crowd.jpg,train,104
coco_413349_464975.jpg,train,82
coco_413377_426111.jpg,train,81
coco_413538_crowd.jpg,train,59
coco_413634_224227.jpg,train,44
coco_413839_199732.jpg,train,75
coco_413948_1254139.jpg,train,80
coco_414201_crowd.jpg,train,131
coco_414435_2156266.jpg,train,121
coco_414522_439817.jpg,train,62
coco_414576_crowd.jpg,train,91
coco_414578_457137.jpg,train,114
coco_414852_crowd.jpg,train,50
coco_414917_188481.jpg,train,95
coco_415153_467140.jpg,train,48
coco_415613_448591.jpg,train,111
coco_415647_crowd.jpg,train,91
coco_41574_1707711.jpg,train,51
coco_416059_crowd.jpg,train,78
coco_416098_crowd.jpg,train,101
coco_416271_crowd.jpg,train,113
coco_416337_453093.jpg,train,121
coco_41638_555577.jpg,train,64
coco_416523_207386.jpg,train,126
coco_416746_crowd.jpg,train,108
coco_416786_crowd.jpg,train,121
coco_416911_2206554.jpg,train,87
coco_417031_crowd.jpg,train,157
coco_417281_458916.jpg,train,66
coco_417355_crowd.jpg,train,131
coco_417374_470006.jpg,train,49
coco_417400_194295.jpg,train,83
coco_418535_crowd.jpg,train,57
coco_418548_446538.jpg,train,89
coco_418680_crowd.jpg,train,68
coco_418816_197491.jpg,train,134
coco_418907_439756.jpg,train,74
coco_41899_199794.jpg,train,80
coco_419050_481955.jpg,train,65
coco_419235_crowd.jpg,train,87
coco_419265_199150.jpg,train,120
coco_419444_438652.jpg,train,63
coco_419503_448825.jpg,train,324
coco_419777_crowd.jpg,train,66
coco_419828_469833.jpg,train,94
coco_419884_crowd.jpg,train,98
coco_420411_464987.jpg,train,64
coco_420669_1727016.jpg,train,69
coco_420878_218550.jpg,train,58
coco_42091_421476.jpg,train,77
coco_421042_484667.jpg,train,81
coco_421131_crowd.jpg,train,59
coco_421231_473549.jpg,train,87
coco_421370_197328.jpg,train,95
coco_421495_1735755.jpg,train,68
coco_421564_480915.jpg,train,79
coco_421566_2161445.jpg,train,115
coco_421908_2164189.jpg,train,57
coco_42190_519542.jpg,train,77
coco_42201_crowd.jpg,train,64
coco_422025_441967.jpg,train,55
coco_42260_crowd.jpg,train,99
coco_422677_433119.jpg,train,123
coco_422689_434341.jpg,train,94
coco_422755_200362.jpg,train,116
coco_422982_crowd.jpg,train,82
coco_423001_2198419.jpg,train,81
coco_423093_194834.jpg,train,80
coco_423204_crowd.jpg,train,93
coco_423464_502675.jpg,train,58
coco_423484_crowd.jpg,train,83
coco_423529_441178.jpg,train,56
coco_423619_441790.jpg,train,106
coco_423668_209406.jpg,train,48
coco_424002_crowd.jpg,train,56
coco_424147_crowd.jpg,train,125
coco_424246_462873.jpg,train,66
coco_424270_183511.jpg,train,118
coco_4243_456598.jpg,train,122
coco_424422_crowd.jpg,train,57
coco_424641_crowd.jpg,train,68
coco_424819_455288.jpg,train,65
coco_42492_193417.jpg,train,77
coco_424933_crowd.jpg,train,48
coco_425000_crowd.jpg,train,64
coco_42501_453361.jpg,train,37
coco_425100_crowd.jpg,train,86
coco_425324_1211519.jpg,train,47
coco_425369_432759.jpg,train,70
coco_425462_1722044.jpg,train,95
coco_425481_crowd.jpg,train,103
coco_425555_222124.jpg,train,74
coco_425964_crowd.jpg,train,103
coco_426070_212223.jpg,train,108
coco_426165_crowd.jpg,train,124
coco_42620_458440.jpg,train,80
coco_426342_188666.jpg,train,83
coco_426532_crowd.jpg,train,51
coco_426542_crowd.jpg,train,104
coco_42661_428661.jpg,train,78
coco_426631_468031.jpg,train,88
coco_42667_433214.jpg,train,68
coco_4266_crowd.jpg,train,117
coco_427135_crowd.jpg,train,49
coco_427341_530008.jpg,train,131
coco_42737_crowd.jpg,train,90
coco_427401_493715.jpg,train,82
coco_427518_crowd.jpg,train,140
coco_427561_crowd.jpg,train,77
coco_4275_495497.jpg,train,82
coco_427870_crowd.jpg,train,90
coco_428015_2032614.jpg,train,101
coco_428248_486401.jpg,train,75
coco_428263_crowd.jpg,train,81
coco_42837_493771.jpg,train,70
coco_428754_459020.jpg,train,77
coco_428830_crowd.jpg,train,91
coco_428973_crowd.jpg,train,77
coco_428985_crowd.jpg,train,58
coco_429042_crowd.jpg,train,124
coco_429142_216965.jpg,train,103
coco_429290_crowd.jpg,train,83
coco_42944_441277.jpg,train,62
coco_429633_183516.jpg,train,121
coco_429726_crowd.jpg,train,96
coco_429807_423999.jpg,train,61
coco_429985_crowd.jpg,train,102
coco_430036_454190.jpg,train,62
coco_430054_451272.jpg,train,60
coco_430245_194610.jpg,train,100
coco_430265_213326.jpg,train,87
coco_430302_crowd.jpg,train,102
coco_430525_crowd.jpg,train,139
coco_430867_188986.jpg,train,73
coco_43098_2151375.jpg,train,71
coco_431113_crowd.jpg,train,100
coco_431208_474545.jpg,train,74
coco_431256_489218.jpg,train,54
coco_431364_458415.jpg,train,74
coco_431432_crowd.jpg,train,95
coco_431570_224689.jpg,train,98
coco_431952_crowd.jpg,train,50
coco_432131_464066.jpg,train,49
coco_432146_451607.jpg,train,60
coco_432378_crowd.jpg,train,71
coco_43243_crowd.jpg,train,94
coco_432488_431094.jpg,train,78
coco_432503_crowd.jpg,train,70
coco_432702_1224794.jpg,train,48
coco_432796_crowd.jpg,train,91
coco_432820_crowd.jpg,train,87
coco_433136_475591.jpg,train,64
coco_433279_crowd.jpg,train,78
coco_43344_crowd.jpg,train,97
coco_433547_crowd.jpg,train,100
coco_433787_219726.jpg,train,68
coco_433845_218273.jpg,train,65
coco_433998_497615.jpg,train,149
coco_434083_1743392.jpg,train,67
coco_434410_190318.jpg,train,102
coco_434467_195372.jpg,train,83
coco_434509_crowd.jpg,train,71
coco_434511_454562.jpg,train,91
coco_434580_201392.jpg,train,65
coco_434581_185788.jpg,train,56
coco_434657_1733465.jpg,train,71
coco_434662_421261.jpg,train,64
coco_434689_crowd.jpg,train,76
coco_434805_463230.jpg,train,61
coco_434930_460343.jpg,train,108
coco_434976_187101.jpg,train,53
coco_435136_438536.jpg,train,64
coco_435312_498796.jpg,train,78
coco_435321_183038.jpg,train,103
coco_435358_446963.jpg,train,70
coco_435387_crowd.jpg,train,73
coco_435391_crowd.jpg,train,89
coco_435519_crowd.jpg,train,60
coco_43555_1742111.jpg,train,101
coco_435562_427059.jpg,train,109
coco_4355_crowd.jpg,train,90
coco_435986_428191.jpg,train,110
coco_4359_crowd.jpg,train,80
coco_43611_467658.jpg,train,107
coco_436127_197201.jpg,train,75
coco_43613_186402.jpg,train,84
coco_436218_444505.jpg,train,123
coco_436252_188311.jpg,train,80
coco_43625_492214.jpg,train,54
coco_436273_195867.jpg,train,83
coco_436317_462050.jpg,train,58
coco_436387_465168.jpg,train,74
coco_436456_crowd.jpg,train,71
coco_436511_crowd.jpg,train,78
coco_436676_210771.jpg,train,52
coco_436696_crowd.jpg,train,84
coco_43693_426550.jpg,train,59
coco_436972_crowd.jpg,train,110
coco_437332_517922.jpg,train,58
coco_437347_1726965.jpg,train,52
coco_43753_524106.jpg,train,66
coco_437609_193169.jpg,train,70
coco_438077_190869.jpg,train,96
coco_438186_511260.jpg,train,95
coco_439179_449827.jpg,train,58
coco_439188_crowd.jpg,train,127
coco_439516_440227.jpg,train,51
coco_439868_crowd.jpg,train,82
coco_439971_462287.jpg,train,79
coco_439982_1730527.jpg,train,72
coco_440045_crowd.jpg,train,63
coco_440060_443801.jpg,train,86
coco_440284_crowd.jpg,train,52
coco_44029_462209.jpg,train,80
coco_440352_196499.jpg,train,61
coco_440358_498944.jpg,train,132
coco_440400_crowd.jpg,train,86
coco_440455_183676.jpg,train,79
coco_440554_495120.jpg,train,85
coco_440646_429011.jpg,train,121
coco_440763_484395.jpg,train,56
coco_440830_crowd.jpg,train,145
coco_440940_192034.jpg,train,91
coco_440959_445227.jpg,train,94
coco_440970_490362.jpg,train,94
coco_441008_456418.jpg,train,64
coco_441009_crowd.jpg,train,108
coco_441023_crowd.jpg,train,108
coco_441156_crowd.jpg,train,71
coco_441196_442988.jpg,train,82
coco_441287_crowd.jpg,train,96
coco_441453_183546.jpg,train,90
coco_441511_208928.jpg,train,46
coco_441518_212307.jpg,train,112
coco_441841_188081.jpg,train,122
coco_441862_crowd.jpg,train,99
coco_442136_217892.jpg,train,82
coco_442582_crowd.jpg,train,93
coco_442630_463062.jpg,train,103
coco_442962_210747.jpg,train,114
coco_44312_crowd.jpg,train,122
coco_443363_219161.jpg,train,57
coco_44347_crowd.jpg,train,132
coco_443492_crowd.jpg,train,118
coco_443640_467226.jpg,train,75
coco_443835_205105.jpg,train,89
coco_4438_474156.jpg,train,67
coco_444028_189734.jpg,train,162
coco_444183_487754.jpg,train,155
coco_444199_crowd.jpg,train,101
coco_44421_crowd.jpg,train,107
coco_444719_427336.jpg,train,96
coco_444804_crowd.jpg,train,78
coco_444895_1721874.jpg,train,106
coco_444913_440282.jpg,train,46
coco_445048_429731.jpg,train,46
coco_44536_421162.jpg,train,97
coco_445468_crowd.jpg,train,76
coco_445567_2158025.jpg,train,61
coco_44559_1732723.jpg,train,50
coco_445944_crowd.jpg,train,91
coco_44612_212826.jpg,train,68
coco_44621_crowd.jpg,train,136
coco_446232_480613.jpg,train,101
coco_44627_crowd.jpg,train,107
coco_446285_458565.jpg,train,90
coco_446359_1227152.jpg,train,45
coco_446473_482031.jpg,train,82
coco_446909_481633.jpg,train,91
coco_446920_crowd.jpg,train,28
coco_447009_430067.jpg,train,74
coco_447089_crowd.jpg,train,90
coco_447124_445827.jpg,train,65
coco_447237_439031.jpg,train,97
coco_447364_527064.jpg,train,87
coco_44743_450808.jpg,train,116
coco_447613_446733.jpg,train,84
coco_447733_crowd.jpg,train,60
coco_447762_461423.jpg,train,56
coco_447787_200149.jpg,train,78
coco_447978_446171.jpg,train,80
coco_447991_crowd.jpg,train,109
coco_448176_217106.jpg,train,120
coco_448181_186653.jpg,train,106
coco_44823_crowd.jpg,train,56
coco_448657_crowd.jpg,train,72
coco_448705_crowd.jpg,train,93
coco_448759_436899.jpg,train,70
coco_448998_496844.jpg,train,103
coco_449102_530481.jpg,train,103
coco_449191_437798.jpg,train,83
coco_449302_191100.jpg,train,65
coco_449466_426321.jpg,train,64
coco_449522_438560.jpg,train,95
coco_449560_207179.jpg,train,53
coco_449828_218436.jpg,train,65
coco_449839_crowd.jpg,train,117
coco_449895_455231.jpg,train,81
coco_4498_235289.jpg,train,80
coco_450263_crowd.jpg,train,73
coco_450308_crowd.jpg,train,66
coco_450357_crowd.jpg,train,82
coco_450359_crowd.jpg,train,120
coco_450400_1229397.jpg,train,98
coco_450674_crowd.jpg,train,49
coco_450709_438266.jpg,train,74
coco_450724_188432.jpg,train,63
coco_45099_212563.jpg,train,122
coco_451008_471937.jpg,train,101
coco_45110_185200.jpg,train,101
coco_451275_crowd.jpg,train,106
coco_451345_422906.jpg,train,73
coco_451412_crowd.jpg,train,83
coco_451463_crowd.jpg,train,104
coco_451511_426948.jpg,train,75
coco_45175_191138.jpg,train,81
coco_451835_1265809.jpg,train,131
coco_451951_2191133.jpg,train,52
coco_452591_crowd.jpg,train,86
coco_452611_crowd.jpg,train,84
coco_452618_188334.jpg,train,90
coco_452676_439635.jpg,train,106
coco_452836_426338.jpg,train,65
coco_452917_431626.jpg,train,75
coco_453481_crowd.jpg,train,125
coco_453485_2151013.jpg,train,108
coco_45367_195619.jpg,train,97
coco_453757_crowd.jpg,train,81
coco_453792_484729.jpg,train,119
coco_453799_187840.jpg,train,74
coco_45392_510589.jpg,train,56
coco_454143_436275.jpg,train,101
coco_454148_450138.jpg,train,113
coco_454457_439349.jpg,train,94
coco_454776_1733789.jpg,train,70
coco_455210_483976.jpg,train,53
coco_455279_523198.jpg,train,94
coco_455355_crowd.jpg,train,100
coco_455414_445688.jpg,train,71
coco_455435_1209251.jpg,train,98
coco_4554_crowd.jpg,train,60
coco_455528_crowd.jpg,train,133
coco_455610_crowd.jpg,train,54
coco_455675_crowd.jpg,train,64
coco_455772_442049.jpg,train,77
coco_455956_crowd.jpg,train,92
coco_456127_2011171.jpg,train,79
coco_456184_crowd.jpg,train,128
coco_456239_441649.jpg,train,68
coco_45627_498538.jpg,train,41
coco_456465_441273.jpg,train,122
coco_456552_445953.jpg,train,135
coco_456574_crowd.jpg,train,140
coco_456638_185174.jpg,train,64
coco_456969_489304.jpg,train,96
coco_457217_463229.jpg,train,130
coco_457249_crowd.jpg,train,74
coco_457254_183797.jpg,train,99
coco_457538_424434.jpg,train,119
coco_457575_1727743.jpg,train,80
coco_457877_crowd.jpg,train,53
coco_458103_471703.jpg,train,75
coco_458323_crowd.jpg,train,76
coco_45920_524479.jpg,train,60
coco_459258_252334.jpg,train,69
coco_459320_crowd.jpg,train,62
coco_459721_crowd.jpg,train,90
coco_459801_421888.jpg,train,37
coco_459923_421891.jpg,train,70
coco_460010_1724823.jpg,train,57
coco_460346_488210.jpg,train,63
coco_460454_crowd.jpg,train,96
coco_460997_475021.jpg,train,70
coco_461255_1709223.jpg,train,137
coco_461256_1740219.jpg,train,93
coco_461715_190424.jpg,train,88
coco_461838_440513.jpg,train,62
coco_461884_211668.jpg,train,59
coco_462324_542731.jpg,train,91
coco_462640_crowd.jpg,train,91
coco_46269_460310.jpg,train,116
coco_463013_crowd.jpg,train,78
coco_463203_439236.jpg,train,140
coco_463325_422563.jpg,train,207
coco_463398_crowd.jpg,train,76
coco_463716_443853.jpg,train,101
coco_463771_537706.jpg,train,69
coco_463783_crowd.jpg,train,50
coco_463836_441196.jpg,train,88
coco_463884_436104.jpg,train,93
coco_464087_crowd.jpg,train,124
coco_464200_455130.jpg,train,64
coco_464317_446853.jpg,train,122
coco_464515_crowd.jpg,train,65
coco_464526_206821.jpg,train,78
coco_464831_crowd.jpg,train,80
coco_464857_crowd.jpg,train,79
coco_464906_1241729.jpg,train,122
coco_465074_185280.jpg,train,94
coco_465275_195521.jpg,train,120
coco_465323_477934.jpg,train,77
coco_465422_466549.jpg,train,74
coco_465692_1738830.jpg,train,66
coco_465820_439896.jpg,train,65
coco_465877_2162460.jpg,train,89
coco_465911_430088.jpg,train,83
coco_465973_crowd.jpg,train,93
coco_466939_209819.jpg,train,84
coco_466981_425460.jpg,train,96
coco_467000_crowd.jpg,train,78
coco_467107_crowd.jpg,train,83
coco_467130_crowd.jpg,train,108
coco_467151_crowd.jpg,train,78
coco_467297_436400.jpg,train,129
coco_46743_crowd.jpg,train,106
coco_467580_1723250.jpg,train,49
coco_467843_449130.jpg,train,66
coco_467854_209235.jpg,train,89
coco_467863_470986.jpg,train,73
coco_467887_205907.jpg,train,83
coco_468027_crowd.jpg,train,137
coco_468043_193882.jpg,train,75
coco_468063_crowd.jpg,train,72
coco_468162_432733.jpg,train,81
coco_468302_493448.jpg,train,122
coco_468345_445508.jpg,train,88
coco_468471_crowd.jpg,train,110
coco_468483_475729.jpg,train,123
coco_468612_426347.jpg,train,95
coco_468953_crowd.jpg,train,96
coco_468993_442471.jpg,train,89
coco_469119_crowd.jpg,train,65
coco_469158_471336.jpg,train,76
coco_469200_crowd.jpg,train,56
coco_469232_449187.jpg,train,63
coco_469235_462773.jpg,train,97
coco_469634_457058.jpg,train,108
coco_46975_190504.jpg,train,70
coco_469793_193153.jpg,train,96
coco_469840_crowd.jpg,train,136
coco_470070_crowd.jpg,train,142
coco_470313_191483.jpg,train,84
coco_470364_206328.jpg,train,127
coco_470513_2163164.jpg,train,73
coco_470536_crowd.jpg,train,100
coco_471483_442762.jpg,train,51
coco_471858_201132.jpg,train,55
coco_472088_crowd.jpg,train,113
coco_472160_189778.jpg,train,85
coco_472282_crowd.jpg,train,74
coco_472472_crowd.jpg,train,59
coco_472509_447262.jpg,train,55
coco_472610_190413.jpg,train,103
coco_472860_crowd.jpg,train,81
coco_473002_crowd.jpg,train,114
coco_4731_crowd.jpg,train,90
coco_473204_220866.jpg,train,142
coco_47361_crowd.jpg,train,68
coco_474034_crowd.jpg,train,62
coco_474054_crowd.jpg,train,72
coco_474119_488380.jpg,train,95
coco_474465_crowd.jpg,train,81
coco_474741_1710691.jpg,train,170
coco_475159_1729577.jpg,train,57
coco_47516_crowd.jpg,train,98
coco_475182_crowd.jpg,train,138
coco_475407_212821.jpg,train,154
coco_475466_208945.jpg,train,91
coco_475685_2161547.jpg,train,79
coco_475844_crowd.jpg,train,67
coco_475856_481542.jpg,train,58
coco_476335_crowd.jpg,train,65
coco_476349_422173.jpg,train,40
coco_476552_crowd.jpg,train,59
coco_476597_crowd.jpg,train,128
coco_476709_2207184.jpg,train,71
coco_476838_crowd.jpg,train,85
coco_476843_crowd.jpg,train,53
coco_476894_crowd.jpg,train,76
coco_476925_202256.jpg,train,92
coco_477042_crowd.jpg,train,149
coco_477112_199373.jpg,train,92
coco_477780_428153.jpg,train,66
coco_477853_2161764.jpg,train,98
coco_477867_crowd.jpg,train,70
coco_477924_435508.jpg,train,68
coco_477940_216197.jpg,train,60
coco_477946_479233.jpg,train,119
coco_478157_crowd.jpg,train,80
coco_478338_448160.jpg,train,35
coco_478356_491322.jpg,train,94
coco_478430_crowd.jpg,train,88
coco_478522_433658.jpg,train,65
coco_478550_1716438.jpg,train,80
coco_478621_514416.jpg,train,95
coco_478980_438220.jpg,train,111
coco_479078_crowd.jpg,train,108
coco_479379_461977.jpg,train,76
coco_479829_219386.jpg,train,153
coco_480408_206461.jpg,train,38
coco_480416_crowd.jpg,train,92
coco_48044_198026.jpg,train,103
coco_482080_216193.jpg,train,122
coco_482160_480338.jpg,train,121
coco_482172_473518.jpg,train,52
coco_482187_crowd.jpg,train,55
coco_482242_196565.jpg,train,126
coco_482590_crowd.jpg,train,50
coco_482848_426633.jpg,train,85
coco_483038_206763.jpg,train,81
coco_483108_188213.jpg,train,155
coco_483165_crowd.jpg,train,76
coco_483368_479266.jpg,train,72
coco_483553_crowd.jpg,train,75
coco_483867_222640.jpg,train,129
coco_483897_200466.jpg,train,73
coco_484028_195609.jpg,train,88
coco_484175_crowd.jpg,train,52
coco_484279_186960.jpg,train,102
coco_484397_203343.jpg,train,104
coco_484450_crowd.jpg,train,85
coco_484485_2018857.jpg,train,80
coco_484531_crowd.jpg,train,97
coco_484551_215943.jpg,train,71
coco_484614_475950.jpg,train,79
coco_485142_457468.jpg,train,115
coco_485172_crowd.jpg,train,103
coco_485413_crowd.jpg,train,96
coco_485709_crowd.jpg,train,63
coco_485758_crowd.jpg,train,105
coco_485917_1710002.jpg,train,68
coco_486171_1713231.jpg,train,59
coco_486172_468140.jpg,train,95
coco_486355_crowd.jpg,train,67
coco_48674_499302.jpg,train,103
coco_487282_421546.jpg,train,81
coco_487349_496788.jpg,train,47
coco_487450_crowd.jpg,train,76
coco_487607_crowd.jpg,train,69
coco_487692_194128.jpg,train,84
coco_487698_1244901.jpg,train,96
coco_48791_476259.jpg,train,67
coco_488206_crowd.jpg,train,41
coco_488346_190871.jpg,train,82
coco_488755_crowd.jpg,train,58
coco_488_crowd.jpg,train,80
coco_489023_crowd.jpg,train,139
coco_489207_431469.jpg,train,68
coco_489248_203049.jpg,train,79
coco_489304_2191048.jpg,train,51
coco_489944_210503.jpg,train,59
coco_490084_541591.jpg,train,59
coco_490178_crowd.jpg,train,82
coco_490199_crowd.jpg,train,75
coco_490306_1282739.jpg,train,96
coco_490366_430246.jpg,train,55
coco_490582_crowd.jpg,train,80
coco_49068_196510.jpg,train,49
coco_490714_475076.jpg,train,91
coco_490847_219281.jpg,train,71
coco_490878_426842.jpg,train,80
coco_490952_441429.jpg,train,71
coco_491017_431698.jpg,train,69
coco_491058_491104.jpg,train,62
coco_491061_2161779.jpg,train,84
coco_491377_471614.jpg,train,61
coco_491556_crowd.jpg,train,104
coco_491784_196449.jpg,train,154
coco_491921_crowd.jpg,train,49
coco_492246_482606.jpg,train,81
coco_492271_479109.jpg,train,131
coco_49236_crowd.jpg,train,59
coco_492395_crowd.jpg,train,102
coco_493196_crowd.jpg,train,87
coco_493218_crowd.jpg,train,61
coco_493279_438923.jpg,train,101
coco_493509_477213.jpg,train,139
coco_493641_crowd.jpg,train,54
coco_493704_199700.jpg,train,51
coco_49371_crowd.jpg,train,71
coco_493846_crowd.jpg,train,55
coco_493862_505297.jpg,train,61
coco_493923_crowd.jpg,train,50
coco_494456_crowd.jpg,train,60
coco_49450_crowd.jpg,train,104
coco_494555_463059.jpg,train,62
coco_494620_192843.jpg,train,82
coco_494629_190581.jpg,train,67
coco_494782_486420.jpg,train,99
coco_495131_crowd.jpg,train,100
coco_495183_188987.jpg,train,57
coco_495252_crowd.jpg,train,100
coco_495687_452831.jpg,train,68
coco_495989_crowd.jpg,train,102
coco_496090_512454.jpg,train,79
coco_496383_crowd.jpg,train,66
coco_496402_216032.jpg,train,59
coco_49648_489377.jpg,train,71
coco_496768_2153665.jpg,train,48
coco_49683_223671.jpg,train,78
coco_497002_crowd.jpg,train,141
coco_497312_224828.jpg,train,115
coco_497514_194227.jpg,train,63
coco_49763_crowd.jpg,train,91
coco_497907_1223269.jpg,train,103
coco_4980_1711048.jpg,train,77
coco_498327_1728097.jpg,train,128
coco_498350_196999.jpg,train,73
coco_498535_crowd.jpg,train,76
coco_498627_432009.jpg,train,87
coco_498687_439045.jpg,train,49
coco_498733_436343.jpg,train,106
coco_498765_2152434.jpg,train,78
coco_49881_crowd.jpg,train,82
coco_498856_456676.jpg,train,105
coco_499252_464293.jpg,train,71
coco_499255_477169.jpg,train,109
coco_499268_421564.jpg,train,57
coco_499591_crowd.jpg,train,119
coco_499617_468667.jpg,train,68
coco_499826_482909.jpg,train,76
coco_500100_crowd.jpg,train,78
coco_500657_190657.jpg,train,66
coco_500944_449581.jpg,train,43
coco_501122_518105.jpg,train,102
coco_501172_crowd.jpg,train,75
coco_501225_424903.jpg,train,89
coco_501311_crowd.jpg,train,88
coco_501429_211199.jpg,train,52
coco_501762_453951.jpg,train,93
coco_50177_1716698.jpg,train,59
coco_502433_1717538.jpg,train,47
coco_502582_crowd.jpg,train,74
coco_502644_484696.jpg,train,67
coco_502818_425992.jpg,train,94
coco_502998_crowd.jpg,train,64
coco_503108_187358.jpg,train,118
coco_503278_crowd.jpg,train,77
coco_503799_433016.jpg,train,48
coco_504452_crowd.jpg,train,68
coco_504498_188918.jpg,train,132
coco_504697_crowd.jpg,train,54
coco_504700_204591.jpg,train,83
coco_504747_535375.jpg,train,85
coco_504790_crowd.jpg,train,98
coco_50493_crowd.jpg,train,63
coco_504977_519609.jpg,train,85
coco_505035_426987.jpg,train,89
coco_505156_crowd.jpg,train,117
coco_505157_crowd.jpg,train,97
coco_505163_crowd.jpg,train,98
coco_505242_1255085.jpg,train,84
coco_505344_515260.jpg,train,57
coco_505636_464625.jpg,train,71
coco_505792_471136.jpg,train,80
coco_505818_crowd.jpg,train,72
coco_506356_1715394.jpg,train,81
coco_506471_crowd.jpg,train,106
coco_506723_186755.jpg,train,119
coco_50713_crowd.jpg,train,171
coco_50752_425603.jpg,train,131
coco_507633_516399.jpg,train,91
coco_507719_crowd.jpg,train,65
coco_50782_457336.jpg,train,68
coco_507935_470185.jpg,train,81
coco_507945_1733025.jpg,train,94
coco_508288_199502.jpg,train,75
coco_508302_196613.jpg,train,72
coco_508605_434264.jpg,train,100
coco_508949_214681.jpg,train,67
coco_508977_215977.jpg,train,89
coco_509028_crowd.jpg,train,76
coco_509129_crowd.jpg,train,89
coco_509227_447427.jpg,train,73
coco_509459_471297.jpg,train,106
coco_509526_471183.jpg,train,104
coco_509891_440649.jpg,train,75
coco_510078_483069.jpg,train,105
coco_510152_427923.jpg,train,73
coco_510651_430445.jpg,train,99
coco_510734_crowd.jpg,train,62
coco_511145_188115.jpg,train,82
coco_511159_435043.jpg,train,89
coco_511363_crowd.jpg,train,51
coco_511463_451047.jpg,train,90
coco_511469_crowd.jpg,train,69
coco_511554_crowd.jpg,train,90
coco_511622_460326.jpg,train,127
coco_51181_498495.jpg,train,51
coco_511929_221283.jpg,train,67
coco_51203_crowd.jpg,train,78
coco_512290_crowd.jpg,train,46
coco_512320_470292.jpg,train,66
coco_512455_1729567.jpg,train,55
coco_51258_crowd.jpg,train,123
coco_512667_crowd.jpg,train,60
coco_512902_crowd.jpg,train,86
coco_512911_crowd.jpg,train,82
coco_513072_crowd.jpg,train,131
coco_51335_crowd.jpg,train,90
coco_513692_481497.jpg,train,124
coco_513965_455583.jpg,train,84
coco_514083_432213.jpg,train,71
coco_514366_crowd.jpg,train,147
coco_514468_477656.jpg,train,44
coco_514550_447635.jpg,train,62
coco_514990_crowd.jpg,train,101
coco_515056_crowd.jpg,train,133
coco_515289_crowd.jpg,train,112
coco_515367_crowd.jpg,train,105
coco_515403_194594.jpg,train,82
coco_515424_472292.jpg,train,121
coco_51549_421266.jpg,train,40
coco_515742_451381.jpg,train,61
coco_515751_433496.jpg,train,71
coco_515785_489072.jpg,train,58
coco_515792_470839.jpg,train,47
coco_515895_187524.jpg,train,51
coco_51605_493368.jpg,train,99
coco_516813_crowd.jpg,train,54
coco_516902_crowd.jpg,train,87
coco_516998_crowd.jpg,train,154
coco_517061_474566.jpg,train,47
coco_517135_crowd.jpg,train,86
coco_517388_515028.jpg,train,59
coco_517465_432121.jpg,train,74
coco_517570_196929.jpg,train,79
coco_51773_259434.jpg,train,54
coco_517822_crowd.jpg,train,74
coco_517889_crowd.jpg,train,66
coco_517967_2157944.jpg,train,116
coco_517987_459047.jpg,train,69
coco_518116_443919.jpg,train,74
coco_518222_470649.jpg,train,75
coco_518383_452689.jpg,train,57
coco_518850_crowd.jpg,train,76
coco_519055_crowd.jpg,train,86
coco_519351_204335.jpg,train,43
coco_519387_crowd.jpg,train,106
coco_519479_460167.jpg,train,117
coco_519565_crowd.jpg,train,74
coco_519706_458859.jpg,train,95
coco_519744_472437.jpg,train,87
coco_519880_crowd.jpg,train,111
coco_520124_crowd.jpg,train,127
coco_52016_423687.jpg,train,67
coco_520237_crowd.jpg,train,89
coco_520289_183233.jpg,train,87
coco_520427_crowd.jpg,train,87
coco_520528_461446.jpg,train,63
coco_5205_crowd.jpg,train,90
coco_52066_205645.jpg,train,89
coco_520752_crowd.jpg,train,76
coco_521197_213479.jpg,train,69
coco_521404_187792.jpg,train,93
coco_52161_194992.jpg,train,39
coco_521689_crowd.jpg,train,67
coco_521692_486794.jpg,train,115
coco_521943_1721317.jpg,train,110
coco_521994_185299.jpg,train,86
coco_522065_467390.jpg,train,112
coco_522194_216204.jpg,train,97
coco_522198_183540.jpg,train,71
coco_522232_195687.jpg,train,93
coco_52314_crowd.jpg,train,76
coco_523217_crowd.jpg,train,136
coco_523230_crowd.jpg,train,82
coco_523274_199980.jpg,train,67
coco_523371_202800.jpg,train,81
coco_523454_184449.jpg,train,81
coco_523597_crowd.jpg,train,63
coco_523696_474363.jpg,train,83
coco_524047_423689.jpg,train,91
coco_524061_1246046.jpg,train,103
coco_52425_474076.jpg,train,89
coco_524436_crowd.jpg,train,49
coco_524536_crowd.jpg,train,86
coco_524638_511324.jpg,train,78
coco_524844_421042.jpg,train,67
coco_525106_453137.jpg,train,103
coco_525227_428097.jpg,train,82
coco_525667_crowd.jpg,train,108
coco_525732_445709.jpg,train,129
coco_526040_451624.jpg,train,67
coco_52624_191781.jpg,train,72
coco_526371_494908.jpg,train,120
coco_526570_crowd.jpg,train,84
coco_52661_crowd.jpg,train,98
coco_526778_481240.jpg,train,83
coco_526837_430536.jpg,train,57
coco_526955_430923.jpg,train,99
coco_52703_190123.jpg,train,74
coco_527054_424236.jpg,train,113
coco_527060_crowd.jpg,train,69
coco_527102_crowd.jpg,train,93
coco_527313_crowd.jpg,train,71
coco_527691_452151.jpg,train,89
coco_527791_470754.jpg,train,69
coco_528030_466106.jpg,train,81
coco_528098_215288.jpg,train,43
coco_528351_crowd.jpg,train,104
coco_528729_237872.jpg,train,112
coco_529065_444217.jpg,train,68
coco_529838_483793.jpg,train,104
coco_530207_crowd.jpg,train,187
coco_53058_439865.jpg,train,70
coco_530619_494572.jpg,train,48
coco_530765_214720.jpg,train,76
coco_530875_500088.jpg,train,68
coco_530998_2154384.jpg,train,83
coco_531069_462273.jpg,train,92
coco_531234_204034.jpg,train,60
coco_531299_crowd.jpg,train,74
coco_531633_467439.jpg,train,80
coco_531815_445906.jpg,train,88
coco_531909_crowd.jpg,train,77
coco_531917_228732.jpg,train,138
coco_531928_crowd.jpg,train,65
coco_531967_423829.jpg,train,134
coco_532209_2156637.jpg,train,68
coco_532295_468072.jpg,train,71
coco_5325_crowd.jpg,train,78
coco_532812_crowd.jpg,train,102
coco_532876_196523.jpg,train,53
coco_533106_crowd.jpg,train,86
coco_533227_439363.jpg,train,134
coco_533283_185415.jpg,train,101
coco_53328_crowd.jpg,train,128
coco_53344_183541.jpg,train,67
coco_533452_186966.jpg,train,66
coco_533480_1280732.jpg,train,92
coco_533532_crowd.jpg,train,96
coco_533548_448458.jpg,train,70
coco_534038_211045.jpg,train,62
coco_534210_423402.jpg,train,56
coco_53431_432869.jpg,train,87
coco_534421_crowd.jpg,train,53
coco_534516_crowd.jpg,train,65
coco_534736_crowd.jpg,train,72
coco_534887_190483.jpg,train,70
coco_534915_crowd.jpg,train,82
coco_535106_222032.jpg,train,93
coco_535259_crowd.jpg,train,88
coco_535506_441444.jpg,train,72
coco_535536_481310.jpg,train,49
coco_5356_crowd.jpg,train,108
coco_535750_crowd.jpg,train,64
coco_535889_462683.jpg,train,68
coco_536006_crowd.jpg,train,48
coco_536166_185775.jpg,train,56
coco_53635_442280.jpg,train,61
coco_536444_1748127.jpg,train,80
coco_53668_473090.jpg,train,52
coco_536720_crowd.jpg,train,59
coco_53677_crowd.jpg,train,65
coco_536782_crowd.jpg,train,108
coco_536791_439216.jpg,train,75
coco_536831_435544.jpg,train,81
coco_536891_195214.jpg,train,90
coco_537206_208244.jpg,train,74
coco_537211_202461.jpg,train,135
coco_53754_465243.jpg,train,74
coco_53774_1726311.jpg,train,89
coco_537864_455799.jpg,train,106
coco_53788_443765.jpg,train,65
coco_538054_2163242.jpg,train,58
coco_538092_468944.jpg,train,85
coco_538115_crowd.jpg,train,113
coco_538122_455275.jpg,train,81
coco_538163_crowd.jpg,train,73
coco_538242_crowd.jpg,train,100
coco_538319_crowd.jpg,train,104
coco_538344_424558.jpg,train,61
coco_538394_1735441.jpg,train,47
coco_538858_crowd.jpg,train,78
coco_538859_197456.jpg,train,97
coco_539079_468437.jpg,train,88
coco_539555_crowd.jpg,train,121
coco_539565_crowd.jpg,train,105
coco_539787_crowd.jpg,train,79
coco_540006_crowd.jpg,train,108
coco_54007_473829.jpg,train,103
coco_540098_454602.jpg,train,67
coco_540196_502806.jpg,train,119
coco_540207_471019.jpg,train,90
coco_540469_1735917.jpg,train,48
coco_540556_485377.jpg,train,63
coco_540581_443977.jpg,train,100
coco_540869_233082.jpg,train,105
coco_541017_442550.jpg,train,50
coco_541474_458749.jpg,train,53
coco_541924_crowd.jpg,train,113
coco_542024_crowd.jpg,train,101
coco_542183_183396.jpg,train,57
coco_542302_crowd.jpg,train,81
coco_542510_471709.jpg,train,77
coco_542570_crowd.jpg,train,86
coco_54277_450589.jpg,train,126
coco_542910_crowd.jpg,train,69
coco_542938_187491.jpg,train,56
coco_543218_436661.jpg,train,111
coco_543531_crowd.jpg,train,103
coco_543644_425169.jpg,train,73
coco_543740_455766.jpg,train,83
coco_543836_430661.jpg,train,99
coco_543895_crowd.jpg,train,148
coco_544122_1724399.jpg,train,132
coco_544237_crowd.jpg,train,87
coco_544272_186035.jpg,train,66
coco_544278_crowd.jpg,train,112
coco_5443_435609.jpg,train,95
coco_544522_465401.jpg,train,114
coco_544713_187016.jpg,train,70
coco_544857_2152694.jpg,train,77
coco_545002_439492.jpg,train,78
coco_545155_213988.jpg,train,79
coco_54516_421132.jpg,train,114
coco_545978_crowd.jpg,train,92
coco_546126_crowd.jpg,train,133
coco_546424_crowd.jpg,train,89
coco_546664_crowd.jpg,train,90
coco_546670_449902.jpg,train,98
coco_546773_crowd.jpg,train,136
coco_54679_478279.jpg,train,70
coco_54712_434239.jpg,train,96
coco_547224_466641.jpg,train,93
coco_54747_crowd.jpg,train,70
coco_547487_557318.jpg,train,108
coco_547607_1717268.jpg,train,79
coco_54763_494740.jpg,train,91
coco_54766_1751845.jpg,train,77
coco_547866_crowd.jpg,train,84
coco_548090_2164943.jpg,train,90
coco_548361_457443.jpg,train,87
coco_548538_crowd.jpg,train,78
coco_548843_434056.jpg,train,89
coco_548844_481289.jpg,train,83
coco_548878_540729.jpg,train,121
coco_548939_433198.jpg,train,66
coco_549063_199500.jpg,train,62
coco_549297_crowd.jpg,train,98
coco_549448_crowd.jpg,train,115
coco_549683_439893.jpg,train,71
coco_549754_477095.jpg,train,77
coco_549932_crowd.jpg,train,84
coco_549937_476721.jpg,train,54
coco_550007_204999.jpg,train,62
coco_550013_183669.jpg,train,74
coco_550162_193430.jpg,train,118
coco_550365_490172.jpg,train,71
coco_550431_crowd.jpg,train,58
coco_550645_424490.jpg,train,130
coco_550707_crowd.jpg,train,110
coco_550968_crowd.jpg,train,70
coco_550980_crowd.jpg,train,135
coco_551243_423130.jpg,train,98
coco_55126_crowd.jpg,train,71
coco_551334_193729.jpg,train,50
coco_551849_194769.jpg,train,56
coco_551921_190122.jpg,train,61
coco_551957_1717449.jpg,train,91
coco_551959_2198209.jpg,train,65
coco_552075_462040.jpg,train,69
coco_552186_crowd.jpg,train,70
coco_552188_425220.jpg,train,37
coco_552532_204201.jpg,train,92
coco_552573_425406.jpg,train,44
coco_552752_209057.jpg,train,53
coco_552973_crowd.jpg,train,126
coco_553074_437465.jpg,train,48
coco_553078_2152475.jpg,train,86
coco_553253_447221.jpg,train,109
coco_553330_crowd.jpg,train,51
coco_553353_505405.jpg,train,105
coco_553436_crowd.jpg,train,53
coco_5535_445514.jpg,train,135
coco_55375_crowd.jpg,train,89
coco_553852_217639.jpg,train,65
coco_553862_crowd.jpg,train,121
coco_553869_436042.jpg,train,100
coco_554006_crowd.jpg,train,97
coco_554114_425233.jpg,train,90
coco_554273_crowd.jpg,train,68
coco_554348_186462.jpg,train,49
coco_554433_2207544.jpg,train,66
coco_554445_203571.jpg,train,122
coco_554459_crowd.jpg,train,100
coco_554582_crowd.jpg,train,55
coco_554625_crowd.jpg,train,115
coco_554727_435858.jpg,train,68
coco_554892_crowd.jpg,train,70
coco_555131_crowd.jpg,train,83
coco_555271_436667.jpg,train,104
coco_555456_427111.jpg,train,75
coco_555582_477101.jpg,train,100
coco_555622_crowd.jpg,train,126
coco_555669_crowd.jpg,train,75
coco_555686_213477.jpg,train,110
coco_556064_425698.jpg,train,80
coco_556083_425324.jpg,train,65
coco_556101_192442.jpg,train,80
coco_556341_424788.jpg,train,85
coco_557556_crowd.jpg,train,86
coco_557732_425145.jpg,train,77
coco_557785_427970.jpg,train,56
coco_557829_crowd.jpg,train,96
coco_557923_crowd.jpg,train,62
coco_557926_crowd.jpg,train,94
coco_558171_467799.jpg,train,101
coco_558229_crowd.jpg,train,103
coco_558253_2161701.jpg,train,110
coco_558457_453474.jpg,train,87
coco_558587_468941.jpg,train,73
coco_558635_crowd.jpg,train,92
coco_558661_529734.jpg,train,75
coco_558794_crowd.jpg,train,79
coco_558845_435787.jpg,train,79
coco_559037_452960.jpg,train,57
coco_559303_439888.jpg,train,69
coco_559312_crowd.jpg,train,90
coco_559462_crowd.jpg,train,59
coco_559470_crowd.jpg,train,69
coco_559730_206884.jpg,train,67
coco_55981_496176.jpg,train,118
coco_559884_457411.jpg,train,91
coco_559948_1720283.jpg,train,91
coco_56002_443976.jpg,train,86
coco_560108_209043.jpg,train,108
coco_560227_465861.jpg,train,96
coco_560598_421938.jpg,train,124
coco_560620_crowd.jpg,train,57
coco_560626_451373.jpg,train,52
coco_560718_448823.jpg,train,120
coco_560757_478519.jpg,train,43
coco_561437_1712671.jpg,train,83
coco_561539_crowd.jpg,train,66
coco_561589_crowd.jpg,train,149
coco_561780_crowd.jpg,train,101
coco_561806_1724090.jpg,train,65
coco_56187_crowd.jpg,train,54
coco_562062_434395.jpg,train,100
coco_562101_2158259.jpg,train,68
coco_562519_220600.jpg,train,93
coco_562632_crowd.jpg,train,100
coco_562885_427292.jpg,train,78
coco_563015_433193.jpg,train,74
coco_563194_524686.jpg,train,72
coco_563680_529450.jpg,train,64
coco_563723_215495.jpg,train,83
coco_563871_crowd.jpg,train,76
coco_563912_448448.jpg,train,87
coco_564095_2155494.jpg,train,86
coco_564281_crowd.jpg,train,140
coco_564355_crowd.jpg,train,112
coco_564366_1712219.jpg,train,90
coco_5644_1206896.jpg,train,98
coco_564636_crowd.jpg,train,68
coco_564936_1214101.jpg,train,78
coco_56504_crowd.jpg,train,126
coco_565085_crowd.jpg,train,54
coco_565438_crowd.jpg,train,88
coco_565570_472507.jpg,train,103
coco_565693_crowd.jpg,train,79
coco_565903_489746.jpg,train,49
coco_566173_443695.jpg,train,63
coco_566321_crowd.jpg,train,92
coco_566518_464145.jpg,train,87
coco_566729_188030.jpg,train,63
coco_566941_crowd.jpg,train,73
coco_567636_204424.jpg,train,70
coco_568107_195259.jpg,train,99
coco_568132_crowd.jpg,train,96
coco_568148_491046.jpg,train,89
coco_568623_crowd.jpg,train,101
coco_568765_crowd.jpg,train,115
coco_568956_crowd.jpg,train,124
coco_568972_crowd.jpg,train,114
coco_569432_476697.jpg,train,114
coco_569452_crowd.jpg,train,46
coco_569841_crowd.jpg,train,107
coco_569_514322.jpg,train,92
coco_570060_429502.jpg,train,54
coco_570107_202574.jpg,train,117
coco_570579_crowd.jpg,train,142
coco_570678_476940.jpg,train,97
coco_570680_1250977.jpg,train,76
coco_570714_451131.jpg,train,94
coco_570781_423596.jpg,train,92
coco_57086_crowd.jpg,train,86
coco_5713_492094.jpg,train,94
coco_571970_192688.jpg,train,95
coco_572008_226744.jpg,train,73
coco_572226_crowd.jpg,train,102
coco_572229_crowd.jpg,train,50
coco_572296_189836.jpg,train,85
coco_572510_437223.jpg,train,93
coco_572725_482008.jpg,train,123
coco_572811_2158557.jpg,train,91
coco_57286_crowd.jpg,train,71
coco_573058_440274.jpg,train,68
coco_573179_202146.jpg,train,66
coco_573214_crowd.jpg,train,71
coco_573363_crowd.jpg,train,92
coco_573571_471644.jpg,train,58
coco_573686_crowd.jpg,train,127
coco_574108_433518.jpg,train,46
coco_574138_428866.jpg,train,137
coco_574141_452336.jpg,train,94
coco_574343_474608.jpg,train,81
coco_574357_193651.jpg,train,95
coco_574537_crowd.jpg,train,49
coco_574619_475099.jpg,train,33
coco_574672_crowd.jpg,train,52
coco_574769_201078.jpg,train,85
coco_574804_489368.jpg,train,98
coco_574825_crowd.jpg,train,116
coco_575006_494719.jpg,train,93
coco_575012_crowd.jpg,train,112
coco_575088_crowd.jpg,train,59
coco_57508_423457.jpg,train,48
coco_575405_1751284.jpg,train,62
coco_57550_192954.jpg,train,64
coco_57570_195182.jpg,train,46
coco_575904_459537.jpg,train,118
coco_57593_2154801.jpg,train,56
coco_575964_crowd.jpg,train,61
coco_576305_455769.jpg,train,61
coco_576463_436200.jpg,train,194
coco_576607_421740.jpg,train,131
coco_576652_434637.jpg,train,63
coco_576704_512990.jpg,train,100
coco_576754_422467.jpg,train,79
coco_576875_crowd.jpg,train,60
coco_576987_435514.jpg,train,80
coco_577033_crowd.jpg,train,142
coco_57703_crowd.jpg,train,110
coco_577073_475831.jpg,train,91
coco_577277_484660.jpg,train,85
coco_577398_204332.jpg,train,67
coco_577403_crowd.jpg,train,89
coco_577840_crowd.jpg,train,107
coco_578227_crowd.jpg,train,123
coco_578292_455088.jpg,train,63
coco_578330_crowd.jpg,train,107
coco_578427_501108.jpg,train,62
coco_578849_429148.jpg,train,116
coco_579362_212502.jpg,train,78
coco_579457_crowd.jpg,train,99
coco_579760_186131.jpg,train,73
coco_579918_200871.jpg,train,75
coco_58006_crowd.jpg,train,130
coco_580108_crowd.jpg,train,138
coco_5802_509231.jpg,train,85
coco_580388_448394.jpg,train,126
coco_58043_2150778.jpg,train,81
coco_580591_1243589.jpg,train,66
coco_580613_crowd.jpg,train,77
coco_580704_crowd.jpg,train,126
coco_580711_crowd.jpg,train,128
coco_580870_439810.jpg,train,87
coco_580972_2198435.jpg,train,94
coco_581040_513864.jpg,train,84
coco_581245_crowd.jpg,train,61
coco_581328_438103.jpg,train,92
coco_581886_crowd.jpg,train,84
coco_58364_493395.jpg,train,123
coco_58690_427786.jpg,train,102
coco_58778_486043.jpg,train,82
coco_5879_crowd.jpg,train,115
coco_58800_crowd.jpg,train,80
coco_589_2150702.jpg,train,59
coco_59015_crowd.jpg,train,153
coco_59207_crowd.jpg,train,78
coco_59547_440755.jpg,train,67
coco_5961_crowd.jpg,train,63
coco_6033_crowd.jpg,train,150
coco_60529_443368.jpg,train,124
coco_60989_crowd.jpg,train,114
coco_61494_crowd.jpg,train,122
coco_61503_2153158.jpg,train,67
coco_61566_483405.jpg,train,115
coco_61805_crowd.jpg,train,74
coco_61897_crowd.jpg,train,95
coco_62060_crowd.jpg,train,63
coco_62089_430479.jpg,train,119
coco_62109_crowd.jpg,train,42
coco_62198_191798.jpg,train,57
coco_62297_462059.jpg,train,71
coco_62483_crowd.jpg,train,100
coco_62858_442902.jpg,train,90
coco_62877_crowd.jpg,train,101
coco_63144_441787.jpg,train,55
coco_63240_208854.jpg,train,99
coco_63397_crowd.jpg,train,89
coco_63521_crowd.jpg,train,161
coco_63549_459884.jpg,train,82
coco_63563_2228889.jpg,train,53
coco_63565_crowd.jpg,train,59
coco_63617_457253.jpg,train,79
coco_63934_505639.jpg,train,81
coco_64015_497222.jpg,train,112
coco_64016_crowd.jpg,train,65
coco_64088_230529.jpg,train,127
coco_64611_475260.jpg,train,64
coco_64902_crowd.jpg,train,116
coco_64909_183841.jpg,train,112
coco_64974_438471.jpg,train,76
coco_65057_crowd.jpg,train,127
coco_65604_210724.jpg,train,97
coco_66190_crowd.jpg,train,62
coco_66238_432793.jpg,train,68
coco_66243_crowd.jpg,train,97
coco_66412_crowd.jpg,train,79
coco_66717_crowd.jpg,train,89
coco_66959_crowd.jpg,train,72
coco_67252_crowd.jpg,train,58
coco_6748_465186.jpg,train,93
coco_67765_crowd.jpg,train,91
coco_67785_189283.jpg,train,100
coco_68120_crowd.jpg,train,64
coco_68205_488646.jpg,train,73
coco_68257_454354.jpg,train,93
coco_68525_499426.jpg,train,81
coco_68674_423658.jpg,train,78
coco_68743_427754.jpg,train,68
coco_68950_207754.jpg,train,75
coco_69000_crowd.jpg,train,77
coco_6906_488117.jpg,train,119
coco_69328_217983.jpg,train,77
coco_693_439854.jpg,train,71
coco_69646_478417.jpg,train,37
coco_69827_481683.jpg,train,121
coco_69914_crowd.jpg,train,98
coco_70134_crowd.jpg,train,87
coco_70471_crowd.jpg,train,75
coco_7050_crowd.jpg,train,69
coco_70528_191583.jpg,train,62
coco_70815_199882.jpg,train,81
coco_70870_2159741.jpg,train,116
coco_71095_451041.jpg,train,56
coco_7125_crowd.jpg,train,82
coco_71306_483450.jpg,train,90
coco_7149_crowd.jpg,train,83
coco_71573_422077.jpg,train,100
coco_71602_crowd.jpg,train,58
coco_71738_crowd.jpg,train,114
coco_71918_188982.jpg,train,41
coco_71986_crowd.jpg,train,67
coco_72255_457551.jpg,train,75
coco_72368_486447.jpg,train,39
coco_72376_crowd.jpg,train,73
coco_7256_crowd.jpg,train,82
coco_72657_187971.jpg,train,63
coco_72944_515649.jpg,train,104
coco_73182_crowd.jpg,train,87
coco_73278_crowd.jpg,train,148
coco_7333_456211.jpg,train,72
coco_73470_crowd.jpg,train,89
coco_73665_435284.jpg,train,65
coco_73668_crowd.jpg,train,53
coco_73753_205693.jpg,train,97
coco_73773_450656.jpg,train,79
coco_73832_458404.jpg,train,87
coco_74135_crowd.jpg,train,79
coco_74181_crowd.jpg,train,74
coco_74349_431882.jpg,train,140
coco_74832_519344.jpg,train,82
coco_75179_450572.jpg,train,130
coco_75187_471861.jpg,train,119
coco_7519_457520.jpg,train,131
coco_75283_crowd.jpg,train,133
coco_75552_1719276.jpg,train,78
coco_75595_446222.jpg,train,69
coco_75713_1227618.jpg,train,119
coco_75768_225933.jpg,train,70
coco_75783_465218.jpg,train,69
coco_7593_crowd.jpg,train,91
coco_75990_crowd.jpg,train,99
coco_76161_423784.jpg,train,82
coco_76257_194716.jpg,train,83
coco_764_crowd.jpg,train,63
coco_76942_184958.jpg,train,83
coco_76956_431749.jpg,train,71
coco_76994_429685.jpg,train,101
coco_77345_421156.jpg,train,90
coco_77754_428451.jpg,train,77
coco_77821_467296.jpg,train,59
coco_77954_crowd.jpg,train,86
coco_77997_crowd.jpg,train,91
coco_78061_431012.jpg,train,94
coco_78288_185702.jpg,train,62
coco_78627_crowd.jpg,train,61
coco_78803_1721588.jpg,train,58
coco_79070_2156868.jpg,train,64
coco_79544_2158300.jpg,train,118
coco_79619_2163437.jpg,train,70
coco_79754_185676.jpg,train,130
coco_79860_crowd.jpg,train,63
coco_80145_424999.jpg,train,67
coco_80185_crowd.jpg,train,58
coco_80260_crowd.jpg,train,111
coco_80613_451696.jpg,train,106
coco_81103_185092.jpg,train,78
coco_81210_crowd.jpg,train,122
coco_81691_crowd.jpg,train,53
coco_82312_205920.jpg,train,73
coco_82740_185446.jpg,train,67
coco_83065_189493.jpg,train,82
coco_83257_crowd.jpg,train,128
coco_83466_crowd.jpg,train,96
coco_83682_crowd.jpg,train,102
coco_84097_514340.jpg,train,76
coco_84130_459595.jpg,train,88
coco_84447_186848.jpg,train,145
coco_84460_488595.jpg,train,87
coco_84533_183545.jpg,train,72
coco_84540_crowd.jpg,train,57
coco_84735_crowd.jpg,train,82
coco_84767_crowd.jpg,train,83
coco_84825_508839.jpg,train,66
coco_85192_1732587.jpg,train,64
coco_85247_432307.jpg,train,63
coco_85316_crowd.jpg,train,76
coco_85795_448071.jpg,train,55
coco_85852_186087.jpg,train,92
coco_8589_crowd.jpg,train,88
coco_8594_1258043.jpg,train,129
coco_86001_crowd.jpg,train,120
coco_86202_466971.jpg,train,88
coco_86448_crowd.jpg,train,79
coco_86848_518761.jpg,train,99
coco_87052_crowd.jpg,train,95
coco_87070_442763.jpg,train,70
coco_87328_489130.jpg,train,90
coco_87553_crowd.jpg,train,57
coco_87617_crowd.jpg,train,82
coco_87740_crowd.jpg,train,99
coco_87811_crowd.jpg,train,78
coco_87889_crowd.jpg,train,114
coco_88072_507157.jpg,train,87
coco_88120_494234.jpg,train,63
coco_88168_187608.jpg,train,87
coco_88335_crowd.jpg,train,93
coco_88433_454712.jpg,train,53
coco_88455_523913.jpg,train,105
coco_88815_509812.jpg,train,103
coco_89032_456623.jpg,train,65
coco_89099_crowd.jpg,train,67
coco_89293_423977.jpg,train,92
coco_89329_195831.jpg,train,67
coco_89378_2197893.jpg,train,48
coco_89432_479319.jpg,train,95
coco_89814_crowd.jpg,train,80
coco_89839_488122.jpg,train,90
coco_89898_441288.jpg,train,45
coco_90255_427373.jpg,train,83
coco_90519_crowd.jpg,train,63
coco_90592_423965.jpg,train,87
coco_90646_crowd.jpg,train,116
coco_90732_446989.jpg,train,54
coco_90991_426938.jpg,train,44
coco_91052_crowd.jpg,train,75
coco_91263_492285.jpg,train,90
coco_91326_203941.jpg,train,76
coco_91336_452913.jpg,train,76
coco_91353_crowd.jpg,train,51
coco_91416_482545.jpg,train,102
coco_91527_447705.jpg,train,104
coco_91545_455312.jpg,train,60
coco_91612_190453.jpg,train,62
coco_91636_crowd.jpg,train,82
coco_9171_461485.jpg,train,94
coco_91839_211662.jpg,train,73
coco_91949_crowd.jpg,train,109
coco_92205_2154228.jpg,train,81
coco_92257_424573.jpg,train,133
coco_92543_444921.jpg,train,81
coco_92658_crowd.jpg,train,132
coco_92678_crowd.jpg,train,77
coco_9270_crowd.jpg,train,110
coco_92768_450011.jpg,train,63
coco_92985_crowd.jpg,train,105
coco_93034_crowd.jpg,train,76
coco_93068_205938.jpg,train,86
coco_93089_1715810.jpg,train,129
coco_93258_crowd.jpg,train,94
coco_93434_crowd.jpg,train,130
coco_93493_2164458.jpg,train,60
coco_93685_486862.jpg,train,54
coco_93746_459540.jpg,train,69
coco_93853_220092.jpg,train,90
coco_9395_448683.jpg,train,76
coco_93985_438252.jpg,train,115
coco_94002_446239.jpg,train,75
coco_94319_188109.jpg,train,92
coco_94427_1735246.jpg,train,58
coco_94513_202453.jpg,train,66
coco_94599_crowd.jpg,train,125
coco_94619_435120.jpg,train,76
coco_94922_2152086.jpg,train,84
coco_95051_2165257.jpg,train,88
coco_95106_crowd.jpg,train,110
coco_95113_421084.jpg,train,92
coco_95474_214603.jpg,train,65
coco_95476_crowd.jpg,train,111
coco_95583_1745779.jpg,train,57
coco_95677_425051.jpg,train,99
coco_95692_456092.jpg,train,63
coco_95770_crowd.jpg,train,90
coco_96288_crowd.jpg,train,61
coco_9628_459286.jpg,train,96
coco_96530_202496.jpg,train,60
coco_96638_2026312.jpg,train,74
coco_97006_496427.jpg,train,74
coco_97036_crowd.jpg,train,81
coco_97362_206385.jpg,train,70
coco_97423_crowd.jpg,train,145
coco_97434_crowd.jpg,train,84
coco_97479_1220149.jpg,train,127
coco_974_crowd.jpg,train,81
coco_97502_476573.jpg,train,61
coco_97580_190231.jpg,train,93
coco_97646_1716768.jpg,train,66
coco_97656_443256.jpg,train,79
coco_9801_195875.jpg,train,120
coco_98043_194791.jpg,train,81
coco_98141_197681.jpg,train,82
coco_98284_189219.jpg,train,104
coco_98590_crowd.jpg,train,85
coco_98656_crowd.jpg,train,143
coco_98801_crowd.jpg,train,49
coco_98881_crowd.jpg,train,90
coco_98927_488141.jpg,train,71
coco_99341_crowd.jpg,train,103
coco_9941_486157.jpg,train,105
coco_99477_193436.jpg,train,129
coco_99518_crowd.jpg,train,46
coco_99583_465229.jpg,train,55
coco_99592_472131.jpg,train,108
coco_99615_448428.jpg,train,96
coco_99707_483866.jpg,train,76
coco_99807_183413.jpg,train,87
danbooru_anime_11899844.jpg,train,88
danbooru_anime_11899878.jpg,train,124
danbooru_anime_11899930.jpg,train,67
danbooru_anime_11899972.jpg,train,109
danbooru_anime_11899979.jpg,train,61
danbooru_anime_11899980.jpg,train,75
danbooru_anime_11900007.jpg,train,115
danbooru_anime_11900019.jpg,train,134
danbooru_anime_11900033.jpg,train,140
danbooru_anime_11900075.jpg,train,55
danbooru_anime_11900080.jpg,train,50
danbooru_anime_11900105.jpg,train,102
danbooru_anime_11900195.jpg,train,44
danbooru_anime_11900196.jpg,train,63
danbooru_anime_11900212.jpg,train,108
danbooru_anime_11900222.jpg,train,111
danbooru_anime_11900261.jpg,train,75
danbooru_anime_11900272.jpg,train,101
danbooru_anime_11900299.jpg,train,132
danbooru_anime_11900307.jpg,train,143
danbooru_anime_11900309.jpg,train,93
danbooru_anime_11900323.jpg,train,77
danbooru_anime_11900324.jpg,train,91
danbooru_anime_11900361.jpg,train,72
danbooru_anime_11900386.jpg,train,99
danbooru_anime_11900387.jpg,train,128
danbooru_anime_11900400.jpg,train,85
danbooru_anime_11900411.jpg,train,63
danbooru_anime_11900427.jpg,train,87
danbooru_anime_11900442.jpg,train,69
danbooru_anime_11900443.jpg,train,119
danbooru_anime_11900504.jpg,train,65
danbooru_anime_11900516.jpg,train,90
danbooru_anime_11900522.jpg,train,53
danbooru_anime_11900543.jpg,train,84
danbooru_anime_11900589.jpg,train,88
danbooru_anime_11900597.jpg,train,119
danbooru_anime_11900722.jpg,train,81
danbooru_anime_11900723.jpg,train,86
danbooru_anime_11900788.jpg,train,107
danbooru_anime_11900805.jpg,train,137
danbooru_anime_11900867.jpg,train,99
danbooru_anime_11900905.jpg,train,120
danbooru_anime_11900906.jpg,train,113
danbooru_anime_11900916.jpg,train,76
danbooru_anime_11900925.jpg,train,155
danbooru_anime_11900987.jpg,train,96
danbooru_anime_11901004.jpg,train,63
danbooru_anime_11901088.jpg,train,124
danbooru_anime_11901107.jpg,train,53
danbooru_anime_11901149.jpg,train,60
danbooru_anime_11901161.jpg,train,66
danbooru_anime_11901167.jpg,train,74
danbooru_anime_11901284.jpg,train,110
danbooru_anime_11901287.jpg,train,89
danbooru_anime_11901289.jpg,train,102
danbooru_anime_11901291.jpg,train,112
danbooru_anime_11901377.jpg,train,114
danbooru_anime_11901391.jpg,train,93
danbooru_anime_11901392.jpg,train,99
danbooru_anime_11901393.jpg,train,60
danbooru_anime_11901398.jpg,train,68
danbooru_anime_11901399.jpg,train,106
danbooru_anime_11901400.jpg,train,88
danbooru_anime_11901402.jpg,train,58
danbooru_anime_11901405.jpg,train,61
danbooru_anime_11901448.jpg,train,112
danbooru_anime_11901466.jpg,train,104
danbooru_anime_11901467.jpg,train,74
danbooru_anime_11901468.jpg,train,86
danbooru_anime_11901469.jpg,train,63
danbooru_anime_11901470.jpg,train,65
danbooru_anime_11901487.jpg,train,71
danbooru_anime_11901586.jpg,train,68
danbooru_anime_11901703.jpg,train,76
danbooru_anime_11901705.jpg,train,49
danbooru_anime_11901707.jpg,train,61
danbooru_anime_11901718.jpg,train,118
danbooru_anime_11901725.jpg,train,104
danbooru_anime_11901728.jpg,train,86
danbooru_anime_11901768.jpg,train,122
danbooru_anime_11901781.jpg,train,70
danbooru_anime_11901836.jpg,train,146
danbooru_anime_11901838.jpg,train,148
danbooru_anime_11901868.jpg,train,133
danbooru_anime_11901892.jpg,train,99
danbooru_anime_11901924.jpg,train,109
danbooru_anime_11901930.jpg,train,68
danbooru_anime_11901939.jpg,train,80
danbooru_anime_11901993.jpg,train,100
danbooru_anime_11902022.jpg,train,168
danbooru_anime_11902033.jpg,train,109
danbooru_anime_11902044.jpg,train,93
danbooru_anime_11902050.jpg,train,75
danbooru_anime_11902058.jpg,train,123
danbooru_anime_11902107.jpg,train,117
danbooru_anime_11902109.jpg,train,92
danbooru_anime_11902110.jpg,train,113
danbooru_anime_11902206.jpg,train,41
danbooru_anime_11902207.jpg,train,131
danbooru_anime_11902213.jpg,train,74
danbooru_anime_11902220.jpg,train,106
danbooru_anime_11902242.jpg,train,66
danbooru_anime_11902308.jpg,train,70
danbooru_anime_11902318.jpg,train,129
danbooru_anime_11902319.jpg,train,97
danbooru_anime_11902323.jpg,train,69
danbooru_anime_11902338.jpg,train,78
danbooru_anime_11902372.jpg,train,141
danbooru_anime_11902380.jpg,train,83
danbooru_anime_11902395.jpg,train,101
danbooru_anime_11902401.jpg,train,102
danbooru_anime_11902409.jpg,train,114
danbooru_anime_11902431.jpg,train,80
danbooru_anime_11902450.jpg,train,105
danbooru_anime_11902455.jpg,train,95
danbooru_anime_11902459.jpg,train,87
danbooru_anime_11902492.jpg,train,79
danbooru_anime_11902512.jpg,train,85
danbooru_anime_11902513.jpg,train,78
danbooru_anime_11902538.jpg,train,82
danbooru_anime_11902557.jpg,train,123
danbooru_anime_11902584.jpg,train,58
danbooru_anime_11902633.jpg,train,158
danbooru_anime_11902672.jpg,train,73
danbooru_anime_11902710.jpg,train,74
danbooru_anime_11902738.jpg,train,72
danbooru_anime_11902739.jpg,train,78
danbooru_anime_11902742.jpg,train,77
danbooru_anime_11902749.jpg,train,128
danbooru_anime_11902778.jpg,train,86
danbooru_anime_11902804.jpg,train,46
danbooru_anime_11902814.jpg,train,93
danbooru_anime_11902833.jpg,train,88
danbooru_anime_11902884.jpg,train,98
danbooru_anime_11902888.jpg,train,150
danbooru_anime_11902889.jpg,train,142
danbooru_anime_11902891.jpg,train,64
danbooru_anime_11902920.jpg,train,88
danbooru_anime_11902941.jpg,train,77
danbooru_anime_11902944.jpg,train,164
danbooru_anime_11903000.jpg,train,96
danbooru_anime_11903027.jpg,train,59
danbooru_anime_11903031.jpg,train,85
danbooru_anime_11903036.jpg,train,77
danbooru_anime_11903038.jpg,train,75
danbooru_anime_11903052.jpg,train,128
danbooru_anime_11903060.jpg,train,138
danbooru_anime_11903080.jpg,train,68
danbooru_anime_11903081.jpg,train,93
danbooru_anime_11903093.jpg,train,112
danbooru_anime_11903143.jpg,train,95
danbooru_anime_11903146.jpg,train,126
danbooru_anime_11903153.jpg,train,118
danbooru_anime_11903174.jpg,train,144
danbooru_anime_11903180.jpg,train,131
danbooru_anime_11903182.jpg,train,120
danbooru_anime_11903190.jpg,train,93
danbooru_anime_11903203.jpg,train,104
danbooru_anime_11903206.jpg,train,43
danbooru_anime_11903214.jpg,train,124
danbooru_anime_11903219.jpg,train,155
danbooru_anime_11903222.jpg,train,109
danbooru_anime_11903223.jpg,train,100
danbooru_anime_11903226.jpg,train,93
danbooru_anime_11903231.jpg,train,120
danbooru_anime_11903302.jpg,train,80
danbooru_anime_11903322.jpg,train,66
danbooru_anime_11903348.jpg,train,142
danbooru_anime_11903349.jpg,train,128
danbooru_anime_11903352.jpg,train,69
danbooru_anime_11903353.jpg,train,119
danbooru_anime_11903364.jpg,train,70
danbooru_anime_11903375.jpg,train,99
danbooru_anime_11903382.jpg,train,89
danbooru_anime_11903397.jpg,train,126
danbooru_anime_11903421.jpg,train,118
danbooru_anime_11903442.jpg,train,122
danbooru_anime_11903448.jpg,train,95
danbooru_anime_11903449.jpg,train,92
danbooru_anime_11903461.jpg,train,104
danbooru_anime_11903462.jpg,train,61
danbooru_anime_11903465.jpg,train,70
danbooru_anime_11903472.jpg,train,64
danbooru_anime_11903498.jpg,train,73
danbooru_anime_11903522.jpg,train,104
danbooru_anime_11903530.jpg,train,79
danbooru_anime_11903533.jpg,train,96
danbooru_anime_11903534.jpg,train,107
danbooru_anime_11903537.jpg,train,64
danbooru_anime_11903549.jpg,train,74
danbooru_anime_11903597.jpg,train,134
danbooru_anime_11903640.jpg,train,96
danbooru_anime_11903651.jpg,train,69
danbooru_anime_11903687.jpg,train,93
danbooru_anime_11903724.jpg,train,116
danbooru_anime_11903727.jpg,train,70
danbooru_anime_11903730.jpg,train,106
danbooru_anime_11903735.jpg,train,152
danbooru_anime_11903741.jpg,train,99
danbooru_anime_11903750.jpg,train,70
danbooru_anime_11903757.jpg,train,88
danbooru_anime_11903759.jpg,train,98
danbooru_anime_11903760.jpg,train,126
danbooru_anime_11903761.jpg,train,86
danbooru_anime_11903769.jpg,train,133
danbooru_anime_11903784.jpg,train,119
danbooru_anime_11903792.jpg,train,128
danbooru_anime_11903798.jpg,train,135
danbooru_anime_11903802.jpg,train,73
danbooru_anime_11903805.jpg,train,72
danbooru_anime_11903807.jpg,train,68
danbooru_anime_11903814.jpg,train,89
danbooru_anime_11903835.jpg,train,141
danbooru_anime_11903844.jpg,train,113
danbooru_anime_11903847.jpg,train,137
danbooru_anime_11903856.jpg,train,109
danbooru_anime_11903858.jpg,train,119
danbooru_anime_11903868.jpg,train,81
danbooru_anime_11903880.jpg,train,77
danbooru_anime_11903884.jpg,train,84
danbooru_anime_11903906.jpg,train,131
danbooru_anime_11903916.jpg,train,72
danbooru_anime_11903922.jpg,train,106
danbooru_anime_11903924.jpg,train,72
danbooru_anime_11903968.jpg,train,99
danbooru_anime_11904011.jpg,train,73
danbooru_anime_11904016.jpg,train,114
danbooru_anime_11904031.jpg,train,143
danbooru_anime_11904054.jpg,train,68
danbooru_anime_11904074.jpg,train,66
danbooru_anime_11904092.jpg,train,88
danbooru_anime_11904108.jpg,train,78
danbooru_anime_11904134.jpg,train,71
danbooru_anime_11904167.jpg,train,87
danbooru_anime_11904168.jpg,train,96
danbooru_anime_11904169.jpg,train,143
danbooru_anime_11904179.jpg,train,110
danbooru_anime_11904196.jpg,train,72
danbooru_anime_11904219.jpg,train,67
danbooru_anime_11904252.jpg,train,72
danbooru_anime_11904253.jpg,train,121
danbooru_anime_11904267.jpg,train,104
danbooru_anime_11904310.jpg,train,67
danbooru_anime_11904340.jpg,train,91
danbooru_anime_11904341.jpg,train,58
danbooru_anime_11904348.jpg,train,118
danbooru_anime_11904385.jpg,train,71
danbooru_anime_11904394.jpg,train,109
danbooru_anime_11904396.jpg,train,74
danbooru_anime_11904422.jpg,train,124
danbooru_anime_11904487.jpg,train,99
danbooru_anime_11904521.jpg,train,94
danbooru_anime_11904560.jpg,train,89
danbooru_anime_11904577.jpg,train,89
danbooru_anime_11904579.jpg,train,69
danbooru_anime_11904581.jpg,train,102
danbooru_anime_11904593.jpg,train,63
danbooru_anime_11904798.jpg,train,97
danbooru_anime_11904808.jpg,train,77
danbooru_anime_11904833.jpg,train,125
danbooru_anime_11904856.jpg,train,86
danbooru_anime_11904870.jpg,train,141
danbooru_anime_11904877.jpg,train,99
danbooru_anime_11904890.jpg,train,115
danbooru_anime_11904897.jpg,train,116
danbooru_anime_11904942.jpg,train,95
danbooru_anime_11904944.jpg,train,89
danbooru_anime_11905003.jpg,train,93
danbooru_anime_11905025.jpg,train,101
danbooru_anime_11905088.jpg,train,65
danbooru_anime_11905098.jpg,train,94
danbooru_anime_11905101.jpg,train,108
danbooru_anime_11905106.jpg,train,112
danbooru_anime_11905111.jpg,train,85
danbooru_anime_11905144.jpg,train,107
danbooru_anime_11905149.jpg,train,97
danbooru_anime_11905160.jpg,train,123
danbooru_anime_11905265.jpg,train,64
danbooru_anime_11905270.jpg,train,85
danbooru_anime_11905328.jpg,train,98
danbooru_anime_11905347.jpg,train,151
danbooru_anime_11905366.jpg,train,87
danbooru_anime_11905384.jpg,train,113
danbooru_anime_11905403.jpg,train,96
danbooru_anime_11905410.jpg,train,102
danbooru_anime_11905413.jpg,train,102
danbooru_anime_11905430.jpg,train,87
danbooru_anime_11905452.jpg,train,108
danbooru_anime_11905455.jpg,train,144
danbooru_anime_11905457.jpg,train,56
danbooru_anime_11905471.jpg,train,75
danbooru_anime_11905475.jpg,train,104
danbooru_anime_11905484.jpg,train,89
danbooru_anime_11905501.jpg,train,102
danbooru_anime_11905524.jpg,train,131
danbooru_anime_11905534.jpg,train,124
danbooru_anime_11905543.jpg,train,113
danbooru_anime_11905551.jpg,train,76
danbooru_anime_11905562.jpg,train,56
danbooru_anime_11905587.jpg,train,97
danbooru_anime_11905591.jpg,train,158
danbooru_anime_11905618.jpg,train,112
danbooru_anime_11905622.jpg,train,80
danbooru_anime_11905683.jpg,train,101
danbooru_anime_11905792.jpg,train,82
danbooru_anime_11905798.jpg,train,102
danbooru_anime_11905806.jpg,train,65
danbooru_anime_11905853.jpg,train,98
danbooru_anime_11905856.jpg,train,153
danbooru_anime_11905859.jpg,train,113
danbooru_anime_11906002.jpg,train,69
danbooru_anime_11906007.jpg,train,91
danbooru_anime_11906048.jpg,train,58
danbooru_anime_11906060.jpg,train,143
danbooru_anime_11906067.jpg,train,93
danbooru_anime_11906077.jpg,train,112
danbooru_anime_11906082.jpg,train,48
danbooru_anime_11906096.jpg,train,62
danbooru_anime_11906099.jpg,train,160
danbooru_anime_11906101.jpg,train,98
danbooru_anime_11906137.jpg,train,146
danbooru_anime_11906173.jpg,train,62
danbooru_anime_11906180.jpg,train,99
danbooru_anime_11906188.jpg,train,140
danbooru_anime_11906323.jpg,train,55
danbooru_anime_11906359.jpg,train,68
danbooru_anime_11906418.jpg,train,48
danbooru_anime_11906432.jpg,train,74
danbooru_anime_11906458.jpg,train,75
danbooru_anime_11906471.jpg,train,85
danbooru_anime_11906557.jpg,train,75
danbooru_anime_11906575.jpg,train,164
danbooru_anime_11906633.jpg,train,87
danbooru_anime_11906634.jpg,train,117
danbooru_anime_11906636.jpg,train,126
danbooru_anime_11906655.jpg,train,59
danbooru_anime_11906675.jpg,train,124
danbooru_anime_11906682.jpg,train,86
danbooru_anime_11906685.jpg,train,128
danbooru_anime_11906695.jpg,train,85
danbooru_anime_11906709.jpg,train,104
danbooru_anime_11906713.jpg,train,87
danbooru_anime_11906735.jpg,train,63
danbooru_anime_11906742.jpg,train,119
danbooru_anime_11906744.jpg,train,61
danbooru_anime_11906765.jpg,train,75
danbooru_anime_11906790.jpg,train,91
danbooru_anime_11906812.jpg,train,127
danbooru_anime_11906818.jpg,train,70
danbooru_anime_11906819.jpg,train,110
danbooru_anime_11906834.jpg,train,115
danbooru_anime_11906853.jpg,train,107
danbooru_anime_11906861.jpg,train,91
danbooru_anime_11906871.jpg,train,97
danbooru_anime_11906886.jpg,train,87
danbooru_anime_11906940.jpg,train,91
danbooru_anime_11906941.jpg,train,124
danbooru_anime_11906942.jpg,train,103
danbooru_anime_11906998.jpg,train,153
danbooru_anime_11907032.jpg,train,68
danbooru_anime_11907041.jpg,train,78
danbooru_anime_11907042.jpg,train,60
danbooru_anime_11907045.jpg,train,116
danbooru_anime_11907060.jpg,train,85
danbooru_anime_11907162.jpg,train,53
danbooru_anime_11907177.jpg,train,96
danbooru_anime_11907181.jpg,train,82
danbooru_anime_11907183.jpg,train,90
danbooru_anime_11907199.jpg,train,152
danbooru_anime_11907220.jpg,train,95
danbooru_anime_11907223.jpg,train,68
danbooru_anime_11907269.jpg,train,172
danbooru_anime_11907327.jpg,train,105
danbooru_anime_11907328.jpg,train,89
danbooru_anime_11907348.jpg,train,119
danbooru_anime_11907349.jpg,train,85
danbooru_anime_11907352.jpg,train,79
danbooru_anime_11907362.jpg,train,106
danbooru_anime_11907364.jpg,train,110
danbooru_anime_11907367.jpg,train,105
danbooru_anime_11907375.jpg,train,84
danbooru_anime_11907389.jpg,train,84
danbooru_anime_11907416.jpg,train,119
danbooru_anime_11907419.jpg,train,92
danbooru_anime_11907436.jpg,train,55
danbooru_anime_11907438.jpg,train,59
danbooru_anime_11907460.jpg,train,85
danbooru_anime_11907482.jpg,train,67
danbooru_anime_11907503.jpg,train,52
danbooru_anime_11907524.jpg,train,89
danbooru_anime_11907525.jpg,train,61
danbooru_anime_11907535.jpg,train,71
danbooru_anime_11907536.jpg,train,121
danbooru_anime_11907576.jpg,train,163
danbooru_anime_11907629.jpg,train,44
danbooru_anime_11907723.jpg,train,66
danbooru_anime_11907757.jpg,train,112
danbooru_anime_11907815.jpg,train,126
danbooru_anime_11907857.jpg,train,65
danbooru_anime_11907868.jpg,train,144
danbooru_anime_11907880.jpg,train,98
danbooru_anime_11907925.jpg,train,95
danbooru_anime_11907932.jpg,train,97
danbooru_anime_11907950.jpg,train,73
danbooru_anime_11907976.jpg,train,77
danbooru_anime_11907996.jpg,train,111
danbooru_anime_11908003.jpg,train,153
danbooru_anime_11908014.jpg,train,122
danbooru_anime_11908018.jpg,train,113
danbooru_anime_11908020.jpg,train,69
danbooru_anime_11908046.jpg,train,94
danbooru_anime_11908080.jpg,train,51
danbooru_anime_11908084.jpg,train,129
danbooru_anime_11908094.jpg,train,91
danbooru_anime_11908164.jpg,train,77
danbooru_anime_11908215.jpg,train,147
danbooru_anime_11908283.jpg,train,70
danbooru_anime_11908302.jpg,train,171
danbooru_anime_11908303.jpg,train,72
danbooru_anime_11908343.jpg,train,100
danbooru_anime_11908370.jpg,train,142
danbooru_anime_11908374.jpg,train,52
danbooru_anime_11908378.jpg,train,121
danbooru_anime_11908393.jpg,train,102
danbooru_anime_11908403.jpg,train,76
danbooru_anime_11908423.jpg,train,55
danbooru_anime_11908453.jpg,train,158
danbooru_anime_11908461.jpg,train,86
danbooru_anime_11908489.jpg,train,100
danbooru_anime_11908490.jpg,train,142
danbooru_anime_11908499.jpg,train,83
danbooru_anime_11908505.jpg,train,93
danbooru_anime_11908527.jpg,train,81
danbooru_anime_11908533.jpg,train,99
danbooru_anime_11908546.jpg,train,63
danbooru_anime_11908562.jpg,train,133
danbooru_anime_11908597.jpg,train,47
danbooru_anime_11908621.jpg,train,99
danbooru_anime_11908664.jpg,train,60
danbooru_anime_11908667.jpg,train,94
danbooru_anime_11908691.jpg,train,77
danbooru_anime_11908694.jpg,train,100
danbooru_anime_11908697.jpg,train,72
danbooru_anime_11908698.jpg,train,67
danbooru_anime_11908744.jpg,train,98
danbooru_anime_11908760.jpg,train,103
danbooru_anime_11908768.jpg,train,74
danbooru_anime_11908771.jpg,train,113
danbooru_anime_11908775.jpg,train,157
danbooru_anime_11908785.jpg,train,72
danbooru_anime_11908847.jpg,train,87
danbooru_anime_11908853.jpg,train,93
danbooru_anime_11908912.jpg,train,88
danbooru_anime_11908930.jpg,train,106
danbooru_anime_11908937.jpg,train,80
danbooru_anime_11908943.jpg,train,55
danbooru_anime_11908963.jpg,train,106
danbooru_anime_11908984.jpg,train,78
danbooru_anime_11908995.jpg,train,75
danbooru_anime_11909001.jpg,train,128
danbooru_anime_11909004.jpg,train,126
danbooru_anime_11909042.jpg,train,72
danbooru_anime_11909043.jpg,train,90
danbooru_anime_11909050.jpg,train,98
danbooru_anime_11909051.jpg,train,96
danbooru_anime_11909085.jpg,train,58
danbooru_anime_11909086.jpg,train,91
danbooru_anime_11909117.jpg,train,57
danbooru_anime_11909120.jpg,train,62
danbooru_anime_11909125.jpg,train,111
danbooru_anime_11909168.jpg,train,99
danbooru_anime_11909173.jpg,train,76
danbooru_anime_11909178.jpg,train,68
danbooru_anime_11909180.jpg,train,85
danbooru_anime_11909182.jpg,train,113
danbooru_anime_11909183.jpg,train,87
danbooru_anime_11909186.jpg,train,49
danbooru_anime_11909191.jpg,train,90
danbooru_anime_11909195.jpg,train,77
danbooru_anime_11909196.jpg,train,55
danbooru_anime_11909204.jpg,train,99
danbooru_anime_11909211.jpg,train,57
danbooru_anime_11909215.jpg,train,84
danbooru_anime_11909217.jpg,train,94
danbooru_anime_11909227.jpg,train,49
danbooru_anime_11909229.jpg,train,107
danbooru_anime_11909236.jpg,train,94
danbooru_anime_11909256.jpg,train,83
danbooru_anime_11909257.jpg,train,68
danbooru_anime_11909258.jpg,train,139
danbooru_anime_11909265.jpg,train,99
danbooru_anime_11909271.jpg,train,132
danbooru_anime_11909283.jpg,train,91
danbooru_anime_11909287.jpg,train,164
danbooru_anime_11909296.jpg,train,112
danbooru_anime_11909304.jpg,train,81
danbooru_anime_11909352.jpg,train,104
danbooru_anime_11909353.jpg,train,95
danbooru_anime_11909373.jpg,train,74
danbooru_anime_11909379.jpg,train,115
danbooru_anime_11909383.jpg,train,70
danbooru_anime_11909395.jpg,train,70
danbooru_anime_11909401.jpg,train,86
danbooru_anime_11909406.jpg,train,82
danbooru_anime_11909409.jpg,train,52
danbooru_anime_11909412.jpg,train,53
danbooru_anime_11909423.jpg,train,77
danbooru_anime_11909431.jpg,train,95
danbooru_anime_11909450.jpg,train,115
danbooru_anime_11909456.jpg,train,67
danbooru_anime_11909461.jpg,train,108
danbooru_anime_11909495.jpg,train,94
danbooru_anime_11909500.jpg,train,84
danbooru_anime_11909520.jpg,train,128
danbooru_anime_11909537.jpg,train,82
danbooru_anime_11909541.jpg,train,75
danbooru_anime_11909542.jpg,train,92
danbooru_anime_11909560.jpg,train,82
danbooru_anime_11909561.jpg,train,123
danbooru_anime_11909562.jpg,train,90
danbooru_anime_11909567.jpg,train,48
danbooru_anime_11909576.jpg,train,44
danbooru_anime_11909585.jpg,train,108
danbooru_anime_11909618.jpg,train,128
danbooru_anime_11909622.jpg,train,66
danbooru_anime_11909632.jpg,train,105
danbooru_anime_11909633.jpg,train,65
danbooru_anime_11909637.jpg,train,75
danbooru_anime_11909644.jpg,train,52
danbooru_anime_11909645.jpg,train,100
danbooru_anime_11909650.jpg,train,74
danbooru_anime_11909653.jpg,train,144
danbooru_anime_11909676.jpg,train,94
danbooru_anime_11909699.jpg,train,113
danbooru_anime_11909703.jpg,train,95
danbooru_anime_11909709.jpg,train,101
danbooru_anime_11909716.jpg,train,102
danbooru_anime_11909720.jpg,train,64
danbooru_anime_11909748.jpg,train,77
danbooru_anime_11909757.jpg,train,112
danbooru_anime_11909762.jpg,train,103
danbooru_anime_11909766.jpg,train,125
danbooru_anime_11909767.jpg,train,80
danbooru_anime_11909773.jpg,train,78
danbooru_anime_11909815.jpg,train,101
danbooru_anime_11909842.jpg,train,89
danbooru_anime_11909877.jpg,train,64
danbooru_anime_11909880.jpg,train,72
danbooru_anime_11909904.jpg,train,114
danbooru_anime_11909928.jpg,train,128
danbooru_anime_11909939.jpg,train,155
danbooru_anime_11909941.jpg,train,124
danbooru_anime_11909969.jpg,train,142
danbooru_anime_11909979.jpg,train,91
danbooru_anime_11909998.jpg,train,131
danbooru_anime_11910007.jpg,train,150
danbooru_anime_11910012.jpg,train,65
danbooru_anime_11910030.jpg,train,121
danbooru_anime_11910032.jpg,train,131
danbooru_anime_11910040.jpg,train,74
danbooru_anime_11910054.jpg,train,107
danbooru_anime_11910077.jpg,train,66
danbooru_anime_11910104.jpg,train,91
danbooru_anime_11910106.jpg,train,101
danbooru_anime_11910120.jpg,train,72
danbooru_anime_11910121.jpg,train,169
danbooru_anime_11910123.jpg,train,124
danbooru_anime_11910126.jpg,train,103
danbooru_anime_11910129.jpg,train,63
danbooru_anime_11910134.jpg,train,141
danbooru_anime_11910144.jpg,train,65
danbooru_anime_11910145.jpg,train,93
danbooru_anime_11910146.jpg,train,137
danbooru_anime_11910152.jpg,train,60
danbooru_anime_11910158.jpg,train,74
danbooru_anime_11910161.jpg,train,136
danbooru_anime_11910162.jpg,train,65
danbooru_anime_11910179.jpg,train,128
danbooru_anime_11910195.jpg,train,85
danbooru_anime_11910196.jpg,train,158
danbooru_anime_11910229.jpg,train,124
danbooru_anime_11910231.jpg,train,115
danbooru_anime_11910233.jpg,train,120
danbooru_anime_11910245.jpg,train,93
danbooru_anime_11910249.jpg,train,85
danbooru_anime_11910250.jpg,train,68
danbooru_anime_11910294.jpg,train,62
danbooru_anime_11910295.jpg,train,77
danbooru_anime_11910304.jpg,train,53
danbooru_anime_11910309.jpg,train,74
danbooru_anime_11910316.jpg,train,114
danbooru_anime_11910328.jpg,train,90
danbooru_anime_11910334.jpg,train,149
danbooru_anime_11910336.jpg,train,95
danbooru_anime_11910338.jpg,train,114
danbooru_anime_11910339.jpg,train,110
danbooru_anime_11910348.jpg,train,93
danbooru_anime_11910351.jpg,train,65
danbooru_anime_11910352.jpg,train,60
danbooru_anime_11910353.jpg,train,64
danbooru_anime_11910354.jpg,train,71
danbooru_anime_11910358.jpg,train,68
danbooru_anime_11910359.jpg,train,99
danbooru_anime_11910363.jpg,train,96
danbooru_anime_11910387.jpg,train,84
danbooru_anime_11910403.jpg,train,80
danbooru_anime_11910418.jpg,train,80
danbooru_anime_11910423.jpg,train,80
danbooru_anime_11910435.jpg,train,77
danbooru_anime_11910438.jpg,train,90
danbooru_anime_11910443.jpg,train,109
danbooru_anime_11910447.jpg,train,164
danbooru_anime_11910468.jpg,train,62
danbooru_anime_11910477.jpg,train,73
danbooru_anime_11910498.jpg,train,103
danbooru_anime_11910499.jpg,train,95
danbooru_anime_11910500.jpg,train,46
danbooru_anime_11910502.jpg,train,74
danbooru_anime_11910510.jpg,train,91
danbooru_anime_11910528.jpg,train,59
danbooru_anime_11910532.jpg,train,144
danbooru_anime_11910533.jpg,train,148
danbooru_anime_11910537.jpg,train,64
danbooru_anime_11910547.jpg,train,68
danbooru_anime_11910561.jpg,train,61
danbooru_anime_11910571.jpg,train,112
danbooru_anime_11910576.jpg,train,100
danbooru_anime_11910581.jpg,train,91
danbooru_anime_11910584.jpg,train,91
danbooru_anime_11910588.jpg,train,79
danbooru_anime_11910589.jpg,train,119
danbooru_anime_11910590.jpg,train,100
danbooru_anime_11910600.jpg,train,110
danbooru_anime_11910606.jpg,train,63
danbooru_anime_11910625.jpg,train,77
danbooru_anime_11910647.jpg,train,130
danbooru_anime_11910652.jpg,train,47
danbooru_anime_11910657.jpg,train,175
danbooru_anime_11910665.jpg,train,62
danbooru_anime_11910667.jpg,train,110
danbooru_anime_11910683.jpg,train,108
danbooru_anime_11910728.jpg,train,92
danbooru_anime_11910796.jpg,train,62
danbooru_anime_11910817.jpg,train,60
danbooru_anime_11910848.jpg,train,81
danbooru_anime_11910858.jpg,train,56
danbooru_anime_11910867.jpg,train,50
danbooru_anime_11910873.jpg,train,98
danbooru_anime_11910898.jpg,train,60
danbooru_anime_11910952.jpg,train,102
danbooru_anime_11910981.jpg,train,87
danbooru_anime_11911024.jpg,train,92
danbooru_anime_11911044.jpg,train,61
danbooru_anime_11911048.jpg,train,160
danbooru_anime_11911051.jpg,train,89
danbooru_anime_11911055.jpg,train,103
danbooru_anime_11911066.jpg,train,140
danbooru_anime_11911081.jpg,train,107
danbooru_anime_11911086.jpg,train,97
danbooru_anime_11911088.jpg,train,91
danbooru_anime_11911095.jpg,train,146
danbooru_anime_11911105.jpg,train,131
danbooru_anime_11911107.jpg,train,47
danbooru_anime_11911169.jpg,train,94
danbooru_anime_11911238.jpg,train,91
danbooru_anime_11911258.jpg,train,106
danbooru_anime_11911265.jpg,train,84
danbooru_anime_11911294.jpg,train,86
danbooru_anime_11911352.jpg,train,57
danbooru_anime_11911372.jpg,train,69
danbooru_anime_11911419.jpg,train,70
danbooru_anime_11911445.jpg,train,203
danbooru_anime_11911498.jpg,train,159
danbooru_anime_11911499.jpg,train,79
danbooru_anime_11911505.jpg,train,65
danbooru_anime_11911561.jpg,train,126
danbooru_anime_11911587.jpg,train,89
danbooru_anime_11911590.jpg,train,118
danbooru_anime_11911610.jpg,train,73
danbooru_anime_11911631.jpg,train,36
danbooru_anime_11911681.jpg,train,58
danbooru_anime_11911693.jpg,train,53
danbooru_anime_11911696.jpg,train,57
danbooru_anime_11911698.jpg,train,138
danbooru_anime_11911724.jpg,train,106
danbooru_anime_11911731.jpg,train,127
danbooru_anime_11911737.jpg,train,43
danbooru_anime_11911741.jpg,train,92
danbooru_anime_11911765.jpg,train,141
danbooru_anime_11911774.jpg,train,54
danbooru_anime_11911792.jpg,train,142
danbooru_anime_11911798.jpg,train,81
danbooru_anime_11911812.jpg,train,107
danbooru_anime_11911824.jpg,train,103
danbooru_anime_11911832.jpg,train,61
danbooru_anime_11911833.jpg,train,119
danbooru_anime_11911842.jpg,train,122
danbooru_anime_11911843.jpg,train,105
danbooru_anime_11911848.jpg,train,91
danbooru_anime_11911851.jpg,train,75
danbooru_anime_11911859.jpg,train,78
danbooru_anime_11911860.jpg,train,109
danbooru_anime_11911874.jpg,train,167
danbooru_anime_11911900.jpg,train,121
danbooru_anime_11911903.jpg,train,81
danbooru_anime_11911905.jpg,train,84
danbooru_anime_11911949.jpg,train,101
danbooru_anime_11911965.jpg,train,142
danbooru_anime_11912002.jpg,train,140
danbooru_anime_11912009.jpg,train,123
danbooru_anime_11912054.jpg,train,90
danbooru_anime_11912095.jpg,train,72
danbooru_anime_11912110.jpg,train,71
danbooru_anime_11912116.jpg,train,134
danbooru_anime_11912127.jpg,train,122
danbooru_anime_11912142.jpg,train,94
danbooru_anime_11912148.jpg,train,47
danbooru_anime_11912175.jpg,train,68
danbooru_anime_11912429.jpg,train,79
danbooru_anime_11912430.jpg,train,64
danbooru_anime_11912432.jpg,train,114
danbooru_anime_11912559.jpg,train,67
danbooru_anime_11912560.jpg,train,90
danbooru_anime_11912589.jpg,train,98
danbooru_anime_11912609.jpg,train,132
danbooru_anime_11912616.jpg,train,107
danbooru_anime_11912622.jpg,train,70
danbooru_anime_11912639.jpg,train,37
danbooru_anime_11912656.jpg,train,99
danbooru_anime_11912681.jpg,train,55
danbooru_anime_11912683.jpg,train,59
danbooru_anime_11912685.jpg,train,117
danbooru_anime_11912691.jpg,train,117
danbooru_anime_11912716.jpg,train,102
danbooru_anime_11912730.jpg,train,112
danbooru_anime_11912733.jpg,train,63
danbooru_anime_11912794.jpg,train,62
danbooru_anime_11912825.jpg,train,148
danbooru_anime_11912834.jpg,train,138
danbooru_anime_11912870.jpg,train,94
danbooru_anime_11912885.jpg,train,63
danbooru_anime_11912898.jpg,train,117
danbooru_anime_11912917.jpg,train,91
danbooru_anime_11912924.jpg,train,86
danbooru_anime_11912936.jpg,train,127
danbooru_anime_11912937.jpg,train,122
danbooru_anime_11912941.jpg,train,112
danbooru_anime_11912943.jpg,train,123
danbooru_anime_11912949.jpg,train,147
danbooru_anime_11912951.jpg,train,114
danbooru_anime_11912953.jpg,train,138
danbooru_anime_11912963.jpg,train,55
danbooru_anime_11912965.jpg,train,52
danbooru_anime_11913007.jpg,train,57
danbooru_anime_11913120.jpg,train,83
danbooru_anime_11913182.jpg,train,182
danbooru_anime_11913250.jpg,train,101
danbooru_anime_11913264.jpg,train,96
danbooru_anime_11913297.jpg,train,49
danbooru_anime_11913368.jpg,train,99
danbooru_anime_11913395.jpg,train,68
danbooru_anime_11913403.jpg,train,73
danbooru_anime_11913404.jpg,train,73
danbooru_anime_11913418.jpg,train,112
danbooru_anime_11913447.jpg,train,98
danbooru_anime_11913456.jpg,train,163
danbooru_anime_11913458.jpg,train,147
danbooru_anime_11913512.jpg,train,107
danbooru_anime_11913545.jpg,train,74
danbooru_anime_11913548.jpg,train,96
danbooru_anime_11913551.jpg,train,92
danbooru_anime_11913553.jpg,train,114
danbooru_anime_11913627.jpg,train,87
danbooru_anime_11913642.jpg,train,53
danbooru_anime_11913690.jpg,train,120
danbooru_anime_11913820.jpg,train,77
danbooru_anime_11913829.jpg,train,102
danbooru_anime_11913831.jpg,train,102
danbooru_anime_11913846.jpg,train,220
danbooru_anime_11913891.jpg,train,114
danbooru_anime_11913893.jpg,train,40
danbooru_anime_11913895.jpg,train,147
danbooru_anime_11913926.jpg,train,95
danbooru_anime_11913927.jpg,train,74
danbooru_anime_11913962.jpg,train,131
danbooru_anime_11913991.jpg,train,108
danbooru_anime_11913993.jpg,train,119
danbooru_anime_11913994.jpg,train,96
danbooru_anime_11913999.jpg,train,85
danbooru_anime_11914000.jpg,train,43
danbooru_anime_11914008.jpg,train,93
danbooru_anime_11914009.jpg,train,54
danbooru_anime_11914011.jpg,train,122
danbooru_anime_11914017.jpg,train,72
danbooru_anime_11914060.jpg,train,72
danbooru_anime_11914065.jpg,train,69
danbooru_anime_11914073.jpg,train,78
danbooru_anime_11914077.jpg,train,129
danbooru_anime_11914081.jpg,train,43
danbooru_anime_11914087.jpg,train,76
danbooru_anime_11914094.jpg,train,64
danbooru_anime_11914102.jpg,train,106
danbooru_anime_11914109.jpg,train,73
danbooru_anime_11914122.jpg,train,75
danbooru_anime_11914138.jpg,train,84
danbooru_anime_11914179.jpg,train,134
danbooru_anime_11914188.jpg,train,151
danbooru_anime_11914214.jpg,train,73
danbooru_anime_11914217.jpg,train,108
danbooru_anime_11914219.jpg,train,83
danbooru_anime_11914252.jpg,train,82
danbooru_anime_11914290.jpg,train,76
danbooru_anime_11914349.jpg,train,103
danbooru_anime_11914422.jpg,train,57
danbooru_anime_11914423.jpg,train,74
danbooru_anime_11914476.jpg,train,89
danbooru_anime_11914507.jpg,train,69
danbooru_anime_11914632.jpg,train,77
danbooru_anime_11914635.jpg,train,108
danbooru_anime_11914636.jpg,train,152
danbooru_anime_11914638.jpg,train,122
danbooru_anime_11914687.jpg,train,47
danbooru_anime_11914698.jpg,train,103
danbooru_anime_11914701.jpg,train,104
danbooru_anime_11914724.jpg,train,119
danbooru_anime_11914752.jpg,train,94
danbooru_anime_11914781.jpg,train,76
danbooru_anime_11914793.jpg,train,134
danbooru_anime_11914909.jpg,train,75
danbooru_anime_11914917.jpg,train,73
danbooru_anime_11914925.jpg,train,84
danbooru_anime_11914933.jpg,train,57
danbooru_anime_11914936.jpg,train,60
danbooru_anime_11914953.jpg,train,109
danbooru_anime_11915004.jpg,train,66
danbooru_anime_11915030.jpg,train,114
danbooru_anime_11915036.jpg,train,118
danbooru_anime_11915049.jpg,train,141
danbooru_anime_11915086.jpg,train,63
danbooru_anime_11915092.jpg,train,50
danbooru_anime_11915101.jpg,train,113
danbooru_anime_11915125.jpg,train,186
danbooru_anime_11915196.jpg,train,86
danbooru_anime_11915239.jpg,train,62
danbooru_anime_11915241.jpg,train,123
danbooru_anime_11915248.jpg,train,69
danbooru_anime_11915249.jpg,train,85
danbooru_anime_11915256.jpg,train,99
danbooru_anime_11915257.jpg,train,60
danbooru_anime_11915258.jpg,train,52
danbooru_anime_11915259.jpg,train,72
danbooru_anime_11915273.jpg,train,95
danbooru_anime_11915277.jpg,train,59
danbooru_anime_11915286.jpg,train,79
danbooru_anime_11915288.jpg,train,136
danbooru_anime_11915299.jpg,train,109
danbooru_anime_11915300.jpg,train,58
danbooru_anime_11915327.jpg,train,88
danbooru_anime_11915334.jpg,train,96
danbooru_anime_11915336.jpg,train,131
danbooru_anime_11915348.jpg,train,95
danbooru_anime_11915351.jpg,train,117
danbooru_anime_11915385.jpg,train,121
danbooru_anime_11915398.jpg,train,121
danbooru_anime_11915407.jpg,train,182
danbooru_anime_11915456.jpg,train,62
danbooru_anime_11915473.jpg,train,99
danbooru_anime_11915488.jpg,train,136
danbooru_anime_11915518.jpg,train,89
danbooru_anime_11915527.jpg,train,61
danbooru_anime_11915531.jpg,train,94
danbooru_anime_11915533.jpg,train,81
danbooru_anime_11915534.jpg,train,52
danbooru_anime_11915536.jpg,train,122
danbooru_anime_11915537.jpg,train,107
danbooru_anime_11915541.jpg,train,66
danbooru_anime_11915550.jpg,train,80
danbooru_anime_11915552.jpg,train,75
danbooru_anime_11915583.jpg,train,97
danbooru_anime_11915584.jpg,train,57
danbooru_anime_11915590.jpg,train,87
danbooru_anime_11915591.jpg,train,109
danbooru_anime_11915592.jpg,train,82
danbooru_anime_11915593.jpg,train,90
danbooru_anime_11915594.jpg,train,128
danbooru_anime_11915599.jpg,train,77
danbooru_anime_11915600.jpg,train,94
danbooru_anime_11915601.jpg,train,89
danbooru_anime_11915602.jpg,train,86
danbooru_anime_11915604.jpg,train,62
danbooru_anime_11915605.jpg,train,85
danbooru_anime_11915617.jpg,train,107
danbooru_anime_11915618.jpg,train,66
danbooru_anime_11915622.jpg,train,110
danbooru_anime_11915629.jpg,train,69
danbooru_anime_11915630.jpg,train,88
danbooru_anime_11915631.jpg,train,101
danbooru_anime_11915633.jpg,train,132
danbooru_anime_11915634.jpg,train,54
danbooru_anime_11915639.jpg,train,96
danbooru_anime_11915658.jpg,train,58
danbooru_anime_11915659.jpg,train,122
danbooru_anime_11915660.jpg,train,89
danbooru_anime_11915666.jpg,train,111
danbooru_anime_11915667.jpg,train,46
danbooru_anime_11915668.jpg,train,78
danbooru_anime_11915672.jpg,train,124
danbooru_anime_11915673.jpg,train,128
danbooru_anime_11915684.jpg,train,46
danbooru_anime_11915704.jpg,train,72
danbooru_anime_11915707.jpg,train,76
danbooru_anime_11915712.jpg,train,73
danbooru_anime_11915714.jpg,train,128
danbooru_anime_11915718.jpg,train,75
danbooru_anime_11915720.jpg,train,113
danbooru_anime_11915721.jpg,train,120
danbooru_anime_11915722.jpg,train,69
danbooru_anime_11915726.jpg,train,139
danbooru_anime_11915728.jpg,train,79
danbooru_anime_11915730.jpg,train,87
danbooru_anime_11915734.jpg,train,91
danbooru_anime_11915738.jpg,train,91
danbooru_anime_11915740.jpg,train,77
danbooru_anime_11915741.jpg,train,103
danbooru_anime_11915744.jpg,train,88
danbooru_anime_11915798.jpg,train,137
danbooru_anime_11915802.jpg,train,101
danbooru_anime_11915806.jpg,train,128
danbooru_anime_11915807.jpg,train,67
danbooru_anime_11915811.jpg,train,102
danbooru_anime_11915829.jpg,train,128
danbooru_anime_11915833.jpg,train,130
danbooru_anime_11915843.jpg,train,118
danbooru_anime_11915844.jpg,train,63
danbooru_anime_11915849.jpg,train,80
danbooru_anime_11915852.jpg,train,46
danbooru_anime_11915853.jpg,train,76
danbooru_anime_11915918.jpg,train,79
danbooru_anime_11915920.jpg,train,105
danbooru_anime_11915922.jpg,train,47
danbooru_anime_11915937.jpg,train,105
danbooru_anime_11915938.jpg,train,111
danbooru_anime_11915941.jpg,train,81
danbooru_anime_11915945.jpg,train,51
danbooru_anime_11915946.jpg,train,76
danbooru_anime_11915948.jpg,train,60
danbooru_anime_11915950.jpg,train,124
danbooru_anime_11915954.jpg,train,62
danbooru_anime_11915956.jpg,train,48
danbooru_anime_11915963.jpg,train,89
danbooru_anime_11915964.jpg,train,93
danbooru_anime_11915975.jpg,train,86
danbooru_anime_11915980.jpg,train,75
danbooru_anime_11916000.jpg,train,90
danbooru_anime_11916007.jpg,train,112
danbooru_anime_11916011.jpg,train,134
danbooru_anime_11916015.jpg,train,102
danbooru_anime_11916026.jpg,train,116
danbooru_anime_11916050.jpg,train,63
danbooru_anime_11916054.jpg,train,101
danbooru_anime_11916058.jpg,train,93
danbooru_anime_11916062.jpg,train,120
danbooru_anime_11916070.jpg,train,68
danbooru_anime_11916078.jpg,train,91
danbooru_anime_11916079.jpg,train,107
danbooru_anime_11916087.jpg,train,92
danbooru_anime_11916101.jpg,train,152
danbooru_anime_11916104.jpg,train,56
danbooru_anime_11916107.jpg,train,41
danbooru_anime_11916117.jpg,train,93
danbooru_anime_11916160.jpg,train,58
danbooru_anime_11916236.jpg,train,93
danbooru_anime_11916260.jpg,train,110
danbooru_anime_11916265.jpg,train,124
danbooru_anime_11916287.jpg,train,79
danbooru_anime_11916288.jpg,train,95
danbooru_anime_11916289.jpg,train,92
danbooru_anime_11916290.jpg,train,110
danbooru_anime_11916292.jpg,train,113
danbooru_anime_11916293.jpg,train,127
danbooru_anime_11916294.jpg,train,77
danbooru_anime_11916306.jpg,train,98
danbooru_anime_11916309.jpg,train,50
danbooru_anime_11916318.jpg,train,112
danbooru_anime_11916367.jpg,train,79
danbooru_anime_11916395.jpg,train,62
danbooru_anime_11916419.jpg,train,70
danbooru_anime_11916424.jpg,train,114
danbooru_anime_11916426.jpg,train,53
danbooru_anime_11916428.jpg,train,65
danbooru_anime_11916434.jpg,train,74
danbooru_anime_11916444.jpg,train,74
danbooru_anime_11916450.jpg,train,79
danbooru_anime_11916451.jpg,train,126
danbooru_anime_11916456.jpg,train,124
danbooru_anime_11916460.jpg,train,100
danbooru_anime_11916462.jpg,train,66
danbooru_anime_11916471.jpg,train,152
danbooru_anime_11916488.jpg,train,103
danbooru_anime_11916489.jpg,train,121
danbooru_anime_11916504.jpg,train,62
danbooru_anime_11916511.jpg,train,60
danbooru_anime_11916513.jpg,train,93
danbooru_anime_11916514.jpg,train,137
danbooru_anime_11916523.jpg,train,73
danbooru_anime_11916550.jpg,train,57
danbooru_anime_11916554.jpg,train,101
danbooru_anime_11916559.jpg,train,114
danbooru_anime_11916562.jpg,train,140
danbooru_anime_11916563.jpg,train,141
danbooru_anime_11916564.jpg,train,45
danbooru_anime_11916565.jpg,train,129
danbooru_anime_11916569.jpg,train,90
danbooru_anime_11916570.jpg,train,84
danbooru_anime_11916577.jpg,train,55
danbooru_anime_11916578.jpg,train,129
danbooru_anime_11916581.jpg,train,125
danbooru_anime_11916583.jpg,train,66
danbooru_anime_11916586.jpg,train,116
danbooru_anime_11916587.jpg,train,107
danbooru_anime_11916592.jpg,train,71
danbooru_anime_11916614.jpg,train,150
danbooru_anime_11916615.jpg,train,84
danbooru_anime_11916616.jpg,train,95
danbooru_anime_11916617.jpg,train,90
danbooru_anime_11916625.jpg,train,64
danbooru_anime_11916633.jpg,train,126
danbooru_anime_11916640.jpg,train,92
danbooru_anime_11916641.jpg,train,81
danbooru_anime_11916643.jpg,train,136
danbooru_anime_11916647.jpg,train,101
danbooru_anime_11916652.jpg,train,111
danbooru_anime_11916654.jpg,train,89
danbooru_anime_11916657.jpg,train,110
danbooru_anime_11916658.jpg,train,82
danbooru_anime_11916661.jpg,train,128
danbooru_anime_11916663.jpg,train,130
danbooru_anime_11916671.jpg,train,93
danbooru_anime_11916674.jpg,train,99
danbooru_anime_11916679.jpg,train,137
danbooru_anime_11916680.jpg,train,127
danbooru_anime_11916681.jpg,train,89
danbooru_anime_11916684.jpg,train,79
danbooru_anime_11916686.jpg,train,100
danbooru_anime_11916689.jpg,train,101
danbooru_anime_11916710.jpg,train,133
danbooru_anime_11916712.jpg,train,44
danbooru_anime_11916722.jpg,train,71
danbooru_anime_11916724.jpg,train,81
danbooru_anime_11916736.jpg,train,96
danbooru_anime_11916737.jpg,train,114
danbooru_anime_11916741.jpg,train,105
danbooru_anime_11916751.jpg,train,119
danbooru_anime_11916763.jpg,train,62
danbooru_anime_11916772.jpg,train,74
danbooru_anime_11916776.jpg,train,77
danbooru_anime_11916791.jpg,train,113
danbooru_anime_11916806.jpg,train,175
danbooru_anime_11916808.jpg,train,95
danbooru_anime_11916811.jpg,train,126
danbooru_anime_11916816.jpg,train,109
danbooru_anime_11916825.jpg,train,89
danbooru_anime_11916848.jpg,train,57
danbooru_anime_11916869.jpg,train,96
danbooru_anime_11916886.jpg,train,115
danbooru_anime_11916902.jpg,train,76
danbooru_anime_11916904.jpg,train,89
danbooru_anime_11916907.jpg,train,161
danbooru_anime_11916912.jpg,train,117
danbooru_anime_11916921.jpg,train,118
danbooru_anime_11916924.jpg,train,72
danbooru_anime_11916926.jpg,train,75
danbooru_anime_11916939.jpg,train,122
danbooru_anime_11916940.jpg,train,116
danbooru_anime_11916942.jpg,train,98
danbooru_anime_11916944.jpg,train,151
danbooru_anime_11916958.jpg,train,58
danbooru_anime_11916965.jpg,train,87
danbooru_anime_11916969.jpg,train,116
danbooru_anime_11916971.jpg,train,128
danbooru_anime_11916973.jpg,train,114
danbooru_anime_11916976.jpg,train,146
danbooru_anime_11916978.jpg,train,153
danbooru_anime_11916979.jpg,train,100
danbooru_anime_11916980.jpg,train,81
danbooru_anime_11916984.jpg,train,133
danbooru_anime_11916988.jpg,train,100
danbooru_anime_11916989.jpg,train,76
danbooru_anime_11916990.jpg,train,69
danbooru_anime_11916992.jpg,train,118
danbooru_anime_11916993.jpg,train,74
danbooru_anime_11916994.jpg,train,77
danbooru_anime_11916996.jpg,train,66
danbooru_anime_11916998.jpg,train,109
danbooru_anime_11916999.jpg,train,140
danbooru_anime_11917000.jpg,train,77
danbooru_anime_11917001.jpg,train,102
danbooru_anime_11917002.jpg,train,95
danbooru_anime_11917005.jpg,train,84
danbooru_anime_11917011.jpg,train,124
danbooru_anime_11917014.jpg,train,83
danbooru_anime_11917015.jpg,train,84
danbooru_anime_11917018.jpg,train,86
danbooru_anime_11917019.jpg,train,119
danbooru_anime_11917020.jpg,train,67
danbooru_anime_11917024.jpg,train,63
danbooru_anime_11917027.jpg,train,76
danbooru_anime_11917033.jpg,train,93
danbooru_anime_11917036.jpg,train,99
danbooru_anime_11917038.jpg,train,79
danbooru_anime_11917040.jpg,train,73
danbooru_anime_11917044.jpg,train,93
danbooru_anime_11917056.jpg,train,136
danbooru_anime_11917058.jpg,train,123
danbooru_anime_11917060.jpg,train,115
danbooru_anime_11917080.jpg,train,88
danbooru_anime_11917081.jpg,train,83
danbooru_anime_11917082.jpg,train,154
danbooru_anime_11917083.jpg,train,95
danbooru_anime_11917084.jpg,train,65
danbooru_anime_11917088.jpg,train,137
danbooru_anime_11917089.jpg,train,116
danbooru_anime_11917090.jpg,train,149
danbooru_anime_11917091.jpg,train,130
danbooru_anime_11917093.jpg,train,88
danbooru_anime_11917094.jpg,train,71
danbooru_anime_11917095.jpg,train,106
danbooru_anime_11917097.jpg,train,153
danbooru_anime_11917099.jpg,train,135
danbooru_anime_11917100.jpg,train,118
danbooru_anime_11917101.jpg,train,105
danbooru_anime_11917103.jpg,train,125
danbooru_anime_11917105.jpg,train,168
danbooru_anime_11917106.jpg,train,85
danbooru_anime_11917107.jpg,train,116
danbooru_anime_11917108.jpg,train,51
danbooru_anime_11917114.jpg,train,85
danbooru_anime_11917116.jpg,train,106
danbooru_anime_11917117.jpg,train,114
danbooru_anime_11917119.jpg,train,79
danbooru_anime_11917120.jpg,train,80
danbooru_anime_11917122.jpg,train,66
danbooru_anime_11917123.jpg,train,101
danbooru_anime_11917124.jpg,train,108
danbooru_anime_11917125.jpg,train,82
danbooru_anime_11917126.jpg,train,84
danbooru_anime_11917129.jpg,train,72
danbooru_anime_11917130.jpg,train,86
danbooru_anime_11917132.jpg,train,129
danbooru_anime_11917133.jpg,train,117
danbooru_anime_11917136.jpg,train,105
danbooru_anime_11917144.jpg,train,106
danbooru_anime_11917151.jpg,train,93
danbooru_anime_11917153.jpg,train,67
danbooru_anime_11917155.jpg,train,52
danbooru_anime_11917158.jpg,train,107
danbooru_anime_11917164.jpg,train,142
danbooru_anime_11917170.jpg,train,72
danbooru_anime_11917174.jpg,train,153
danbooru_anime_11917175.jpg,train,113
danbooru_anime_11917176.jpg,train,103
danbooru_anime_11917178.jpg,train,57
danbooru_anime_11917186.jpg,train,108
danbooru_anime_11917189.jpg,train,54
danbooru_anime_11917190.jpg,train,78
danbooru_anime_11917191.jpg,train,83
danbooru_anime_11917192.jpg,train,55
danbooru_anime_11917194.jpg,train,174
danbooru_anime_11917201.jpg,train,124
danbooru_anime_11917203.jpg,train,117
danbooru_anime_11917206.jpg,train,119
danbooru_anime_11917207.jpg,train,47
danbooru_anime_11917208.jpg,train,94
danbooru_anime_11917210.jpg,train,89
danbooru_anime_11917212.jpg,train,86
danbooru_anime_11917222.jpg,train,77
danbooru_anime_11917223.jpg,train,68
danbooru_anime_11917225.jpg,train,78
danbooru_anime_11917229.jpg,train,73
danbooru_anime_11917230.jpg,train,57
danbooru_anime_11917235.jpg,train,60
danbooru_anime_11917236.jpg,train,110
danbooru_anime_11917245.jpg,train,82
danbooru_anime_11917252.jpg,train,71
danbooru_anime_11917254.jpg,train,88
danbooru_anime_11917259.jpg,train,68
danbooru_anime_11917263.jpg,train,73
danbooru_anime_11917270.jpg,train,169
danbooru_anime_11917280.jpg,train,111
danbooru_anime_11917281.jpg,train,88
danbooru_anime_11917282.jpg,train,197
danbooru_anime_11917285.jpg,train,92
danbooru_anime_11917287.jpg,train,80
danbooru_anime_11917290.jpg,train,92
danbooru_anime_11917293.jpg,train,140
danbooru_anime_11917299.jpg,train,63
danbooru_anime_11917307.jpg,train,90
danbooru_anime_11917311.jpg,train,80
danbooru_anime_11917314.jpg,train,76
danbooru_anime_11917317.jpg,train,111
danbooru_anime_11917319.jpg,train,109
danbooru_anime_11917324.jpg,train,92
danbooru_anime_11917325.jpg,train,83
danbooru_anime_11917327.jpg,train,72
danbooru_anime_11917329.jpg,train,112
danbooru_anime_11917331.jpg,train,87
danbooru_anime_11917332.jpg,train,122
danbooru_anime_11917333.jpg,train,75
danbooru_anime_11917336.jpg,train,114
danbooru_anime_11917339.jpg,train,91
danbooru_anime_11917341.jpg,train,116
danbooru_anime_11917342.jpg,train,139
danbooru_anime_11917343.jpg,train,117
danbooru_anime_11917345.jpg,train,122
danbooru_anime_11917350.jpg,train,132
danbooru_anime_11917351.jpg,train,129
danbooru_anime_11917352.jpg,train,112
danbooru_anime_11917355.jpg,train,105
danbooru_anime_11917356.jpg,train,128
danbooru_anime_11917358.jpg,train,76
danbooru_anime_11917359.jpg,train,168
danbooru_anime_11917373.jpg,train,94
danbooru_anime_11917396.jpg,train,131
danbooru_anime_11917397.jpg,train,97
danbooru_anime_11917398.jpg,train,99
danbooru_anime_11917399.jpg,train,121
danbooru_anime_11917400.jpg,train,106
danbooru_anime_11917401.jpg,train,77
danbooru_anime_11917402.jpg,train,54
danbooru_anime_11917403.jpg,train,63
danbooru_anime_11917404.jpg,train,96
danbooru_anime_11917405.jpg,train,113
danbooru_anime_11917407.jpg,train,77
danbooru_anime_11917410.jpg,train,121
danbooru_anime_11917411.jpg,train,109
danbooru_anime_11917413.jpg,train,118
danbooru_anime_11917414.jpg,train,77
danbooru_anime_11917415.jpg,train,113
danbooru_anime_11917418.jpg,train,75
danbooru_anime_11917421.jpg,train,127
danbooru_anime_11917422.jpg,train,114
danbooru_anime_11917423.jpg,train,96
danbooru_anime_11917428.jpg,train,78
danbooru_anime_11917431.jpg,train,99
danbooru_anime_11917464.jpg,train,121
danbooru_anime_11917472.jpg,train,116
danbooru_anime_11917473.jpg,train,97
danbooru_anime_11917475.jpg,train,92
danbooru_anime_11917478.jpg,train,123
danbooru_anime_11917480.jpg,train,85
danbooru_anime_11917482.jpg,train,129
danbooru_anime_11917494.jpg,train,73
danbooru_anime_11917504.jpg,train,56
danbooru_anime_11917505.jpg,train,90
danbooru_anime_11917511.jpg,train,118
danbooru_anime_11917514.jpg,train,81
danbooru_anime_11917516.jpg,train,74
danbooru_anime_11917527.jpg,train,60
danbooru_anime_11917539.jpg,train,67
danbooru_anime_11917542.jpg,train,66
danbooru_anime_11917544.jpg,train,114
danbooru_anime_11917557.jpg,train,86
danbooru_anime_11917561.jpg,train,123
danbooru_anime_11917566.jpg,train,137
danbooru_anime_11917567.jpg,train,100
danbooru_anime_11917571.jpg,train,86
danbooru_anime_11917575.jpg,train,84
danbooru_anime_11917576.jpg,train,85
danbooru_anime_11917585.jpg,train,99
danbooru_anime_11917616.jpg,train,108
danbooru_anime_11917626.jpg,train,65
danbooru_anime_11917647.jpg,train,122
danbooru_anime_11917656.jpg,train,108
danbooru_anime_11917661.jpg,train,108
danbooru_anime_11917675.jpg,train,51
danbooru_anime_11917684.jpg,train,129
danbooru_anime_11917688.jpg,train,67
danbooru_anime_11917689.jpg,train,122
danbooru_anime_11917691.jpg,train,193
danbooru_anime_11917699.jpg,train,107
danbooru_anime_11917707.jpg,train,101
danbooru_anime_11917710.jpg,train,209
danbooru_anime_11917719.jpg,train,88
danbooru_anime_11917737.jpg,train,100
danbooru_anime_11917739.jpg,train,85
danbooru_anime_11917744.jpg,train,120
danbooru_anime_11917750.jpg,train,117
danbooru_anime_11917773.jpg,train,119
danbooru_anime_11917783.jpg,train,64
danbooru_anime_11917786.jpg,train,107
danbooru_anime_11917790.jpg,train,116
danbooru_anime_11917794.jpg,train,72
danbooru_anime_11917800.jpg,train,123
danbooru_anime_11917801.jpg,train,116
danbooru_anime_11917805.jpg,train,54
danbooru_anime_11917806.jpg,train,104
danbooru_anime_11917808.jpg,train,48
danbooru_anime_11917810.jpg,train,174
danbooru_anime_11917816.jpg,train,71
danbooru_anime_11917818.jpg,train,66
danbooru_anime_11917822.jpg,train,105
danbooru_anime_11917837.jpg,train,79
danbooru_anime_11917853.jpg,train,78
danbooru_anime_11917862.jpg,train,136
danbooru_anime_11917868.jpg,train,95
danbooru_anime_11917870.jpg,train,110
danbooru_anime_11917871.jpg,train,87
danbooru_anime_11917873.jpg,train,92
danbooru_anime_11917876.jpg,train,115
danbooru_anime_11917877.jpg,train,67
danbooru_anime_11917884.jpg,train,138
danbooru_anime_11917886.jpg,train,85
danbooru_anime_11917905.jpg,train,81
danbooru_anime_11917917.jpg,train,87
danbooru_anime_11917957.jpg,train,70
danbooru_anime_11917991.jpg,train,80
danbooru_anime_11918006.jpg,train,107
danbooru_anime_11918009.jpg,train,99
danbooru_anime_11918032.jpg,train,50
danbooru_anime_11918035.jpg,train,91
danbooru_anime_11918068.jpg,train,96
danbooru_anime_11918075.jpg,train,138
danbooru_anime_11918076.jpg,train,112
danbooru_anime_11918105.jpg,train,85
danbooru_anime_11918109.jpg,train,70
danbooru_anime_11918111.jpg,train,122
danbooru_anime_11918132.jpg,train,166
danbooru_anime_11918138.jpg,train,131
danbooru_anime_11918148.jpg,train,71
danbooru_anime_11918159.jpg,train,49
danbooru_anime_11918163.jpg,train,112
danbooru_anime_11918165.jpg,train,61
danbooru_anime_11918167.jpg,train,76
danbooru_anime_11918205.jpg,train,52
danbooru_anime_11918216.jpg,train,120
danbooru_anime_11918226.jpg,train,99
danbooru_anime_11918230.jpg,train,82
danbooru_anime_11918231.jpg,train,109
danbooru_anime_11918234.jpg,train,112
danbooru_anime_11918244.jpg,train,105
danbooru_anime_11918255.jpg,train,81
danbooru_anime_11918258.jpg,train,104
danbooru_anime_11918264.jpg,train,95
danbooru_anime_11918267.jpg,train,58
danbooru_anime_11918308.jpg,train,67
danbooru_anime_11918315.jpg,train,71
danbooru_anime_11918324.jpg,train,138
danbooru_anime_11918332.jpg,train,82
danbooru_anime_11918333.jpg,train,118
danbooru_anime_11918353.jpg,train,46
danbooru_anime_11918365.jpg,train,80
danbooru_anime_11918375.jpg,train,118
danbooru_anime_11918379.jpg,train,118
danbooru_anime_11918387.jpg,train,65
danbooru_anime_11918443.jpg,train,181
danbooru_anime_11918444.jpg,train,73
danbooru_anime_11918449.jpg,train,114
danbooru_anime_11918450.jpg,train,66
danbooru_anime_11918472.jpg,train,50
danbooru_anime_11918501.jpg,train,68
danbooru_anime_11918528.jpg,train,82
danbooru_anime_11918536.jpg,train,96
danbooru_anime_11918541.jpg,train,112
danbooru_anime_11918544.jpg,train,62
danbooru_anime_11918556.jpg,train,158
danbooru_anime_11918559.jpg,train,123
danbooru_anime_11918560.jpg,train,67
danbooru_anime_11918566.jpg,train,94
danbooru_anime_11918567.jpg,train,107
danbooru_anime_11918568.jpg,train,117
danbooru_anime_11918572.jpg,train,50
danbooru_anime_11918577.jpg,train,77
danbooru_anime_11918580.jpg,train,150
danbooru_anime_11918581.jpg,train,150
danbooru_anime_11918582.jpg,train,195
danbooru_anime_11918583.jpg,train,67
danbooru_anime_11918585.jpg,train,52
danbooru_anime_11918604.jpg,train,198
danbooru_anime_11918606.jpg,train,68
danbooru_anime_11918608.jpg,train,123
danbooru_anime_11918671.jpg,train,147
danbooru_anime_11918674.jpg,train,65
danbooru_anime_11918690.jpg,train,106
danbooru_anime_11918693.jpg,train,127
danbooru_anime_11918699.jpg,train,84
danbooru_anime_11918700.jpg,train,106
danbooru_anime_11918706.jpg,train,106
danbooru_anime_11918709.jpg,train,84
danbooru_anime_11918747.jpg,train,105
danbooru_anime_11918748.jpg,train,105
danbooru_anime_11918754.jpg,train,125
danbooru_anime_11918756.jpg,train,93
danbooru_anime_11918760.jpg,train,80
danbooru_anime_11918761.jpg,train,165
danbooru_anime_11918767.jpg,train,119
danbooru_anime_11918769.jpg,train,81
danbooru_anime_11918776.jpg,train,89
danbooru_anime_11918790.jpg,train,56
danbooru_anime_11918792.jpg,train,76
danbooru_anime_11918794.jpg,train,47
danbooru_anime_11918802.jpg,train,97
danbooru_anime_11918808.jpg,train,122
danbooru_anime_11918814.jpg,train,45
danbooru_anime_11918818.jpg,train,93
danbooru_anime_11918822.jpg,train,102
danbooru_anime_11918830.jpg,train,125
danbooru_anime_11918832.jpg,train,128
danbooru_anime_11918835.jpg,train,48
danbooru_anime_11918836.jpg,train,114
danbooru_anime_11918840.jpg,train,106
danbooru_anime_11918842.jpg,train,133
danbooru_anime_11918853.jpg,train,134
danbooru_anime_11918864.jpg,train,92
danbooru_anime_11918866.jpg,train,88
danbooru_anime_11918867.jpg,train,95
danbooru_anime_11918876.jpg,train,115
danbooru_anime_11918877.jpg,train,122
danbooru_anime_11918881.jpg,train,70
danbooru_anime_11918887.jpg,train,108
danbooru_anime_11918888.jpg,train,90
danbooru_anime_11918918.jpg,train,97
danbooru_anime_11918928.jpg,train,116
danbooru_anime_11918929.jpg,train,117
danbooru_anime_11918938.jpg,train,87
danbooru_anime_11918955.jpg,train,147
danbooru_anime_11918956.jpg,train,86
danbooru_anime_11918957.jpg,train,64
danbooru_anime_11918962.jpg,train,73
danbooru_anime_11918972.jpg,train,73
danbooru_anime_11918974.jpg,train,107
danbooru_anime_11918989.jpg,train,115
danbooru_anime_11918993.jpg,train,104
danbooru_anime_11919001.jpg,train,109
danbooru_anime_11919007.jpg,train,81
danbooru_anime_11919020.jpg,train,82
danbooru_anime_11919026.jpg,train,91
danbooru_anime_11919027.jpg,train,114
danbooru_anime_11919031.jpg,train,75
danbooru_anime_11919038.jpg,train,89
danbooru_anime_11919049.jpg,train,51
danbooru_anime_11919058.jpg,train,112
danbooru_anime_11919059.jpg,train,93
danbooru_anime_11919063.jpg,train,92
danbooru_anime_11919069.jpg,train,110
danbooru_anime_11919071.jpg,train,49
danbooru_anime_11919076.jpg,train,75
danbooru_anime_11919079.jpg,train,117
danbooru_anime_11919089.jpg,train,101
danbooru_anime_11919102.jpg,train,77
danbooru_anime_11919103.jpg,train,93
danbooru_anime_11919107.jpg,train,68
danbooru_anime_11919111.jpg,train,110
danbooru_anime_11919115.jpg,train,73
danbooru_anime_11919118.jpg,train,97
danbooru_anime_11919120.jpg,train,97
danbooru_anime_11919125.jpg,train,104
danbooru_anime_11919129.jpg,train,81
danbooru_anime_11919133.jpg,train,95
danbooru_anime_11919135.jpg,train,118
danbooru_anime_11919144.jpg,train,54
danbooru_anime_11919146.jpg,train,79
danbooru_anime_11919148.jpg,train,103
danbooru_anime_11919151.jpg,train,54
danbooru_anime_11919159.jpg,train,88
danbooru_anime_11919163.jpg,train,63
danbooru_anime_11919164.jpg,train,103
danbooru_anime_11919166.jpg,train,100
danbooru_anime_11919172.jpg,train,87
danbooru_anime_11919173.jpg,train,68
danbooru_anime_11919174.jpg,train,76
danbooru_anime_11919178.jpg,train,109
danbooru_anime_11919180.jpg,train,73
danbooru_anime_11919181.jpg,train,81
danbooru_anime_11919184.jpg,train,114
danbooru_anime_11919196.jpg,train,93
danbooru_anime_11919200.jpg,train,131
danbooru_anime_11919204.jpg,train,113
danbooru_anime_11919208.jpg,train,123
danbooru_anime_11919212.jpg,train,69
danbooru_anime_11919216.jpg,train,108
danbooru_anime_11919217.jpg,train,105
danbooru_anime_11919220.jpg,train,73
danbooru_anime_11919223.jpg,train,50
danbooru_anime_11919227.jpg,train,127
danbooru_anime_11919229.jpg,train,63
danbooru_anime_11919232.jpg,train,87
danbooru_anime_11919233.jpg,train,112
danbooru_anime_11919236.jpg,train,140
danbooru_anime_11919238.jpg,train,105
danbooru_anime_11919242.jpg,train,80
danbooru_anime_11919246.jpg,train,99
danbooru_anime_11919248.jpg,train,125
danbooru_anime_11919249.jpg,train,107
danbooru_anime_11919268.jpg,train,61
danbooru_anime_11919276.jpg,train,87
danbooru_anime_11919277.jpg,train,72
danbooru_anime_11919287.jpg,train,94
danbooru_anime_11919289.jpg,train,48
danbooru_anime_11919291.jpg,train,83
danbooru_anime_11919294.jpg,train,86
danbooru_anime_11919299.jpg,train,120
danbooru_anime_11919300.jpg,train,104
danbooru_anime_11919301.jpg,train,73
danbooru_anime_11919326.jpg,train,125
danbooru_anime_11919335.jpg,train,99
danbooru_anime_11919336.jpg,train,101
danbooru_anime_11919343.jpg,train,127
danbooru_anime_11919350.jpg,train,80
danbooru_anime_11919355.jpg,train,76
danbooru_anime_11919365.jpg,train,123
danbooru_anime_11919366.jpg,train,53
danbooru_anime_11919368.jpg,train,98
danbooru_anime_11919384.jpg,train,52
danbooru_anime_11919385.jpg,train,199
danbooru_anime_11919386.jpg,train,89
danbooru_anime_11919387.jpg,train,73
danbooru_anime_11919388.jpg,train,106
danbooru_anime_11919391.jpg,train,122
danbooru_anime_11919395.jpg,train,79
danbooru_anime_11919397.jpg,train,144
danbooru_anime_11919398.jpg,train,72
danbooru_anime_11919405.jpg,train,94
danbooru_anime_11919407.jpg,train,76
danbooru_anime_11919413.jpg,train,92
danbooru_anime_11919415.jpg,train,132
danbooru_anime_11919416.jpg,train,89
danbooru_anime_11919420.jpg,train,92
danbooru_anime_11919421.jpg,train,91
danbooru_anime_11919429.jpg,train,89
danbooru_anime_11919433.jpg,train,120
danbooru_anime_11919434.jpg,train,166
danbooru_anime_11919436.jpg,train,107
danbooru_anime_11919439.jpg,train,96
danbooru_anime_11919443.jpg,train,88
danbooru_anime_11919444.jpg,train,84
danbooru_anime_11919445.jpg,train,69
danbooru_anime_11919447.jpg,train,83
danbooru_anime_11919449.jpg,train,99
danbooru_anime_11919455.jpg,train,88
danbooru_anime_11919459.jpg,train,89
danbooru_anime_11919461.jpg,train,102
danbooru_anime_11919462.jpg,train,88
danbooru_anime_11919464.jpg,train,79
danbooru_anime_11919465.jpg,train,68
danbooru_anime_11919469.jpg,train,120
danbooru_anime_11919470.jpg,train,82
danbooru_anime_11919475.jpg,train,115
danbooru_anime_11919476.jpg,train,100
danbooru_anime_11919479.jpg,train,118
danbooru_anime_11919482.jpg,train,128
danbooru_anime_11919485.jpg,train,107
danbooru_anime_11919487.jpg,train,98
danbooru_anime_11919491.jpg,train,66
danbooru_anime_11919492.jpg,train,45
danbooru_anime_11919497.jpg,train,87
danbooru_anime_11919501.jpg,train,100
danbooru_anime_11919504.jpg,train,71
danbooru_anime_11919505.jpg,train,122
danbooru_anime_11919509.jpg,train,107
danbooru_anime_11919510.jpg,train,147
danbooru_anime_11919511.jpg,train,89
danbooru_anime_11919518.jpg,train,130
danbooru_anime_11919520.jpg,train,99
danbooru_anime_11919523.jpg,train,65
danbooru_anime_11919525.jpg,train,91
danbooru_anime_11919526.jpg,train,61
danbooru_anime_11919528.jpg,train,113
danbooru_anime_11919532.jpg,train,157
danbooru_anime_11919533.jpg,train,53
danbooru_anime_11919549.jpg,train,86
danbooru_anime_11919550.jpg,train,68
danbooru_anime_11919552.jpg,train,59
danbooru_anime_11919553.jpg,train,108
danbooru_anime_11919558.jpg,train,131
danbooru_anime_11919559.jpg,train,87
danbooru_anime_11919560.jpg,train,112
danbooru_anime_11919562.jpg,train,96
danbooru_anime_11919569.jpg,train,135
danbooru_anime_11919570.jpg,train,132
danbooru_anime_11919571.jpg,train,66
danbooru_anime_11919573.jpg,train,120
danbooru_anime_11919578.jpg,train,99
danbooru_anime_11919583.jpg,train,80
danbooru_anime_11919585.jpg,train,91
danbooru_anime_11919587.jpg,train,105
danbooru_anime_11919590.jpg,train,124
danbooru_anime_11919592.jpg,train,91
danbooru_anime_11919593.jpg,train,112
danbooru_anime_11919595.jpg,train,110
danbooru_anime_11919596.jpg,train,77
danbooru_anime_11919598.jpg,train,85
danbooru_anime_11919600.jpg,train,75
danbooru_anime_11919608.jpg,train,60
danbooru_anime_11919617.jpg,train,93
danbooru_anime_11919620.jpg,train,117
danbooru_anime_11919622.jpg,train,76
danbooru_anime_11919626.jpg,train,104
danbooru_anime_11919627.jpg,train,129
danbooru_anime_11919629.jpg,train,136
danbooru_anime_11919631.jpg,train,73
danbooru_anime_11919633.jpg,train,120
danbooru_anime_11919638.jpg,train,134
danbooru_anime_11919639.jpg,train,124
danbooru_anime_11919641.jpg,train,141
danbooru_anime_11919645.jpg,train,94
danbooru_anime_11919646.jpg,train,70
danbooru_anime_11919647.jpg,train,144
danbooru_anime_11919648.jpg,train,140
danbooru_anime_11919649.jpg,train,108
danbooru_anime_11919652.jpg,train,134
danbooru_anime_11919653.jpg,train,121
danbooru_anime_11919666.jpg,train,71
danbooru_anime_11919670.jpg,train,109
danbooru_anime_11919672.jpg,train,125
danbooru_anime_11919675.jpg,train,108
danbooru_anime_11919677.jpg,train,164
danbooru_anime_11919678.jpg,train,106
danbooru_anime_11919679.jpg,train,61
danbooru_anime_11919681.jpg,train,86
danbooru_anime_11919682.jpg,train,83
danbooru_anime_11919683.jpg,train,154
danbooru_anime_11919684.jpg,train,72
danbooru_anime_11919688.jpg,train,63
danbooru_anime_11919689.jpg,train,66
danbooru_anime_11919690.jpg,train,144
danbooru_anime_11919691.jpg,train,118
danbooru_anime_11919692.jpg,train,95
danbooru_anime_11919694.jpg,train,95
danbooru_anime_11919695.jpg,train,87
danbooru_anime_11919698.jpg,train,75
danbooru_anime_11919699.jpg,train,144
danbooru_anime_11919700.jpg,train,88
danbooru_anime_11919702.jpg,train,119
danbooru_anime_11919708.jpg,train,59
danbooru_anime_11919712.jpg,train,44
danbooru_anime_11919722.jpg,train,93
danbooru_anime_11919726.jpg,train,105
danbooru_anime_11919729.jpg,train,124
danbooru_anime_11919730.jpg,train,51
danbooru_anime_11919731.jpg,train,91
danbooru_anime_11919732.jpg,train,154
danbooru_anime_11919733.jpg,train,123
danbooru_anime_11919734.jpg,train,74
danbooru_anime_11919736.jpg,train,49
danbooru_anime_11919737.jpg,train,80
danbooru_anime_11919741.jpg,train,98
danbooru_anime_11919754.jpg,train,93
danbooru_anime_11919755.jpg,train,44
danbooru_anime_11919776.jpg,train,67
danbooru_anime_11919785.jpg,train,138
danbooru_anime_11919799.jpg,train,63
danbooru_anime_11919802.jpg,train,75
danbooru_anime_11919805.jpg,train,61
danbooru_anime_11919806.jpg,train,169
danbooru_anime_11919808.jpg,train,103
danbooru_anime_11919809.jpg,train,91
danbooru_anime_11919810.jpg,train,107
danbooru_anime_11919818.jpg,train,68
danbooru_anime_11919819.jpg,train,127
danbooru_anime_11919823.jpg,train,117
danbooru_anime_11919827.jpg,train,110
danbooru_anime_11919829.jpg,train,88
danbooru_anime_11919830.jpg,train,119
danbooru_anime_11919838.jpg,train,67
danbooru_anime_11919842.jpg,train,166
danbooru_anime_11919856.jpg,train,87
danbooru_anime_11919858.jpg,train,56
danbooru_anime_11919860.jpg,train,108
danbooru_anime_11919861.jpg,train,128
danbooru_anime_11919870.jpg,train,108
danbooru_anime_11919875.jpg,train,113
danbooru_anime_11919877.jpg,train,59
danbooru_anime_11919879.jpg,train,135
danbooru_anime_11919884.jpg,train,187
danbooru_anime_11919885.jpg,train,116
danbooru_anime_11919889.jpg,train,125
danbooru_anime_11919896.jpg,train,100
danbooru_anime_11919899.jpg,train,100
danbooru_anime_11919901.jpg,train,137
danbooru_anime_11919912.jpg,train,81
danbooru_anime_11919913.jpg,train,91
danbooru_anime_11919918.jpg,train,87
danbooru_anime_11919920.jpg,train,127
danbooru_anime_11919921.jpg,train,104
danbooru_anime_11919923.jpg,train,180
danbooru_anime_11919926.jpg,train,91
danbooru_anime_11919928.jpg,train,83
danbooru_anime_11919932.jpg,train,101
danbooru_anime_11919936.jpg,train,106
danbooru_anime_11919937.jpg,train,143
danbooru_anime_11919944.jpg,train,89
danbooru_anime_11919946.jpg,train,92
danbooru_anime_11919957.jpg,train,99
danbooru_anime_11919966.jpg,train,61
danbooru_anime_11919981.jpg,train,54
danbooru_anime_11919987.jpg,train,63
danbooru_anime_11919990.jpg,train,73
danbooru_anime_11919992.jpg,train,63
danbooru_anime_11919993.jpg,train,97
danbooru_anime_11919994.jpg,train,73
danbooru_anime_11919997.jpg,train,63
danbooru_anime_11920002.jpg,train,66
danbooru_anime_11920005.jpg,train,92
danbooru_anime_11920008.jpg,train,130
danbooru_anime_11920011.jpg,train,63
danbooru_anime_11920013.jpg,train,99
danbooru_anime_11920015.jpg,train,83
danbooru_anime_11920019.jpg,train,123
danbooru_anime_11920022.jpg,train,82
danbooru_anime_11920025.jpg,train,42
danbooru_anime_11920027.jpg,train,102
danbooru_anime_11920028.jpg,train,56
danbooru_anime_11920034.jpg,train,87
danbooru_anime_11920038.jpg,train,74
danbooru_anime_11920049.jpg,train,95
danbooru_anime_11920050.jpg,train,57
danbooru_anime_11920052.jpg,train,218
danbooru_anime_11920055.jpg,train,91
danbooru_anime_11920060.jpg,train,124
danbooru_anime_11920063.jpg,train,136
danbooru_anime_11920068.jpg,train,95
danbooru_anime_11920071.jpg,train,91
danbooru_anime_11920073.jpg,train,102
danbooru_anime_11920075.jpg,train,85
danbooru_anime_11920077.jpg,train,93
danbooru_anime_11920078.jpg,train,88
danbooru_anime_11920079.jpg,train,65
danbooru_anime_11920080.jpg,train,123
danbooru_anime_11920084.jpg,train,74
danbooru_anime_11920086.jpg,train,94
danbooru_anime_11920087.jpg,train,95
danbooru_anime_11920088.jpg,train,92
danbooru_anime_11920090.jpg,train,101
danbooru_anime_11920093.jpg,train,70
danbooru_anime_11920094.jpg,train,98
danbooru_anime_11920095.jpg,train,86
danbooru_anime_11920097.jpg,train,129
danbooru_anime_11920098.jpg,train,81
danbooru_anime_11920099.jpg,train,82
danbooru_anime_11920100.jpg,train,91
danbooru_anime_11920115.jpg,train,43
danbooru_anime_11920119.jpg,train,87
danbooru_anime_11920122.jpg,train,159
danbooru_anime_11920123.jpg,train,118
danbooru_anime_11920125.jpg,train,57
danbooru_anime_11920128.jpg,train,78
danbooru_anime_11920129.jpg,train,62
danbooru_anime_11920130.jpg,train,93
danbooru_anime_11920132.jpg,train,69
danbooru_anime_11920134.jpg,train,111
danbooru_anime_11920138.jpg,train,114
danbooru_anime_11920146.jpg,train,121
danbooru_anime_11920155.jpg,train,98
danbooru_anime_11920156.jpg,train,148
danbooru_anime_11920159.jpg,train,128
danbooru_anime_11920172.jpg,train,96
danbooru_anime_11920176.jpg,train,93
danbooru_anime_11920177.jpg,train,157
danbooru_anime_11920179.jpg,train,99
danbooru_anime_11920185.jpg,train,83
danbooru_anime_11920186.jpg,train,163
danbooru_anime_11920188.jpg,train,59
danbooru_anime_11920192.jpg,train,79
danbooru_anime_11920193.jpg,train,151
danbooru_anime_11920198.jpg,train,130
danbooru_anime_11920205.jpg,train,135
danbooru_anime_11920206.jpg,train,110
danbooru_anime_11920207.jpg,train,114
danbooru_anime_11920211.jpg,train,120
danbooru_anime_11920213.jpg,train,54
danbooru_anime_11920216.jpg,train,86
danbooru_anime_11920227.jpg,train,95
danbooru_anime_11920229.jpg,train,177
danbooru_anime_11920233.jpg,train,88
danbooru_anime_11920237.jpg,train,116
danbooru_anime_11920245.jpg,train,93
danbooru_anime_11920247.jpg,train,117
danbooru_anime_11920248.jpg,train,98
danbooru_anime_11920249.jpg,train,92
danbooru_anime_11920253.jpg,train,112
danbooru_anime_11920254.jpg,train,83
danbooru_anime_11920260.jpg,train,86
danbooru_anime_11920273.jpg,train,102
danbooru_anime_11920279.jpg,train,83
danbooru_anime_11920280.jpg,train,86
danbooru_anime_11920282.jpg,train,113
danbooru_anime_11920286.jpg,train,99
danbooru_anime_11920292.jpg,train,76
danbooru_anime_11920296.jpg,train,84
danbooru_anime_11920307.jpg,train,79
danbooru_anime_11920309.jpg,train,107
danbooru_anime_11920313.jpg,train,103
danbooru_anime_11920319.jpg,train,125
danbooru_anime_11920321.jpg,train,128
danbooru_anime_11920325.jpg,train,69
danbooru_anime_11920332.jpg,train,59
danbooru_anime_11920334.jpg,train,86
danbooru_anime_11920335.jpg,train,126
danbooru_anime_11920337.jpg,train,88
danbooru_anime_11920345.jpg,train,47
danbooru_anime_11920348.jpg,train,62
danbooru_anime_11920351.jpg,train,78
danbooru_anime_11920352.jpg,train,67
danbooru_anime_11920356.jpg,train,99
danbooru_anime_11920359.jpg,train,96
danbooru_anime_11920362.jpg,train,55
danbooru_anime_11920364.jpg,train,113
danbooru_anime_11920370.jpg,train,57
danbooru_anime_11920374.jpg,train,83
danbooru_anime_11920377.jpg,train,44
danbooru_anime_11920386.jpg,train,149
danbooru_anime_11920388.jpg,train,146
danbooru_anime_11920389.jpg,train,115
danbooru_anime_11920393.jpg,train,50
danbooru_anime_11920397.jpg,train,71
danbooru_anime_11920401.jpg,train,71
danbooru_anime_11920402.jpg,train,75
danbooru_anime_11920405.jpg,train,64
danbooru_anime_11920407.jpg,train,115
danbooru_anime_11920410.jpg,train,109
danbooru_anime_11920411.jpg,train,103
danbooru_anime_11920417.jpg,train,68
danbooru_anime_11920419.jpg,train,69
danbooru_anime_11920420.jpg,train,66
danbooru_anime_11920421.jpg,train,80
danbooru_anime_11920423.jpg,train,78
danbooru_anime_11920424.jpg,train,67
danbooru_anime_11920425.jpg,train,83
danbooru_anime_11920426.jpg,train,115
danbooru_anime_11920427.jpg,train,89
danbooru_anime_11920428.jpg,train,108
danbooru_anime_11920429.jpg,train,53
danbooru_anime_11920430.jpg,train,93
danbooru_anime_11920431.jpg,train,64
danbooru_anime_11920433.jpg,train,87
danbooru_anime_11920444.jpg,train,146
danbooru_anime_11920447.jpg,train,79
danbooru_anime_11920453.jpg,train,100
danbooru_anime_11920455.jpg,train,77
danbooru_anime_11920456.jpg,train,78
danbooru_anime_11920460.jpg,train,92
danbooru_anime_11920464.jpg,train,96
danbooru_anime_11920468.jpg,train,87
danbooru_anime_11920469.jpg,train,118
danbooru_anime_11920472.jpg,train,114
danbooru_anime_11920480.jpg,train,124
danbooru_anime_11920481.jpg,train,70
danbooru_anime_11920482.jpg,train,122
danbooru_anime_11920493.jpg,train,113
danbooru_anime_11920500.jpg,train,61
danbooru_anime_11920503.jpg,train,109
danbooru_anime_11920504.jpg,train,87
danbooru_anime_11920505.jpg,train,135
danbooru_anime_11920506.jpg,train,110
danbooru_anime_11920512.jpg,train,81
danbooru_anime_11920524.jpg,train,105
danbooru_anime_11920526.jpg,train,103
danbooru_anime_11920528.jpg,train,207
danbooru_anime_11920534.jpg,train,127
danbooru_anime_11920535.jpg,train,101
danbooru_anime_11920540.jpg,train,107
danbooru_anime_11920542.jpg,train,87
danbooru_anime_11920551.jpg,train,81
danbooru_anime_11920554.jpg,train,107
danbooru_anime_11920562.jpg,train,87
danbooru_anime_11920564.jpg,train,75
danbooru_anime_11920566.jpg,train,145
danbooru_anime_11920567.jpg,train,142
danbooru_anime_11920569.jpg,train,90
danbooru_anime_11920572.jpg,train,133
danbooru_anime_11920575.jpg,train,175
danbooru_anime_11920579.jpg,train,80
danbooru_anime_11920584.jpg,train,86
danbooru_anime_11920587.jpg,train,68
danbooru_anime_11920589.jpg,train,84
danbooru_anime_11920590.jpg,train,73
danbooru_anime_11920591.jpg,train,78
danbooru_anime_11920600.jpg,train,58
danbooru_anime_11920606.jpg,train,131
danbooru_anime_11920612.jpg,train,90
danbooru_anime_11920617.jpg,train,149
danbooru_anime_11920618.jpg,train,126
danbooru_anime_11920619.jpg,train,152
danbooru_anime_11920622.jpg,train,100
danbooru_anime_11920623.jpg,train,96
danbooru_anime_11920627.jpg,train,146
danbooru_anime_11920632.jpg,train,77
danbooru_anime_11920637.jpg,train,150
danbooru_anime_11920638.jpg,train,148
danbooru_anime_11920644.jpg,train,53
danbooru_anime_11920645.jpg,train,62
danbooru_anime_11920659.jpg,train,105
danbooru_anime_11920663.jpg,train,66
danbooru_anime_11920664.jpg,train,101
danbooru_anime_11920668.jpg,train,151
danbooru_anime_11920671.jpg,train,102
danbooru_anime_11920674.jpg,train,67
danbooru_anime_11920682.jpg,train,87
danbooru_anime_11920686.jpg,train,82
danbooru_anime_11920699.jpg,train,128
danbooru_anime_11920700.jpg,train,98
danbooru_anime_11920701.jpg,train,116
danbooru_anime_11920717.jpg,train,156
danbooru_anime_11920726.jpg,train,69
danbooru_anime_11920730.jpg,train,93
danbooru_anime_11920732.jpg,train,105
danbooru_anime_11920739.jpg,train,55
danbooru_anime_11920743.jpg,train,127
danbooru_anime_11920752.jpg,train,93
danbooru_anime_11920761.jpg,train,69
danbooru_anime_11920762.jpg,train,182
danbooru_anime_11920763.jpg,train,62
danbooru_anime_11920765.jpg,train,158
danbooru_anime_11920773.jpg,train,71
danbooru_anime_11920774.jpg,train,54
danbooru_anime_11920779.jpg,train,67
danbooru_anime_11920786.jpg,train,62
danbooru_anime_11920790.jpg,train,101
danbooru_anime_11920793.jpg,train,106
danbooru_anime_11920797.jpg,train,128
danbooru_anime_11920798.jpg,train,131
danbooru_anime_11920805.jpg,train,139
danbooru_anime_11920806.jpg,train,106
danbooru_anime_11920807.jpg,train,62
danbooru_anime_11920811.jpg,train,69
danbooru_anime_11920826.jpg,train,124
danbooru_anime_11920827.jpg,train,139
danbooru_anime_11920829.jpg,train,63
danbooru_anime_11920831.jpg,train,118
danbooru_anime_11920840.jpg,train,86
danbooru_anime_11920841.jpg,train,125
danbooru_anime_11920847.jpg,train,104
danbooru_anime_11920848.jpg,train,106
danbooru_anime_11920852.jpg,train,89
danbooru_anime_11920853.jpg,train,120
danbooru_anime_11920858.jpg,train,91
danbooru_anime_11920860.jpg,train,55
danbooru_anime_11920863.jpg,train,142
danbooru_anime_11920864.jpg,train,56
danbooru_anime_11920872.jpg,train,93
danbooru_anime_11920873.jpg,train,70
danbooru_anime_11920875.jpg,train,140
danbooru_anime_11920880.jpg,train,104
danbooru_anime_11920886.jpg,train,117
danbooru_anime_11920895.jpg,train,46
danbooru_anime_11920896.jpg,train,142
danbooru_anime_11920901.jpg,train,93
danbooru_anime_11920906.jpg,train,56
danbooru_anime_11920908.jpg,train,160
danbooru_anime_11920918.jpg,train,88
danbooru_anime_11920921.jpg,train,128
danbooru_anime_11920932.jpg,train,172
danbooru_anime_11920936.jpg,train,81
danbooru_anime_11920938.jpg,train,148
danbooru_anime_11920941.jpg,train,88
danbooru_anime_11920942.jpg,train,84
danbooru_anime_11920943.jpg,train,70
danbooru_anime_11920944.jpg,train,98
danbooru_anime_11920945.jpg,train,141
danbooru_anime_11920946.jpg,train,165
danbooru_anime_11920947.jpg,train,72
danbooru_anime_11920965.jpg,train,92
danbooru_anime_11920968.jpg,train,104
danbooru_anime_11920969.jpg,train,106
danbooru_anime_11920970.jpg,train,81
danbooru_anime_11920973.jpg,train,99
danbooru_anime_11920980.jpg,train,70
danbooru_anime_11920981.jpg,train,112
danbooru_anime_11920993.jpg,train,111
danbooru_anime_11920995.jpg,train,66
danbooru_anime_11920998.jpg,train,156
danbooru_anime_11921003.jpg,train,49
danbooru_anime_11921005.jpg,train,133
danbooru_anime_11921007.jpg,train,91
danbooru_anime_11921008.jpg,train,116
danbooru_anime_11921010.jpg,train,66
danbooru_anime_11921017.jpg,train,77
danbooru_anime_11921025.jpg,train,66
danbooru_anime_11921027.jpg,train,74
danbooru_anime_11921030.jpg,train,106
danbooru_anime_11921032.jpg,train,199
danbooru_anime_11921038.jpg,train,98
danbooru_anime_11921044.jpg,train,163
danbooru_anime_11921045.jpg,train,68
danbooru_anime_11921047.jpg,train,114
danbooru_anime_11921049.jpg,train,106
danbooru_anime_11921050.jpg,train,153
danbooru_anime_11921051.jpg,train,177
danbooru_anime_11921052.jpg,train,140
danbooru_anime_11921054.jpg,train,92
danbooru_anime_11921055.jpg,train,157
danbooru_anime_11921058.jpg,train,76
danbooru_anime_11921059.jpg,train,107
danbooru_anime_11921060.jpg,train,93
danbooru_anime_11921061.jpg,train,134
danbooru_anime_11921062.jpg,train,92
danbooru_anime_11921065.jpg,train,107
danbooru_anime_11921067.jpg,train,117
danbooru_anime_11921068.jpg,train,85
danbooru_anime_11921069.jpg,train,87
danbooru_anime_11921071.jpg,train,108
danbooru_anime_11921072.jpg,train,93
danbooru_anime_11921073.jpg,train,127
danbooru_anime_11921074.jpg,train,187
danbooru_anime_11921078.jpg,train,91
danbooru_anime_11921082.jpg,train,52
danbooru_anime_11921090.jpg,train,56
danbooru_anime_11921091.jpg,train,93
danbooru_anime_11921095.jpg,train,65
danbooru_anime_11921096.jpg,train,128
danbooru_anime_11921097.jpg,train,91
danbooru_anime_11921098.jpg,train,77
danbooru_anime_11921110.jpg,train,84
danbooru_anime_11921117.jpg,train,82
danbooru_anime_11921118.jpg,train,252
danbooru_anime_11921119.jpg,train,79
danbooru_anime_11921130.jpg,train,60
danbooru_anime_11921138.jpg,train,95
danbooru_anime_11921139.jpg,train,132
danbooru_anime_11921150.jpg,train,83
danbooru_anime_11921152.jpg,train,112
danbooru_anime_11921158.jpg,train,81
danbooru_anime_11921159.jpg,train,64
danbooru_anime_11921162.jpg,train,59
danbooru_anime_11921164.jpg,train,90
danbooru_anime_11921168.jpg,train,122
danbooru_anime_11921175.jpg,train,88
danbooru_anime_11921181.jpg,train,90
danbooru_anime_11921183.jpg,train,123
danbooru_anime_11921186.jpg,train,86
danbooru_anime_11921187.jpg,train,113
danbooru_anime_11921189.jpg,train,75
danbooru_anime_11921190.jpg,train,78
danbooru_anime_11921197.jpg,train,128
danbooru_anime_11921199.jpg,train,89
danbooru_anime_11921209.jpg,train,96
danbooru_anime_11921212.jpg,train,115
danbooru_anime_11921214.jpg,train,110
danbooru_anime_11921215.jpg,train,123
danbooru_anime_11921221.jpg,train,139
danbooru_anime_11921229.jpg,train,76
danbooru_anime_11921230.jpg,train,69
danbooru_anime_11921231.jpg,train,130
danbooru_anime_11921235.jpg,train,173
danbooru_anime_11921236.jpg,train,81
danbooru_anime_11921238.jpg,train,105
danbooru_anime_11921239.jpg,train,98
danbooru_anime_11921245.jpg,train,173
danbooru_anime_11921248.jpg,train,103
danbooru_anime_11921249.jpg,train,123
danbooru_anime_11921253.jpg,train,181
danbooru_anime_11921255.jpg,train,117
danbooru_anime_11921257.jpg,train,77
danbooru_anime_11921258.jpg,train,74
danbooru_anime_11921259.jpg,train,93
danbooru_anime_11921260.jpg,train,98
danbooru_anime_11921262.jpg,train,164
danbooru_anime_11921266.jpg,train,116
danbooru_anime_11921267.jpg,train,142
danbooru_anime_11921269.jpg,train,121
danbooru_anime_11921270.jpg,train,129
danbooru_anime_11921271.jpg,train,93
danbooru_anime_11921272.jpg,train,91
danbooru_anime_11921273.jpg,train,119
danbooru_anime_11921274.jpg,train,206
danbooru_anime_11921275.jpg,train,139
danbooru_anime_11921277.jpg,train,62
danbooru_anime_11921278.jpg,train,64
danbooru_anime_11921279.jpg,train,60
danbooru_anime_11921280.jpg,train,72
danbooru_anime_11921283.jpg,train,91
danbooru_anime_11921284.jpg,train,121
danbooru_anime_11921286.jpg,train,69
danbooru_anime_11921288.jpg,train,83
danbooru_anime_11921289.jpg,train,138
danbooru_anime_11921291.jpg,train,65
danbooru_anime_11921292.jpg,train,89
danbooru_anime_11921293.jpg,train,160
danbooru_anime_11921295.jpg,train,116
danbooru_anime_11921296.jpg,train,117
danbooru_anime_11921298.jpg,train,80
danbooru_anime_11921299.jpg,train,111
danbooru_anime_11921301.jpg,train,65
danbooru_anime_11921302.jpg,train,93
danbooru_anime_11921303.jpg,train,115
danbooru_anime_11921304.jpg,train,105
danbooru_anime_11921305.jpg,train,95
danbooru_anime_11921306.jpg,train,143
danbooru_anime_11921308.jpg,train,78
danbooru_anime_11921309.jpg,train,156
danbooru_anime_11921312.jpg,train,118
danbooru_anime_11921313.jpg,train,115
danbooru_anime_11921319.jpg,train,136
danbooru_anime_11921321.jpg,train,143
danbooru_anime_11921324.jpg,train,84
danbooru_anime_11921325.jpg,train,63
danbooru_anime_11921328.jpg,train,64
danbooru_anime_11921331.jpg,train,84
danbooru_anime_11921334.jpg,train,88
danbooru_anime_11921336.jpg,train,182
danbooru_anime_11921337.jpg,train,88
danbooru_anime_11921339.jpg,train,114
danbooru_anime_11921345.jpg,train,67
danbooru_anime_11921346.jpg,train,118
danbooru_anime_11921347.jpg,train,111
danbooru_anime_11921352.jpg,train,126
danbooru_anime_11921388.jpg,train,118
danbooru_anime_11921394.jpg,train,65
danbooru_anime_11921396.jpg,train,105
danbooru_anime_11921399.jpg,train,82
danbooru_anime_11921404.jpg,train,115
danbooru_anime_11921405.jpg,train,80
danbooru_anime_11921408.jpg,train,59
danbooru_anime_11921409.jpg,train,55
danbooru_anime_11921411.jpg,train,96
danbooru_anime_11921412.jpg,train,99
danbooru_anime_11921417.jpg,train,65
danbooru_anime_11921419.jpg,train,147
danbooru_anime_11921420.jpg,train,68
danbooru_anime_11921421.jpg,train,86
danbooru_anime_11921422.jpg,train,173
danbooru_anime_11921424.jpg,train,138
danbooru_anime_11921425.jpg,train,83
danbooru_anime_11921430.jpg,train,93
danbooru_anime_11921431.jpg,train,91
danbooru_anime_11921433.jpg,train,80
danbooru_anime_11921434.jpg,train,102
danbooru_anime_11921438.jpg,train,79
danbooru_anime_11921444.jpg,train,58
danbooru_anime_11921447.jpg,train,109
danbooru_anime_11921454.jpg,train,96
danbooru_anime_11921457.jpg,train,79
painting_humanart_10000000000001.jpg,train,100
painting_humanart_10000000000002.jpg,train,77
painting_humanart_10000000000005.jpg,train,60
painting_humanart_10000000000006.jpg,train,120
painting_humanart_10000000000008.jpg,train,112
painting_humanart_10000000000009.jpg,train,88
painting_humanart_10000000000010.jpg,train,115
painting_humanart_10000000000012.jpg,train,118
painting_humanart_10000000000013.jpg,train,135
painting_humanart_10000000000015.jpg,train,90
painting_humanart_10000000000017.jpg,train,62
painting_humanart_10000000000018.jpg,train,166
painting_humanart_10000000000019.jpg,train,127
painting_humanart_10000000000021.jpg,train,104
painting_humanart_10000000000023.jpg,train,80
painting_humanart_10000000000026.jpg,train,95
painting_humanart_10000000000027.jpg,train,128
painting_humanart_10000000000030.jpg,train,110
painting_humanart_10000000000031.jpg,train,78
painting_humanart_10000000000033.jpg,train,126
painting_humanart_10000000000036.jpg,train,67
painting_humanart_10000000000038.jpg,train,105
painting_humanart_10000000000040.jpg,train,70
painting_humanart_10000000000041.jpg,train,84
painting_humanart_10000000000042.jpg,train,133
painting_humanart_10000000000045.jpg,train,129
painting_humanart_10000000000046.jpg,train,116
painting_humanart_10000000000048.jpg,train,78
painting_humanart_10000000000049.jpg,train,74
painting_humanart_10000000000052.jpg,train,133
painting_humanart_10000000000055.jpg,train,132
painting_humanart_10000000000056.jpg,train,95
painting_humanart_10000000000057.jpg,train,61
painting_humanart_10000000000058.jpg,train,108
painting_humanart_10000000000060.jpg,train,59
painting_humanart_10000000000061.jpg,train,90
painting_humanart_10000000000062.jpg,train,69
painting_humanart_10000000000064.jpg,train,136
painting_humanart_10000000000066.jpg,train,91
painting_humanart_10000000000068.jpg,train,63
painting_humanart_1000000000007.jpg,train,196
painting_humanart_10000000000071.jpg,train,107
painting_humanart_10000000000072.jpg,train,111
painting_humanart_10000000000073.jpg,train,116
painting_humanart_10000000000074.jpg,train,110
painting_humanart_10000000000076.jpg,train,96
painting_humanart_10000000000077.jpg,train,95
painting_humanart_10000000000079.jpg,train,96
painting_humanart_10000000000082.jpg,train,75
painting_humanart_10000000000084.jpg,train,103
painting_humanart_10000000000085.jpg,train,62
painting_humanart_10000000000086.jpg,train,71
painting_humanart_10000000000087.jpg,train,113
painting_humanart_10000000000088.jpg,train,100
painting_humanart_10000000000089.jpg,train,122
painting_humanart_10000000000091.jpg,train,122
painting_humanart_10000000000095.jpg,train,128
painting_humanart_10000000000097.jpg,train,130
painting_humanart_10000000000099.jpg,train,78
painting_humanart_10000000000100.jpg,train,84
painting_humanart_10000000000102.jpg,train,119
painting_humanart_10000000000104.jpg,train,127
painting_humanart_10000000000106.jpg,train,108
painting_humanart_10000000000107.jpg,train,141
painting_humanart_10000000000109.jpg,train,83
painting_humanart_10000000000112.jpg,train,63
painting_humanart_10000000000113.jpg,train,108
painting_humanart_10000000000114.jpg,train,88
painting_humanart_10000000000116.jpg,train,85
painting_humanart_10000000000120.jpg,train,153
painting_humanart_10000000000121.jpg,train,111
painting_humanart_10000000000125.jpg,train,126
painting_humanart_10000000000129.jpg,train,100
painting_humanart_10000000000130.jpg,train,82
painting_humanart_10000000000131.jpg,train,131
painting_humanart_10000000000136.jpg,train,78
painting_humanart_10000000000139.jpg,train,99
painting_humanart_10000000000140.jpg,train,101
painting_humanart_10000000000144.jpg,train,53
painting_humanart_10000000000145.jpg,train,55
painting_humanart_10000000000147.jpg,train,85
painting_humanart_10000000000148.jpg,train,126
painting_humanart_10000000000150.jpg,train,50
painting_humanart_10000000000152.jpg,train,124
painting_humanart_10000000000153.jpg,train,105
painting_humanart_10000000000157.jpg,train,68
painting_humanart_10000000000159.jpg,train,76
painting_humanart_10000000000161.jpg,train,74
painting_humanart_10000000000163.jpg,train,85
painting_humanart_10000000000164.jpg,train,166
painting_humanart_10000000000165.jpg,train,97
painting_humanart_10000000000167.jpg,train,61
painting_humanart_10000000000168.jpg,train,142
painting_humanart_10000000000170.jpg,train,81
painting_humanart_10000000000173.jpg,train,128
painting_humanart_10000000000178.jpg,train,101
painting_humanart_10000000000180.jpg,train,130
painting_humanart_10000000000181.jpg,train,86
painting_humanart_10000000000182.jpg,train,76
painting_humanart_10000000000183.jpg,train,102
painting_humanart_10000000000184.jpg,train,76
painting_humanart_10000000000186.jpg,train,132
painting_humanart_10000000000187.jpg,train,84
painting_humanart_10000000000190.jpg,train,112
painting_humanart_10000000000193.jpg,train,133
painting_humanart_10000000000194.jpg,train,154
painting_humanart_10000000000195.jpg,train,105
painting_humanart_10000000000196.jpg,train,85
painting_humanart_10000000000198.jpg,train,88
painting_humanart_1000000000020.jpg,train,106
painting_humanart_10000000000200.jpg,train,118
painting_humanart_10000000000204.jpg,train,88
painting_humanart_10000000000205.jpg,train,67
painting_humanart_10000000000206.jpg,train,102
painting_humanart_10000000000208.jpg,train,96
painting_humanart_10000000000215.jpg,train,127
painting_humanart_10000000000216.jpg,train,89
painting_humanart_10000000000218.jpg,train,52
painting_humanart_10000000000219.jpg,train,123
painting_humanart_10000000000220.jpg,train,94
painting_humanart_10000000000222.jpg,train,97
painting_humanart_10000000000224.jpg,train,99
painting_humanart_10000000000225.jpg,train,41
painting_humanart_10000000000226.jpg,train,101
painting_humanart_10000000000227.jpg,train,110
painting_humanart_10000000000232.jpg,train,92
painting_humanart_10000000000233.jpg,train,143
painting_humanart_10000000000234.jpg,train,55
painting_humanart_10000000000236.jpg,train,49
painting_humanart_10000000000237.jpg,train,79
painting_humanart_10000000000238.jpg,train,71
painting_humanart_10000000000242.jpg,train,81
painting_humanart_10000000000246.jpg,train,85
painting_humanart_10000000000248.jpg,train,107
painting_humanart_10000000000250.jpg,train,98
painting_humanart_10000000000252.jpg,train,71
painting_humanart_10000000000253.jpg,train,94
painting_humanart_10000000000254.jpg,train,79
painting_humanart_10000000000260.jpg,train,83
painting_humanart_10000000000261.jpg,train,81
painting_humanart_10000000000262.jpg,train,113
painting_humanart_10000000000264.jpg,train,119
painting_humanart_10000000000266.jpg,train,83
painting_humanart_10000000000267.jpg,train,92
painting_humanart_10000000000268.jpg,train,61
painting_humanart_10000000000269.jpg,train,118
painting_humanart_10000000000270.jpg,train,91
painting_humanart_10000000000271.jpg,train,117
painting_humanart_10000000000272.jpg,train,126
painting_humanart_10000000000273.jpg,train,132
painting_humanart_10000000000274.jpg,train,60
painting_humanart_10000000000277.jpg,train,86
painting_humanart_10000000000279.jpg,train,118
painting_humanart_10000000000283.jpg,train,103
painting_humanart_10000000000284.jpg,train,87
painting_humanart_10000000000285.jpg,train,142
painting_humanart_10000000000286.jpg,train,105
painting_humanart_10000000000287.jpg,train,108
painting_humanart_10000000000292.jpg,train,62
painting_humanart_10000000000293.jpg,train,89
painting_humanart_10000000000296.jpg,train,75
painting_humanart_10000000000299.jpg,train,119
painting_humanart_1000000000030.jpg,train,74
painting_humanart_10000000000302.jpg,train,97
painting_humanart_10000000000304.jpg,train,87
painting_humanart_10000000000306.jpg,train,127
painting_humanart_10000000000308.jpg,train,126
painting_humanart_10000000000309.jpg,train,129
painting_humanart_10000000000310.jpg,train,107
painting_humanart_10000000000314.jpg,train,79
painting_humanart_10000000000315.jpg,train,63
painting_humanart_10000000000316.jpg,train,65
painting_humanart_10000000000318.jpg,train,94
painting_humanart_10000000000320.jpg,train,109
painting_humanart_10000000000323.jpg,train,100
painting_humanart_10000000000324.jpg,train,88
painting_humanart_10000000000325.jpg,train,105
painting_humanart_10000000000326.jpg,train,95
painting_humanart_10000000000327.jpg,train,110
painting_humanart_10000000000329.jpg,train,81
painting_humanart_10000000000330.jpg,train,85
painting_humanart_10000000000332.jpg,train,115
painting_humanart_10000000000333.jpg,train,142
painting_humanart_10000000000334.jpg,train,104
painting_humanart_10000000000335.jpg,train,102
painting_humanart_10000000000336.jpg,train,94
painting_humanart_10000000000338.jpg,train,80
painting_humanart_10000000000339.jpg,train,86
painting_humanart_10000000000342.jpg,train,71
painting_humanart_10000000000343.jpg,train,47
painting_humanart_10000000000352.jpg,train,61
painting_humanart_10000000000353.jpg,train,51
painting_humanart_10000000000354.jpg,train,84
painting_humanart_10000000000356.jpg,train,119
painting_humanart_10000000000357.jpg,train,136
painting_humanart_10000000000358.jpg,train,115
painting_humanart_10000000000360.jpg,train,107
painting_humanart_10000000000363.jpg,train,97
painting_humanart_10000000000364.jpg,train,115
painting_humanart_10000000000366.jpg,train,106
painting_humanart_10000000000370.jpg,train,95
painting_humanart_10000000000372.jpg,train,92
painting_humanart_10000000000373.jpg,train,65
painting_humanart_10000000000374.jpg,train,90
painting_humanart_10000000000375.jpg,train,97
painting_humanart_10000000000376.jpg,train,136
painting_humanart_10000000000377.jpg,train,107
painting_humanart_10000000000378.jpg,train,55
painting_humanart_10000000000381.jpg,train,93
painting_humanart_10000000000383.jpg,train,79
painting_humanart_10000000000385.jpg,train,106
painting_humanart_10000000000388.jpg,train,115
painting_humanart_10000000000390.jpg,train,92
painting_humanart_10000000000392.jpg,train,97
painting_humanart_10000000000393.jpg,train,64
painting_humanart_10000000000395.jpg,train,76
painting_humanart_10000000000397.jpg,train,73
painting_humanart_10000000000398.jpg,train,65
painting_humanart_10000000000401.jpg,train,65
painting_humanart_10000000000402.jpg,train,47
painting_humanart_10000000000406.jpg,train,78
painting_humanart_10000000000408.jpg,train,60
painting_humanart_10000000000409.jpg,train,86
painting_humanart_10000000000410.jpg,train,86
painting_humanart_10000000000415.jpg,train,125
painting_humanart_10000000000416.jpg,train,78
painting_humanart_10000000000417.jpg,train,70
painting_humanart_10000000000418.jpg,train,64
painting_humanart_10000000000419.jpg,train,76
painting_humanart_1000000000042.jpg,train,93
painting_humanart_10000000000420.jpg,train,85
painting_humanart_10000000000422.jpg,train,55
painting_humanart_10000000000423.jpg,train,95
painting_humanart_10000000000424.jpg,train,85
painting_humanart_10000000000425.jpg,train,101
painting_humanart_10000000000427.jpg,train,79
painting_humanart_10000000000428.jpg,train,52
painting_humanart_10000000000431.jpg,train,146
painting_humanart_10000000000432.jpg,train,76
painting_humanart_10000000000435.jpg,train,84
painting_humanart_10000000000436.jpg,train,108
painting_humanart_10000000000439.jpg,train,58
painting_humanart_10000000000440.jpg,train,69
painting_humanart_10000000000441.jpg,train,64
painting_humanart_10000000000442.jpg,train,59
painting_humanart_10000000000444.jpg,train,84
painting_humanart_10000000000445.jpg,train,98
painting_humanart_10000000000448.jpg,train,107
painting_humanart_10000000000450.jpg,train,83
painting_humanart_10000000000451.jpg,train,45
painting_humanart_10000000000452.jpg,train,34
painting_humanart_10000000000458.jpg,train,128
painting_humanart_10000000000459.jpg,train,73
painting_humanart_10000000000461.jpg,train,70
painting_humanart_10000000000463.jpg,train,95
painting_humanart_10000000000464.jpg,train,87
painting_humanart_10000000000465.jpg,train,166
painting_humanart_10000000000467.jpg,train,129
painting_humanart_10000000000470.jpg,train,89
painting_humanart_10000000000472.jpg,train,88
painting_humanart_10000000000473.jpg,train,85
painting_humanart_10000000000474.jpg,train,86
painting_humanart_10000000000475.jpg,train,106
painting_humanart_10000000000476.jpg,train,108
painting_humanart_10000000000477.jpg,train,135
painting_humanart_10000000000478.jpg,train,96
painting_humanart_10000000000479.jpg,train,86
painting_humanart_10000000000480.jpg,train,118
painting_humanart_10000000000481.jpg,train,94
painting_humanart_10000000000482.jpg,train,112
painting_humanart_10000000000483.jpg,train,119
painting_humanart_10000000000485.jpg,train,90
painting_humanart_10000000000486.jpg,train,69
painting_humanart_10000000000487.jpg,train,65
painting_humanart_10000000000488.jpg,train,80
painting_humanart_10000000000489.jpg,train,129
painting_humanart_10000000000490.jpg,train,141
painting_humanart_10000000000492.jpg,train,104
painting_humanart_10000000000493.jpg,train,126
painting_humanart_10000000000495.jpg,train,108
painting_humanart_10000000000496.jpg,train,100
painting_humanart_10000000000497.jpg,train,90
painting_humanart_10000000000498.jpg,train,68
painting_humanart_10000000000499.jpg,train,125
painting_humanart_10000000000500.jpg,train,139
painting_humanart_10000000000501.jpg,train,125
painting_humanart_10000000000502.jpg,train,99
painting_humanart_10000000000503.jpg,train,124
painting_humanart_10000000000504.jpg,train,96
painting_humanart_10000000000505.jpg,train,132
painting_humanart_10000000000506.jpg,train,106
painting_humanart_10000000000507.jpg,train,108
painting_humanart_10000000000509.jpg,train,103
painting_humanart_1000000000051.jpg,train,71
painting_humanart_10000000000510.jpg,train,93
painting_humanart_10000000000511.jpg,train,66
painting_humanart_10000000000513.jpg,train,91
painting_humanart_10000000000514.jpg,train,142
painting_humanart_10000000000516.jpg,train,73
painting_humanart_10000000000517.jpg,train,148
painting_humanart_10000000000518.jpg,train,107
painting_humanart_10000000000519.jpg,train,125
painting_humanart_10000000000520.jpg,train,119
painting_humanart_10000000000521.jpg,train,74
painting_humanart_10000000000522.jpg,train,83
painting_humanart_10000000000523.jpg,train,112
painting_humanart_10000000000525.jpg,train,131
painting_humanart_10000000000526.jpg,train,161
painting_humanart_10000000000527.jpg,train,126
painting_humanart_10000000000528.jpg,train,75
painting_humanart_10000000000530.jpg,train,148
painting_humanart_10000000000531.jpg,train,93
painting_humanart_10000000000532.jpg,train,116
painting_humanart_10000000000533.jpg,train,145
painting_humanart_10000000000535.jpg,train,95
painting_humanart_10000000000536.jpg,train,88
painting_humanart_10000000000537.jpg,train,107
painting_humanart_10000000000539.jpg,train,79
painting_humanart_10000000000544.jpg,train,83
painting_humanart_10000000000548.jpg,train,90
painting_humanart_10000000000550.jpg,train,100
painting_humanart_10000000000551.jpg,train,70
painting_humanart_10000000000554.jpg,train,84
painting_humanart_10000000000557.jpg,train,82
painting_humanart_10000000000560.jpg,train,75
painting_humanart_10000000000562.jpg,train,96
painting_humanart_10000000000563.jpg,train,67
painting_humanart_10000000000565.jpg,train,84
painting_humanart_10000000000569.jpg,train,173
painting_humanart_10000000000572.jpg,train,83
painting_humanart_10000000000573.jpg,train,88
painting_humanart_10000000000574.jpg,train,99
painting_humanart_10000000000576.jpg,train,125
painting_humanart_10000000000577.jpg,train,101
painting_humanart_10000000000578.jpg,train,78
painting_humanart_10000000000582.jpg,train,73
painting_humanart_10000000000583.jpg,train,119
painting_humanart_10000000000584.jpg,train,94
painting_humanart_10000000000585.jpg,train,83
painting_humanart_10000000000586.jpg,train,100
painting_humanart_10000000000587.jpg,train,76
painting_humanart_10000000000588.jpg,train,108
painting_humanart_10000000000589.jpg,train,114
painting_humanart_10000000000590.jpg,train,61
painting_humanart_10000000000591.jpg,train,111
painting_humanart_10000000000592.jpg,train,109
painting_humanart_10000000000593.jpg,train,149
painting_humanart_10000000000594.jpg,train,122
painting_humanart_10000000000595.jpg,train,116
painting_humanart_10000000000597.jpg,train,132
painting_humanart_10000000000598.jpg,train,83
painting_humanart_10000000000599.jpg,train,135
painting_humanart_1000000000060.jpg,train,95
painting_humanart_10000000000600.jpg,train,120
painting_humanart_10000000000601.jpg,train,92
painting_humanart_10000000000602.jpg,train,110
painting_humanart_10000000000603.jpg,train,65
painting_humanart_10000000000605.jpg,train,81
painting_humanart_10000000000607.jpg,train,105
painting_humanart_10000000000608.jpg,train,81
painting_humanart_10000000000609.jpg,train,131
painting_humanart_10000000000610.jpg,train,132
painting_humanart_10000000000611.jpg,train,109
painting_humanart_10000000000612.jpg,train,81
painting_humanart_10000000000613.jpg,train,120
painting_humanart_10000000000614.jpg,train,82
painting_humanart_10000000000616.jpg,train,140
painting_humanart_10000000000617.jpg,train,111
painting_humanart_10000000000619.jpg,train,138
painting_humanart_10000000000620.jpg,train,87
painting_humanart_10000000000622.jpg,train,129
painting_humanart_10000000000623.jpg,train,216
painting_humanart_10000000000624.jpg,train,91
painting_humanart_10000000000625.jpg,train,89
painting_humanart_10000000000627.jpg,train,122
painting_humanart_10000000000628.jpg,train,94
painting_humanart_10000000000630.jpg,train,126
painting_humanart_10000000000631.jpg,train,113
painting_humanart_10000000000632.jpg,train,61
painting_humanart_10000000000633.jpg,train,87
painting_humanart_10000000000636.jpg,train,58
painting_humanart_10000000000637.jpg,train,112
painting_humanart_10000000000638.jpg,train,129
painting_humanart_10000000000639.jpg,train,93
painting_humanart_10000000000640.jpg,train,99
painting_humanart_10000000000642.jpg,train,52
painting_humanart_10000000000644.jpg,train,95
painting_humanart_10000000000647.jpg,train,77
painting_humanart_10000000000648.jpg,train,94
painting_humanart_10000000000651.jpg,train,117
painting_humanart_10000000000652.jpg,train,56
painting_humanart_10000000000655.jpg,train,80
painting_humanart_10000000000656.jpg,train,57
painting_humanart_10000000000658.jpg,train,93
painting_humanart_10000000000659.jpg,train,102
painting_humanart_10000000000660.jpg,train,97
painting_humanart_10000000000662.jpg,train,58
painting_humanart_10000000000663.jpg,train,112
painting_humanart_10000000000665.jpg,train,66
painting_humanart_10000000000666.jpg,train,156
painting_humanart_10000000000667.jpg,train,58
painting_humanart_10000000000668.jpg,train,55
painting_humanart_10000000000669.jpg,train,81
painting_humanart_10000000000670.jpg,train,105
painting_humanart_10000000000672.jpg,train,79
painting_humanart_10000000000675.jpg,train,84
painting_humanart_10000000000677.jpg,train,61
painting_humanart_10000000000678.jpg,train,54
painting_humanart_10000000000679.jpg,train,63
painting_humanart_10000000000685.jpg,train,83
painting_humanart_10000000000686.jpg,train,57
painting_humanart_10000000000687.jpg,train,107
painting_humanart_10000000000688.jpg,train,86
painting_humanart_10000000000689.jpg,train,60
painting_humanart_10000000000690.jpg,train,98
painting_humanart_10000000000691.jpg,train,107
painting_humanart_10000000000692.jpg,train,161
painting_humanart_10000000000693.jpg,train,71
painting_humanart_10000000000695.jpg,train,61
painting_humanart_10000000000696.jpg,train,86
painting_humanart_10000000000699.jpg,train,68
painting_humanart_10000000000700.jpg,train,134
painting_humanart_10000000000705.jpg,train,82
painting_humanart_10000000000708.jpg,train,99
painting_humanart_10000000000709.jpg,train,124
painting_humanart_10000000000712.jpg,train,56
painting_humanart_10000000000715.jpg,train,55
painting_humanart_10000000000716.jpg,train,70
painting_humanart_10000000000719.jpg,train,92
painting_humanart_10000000000722.jpg,train,66
painting_humanart_10000000000723.jpg,train,222
painting_humanart_10000000000725.jpg,train,57
painting_humanart_10000000000728.jpg,train,91
painting_humanart_10000000000729.jpg,train,68
painting_humanart_10000000000730.jpg,train,125
painting_humanart_10000000000731.jpg,train,58
painting_humanart_10000000000732.jpg,train,63
painting_humanart_10000000000733.jpg,train,85
painting_humanart_10000000000738.jpg,train,123
painting_humanart_10000000000742.jpg,train,110
painting_humanart_10000000000743.jpg,train,107
painting_humanart_10000000000745.jpg,train,126
painting_humanart_10000000000749.jpg,train,80
painting_humanart_10000000000752.jpg,train,54
painting_humanart_10000000000754.jpg,train,55
painting_humanart_10000000000755.jpg,train,106
painting_humanart_10000000000756.jpg,train,114
painting_humanart_10000000000757.jpg,train,86
painting_humanart_10000000000758.jpg,train,86
painting_humanart_10000000000760.jpg,train,182
painting_humanart_10000000000764.jpg,train,97
painting_humanart_10000000000765.jpg,train,55
painting_humanart_10000000000766.jpg,train,113
painting_humanart_10000000000769.jpg,train,92
painting_humanart_10000000000770.jpg,train,93
painting_humanart_10000000000773.jpg,train,62
painting_humanart_10000000000774.jpg,train,75
painting_humanart_10000000000775.jpg,train,71
painting_humanart_10000000000776.jpg,train,89
painting_humanart_10000000000777.jpg,train,86
painting_humanart_10000000000778.jpg,train,102
painting_humanart_10000000000780.jpg,train,120
painting_humanart_10000000000782.jpg,train,80
painting_humanart_10000000000783.jpg,train,99
painting_humanart_10000000000785.jpg,train,70
painting_humanart_10000000000786.jpg,train,89
painting_humanart_10000000000788.jpg,train,123
painting_humanart_10000000000789.jpg,train,116
painting_humanart_10000000000790.jpg,train,97
painting_humanart_10000000000791.jpg,train,47
painting_humanart_10000000000792.jpg,train,102
painting_humanart_10000000000793.jpg,train,152
painting_humanart_10000000000794.jpg,train,88
painting_humanart_10000000000796.jpg,train,125
painting_humanart_10000000000797.jpg,train,110
painting_humanart_10000000000798.jpg,train,75
painting_humanart_10000000000800.jpg,train,105
painting_humanart_10000000000802.jpg,train,93
painting_humanart_10000000000803.jpg,train,151
painting_humanart_10000000000804.jpg,train,86
painting_humanart_10000000000807.jpg,train,97
painting_humanart_10000000000809.jpg,train,103
painting_humanart_10000000000810.jpg,train,139
painting_humanart_10000000000811.jpg,train,103
painting_humanart_10000000000814.jpg,train,89
painting_humanart_10000000000816.jpg,train,119
painting_humanart_10000000000817.jpg,train,97
painting_humanart_10000000000818.jpg,train,155
painting_humanart_10000000000819.jpg,train,129
painting_humanart_10000000000820.jpg,train,107
painting_humanart_10000000000821.jpg,train,80
painting_humanart_10000000000822.jpg,train,78
painting_humanart_10000000000823.jpg,train,95
painting_humanart_10000000000824.jpg,train,123
painting_humanart_10000000000825.jpg,train,93
painting_humanart_10000000000827.jpg,train,137
painting_humanart_10000000000828.jpg,train,127
painting_humanart_10000000000829.jpg,train,89
painting_humanart_10000000000830.jpg,train,159
painting_humanart_10000000000832.jpg,train,127
painting_humanart_10000000000834.jpg,train,109
painting_humanart_10000000000836.jpg,train,99
painting_humanart_10000000000840.jpg,train,91
painting_humanart_10000000000841.jpg,train,170
painting_humanart_10000000000842.jpg,train,106
painting_humanart_10000000000844.jpg,train,100
painting_humanart_10000000000846.jpg,train,93
painting_humanart_10000000000847.jpg,train,80
painting_humanart_10000000000848.jpg,train,82
painting_humanart_10000000000849.jpg,train,137
painting_humanart_10000000000850.jpg,train,121
painting_humanart_10000000000851.jpg,train,50
painting_humanart_10000000000852.jpg,train,60
painting_humanart_10000000000854.jpg,train,98
painting_humanart_10000000000855.jpg,train,89
painting_humanart_10000000000856.jpg,train,88
painting_humanart_10000000000857.jpg,train,122
painting_humanart_10000000000858.jpg,train,73
painting_humanart_10000000000859.jpg,train,105
painting_humanart_10000000000860.jpg,train,51
painting_humanart_10000000000861.jpg,train,137
painting_humanart_10000000000863.jpg,train,127
painting_humanart_10000000000866.jpg,train,125
painting_humanart_10000000000868.jpg,train,81
painting_humanart_10000000000869.jpg,train,93
painting_humanart_10000000000870.jpg,train,83
painting_humanart_10000000000871.jpg,train,116
painting_humanart_10000000000872.jpg,train,90
painting_humanart_10000000000873.jpg,train,104
painting_humanart_10000000000875.jpg,train,67
painting_humanart_10000000000877.jpg,train,105
painting_humanart_10000000000878.jpg,train,128
painting_humanart_10000000000880.jpg,train,118
painting_humanart_10000000000881.jpg,train,117
painting_humanart_10000000000882.jpg,train,119
painting_humanart_10000000000883.jpg,train,196
painting_humanart_10000000000884.jpg,train,98
painting_humanart_10000000000885.jpg,train,102
painting_humanart_10000000000886.jpg,train,108
painting_humanart_10000000000887.jpg,train,110
painting_humanart_10000000000888.jpg,train,90
painting_humanart_10000000000889.jpg,train,124
painting_humanart_10000000000890.jpg,train,160
painting_humanart_10000000000891.jpg,train,90
painting_humanart_10000000000892.jpg,train,92
painting_humanart_10000000000893.jpg,train,106
painting_humanart_10000000000894.jpg,train,137
painting_humanart_10000000000895.jpg,train,76
painting_humanart_10000000000896.jpg,train,105
painting_humanart_10000000000897.jpg,train,107
painting_humanart_10000000000898.jpg,train,110
painting_humanart_10000000000900.jpg,train,83
painting_humanart_10000000000901.jpg,train,96
painting_humanart_10000000000903.jpg,train,106
painting_humanart_10000000000904.jpg,train,132
painting_humanart_10000000000907.jpg,train,113
painting_humanart_10000000000908.jpg,train,134
painting_humanart_10000000000909.jpg,train,111
painting_humanart_10000000000911.jpg,train,87
painting_humanart_10000000000912.jpg,train,120
painting_humanart_10000000000913.jpg,train,83
painting_humanart_10000000000914.jpg,train,83
painting_humanart_10000000000915.jpg,train,88
painting_humanart_10000000000916.jpg,train,110
painting_humanart_10000000000917.jpg,train,119
painting_humanart_10000000000918.jpg,train,80
painting_humanart_10000000000919.jpg,train,70
painting_humanart_10000000000920.jpg,train,79
painting_humanart_10000000000922.jpg,train,107
painting_humanart_10000000000923.jpg,train,157
painting_humanart_10000000000924.jpg,train,124
painting_humanart_10000000000925.jpg,train,100
painting_humanart_10000000000927.jpg,train,143
painting_humanart_10000000000929.jpg,train,116
painting_humanart_10000000000930.jpg,train,63
painting_humanart_10000000000933.jpg,train,107
painting_humanart_10000000000934.jpg,train,125
painting_humanart_10000000000935.jpg,train,63
painting_humanart_10000000000936.jpg,train,68
painting_humanart_10000000000937.jpg,train,112
painting_humanart_10000000000939.jpg,train,89
painting_humanart_10000000000941.jpg,train,84
painting_humanart_10000000000942.jpg,train,110
painting_humanart_10000000000943.jpg,train,165
painting_humanart_10000000000944.jpg,train,108
painting_humanart_10000000000947.jpg,train,88
painting_humanart_10000000000949.jpg,train,64
painting_humanart_10000000000950.jpg,train,85
painting_humanart_10000000000951.jpg,train,112
painting_humanart_10000000000952.jpg,train,65
painting_humanart_10000000000953.jpg,train,119
painting_humanart_10000000000956.jpg,train,83
painting_humanart_10000000000957.jpg,train,158
painting_humanart_10000000000958.jpg,train,116
painting_humanart_10000000000960.jpg,train,85
painting_humanart_10000000000961.jpg,train,115
painting_humanart_10000000000962.jpg,train,71
painting_humanart_10000000000964.jpg,train,87
painting_humanart_10000000000965.jpg,train,87
painting_humanart_10000000000966.jpg,train,88
painting_humanart_10000000000970.jpg,train,94
painting_humanart_10000000000971.jpg,train,83
painting_humanart_10000000000973.jpg,train,117
painting_humanart_10000000000975.jpg,train,138
painting_humanart_10000000000978.jpg,train,98
painting_humanart_10000000000980.jpg,train,101
painting_humanart_10000000000981.jpg,train,91
painting_humanart_10000000000982.jpg,train,99
painting_humanart_10000000000983.jpg,train,64
painting_humanart_10000000000984.jpg,train,73
painting_humanart_10000000000985.jpg,train,106
painting_humanart_10000000000987.jpg,train,118
painting_humanart_10000000000990.jpg,train,113
painting_humanart_10000000000991.jpg,train,42
painting_humanart_10000000000992.jpg,train,106
painting_humanart_10000000000993.jpg,train,112
painting_humanart_10000000000994.jpg,train,106
painting_humanart_10000000000996.jpg,train,91
painting_humanart_10000000000997.jpg,train,113
painting_humanart_10000000000998.jpg,train,83
painting_humanart_10000000000999.jpg,train,83
painting_humanart_10000000001007.jpg,train,95
painting_humanart_10000000001010.jpg,train,72
painting_humanart_10000000001014.jpg,train,116
painting_humanart_10000000001015.jpg,train,116
painting_humanart_10000000001017.jpg,train,98
painting_humanart_10000000001018.jpg,train,107
painting_humanart_10000000001023.jpg,train,124
painting_humanart_10000000001024.jpg,train,83
painting_humanart_10000000001033.jpg,train,62
painting_humanart_10000000001034.jpg,train,114
painting_humanart_10000000001049.jpg,train,102
painting_humanart_10000000001058.jpg,train,137
painting_humanart_10000000001069.jpg,train,65
painting_humanart_10000000001085.jpg,train,95
painting_humanart_10000000001089.jpg,train,77
painting_humanart_10000000001096.jpg,train,104
painting_humanart_10000000001099.jpg,train,119
painting_humanart_10000000001101.jpg,train,115
painting_humanart_10000000001103.jpg,train,85
painting_humanart_10000000001104.jpg,train,123
painting_humanart_10000000001132.jpg,train,102
painting_humanart_10000000001136.jpg,train,118
painting_humanart_10000000001139.jpg,train,74
painting_humanart_1000000000115.jpg,train,125
painting_humanart_10000000001154.jpg,train,99
painting_humanart_10000000001155.jpg,train,89
painting_humanart_10000000001185.jpg,train,128
painting_humanart_10000000001191.jpg,train,118
painting_humanart_10000000001195.jpg,train,92
painting_humanart_10000000001205.jpg,train,66
painting_humanart_10000000001210.jpg,train,88
painting_humanart_10000000001211.jpg,train,100
painting_humanart_10000000001214.jpg,train,103
painting_humanart_10000000001218.jpg,train,122
painting_humanart_1000000000122.jpg,train,111
painting_humanart_10000000001220.jpg,train,105
painting_humanart_10000000001226.jpg,train,111
painting_humanart_10000000001231.jpg,train,161
painting_humanart_1000000000124.jpg,train,110
painting_humanart_10000000001241.jpg,train,85
painting_humanart_10000000001243.jpg,train,145
painting_humanart_10000000001245.jpg,train,122
painting_humanart_10000000001246.jpg,train,83
painting_humanart_10000000001253.jpg,train,109
painting_humanart_10000000001276.jpg,train,100
painting_humanart_10000000001305.jpg,train,107
painting_humanart_10000000001312.jpg,train,73
painting_humanart_10000000001313.jpg,train,95
painting_humanart_10000000001325.jpg,train,74
painting_humanart_10000000001327.jpg,train,143
painting_humanart_10000000001334.jpg,train,119
painting_humanart_10000000001336.jpg,train,71
painting_humanart_10000000001338.jpg,train,74
painting_humanart_10000000001342.jpg,train,118
painting_humanart_10000000001343.jpg,train,136
painting_humanart_10000000001344.jpg,train,86
painting_humanart_10000000001353.jpg,train,114
painting_humanart_10000000001355.jpg,train,103
painting_humanart_10000000001356.jpg,train,128
painting_humanart_10000000001357.jpg,train,100
painting_humanart_10000000001363.jpg,train,79
painting_humanart_10000000001364.jpg,train,64
painting_humanart_10000000001369.jpg,train,116
painting_humanart_10000000001370.jpg,train,127
painting_humanart_10000000001371.jpg,train,107
painting_humanart_10000000001373.jpg,train,118
painting_humanart_10000000001391.jpg,train,71
painting_humanart_10000000001393.jpg,train,81
painting_humanart_1000000000140.jpg,train,71
painting_humanart_10000000001407.jpg,train,121
painting_humanart_10000000001410.jpg,train,121
painting_humanart_10000000001419.jpg,train,122
painting_humanart_10000000001432.jpg,train,78
painting_humanart_10000000001433.jpg,train,139
painting_humanart_10000000001446.jpg,train,146
painting_humanart_10000000001448.jpg,train,74
painting_humanart_10000000001449.jpg,train,69
painting_humanart_10000000001464.jpg,train,118
painting_humanart_10000000001469.jpg,train,110
painting_humanart_10000000001471.jpg,train,100
painting_humanart_10000000001474.jpg,train,99
painting_humanart_10000000001478.jpg,train,92
painting_humanart_10000000001493.jpg,train,93
painting_humanart_10000000001498.jpg,train,110
painting_humanart_1000000000150.jpg,train,126
painting_humanart_10000000001506.jpg,train,102
painting_humanart_10000000001510.jpg,train,98
painting_humanart_10000000001516.jpg,train,144
painting_humanart_10000000001519.jpg,train,136
painting_humanart_10000000001524.jpg,train,57
painting_humanart_1000000000153.jpg,train,77
painting_humanart_10000000001534.jpg,train,101
painting_humanart_10000000001535.jpg,train,88
painting_humanart_10000000001537.jpg,train,92
painting_humanart_10000000001540.jpg,train,107
painting_humanart_10000000001548.jpg,train,59
painting_humanart_10000000001551.jpg,train,72
painting_humanart_10000000001554.jpg,train,57
painting_humanart_10000000001557.jpg,train,67
painting_humanart_10000000001558.jpg,train,129
painting_humanart_1000000000157.jpg,train,81
painting_humanart_10000000001571.jpg,train,72
painting_humanart_1000000000158.jpg,train,101
painting_humanart_10000000001581.jpg,train,65
painting_humanart_10000000001586.jpg,train,70
painting_humanart_10000000001594.jpg,train,105
painting_humanart_10000000001597.jpg,train,105
painting_humanart_1000000000160.jpg,train,112
painting_humanart_10000000001609.jpg,train,74
painting_humanart_1000000000161.jpg,train,137
painting_humanart_10000000001618.jpg,train,74
painting_humanart_10000000001619.jpg,train,99
painting_humanart_10000000001626.jpg,train,123
painting_humanart_1000000000163.jpg,train,70
painting_humanart_10000000001631.jpg,train,91
painting_humanart_10000000001633.jpg,train,114
painting_humanart_10000000001648.jpg,train,83
painting_humanart_10000000001649.jpg,train,74
painting_humanart_10000000001650.jpg,train,57
painting_humanart_10000000001652.jpg,train,83
painting_humanart_10000000001655.jpg,train,103
painting_humanart_10000000001665.jpg,train,79
painting_humanart_10000000001668.jpg,train,90
painting_humanart_10000000001669.jpg,train,83
painting_humanart_10000000001674.jpg,train,154
painting_humanart_10000000001677.jpg,train,124
painting_humanart_10000000001681.jpg,train,95
painting_humanart_10000000001683.jpg,train,82
painting_humanart_10000000001690.jpg,train,121
painting_humanart_1000000000170.jpg,train,107
painting_humanart_10000000001704.jpg,train,131
painting_humanart_10000000001712.jpg,train,96
painting_humanart_10000000001715.jpg,train,103
painting_humanart_10000000001716.jpg,train,83
painting_humanart_10000000001719.jpg,train,72
painting_humanart_10000000001721.jpg,train,62
painting_humanart_10000000001725.jpg,train,142
painting_humanart_10000000001738.jpg,train,105
painting_humanart_10000000001740.jpg,train,140
painting_humanart_10000000001742.jpg,train,94
painting_humanart_10000000001748.jpg,train,110
painting_humanart_10000000001765.jpg,train,78
painting_humanart_10000000001768.jpg,train,133
painting_humanart_10000000001778.jpg,train,115
painting_humanart_10000000001781.jpg,train,78
painting_humanart_10000000001801.jpg,train,103
painting_humanart_10000000001803.jpg,train,73
painting_humanart_10000000001805.jpg,train,118
painting_humanart_10000000001808.jpg,train,113
painting_humanart_10000000001811.jpg,train,140
painting_humanart_10000000001815.jpg,train,103
painting_humanart_10000000001816.jpg,train,54
painting_humanart_10000000001818.jpg,train,100
painting_humanart_1000000000182.jpg,train,120
painting_humanart_10000000001827.jpg,train,119
painting_humanart_1000000000183.jpg,train,159
painting_humanart_10000000001830.jpg,train,115
painting_humanart_10000000001832.jpg,train,118
painting_humanart_10000000001858.jpg,train,106
painting_humanart_10000000001866.jpg,train,104
painting_humanart_10000000001881.jpg,train,91
painting_humanart_10000000001885.jpg,train,59
painting_humanart_1000000000189.jpg,train,86
painting_humanart_10000000001890.jpg,train,119
painting_humanart_10000000001893.jpg,train,114
painting_humanart_1000000000190.jpg,train,68
painting_humanart_10000000001908.jpg,train,119
painting_humanart_10000000001913.jpg,train,136
painting_humanart_1000000000192.jpg,train,93
painting_humanart_10000000001920.jpg,train,93
painting_humanart_10000000001926.jpg,train,69
painting_humanart_10000000001929.jpg,train,96
painting_humanart_10000000001931.jpg,train,76
painting_humanart_10000000001932.jpg,train,49
painting_humanart_10000000001933.jpg,train,126
painting_humanart_10000000001939.jpg,train,117
painting_humanart_10000000001947.jpg,train,69
painting_humanart_10000000001949.jpg,train,91
painting_humanart_10000000001961.jpg,train,101
painting_humanart_10000000001970.jpg,train,87
painting_humanart_10000000001973.jpg,train,96
painting_humanart_10000000001976.jpg,train,71
painting_humanart_10000000001977.jpg,train,44
painting_humanart_1000000000198.jpg,train,94
painting_humanart_10000000001985.jpg,train,152
painting_humanart_10000000001987.jpg,train,114
painting_humanart_10000000001991.jpg,train,133
painting_humanart_10000000001999.jpg,train,71
painting_humanart_10000000002007.jpg,train,98
painting_humanart_10000000002011.jpg,train,97
painting_humanart_10000000002014.jpg,train,110
painting_humanart_10000000002016.jpg,train,94
painting_humanart_10000000002017.jpg,train,115
painting_humanart_10000000002020.jpg,train,82
painting_humanart_10000000002021.jpg,train,63
painting_humanart_10000000002025.jpg,train,120
painting_humanart_10000000002026.jpg,train,80
painting_humanart_10000000002031.jpg,train,127
painting_humanart_10000000002036.jpg,train,116
painting_humanart_10000000002040.jpg,train,114
painting_humanart_10000000002042.jpg,train,161
painting_humanart_10000000002049.jpg,train,102
painting_humanart_10000000002069.jpg,train,115
painting_humanart_10000000002070.jpg,train,66
painting_humanart_10000000002078.jpg,train,106
painting_humanart_10000000002081.jpg,train,98
painting_humanart_10000000002087.jpg,train,90
painting_humanart_10000000002094.jpg,train,65
painting_humanart_10000000002106.jpg,train,140
painting_humanart_10000000002107.jpg,train,77
painting_humanart_1000000000211.jpg,train,57
painting_humanart_10000000002112.jpg,train,67
painting_humanart_10000000002113.jpg,train,94
painting_humanart_10000000002127.jpg,train,66
painting_humanart_10000000002130.jpg,train,86
painting_humanart_10000000002134.jpg,train,144
painting_humanart_10000000002139.jpg,train,76
painting_humanart_10000000002168.jpg,train,74
painting_humanart_10000000002169.jpg,train,75
painting_humanart_10000000002173.jpg,train,90
painting_humanart_10000000002177.jpg,train,119
painting_humanart_10000000002184.jpg,train,94
painting_humanart_10000000002195.jpg,train,82
painting_humanart_10000000002199.jpg,train,96
painting_humanart_10000000002202.jpg,train,94
painting_humanart_10000000002225.jpg,train,106
painting_humanart_10000000002234.jpg,train,115
painting_humanart_10000000002239.jpg,train,98
painting_humanart_1000000000224.jpg,train,128
painting_humanart_1000000000225.jpg,train,114
painting_humanart_10000000002257.jpg,train,64
painting_humanart_1000000000226.jpg,train,64
painting_humanart_10000000002260.jpg,train,75
painting_humanart_10000000002263.jpg,train,71
painting_humanart_10000000002268.jpg,train,82
painting_humanart_10000000002269.jpg,train,58
painting_humanart_10000000002275.jpg,train,95
painting_humanart_10000000002279.jpg,train,87
painting_humanart_10000000002282.jpg,train,55
painting_humanart_10000000002283.jpg,train,80
painting_humanart_1000000000229.jpg,train,94
painting_humanart_10000000002290.jpg,train,89
painting_humanart_10000000002310.jpg,train,100
painting_humanart_10000000002313.jpg,train,93
painting_humanart_10000000002318.jpg,train,92
painting_humanart_10000000002320.jpg,train,116
painting_humanart_10000000002326.jpg,train,55
painting_humanart_10000000002335.jpg,train,107
painting_humanart_10000000002345.jpg,train,91
painting_humanart_10000000002348.jpg,train,93
painting_humanart_1000000000235.jpg,train,110
painting_humanart_10000000002353.jpg,train,132
painting_humanart_10000000002354.jpg,train,49
painting_humanart_10000000002357.jpg,train,59
painting_humanart_10000000002366.jpg,train,68
painting_humanart_10000000002371.jpg,train,76
painting_humanart_10000000002373.jpg,train,63
painting_humanart_10000000002376.jpg,train,111
painting_humanart_10000000002378.jpg,train,103
painting_humanart_10000000002388.jpg,train,104
painting_humanart_10000000002390.jpg,train,86
painting_humanart_10000000002391.jpg,train,138
painting_humanart_10000000002395.jpg,train,125
painting_humanart_10000000002399.jpg,train,137
painting_humanart_10000000002403.jpg,train,98
painting_humanart_10000000002410.jpg,train,62
painting_humanart_10000000002413.jpg,train,110
painting_humanart_10000000002427.jpg,train,97
painting_humanart_10000000002430.jpg,train,107
painting_humanart_10000000002431.jpg,train,123
painting_humanart_10000000002434.jpg,train,117
painting_humanart_10000000002443.jpg,train,79
painting_humanart_10000000002444.jpg,train,48
painting_humanart_10000000002446.jpg,train,78
painting_humanart_10000000002449.jpg,train,93
painting_humanart_10000000002459.jpg,train,142
painting_humanart_10000000002460.jpg,train,105
painting_humanart_10000000002461.jpg,train,127
painting_humanart_10000000002478.jpg,train,102
painting_humanart_10000000002482.jpg,train,139
painting_humanart_10000000002485.jpg,train,114
painting_humanart_10000000002486.jpg,train,134
painting_humanart_10000000002487.jpg,train,90
painting_humanart_10000000002495.jpg,train,110
painting_humanart_10000000002499.jpg,train,80
painting_humanart_10000000002512.jpg,train,115
painting_humanart_10000000002524.jpg,train,149
painting_humanart_10000000002529.jpg,train,72
painting_humanart_10000000002530.jpg,train,101
painting_humanart_10000000002532.jpg,train,95
painting_humanart_10000000002535.jpg,train,93
painting_humanart_10000000002542.jpg,train,63
painting_humanart_10000000002543.jpg,train,96
painting_humanart_10000000002544.jpg,train,121
painting_humanart_10000000002549.jpg,train,106
painting_humanart_10000000002553.jpg,train,144
painting_humanart_10000000002559.jpg,train,119
painting_humanart_10000000002564.jpg,train,119
painting_humanart_10000000002569.jpg,train,62
painting_humanart_10000000002576.jpg,train,103
painting_humanart_10000000002579.jpg,train,77
painting_humanart_10000000002581.jpg,train,110
painting_humanart_10000000002584.jpg,train,111
painting_humanart_10000000002585.jpg,train,104
painting_humanart_10000000002589.jpg,train,81
painting_humanart_10000000002590.jpg,train,68
painting_humanart_10000000002595.jpg,train,110
painting_humanart_10000000002601.jpg,train,104
painting_humanart_10000000002603.jpg,train,122
painting_humanart_10000000002610.jpg,train,136
painting_humanart_10000000002611.jpg,train,52
painting_humanart_10000000002621.jpg,train,65
painting_humanart_10000000002622.jpg,train,108
painting_humanart_10000000002629.jpg,train,57
painting_humanart_1000000000263.jpg,train,119
painting_humanart_10000000002632.jpg,train,92
painting_humanart_10000000002633.jpg,train,80
painting_humanart_10000000002650.jpg,train,113
painting_humanart_10000000002653.jpg,train,98
painting_humanart_10000000002656.jpg,train,74
painting_humanart_1000000000266.jpg,train,87
painting_humanart_10000000002660.jpg,train,93
painting_humanart_10000000002664.jpg,train,56
painting_humanart_10000000002670.jpg,train,134
painting_humanart_10000000002676.jpg,train,101
painting_humanart_10000000002682.jpg,train,88
painting_humanart_10000000002688.jpg,train,127
painting_humanart_10000000002689.jpg,train,96
painting_humanart_1000000000269.jpg,train,144
painting_humanart_10000000002691.jpg,train,95
painting_humanart_10000000002694.jpg,train,59
painting_humanart_10000000002704.jpg,train,119
painting_humanart_10000000002707.jpg,train,97
painting_humanart_10000000002708.jpg,train,109
painting_humanart_10000000002714.jpg,train,80
painting_humanart_10000000002715.jpg,train,85
painting_humanart_10000000002716.jpg,train,110
painting_humanart_10000000002721.jpg,train,117
painting_humanart_10000000002726.jpg,train,85
painting_humanart_10000000002729.jpg,train,92
painting_humanart_10000000002730.jpg,train,85
painting_humanart_10000000002738.jpg,train,116
painting_humanart_10000000002742.jpg,train,61
painting_humanart_10000000002747.jpg,train,87
painting_humanart_10000000002751.jpg,train,106
painting_humanart_10000000002763.jpg,train,119
painting_humanart_10000000002768.jpg,train,83
painting_humanart_1000000000277.jpg,train,69
painting_humanart_10000000002777.jpg,train,99
painting_humanart_10000000002779.jpg,train,63
painting_humanart_10000000002782.jpg,train,109
painting_humanart_10000000002788.jpg,train,81
painting_humanart_10000000002794.jpg,train,63
painting_humanart_10000000002796.jpg,train,90
painting_humanart_1000000000280.jpg,train,152
painting_humanart_10000000002804.jpg,train,104
painting_humanart_10000000002811.jpg,train,112
painting_humanart_10000000002818.jpg,train,68
painting_humanart_10000000002825.jpg,train,92
painting_humanart_10000000002827.jpg,train,111
painting_humanart_10000000002829.jpg,train,137
painting_humanart_10000000002837.jpg,train,92
painting_humanart_1000000000284.jpg,train,92
painting_humanart_10000000002843.jpg,train,111
painting_humanart_10000000002845.jpg,train,110
painting_humanart_10000000002846.jpg,train,106
painting_humanart_10000000002850.jpg,train,87
painting_humanart_10000000002855.jpg,train,147
painting_humanart_10000000002860.jpg,train,65
painting_humanart_10000000002861.jpg,train,115
painting_humanart_10000000002864.jpg,train,114
painting_humanart_10000000002866.jpg,train,82
painting_humanart_10000000002873.jpg,train,116
painting_humanart_10000000002874.jpg,train,84
painting_humanart_10000000002875.jpg,train,116
painting_humanart_1000000000288.jpg,train,136
painting_humanart_10000000002885.jpg,train,115
painting_humanart_10000000002886.jpg,train,76
painting_humanart_10000000002895.jpg,train,101
painting_humanart_1000000000290.jpg,train,46
painting_humanart_10000000002908.jpg,train,121
painting_humanart_10000000002910.jpg,train,159
painting_humanart_10000000002922.jpg,train,49
painting_humanart_10000000002923.jpg,train,111
painting_humanart_10000000002929.jpg,train,61
painting_humanart_10000000002930.jpg,train,33
painting_humanart_10000000002938.jpg,train,64
painting_humanart_10000000002948.jpg,train,98
painting_humanart_1000000000295.jpg,train,70
painting_humanart_10000000002954.jpg,train,48
painting_humanart_10000000002955.jpg,train,152
painting_humanart_10000000002957.jpg,train,69
painting_humanart_10000000002964.jpg,train,112
painting_humanart_10000000002965.jpg,train,90
painting_humanart_1000000000297.jpg,train,116
painting_humanart_10000000002973.jpg,train,119
painting_humanart_10000000002974.jpg,train,86
painting_humanart_1000000000298.jpg,train,121
painting_humanart_10000000002985.jpg,train,138
painting_humanart_10000000002987.jpg,train,92
painting_humanart_10000000002988.jpg,train,83
painting_humanart_1000000000299.jpg,train,120
painting_humanart_10000000003000.jpg,train,107
painting_humanart_10000000003002.jpg,train,100
painting_humanart_10000000003007.jpg,train,61
painting_humanart_10000000003015.jpg,train,83
painting_humanart_10000000003026.jpg,train,109
painting_humanart_10000000003032.jpg,train,131
painting_humanart_10000000003040.jpg,train,62
painting_humanart_10000000003053.jpg,train,90
painting_humanart_10000000003056.jpg,train,70
painting_humanart_10000000003057.jpg,train,115
painting_humanart_10000000003059.jpg,train,132
painting_humanart_10000000003064.jpg,train,70
painting_humanart_10000000003084.jpg,train,100
painting_humanart_10000000003098.jpg,train,75
painting_humanart_1000000000310.jpg,train,85
painting_humanart_10000000003106.jpg,train,59
painting_humanart_10000000003107.jpg,train,69
painting_humanart_10000000003111.jpg,train,83
painting_humanart_10000000003112.jpg,train,117
painting_humanart_10000000003116.jpg,train,66
painting_humanart_10000000003121.jpg,train,78
painting_humanart_10000000003130.jpg,train,64
painting_humanart_10000000003133.jpg,train,125
painting_humanart_10000000003135.jpg,train,100
painting_humanart_10000000003146.jpg,train,130
painting_humanart_10000000003151.jpg,train,153
painting_humanart_10000000003153.jpg,train,81
painting_humanart_10000000003154.jpg,train,56
painting_humanart_10000000003161.jpg,train,88
painting_humanart_10000000003173.jpg,train,59
painting_humanart_10000000003175.jpg,train,106
painting_humanart_10000000003176.jpg,train,76
painting_humanart_10000000003205.jpg,train,104
painting_humanart_10000000003207.jpg,train,100
painting_humanart_1000000000321.jpg,train,47
painting_humanart_10000000003213.jpg,train,109
painting_humanart_1000000000323.jpg,train,64
painting_humanart_10000000003237.jpg,train,100
painting_humanart_10000000003238.jpg,train,86
painting_humanart_1000000000325.jpg,train,104
painting_humanart_10000000003252.jpg,train,141
painting_humanart_10000000003255.jpg,train,71
painting_humanart_10000000003276.jpg,train,132
painting_humanart_1000000000328.jpg,train,54
painting_humanart_1000000000330.jpg,train,109
painting_humanart_10000000003302.jpg,train,91
painting_humanart_10000000003303.jpg,train,92
painting_humanart_10000000003305.jpg,train,114
painting_humanart_10000000003311.jpg,train,86
painting_humanart_10000000003317.jpg,train,66
painting_humanart_10000000003321.jpg,train,80
painting_humanart_10000000003322.jpg,train,136
painting_humanart_10000000003326.jpg,train,78
painting_humanart_10000000003334.jpg,train,106
painting_humanart_10000000003344.jpg,train,130
painting_humanart_10000000003348.jpg,train,107
painting_humanart_1000000000335.jpg,train,148
painting_humanart_1000000000337.jpg,train,94
painting_humanart_10000000003382.jpg,train,94
painting_humanart_10000000003384.jpg,train,78
painting_humanart_10000000003399.jpg,train,83
painting_humanart_10000000003413.jpg,train,112
painting_humanart_10000000003422.jpg,train,70
painting_humanart_10000000003423.jpg,train,103
painting_humanart_1000000000343.jpg,train,98
painting_humanart_10000000003442.jpg,train,92
painting_humanart_10000000003456.jpg,train,114
painting_humanart_1000000000346.jpg,train,145
painting_humanart_10000000003466.jpg,train,57
painting_humanart_10000000003468.jpg,train,62
painting_humanart_1000000000347.jpg,train,74
painting_humanart_10000000003470.jpg,train,85
painting_humanart_1000000000348.jpg,train,73
painting_humanart_10000000003488.jpg,train,143
painting_humanart_10000000003495.jpg,train,64
painting_humanart_10000000003499.jpg,train,84
painting_humanart_1000000000351.jpg,train,106
painting_humanart_1000000000352.jpg,train,109
painting_humanart_10000000003526.jpg,train,96
painting_humanart_10000000003527.jpg,train,71
painting_humanart_10000000003532.jpg,train,107
painting_humanart_10000000003539.jpg,train,122
painting_humanart_10000000003540.jpg,train,123
painting_humanart_10000000003542.jpg,train,85
painting_humanart_10000000003546.jpg,train,95
painting_humanart_10000000003555.jpg,train,86
painting_humanart_10000000003557.jpg,train,82
painting_humanart_10000000003558.jpg,train,90
painting_humanart_10000000003559.jpg,train,116
painting_humanart_10000000003562.jpg,train,97
painting_humanart_10000000003566.jpg,train,92
painting_humanart_10000000003570.jpg,train,74
painting_humanart_10000000003575.jpg,train,110
painting_humanart_10000000003576.jpg,train,100
painting_humanart_10000000003579.jpg,train,71
painting_humanart_1000000000358.jpg,train,142
painting_humanart_1000000000359.jpg,train,119
painting_humanart_10000000003594.jpg,train,76
painting_humanart_10000000003600.jpg,train,111
painting_humanart_10000000003610.jpg,train,101
painting_humanart_10000000003616.jpg,train,82
painting_humanart_1000000000362.jpg,train,128
painting_humanart_10000000003622.jpg,train,98
painting_humanart_1000000000363.jpg,train,98
painting_humanart_10000000003636.jpg,train,106
painting_humanart_10000000003639.jpg,train,119
painting_humanart_10000000003642.jpg,train,69
painting_humanart_10000000003643.jpg,train,86
painting_humanart_10000000003645.jpg,train,123
painting_humanart_10000000003649.jpg,train,99
painting_humanart_1000000000365.jpg,train,85
painting_humanart_10000000003650.jpg,train,104
painting_humanart_10000000003654.jpg,train,112
painting_humanart_10000000003661.jpg,train,86
painting_humanart_10000000003664.jpg,train,64
painting_humanart_10000000003668.jpg,train,94
painting_humanart_10000000003669.jpg,train,92
painting_humanart_1000000000367.jpg,train,66
painting_humanart_10000000003676.jpg,train,69
painting_humanart_1000000000368.jpg,train,91
painting_humanart_10000000003680.jpg,train,95
painting_humanart_10000000003681.jpg,train,82
painting_humanart_10000000003687.jpg,train,138
painting_humanart_1000000000369.jpg,train,124
painting_humanart_10000000003694.jpg,train,118
painting_humanart_10000000003704.jpg,train,148
painting_humanart_1000000000372.jpg,train,121
painting_humanart_10000000003724.jpg,train,75
painting_humanart_1000000000373.jpg,train,98
painting_humanart_10000000003734.jpg,train,97
painting_humanart_10000000003736.jpg,train,98
painting_humanart_1000000000374.jpg,train,98
painting_humanart_10000000003743.jpg,train,90
painting_humanart_10000000003754.jpg,train,118
painting_humanart_10000000003762.jpg,train,65
painting_humanart_10000000003764.jpg,train,146
painting_humanart_10000000003765.jpg,train,80
painting_humanart_10000000003767.jpg,train,130
painting_humanart_10000000003784.jpg,train,133
painting_humanart_10000000003786.jpg,train,88
painting_humanart_10000000003790.jpg,train,84
painting_humanart_10000000003794.jpg,train,109
painting_humanart_10000000003799.jpg,train,127
painting_humanart_10000000003806.jpg,train,87
painting_humanart_10000000003817.jpg,train,118
painting_humanart_10000000003819.jpg,train,110
painting_humanart_10000000003823.jpg,train,65
painting_humanart_10000000003829.jpg,train,129
painting_humanart_10000000003832.jpg,train,95
painting_humanart_10000000003835.jpg,train,88
painting_humanart_10000000003846.jpg,train,85
painting_humanart_10000000003855.jpg,train,107
painting_humanart_10000000003856.jpg,train,141
painting_humanart_10000000003857.jpg,train,72
painting_humanart_10000000003860.jpg,train,74
painting_humanart_10000000003871.jpg,train,81
painting_humanart_10000000003872.jpg,train,105
painting_humanart_10000000003873.jpg,train,107
painting_humanart_10000000003881.jpg,train,58
painting_humanart_10000000003884.jpg,train,78
painting_humanart_10000000003889.jpg,train,79
painting_humanart_10000000003890.jpg,train,76
painting_humanart_10000000003894.jpg,train,66
painting_humanart_10000000003897.jpg,train,61
painting_humanart_10000000003901.jpg,train,122
painting_humanart_10000000003902.jpg,train,121
painting_humanart_10000000003912.jpg,train,85
painting_humanart_10000000003917.jpg,train,99
painting_humanart_10000000003926.jpg,train,103
painting_humanart_10000000003938.jpg,train,92
painting_humanart_10000000003939.jpg,train,110
painting_humanart_10000000003941.jpg,train,140
painting_humanart_10000000003946.jpg,train,97
painting_humanart_10000000003947.jpg,train,118
painting_humanart_10000000003948.jpg,train,64
painting_humanart_10000000003951.jpg,train,75
painting_humanart_10000000003955.jpg,train,111
painting_humanart_10000000003975.jpg,train,80
painting_humanart_10000000003986.jpg,train,120
painting_humanart_10000000003991.jpg,train,111
painting_humanart_10000000004001.jpg,train,68
painting_humanart_10000000004012.jpg,train,134
painting_humanart_10000000004017.jpg,train,106
painting_humanart_10000000004019.jpg,train,92
painting_humanart_10000000004027.jpg,train,79
painting_humanart_10000000004029.jpg,train,112
painting_humanart_10000000004030.jpg,train,83
painting_humanart_10000000004034.jpg,train,105
painting_humanart_10000000004047.jpg,train,114
painting_humanart_10000000004051.jpg,train,110
painting_humanart_10000000004054.jpg,train,114
painting_humanart_10000000004057.jpg,train,128
painting_humanart_10000000004061.jpg,train,111
painting_humanart_10000000004082.jpg,train,91
painting_humanart_10000000004088.jpg,train,132
painting_humanart_10000000004090.jpg,train,91
painting_humanart_10000000004091.jpg,train,81
painting_humanart_10000000004096.jpg,train,54
painting_humanart_10000000004100.jpg,train,82
painting_humanart_10000000004103.jpg,train,58
painting_humanart_10000000004113.jpg,train,144
painting_humanart_10000000004116.jpg,train,61
painting_humanart_10000000004123.jpg,train,92
painting_humanart_10000000004141.jpg,train,60
painting_humanart_10000000004146.jpg,train,145
painting_humanart_10000000004152.jpg,train,61
painting_humanart_10000000004155.jpg,train,119
painting_humanart_10000000004157.jpg,train,149
painting_humanart_10000000004158.jpg,train,69
painting_humanart_10000000004166.jpg,train,97
painting_humanart_10000000004172.jpg,train,83
painting_humanart_10000000004184.jpg,train,133
painting_humanart_10000000004189.jpg,train,114
painting_humanart_10000000004190.jpg,train,111
painting_humanart_10000000004196.jpg,train,107
painting_humanart_10000000004207.jpg,train,145
painting_humanart_10000000004214.jpg,train,89
painting_humanart_10000000004216.jpg,train,90
painting_humanart_10000000004220.jpg,train,101
painting_humanart_10000000004222.jpg,train,108
painting_humanart_10000000004225.jpg,train,57
painting_humanart_1000000000424.jpg,train,132
painting_humanart_1000000000425.jpg,train,113
painting_humanart_10000000004255.jpg,train,143
painting_humanart_10000000004257.jpg,train,98
painting_humanart_10000000004259.jpg,train,78
painting_humanart_10000000004260.jpg,train,66
painting_humanart_10000000004268.jpg,train,135
painting_humanart_10000000004279.jpg,train,105
painting_humanart_10000000004285.jpg,train,111
painting_humanart_10000000004293.jpg,train,104
painting_humanart_10000000004294.jpg,train,120
painting_humanart_10000000004301.jpg,train,98
painting_humanart_10000000004303.jpg,train,73
painting_humanart_10000000004310.jpg,train,108
painting_humanart_10000000004318.jpg,train,132
painting_humanart_10000000004319.jpg,train,139
painting_humanart_10000000004322.jpg,train,116
painting_humanart_10000000004329.jpg,train,86
painting_humanart_10000000004333.jpg,train,61
painting_humanart_10000000004337.jpg,train,94
painting_humanart_10000000004339.jpg,train,85
painting_humanart_10000000004356.jpg,train,87
painting_humanart_10000000004381.jpg,train,137
painting_humanart_10000000004384.jpg,train,83
painting_humanart_10000000004407.jpg,train,90
painting_humanart_10000000004421.jpg,train,90
painting_humanart_10000000004428.jpg,train,60
painting_humanart_10000000004434.jpg,train,131
painting_humanart_10000000004436.jpg,train,63
painting_humanart_10000000004441.jpg,train,100
painting_humanart_10000000004443.jpg,train,126
painting_humanart_10000000004446.jpg,train,78
painting_humanart_10000000004460.jpg,train,98
painting_humanart_10000000004463.jpg,train,86
painting_humanart_10000000004472.jpg,train,81
painting_humanart_10000000004488.jpg,train,85
painting_humanart_10000000004496.jpg,train,72
painting_humanart_10000000004501.jpg,train,86
painting_humanart_10000000004508.jpg,train,113
painting_humanart_10000000004518.jpg,train,98
painting_humanart_10000000004527.jpg,train,124
painting_humanart_10000000004554.jpg,train,130
painting_humanart_10000000004567.jpg,train,67
painting_humanart_10000000004568.jpg,train,79
painting_humanart_10000000004572.jpg,train,73
painting_humanart_10000000004585.jpg,train,98
painting_humanart_10000000004589.jpg,train,84
painting_humanart_10000000004591.jpg,train,100
painting_humanart_10000000004593.jpg,train,101
painting_humanart_10000000004602.jpg,train,150
painting_humanart_10000000004611.jpg,train,130
painting_humanart_10000000004616.jpg,train,124
painting_humanart_10000000004618.jpg,train,137
painting_humanart_10000000004622.jpg,train,104
painting_humanart_10000000004634.jpg,train,89
painting_humanart_10000000004638.jpg,train,155
painting_humanart_10000000004649.jpg,train,72
painting_humanart_10000000004651.jpg,train,157
painting_humanart_10000000004654.jpg,train,100
painting_humanart_10000000004665.jpg,train,131
painting_humanart_10000000004666.jpg,train,104
painting_humanart_10000000004675.jpg,train,59
painting_humanart_10000000004677.jpg,train,105
painting_humanart_10000000004678.jpg,train,104
painting_humanart_10000000004684.jpg,train,118
painting_humanart_10000000004697.jpg,train,131
painting_humanart_10000000004700.jpg,train,83
painting_humanart_10000000004710.jpg,train,76
painting_humanart_10000000004714.jpg,train,78
painting_humanart_10000000004718.jpg,train,119
painting_humanart_10000000004729.jpg,train,113
painting_humanart_1000000000473.jpg,train,109
painting_humanart_10000000004739.jpg,train,78
painting_humanart_10000000004748.jpg,train,142
painting_humanart_1000000000475.jpg,train,110
painting_humanart_10000000004750.jpg,train,90
painting_humanart_10000000004758.jpg,train,66
painting_humanart_1000000000476.jpg,train,64
painting_humanart_10000000004769.jpg,train,90
painting_humanart_10000000004785.jpg,train,106
painting_humanart_10000000004788.jpg,train,123
painting_humanart_10000000004790.jpg,train,102
painting_humanart_10000000004793.jpg,train,121
painting_humanart_10000000004798.jpg,train,113
painting_humanart_10000000004800.jpg,train,118
painting_humanart_10000000004803.jpg,train,131
painting_humanart_1000000000481.jpg,train,60
painting_humanart_10000000004810.jpg,train,105
painting_humanart_10000000004813.jpg,train,84
painting_humanart_10000000004817.jpg,train,101
painting_humanart_1000000000482.jpg,train,125
painting_humanart_10000000004823.jpg,train,110
painting_humanart_10000000004839.jpg,train,151
painting_humanart_10000000004846.jpg,train,120
painting_humanart_10000000004849.jpg,train,81
painting_humanart_1000000000485.jpg,train,78
painting_humanart_10000000004856.jpg,train,75
painting_humanart_1000000000486.jpg,train,131
painting_humanart_10000000004867.jpg,train,93
painting_humanart_10000000004871.jpg,train,78
painting_humanart_10000000004875.jpg,train,54
painting_humanart_10000000004895.jpg,train,126
painting_humanart_10000000004897.jpg,train,120
painting_humanart_10000000004901.jpg,train,89
painting_humanart_10000000004913.jpg,train,89
painting_humanart_10000000004915.jpg,train,77
painting_humanart_10000000004919.jpg,train,137
painting_humanart_10000000004924.jpg,train,112
painting_humanart_10000000004926.jpg,train,64
painting_humanart_10000000004945.jpg,train,75
painting_humanart_1000000000495.jpg,train,64
painting_humanart_10000000004950.jpg,train,54
painting_humanart_10000000004953.jpg,train,99
painting_humanart_10000000004962.jpg,train,118
painting_humanart_10000000004970.jpg,train,118
painting_humanart_10000000004971.jpg,train,67
painting_humanart_10000000004972.jpg,train,120
painting_humanart_10000000004992.jpg,train,82
painting_humanart_1000000000500.jpg,train,80
painting_humanart_10000000005000.jpg,train,113
painting_humanart_10000000005007.jpg,train,79
painting_humanart_10000000005019.jpg,train,59
painting_humanart_10000000005023.jpg,train,87
painting_humanart_10000000005030.jpg,train,110
painting_humanart_10000000005046.jpg,train,73
painting_humanart_10000000005052.jpg,train,74
painting_humanart_10000000005059.jpg,train,117
painting_humanart_10000000005064.jpg,train,98
painting_humanart_10000000005065.jpg,train,54
painting_humanart_10000000005067.jpg,train,94
painting_humanart_10000000005069.jpg,train,73
painting_humanart_10000000005081.jpg,train,56
painting_humanart_10000000005097.jpg,train,92
painting_humanart_10000000005102.jpg,train,150
painting_humanart_10000000005104.jpg,train,100
painting_humanart_10000000005107.jpg,train,95
painting_humanart_10000000005112.jpg,train,141
painting_humanart_10000000005120.jpg,train,83
painting_humanart_10000000005129.jpg,train,82
painting_humanart_10000000005143.jpg,train,66
painting_humanart_10000000005145.jpg,train,76
painting_humanart_10000000005153.jpg,train,150
painting_humanart_10000000005160.jpg,train,110
painting_humanart_10000000005166.jpg,train,88
painting_humanart_10000000005173.jpg,train,69
painting_humanart_10000000005175.jpg,train,88
painting_humanart_10000000005179.jpg,train,100
painting_humanart_10000000005181.jpg,train,56
painting_humanart_10000000005189.jpg,train,60
painting_humanart_10000000005202.jpg,train,92
painting_humanart_1000000000521.jpg,train,141
painting_humanart_10000000005211.jpg,train,69
painting_humanart_10000000005219.jpg,train,99
painting_humanart_10000000005226.jpg,train,109
painting_humanart_1000000000523.jpg,train,51
painting_humanart_1000000000524.jpg,train,62
painting_humanart_10000000005250.jpg,train,73
painting_humanart_10000000005255.jpg,train,103
painting_humanart_10000000005258.jpg,train,120
painting_humanart_1000000000526.jpg,train,61
painting_humanart_1000000000528.jpg,train,86
painting_humanart_10000000005302.jpg,train,75
painting_humanart_10000000005306.jpg,train,115
painting_humanart_10000000005315.jpg,train,112
painting_humanart_10000000005322.jpg,train,84
painting_humanart_10000000005328.jpg,train,80
painting_humanart_1000000000533.jpg,train,82
painting_humanart_1000000000534.jpg,train,73
painting_humanart_10000000005349.jpg,train,123
painting_humanart_10000000005360.jpg,train,105
painting_humanart_10000000005369.jpg,train,105
painting_humanart_10000000005410.jpg,train,68
painting_humanart_10000000005412.jpg,train,78
painting_humanart_10000000005425.jpg,train,149
painting_humanart_10000000005427.jpg,train,143
painting_humanart_10000000005435.jpg,train,74
painting_humanart_10000000005436.jpg,train,129
painting_humanart_10000000005440.jpg,train,133
painting_humanart_10000000005441.jpg,train,63
painting_humanart_10000000005443.jpg,train,66
painting_humanart_10000000005444.jpg,train,133
painting_humanart_10000000005453.jpg,train,98
painting_humanart_10000000005465.jpg,train,113
painting_humanart_10000000005466.jpg,train,75
painting_humanart_10000000005467.jpg,train,124
painting_humanart_1000000000547.jpg,train,85
painting_humanart_10000000005471.jpg,train,112
painting_humanart_10000000005497.jpg,train,127
painting_humanart_10000000005500.jpg,train,85
painting_humanart_10000000005502.jpg,train,91
painting_humanart_10000000005515.jpg,train,76
painting_humanart_10000000005516.jpg,train,61
painting_humanart_10000000005517.jpg,train,59
painting_humanart_1000000000554.jpg,train,79
painting_humanart_10000000005543.jpg,train,78
painting_humanart_10000000005550.jpg,train,86
painting_humanart_1000000000556.jpg,train,145
painting_humanart_10000000005569.jpg,train,101
painting_humanart_10000000005574.jpg,train,99
painting_humanart_1000000000559.jpg,train,107
painting_humanart_10000000005598.jpg,train,60
painting_humanart_1000000000560.jpg,train,87
painting_humanart_10000000005604.jpg,train,102
painting_humanart_10000000005605.jpg,train,97
painting_humanart_10000000005606.jpg,train,77
painting_humanart_10000000005610.jpg,train,113
painting_humanart_10000000005636.jpg,train,111
painting_humanart_10000000005639.jpg,train,101
painting_humanart_10000000005649.jpg,train,113
painting_humanart_10000000005650.jpg,train,78
painting_humanart_10000000005651.jpg,train,70
painting_humanart_1000000000566.jpg,train,95
painting_humanart_10000000005663.jpg,train,59
painting_humanart_10000000005664.jpg,train,125
painting_humanart_10000000005667.jpg,train,58
painting_humanart_10000000005675.jpg,train,112
painting_humanart_1000000000569.jpg,train,136
painting_humanart_10000000005704.jpg,train,125
painting_humanart_10000000005706.jpg,train,119
painting_humanart_10000000005707.jpg,train,166
painting_humanart_10000000005708.jpg,train,118
painting_humanart_10000000005711.jpg,train,124
painting_humanart_10000000005715.jpg,train,72
painting_humanart_10000000005724.jpg,train,113
painting_humanart_10000000005728.jpg,train,115
painting_humanart_10000000005730.jpg,train,94
painting_humanart_10000000005736.jpg,train,105
painting_humanart_1000000000574.jpg,train,87
painting_humanart_1000000000575.jpg,train,141
painting_humanart_1000000000576.jpg,train,76
painting_humanart_10000000005760.jpg,train,93
painting_humanart_10000000005786.jpg,train,96
painting_humanart_10000000005821.jpg,train,106
painting_humanart_1000000000584.jpg,train,109
painting_humanart_1000000000586.jpg,train,103
painting_humanart_10000000005861.jpg,train,118
painting_humanart_10000000005867.jpg,train,88
painting_humanart_10000000005869.jpg,train,87
painting_humanart_10000000005871.jpg,train,83
painting_humanart_10000000005875.jpg,train,74
painting_humanart_1000000000589.jpg,train,59
painting_humanart_1000000000591.jpg,train,96
painting_humanart_10000000005916.jpg,train,114
painting_humanart_10000000005917.jpg,train,97
painting_humanart_1000000000592.jpg,train,119
painting_humanart_10000000005923.jpg,train,108
painting_humanart_10000000005924.jpg,train,155
painting_humanart_10000000005928.jpg,train,108
painting_humanart_10000000005934.jpg,train,79
painting_humanart_10000000005952.jpg,train,130
painting_humanart_10000000005955.jpg,train,113
painting_humanart_10000000005956.jpg,train,67
painting_humanart_10000000005957.jpg,train,86
painting_humanart_10000000005971.jpg,train,82
painting_humanart_10000000005975.jpg,train,81
painting_humanart_10000000005976.jpg,train,94
painting_humanart_1000000000598.jpg,train,121
painting_humanart_10000000005987.jpg,train,105
painting_humanart_10000000006001.jpg,train,75
painting_humanart_10000000006002.jpg,train,58
painting_humanart_10000000006005.jpg,train,90
painting_humanart_10000000006007.jpg,train,104
painting_humanart_10000000006015.jpg,train,74
painting_humanart_10000000006033.jpg,train,170
painting_humanart_10000000006039.jpg,train,91
painting_humanart_10000000006046.jpg,train,150
painting_humanart_10000000006056.jpg,train,84
painting_humanart_10000000006059.jpg,train,113
painting_humanart_10000000006083.jpg,train,123
painting_humanart_10000000006089.jpg,train,86
painting_humanart_10000000006090.jpg,train,125
painting_humanart_10000000006095.jpg,train,86
painting_humanart_1000000000610.jpg,train,73
painting_humanart_10000000006102.jpg,train,90
painting_humanart_10000000006111.jpg,train,108
painting_humanart_10000000006119.jpg,train,91
painting_humanart_10000000006120.jpg,train,104
painting_humanart_10000000006138.jpg,train,87
painting_humanart_10000000006141.jpg,train,105
painting_humanart_10000000006144.jpg,train,78
painting_humanart_10000000006152.jpg,train,76
painting_humanart_10000000006157.jpg,train,128
painting_humanart_10000000006169.jpg,train,126
painting_humanart_10000000006171.jpg,train,120
painting_humanart_1000000000618.jpg,train,75
painting_humanart_10000000006183.jpg,train,89
painting_humanart_10000000006184.jpg,train,134
painting_humanart_10000000006189.jpg,train,108
painting_humanart_10000000006194.jpg,train,85
painting_humanart_10000000006203.jpg,train,144
painting_humanart_1000000000621.jpg,train,127
painting_humanart_10000000006210.jpg,train,95
painting_humanart_10000000006212.jpg,train,107
painting_humanart_10000000006217.jpg,train,78
painting_humanart_10000000006227.jpg,train,89
painting_humanart_1000000000623.jpg,train,105
painting_humanart_10000000006247.jpg,train,95
painting_humanart_10000000006259.jpg,train,127
painting_humanart_10000000006260.jpg,train,86
painting_humanart_10000000006267.jpg,train,86
painting_humanart_10000000006276.jpg,train,100
painting_humanart_10000000006281.jpg,train,137
painting_humanart_1000000000630.jpg,train,143
painting_humanart_10000000006314.jpg,train,125
painting_humanart_1000000000633.jpg,train,68
painting_humanart_10000000006331.jpg,train,155
painting_humanart_10000000006334.jpg,train,109
painting_humanart_10000000006339.jpg,train,111
painting_humanart_10000000006340.jpg,train,116
painting_humanart_10000000006344.jpg,train,83
painting_humanart_10000000006345.jpg,train,92
painting_humanart_1000000000635.jpg,train,102
painting_humanart_10000000006354.jpg,train,144
painting_humanart_1000000000638.jpg,train,126
painting_humanart_10000000006383.jpg,train,73
painting_humanart_10000000006387.jpg,train,97
painting_humanart_1000000000639.jpg,train,91
painting_humanart_10000000006392.jpg,train,110
painting_humanart_10000000006405.jpg,train,66
painting_humanart_1000000000641.jpg,train,138
painting_humanart_10000000006418.jpg,train,80
painting_humanart_10000000006426.jpg,train,124
painting_humanart_1000000000643.jpg,train,128
painting_humanart_10000000006441.jpg,train,121
painting_humanart_10000000006450.jpg,train,66
painting_humanart_10000000006458.jpg,train,93
painting_humanart_10000000006478.jpg,train,119
painting_humanart_10000000006485.jpg,train,77
painting_humanart_1000000000649.jpg,train,138
painting_humanart_1000000000650.jpg,train,77
painting_humanart_10000000006500.jpg,train,119
painting_humanart_10000000006505.jpg,train,77
painting_humanart_10000000006519.jpg,train,76
painting_humanart_10000000006525.jpg,train,105
painting_humanart_1000000000653.jpg,train,125
painting_humanart_10000000006542.jpg,train,84
painting_humanart_10000000006545.jpg,train,107
painting_humanart_1000000000655.jpg,train,73
painting_humanart_10000000006555.jpg,train,110
painting_humanart_10000000006566.jpg,train,106
painting_humanart_10000000006568.jpg,train,74
painting_humanart_1000000000657.jpg,train,84
painting_humanart_1000000000658.jpg,train,76
painting_humanart_1000000000659.jpg,train,121
painting_humanart_10000000006594.jpg,train,82
painting_humanart_10000000006597.jpg,train,118
painting_humanart_10000000006599.jpg,train,105
painting_humanart_10000000006609.jpg,train,121
painting_humanart_10000000006610.jpg,train,68
painting_humanart_1000000000662.jpg,train,76
painting_humanart_10000000006625.jpg,train,141
painting_humanart_10000000006626.jpg,train,74
painting_humanart_1000000000663.jpg,train,89
painting_humanart_1000000000665.jpg,train,66
painting_humanart_1000000000667.jpg,train,112
painting_humanart_1000000000669.jpg,train,56
painting_humanart_1000000000671.jpg,train,132
painting_humanart_1000000000676.jpg,train,93
painting_humanart_1000000000677.jpg,train,125
painting_humanart_1000000000681.jpg,train,76
painting_humanart_1000000000682.jpg,train,104
painting_humanart_1000000000688.jpg,train,61
painting_humanart_1000000000694.jpg,train,51
painting_humanart_1000000000698.jpg,train,84
painting_humanart_1000000000700.jpg,train,92
painting_humanart_1000000000702.jpg,train,134
painting_humanart_1000000000708.jpg,train,70
painting_humanart_1000000000711.jpg,train,105
painting_humanart_1000000000717.jpg,train,124
painting_humanart_1000000000725.jpg,train,90
painting_humanart_1000000000726.jpg,train,97
painting_humanart_1000000000729.jpg,train,100
painting_humanart_1000000000730.jpg,train,56
painting_humanart_1000000000734.jpg,train,144
painting_humanart_1000000000751.jpg,train,120
painting_humanart_1000000000754.jpg,train,179
painting_humanart_1000000000755.jpg,train,120
painting_humanart_1000000000758.jpg,train,98
painting_humanart_1000000000763.jpg,train,137
painting_humanart_1000000000766.jpg,train,87
painting_humanart_1000000000770.jpg,train,58
painting_humanart_1000000000771.jpg,train,61
painting_humanart_1000000000778.jpg,train,72
painting_humanart_1000000000782.jpg,train,110
painting_humanart_1000000000787.jpg,train,102
painting_humanart_1000000000788.jpg,train,130
painting_humanart_1000000000792.jpg,train,113
painting_humanart_1000000000796.jpg,train,111
painting_humanart_1000000000797.jpg,train,43
painting_humanart_1000000000800.jpg,train,59
painting_humanart_1000000000804.jpg,train,93
painting_humanart_1000000000805.jpg,train,63
painting_humanart_1000000000806.jpg,train,113
painting_humanart_1000000000810.jpg,train,62
painting_humanart_1000000000816.jpg,train,117
painting_humanart_1000000000818.jpg,train,78
painting_humanart_1000000000824.jpg,train,89
painting_humanart_1000000000845.jpg,train,130
painting_humanart_1000000000848.jpg,train,135
painting_humanart_1000000000850.jpg,train,89
painting_humanart_1000000000852.jpg,train,96
painting_humanart_1000000000856.jpg,train,53
painting_humanart_1000000000857.jpg,train,114
painting_humanart_1000000000860.jpg,train,109
painting_humanart_1000000000865.jpg,train,50
painting_humanart_1000000000867.jpg,train,64
painting_humanart_1000000000872.jpg,train,84
painting_humanart_1000000000877.jpg,train,44
painting_humanart_1000000000879.jpg,train,118
painting_humanart_1000000000897.jpg,train,74
painting_humanart_1000000000900.jpg,train,107
painting_humanart_1000000000914.jpg,train,104
painting_humanart_1000000000915.jpg,train,72
painting_humanart_1000000000925.jpg,train,58
painting_humanart_1000000000949.jpg,train,72
painting_humanart_1000000000950.jpg,train,108
painting_humanart_1000000000955.jpg,train,107
painting_humanart_1000000000958.jpg,train,114
painting_humanart_1000000000970.jpg,train,74
painting_humanart_1000000000972.jpg,train,124
painting_humanart_1000000000977.jpg,train,102
painting_humanart_1000000000988.jpg,train,115
painting_humanart_1000000001014.jpg,train,105
painting_humanart_1000000001030.jpg,train,85
painting_humanart_1000000001040.jpg,train,89
painting_humanart_1000000001045.jpg,train,105
painting_humanart_1000000001051.jpg,train,117
painting_humanart_1000000001057.jpg,train,169
painting_humanart_1000000001067.jpg,train,104
painting_humanart_1000000001075.jpg,train,122
painting_humanart_1000000001076.jpg,train,94
painting_humanart_1000000001081.jpg,train,115
painting_humanart_1000000001091.jpg,train,131
painting_humanart_1000000001102.jpg,train,150
painting_humanart_1000000001103.jpg,train,76
painting_humanart_1000000001105.jpg,train,110
painting_humanart_1000000001106.jpg,train,87
painting_humanart_1000000001108.jpg,train,68
painting_humanart_1000000001132.jpg,train,99
painting_humanart_1000000001134.jpg,train,133
painting_humanart_1000000001138.jpg,train,65
painting_humanart_1000000001141.jpg,train,112
painting_humanart_1000000001142.jpg,train,95
painting_humanart_1000000001144.jpg,train,115
painting_humanart_1000000001167.jpg,train,120
painting_humanart_1000000001186.jpg,train,142
painting_humanart_1000000001188.jpg,train,111
painting_humanart_1000000001192.jpg,train,102
painting_humanart_1000000001206.jpg,train,124
painting_humanart_1000000001207.jpg,train,134
painting_humanart_1000000001220.jpg,train,137
painting_humanart_1000000001221.jpg,train,75
painting_humanart_1000000001222.jpg,train,98
painting_humanart_1000000001223.jpg,train,88
painting_humanart_1000000001226.jpg,train,146
painting_humanart_1000000001242.jpg,train,75
painting_humanart_1000000001243.jpg,train,69
painting_humanart_1000000001245.jpg,train,84
painting_humanart_1000000001248.jpg,train,84
painting_humanart_1000000001250.jpg,train,96
painting_humanart_1000000001261.jpg,train,81
painting_humanart_1000000001266.jpg,train,83
painting_humanart_1000000001267.jpg,train,54
painting_humanart_1000000001269.jpg,train,33
painting_humanart_1000000001273.jpg,train,133
painting_humanart_1000000001279.jpg,train,67
painting_humanart_1000000001286.jpg,train,135
painting_humanart_1000000001289.jpg,train,120
painting_humanart_1000000001296.jpg,train,110
painting_humanart_1000000001297.jpg,train,84
painting_humanart_1000000001302.jpg,train,96
painting_humanart_1000000001375.jpg,train,49
painting_humanart_1000000001377.jpg,train,88
painting_humanart_1000000001378.jpg,train,110
painting_humanart_1000000001379.jpg,train,84
painting_humanart_1000000001383.jpg,train,110
painting_humanart_1000000001385.jpg,train,110
painting_humanart_1000000001389.jpg,train,63
painting_humanart_1000000001391.jpg,train,99
painting_humanart_1000000001393.jpg,train,122
painting_humanart_1000000001396.jpg,train,67
painting_humanart_1000000001403.jpg,train,87
painting_humanart_1000000001407.jpg,train,78
painting_humanart_1000000001421.jpg,train,103
painting_humanart_1000000001444.jpg,train,96
painting_humanart_1000000001447.jpg,train,107
painting_humanart_1000000001452.jpg,train,66
painting_humanart_1000000001453.jpg,train,112
painting_humanart_1000000001459.jpg,train,97
painting_humanart_1000000001464.jpg,train,138
painting_humanart_1000000001466.jpg,train,78
painting_humanart_1000000001473.jpg,train,96
painting_humanart_1000000001474.jpg,train,88
painting_humanart_1000000001475.jpg,train,102
painting_humanart_1000000001480.jpg,train,86
painting_humanart_1000000001482.jpg,train,91
painting_humanart_1000000001483.jpg,train,60
painting_humanart_1000000001492.jpg,train,99
painting_humanart_1000000001497.jpg,train,81
painting_humanart_1000000001509.jpg,train,58
painting_humanart_1000000001527.jpg,train,163
painting_humanart_1000000001528.jpg,train,64
painting_humanart_1000000001529.jpg,train,76
painting_humanart_1000000001532.jpg,train,150
painting_humanart_1000000001535.jpg,train,62
painting_humanart_1000000001536.jpg,train,112
painting_humanart_1000000001539.jpg,train,104
painting_humanart_1000000001542.jpg,train,77
painting_humanart_1000000001547.jpg,train,78
painting_humanart_1000000001548.jpg,train,81
painting_humanart_1000000001560.jpg,train,82
painting_humanart_1000000001563.jpg,train,72
painting_humanart_1000000001567.jpg,train,66
painting_humanart_1000000001569.jpg,train,118
painting_humanart_1000000001577.jpg,train,71
painting_humanart_1000000001588.jpg,train,96
painting_humanart_1000000001594.jpg,train,76
painting_humanart_1000000001596.jpg,train,78
painting_humanart_1000000001600.jpg,train,121
painting_humanart_1000000001608.jpg,train,52
painting_humanart_1000000001614.jpg,train,100
painting_humanart_1000000001619.jpg,train,59
painting_humanart_1000000001620.jpg,train,123
painting_humanart_1000000001621.jpg,train,143
painting_humanart_1000000001622.jpg,train,92
painting_humanart_1000000001635.jpg,train,82
painting_humanart_1000000001639.jpg,train,64
painting_humanart_1000000001641.jpg,train,78
painting_humanart_1000000001644.jpg,train,117
painting_humanart_1000000001646.jpg,train,50
painting_humanart_1000000001650.jpg,train,82
painting_humanart_1000000001654.jpg,train,104
painting_humanart_1000000001658.jpg,train,118
painting_humanart_1000000001660.jpg,train,82
painting_humanart_1000000001664.jpg,train,97
painting_humanart_1000000001665.jpg,train,99
painting_humanart_1000000001667.jpg,train,67
painting_humanart_1000000001669.jpg,train,117
painting_humanart_1000000001673.jpg,train,90
painting_humanart_1000000001676.jpg,train,150
painting_humanart_1000000001679.jpg,train,95
painting_humanart_1000000001684.jpg,train,78
painting_humanart_1000000001686.jpg,train,122
painting_humanart_1000000001689.jpg,train,111
painting_humanart_1000000001690.jpg,train,137
painting_humanart_1000000001692.jpg,train,92
painting_humanart_1000000001694.jpg,train,43
painting_humanart_1000000001696.jpg,train,135
painting_humanart_1000000001699.jpg,train,128
painting_humanart_1000000001700.jpg,train,153
painting_humanart_1000000001701.jpg,train,167
painting_humanart_1000000001705.jpg,train,148
painting_humanart_1000000001720.jpg,train,114
painting_humanart_1000000001733.jpg,train,91
painting_humanart_1000000001743.jpg,train,96
painting_humanart_1000000001751.jpg,train,179
painting_humanart_1000000001762.jpg,train,57
painting_humanart_1000000001785.jpg,train,95
painting_humanart_1000000001799.jpg,train,51
painting_humanart_1000000001804.jpg,train,69
painting_humanart_1000000001806.jpg,train,76
painting_humanart_1000000001807.jpg,train,89
painting_humanart_1000000001808.jpg,train,124
painting_humanart_1000000001811.jpg,train,99
painting_humanart_1000000001813.jpg,train,69
painting_humanart_1000000001814.jpg,train,133
painting_humanart_1000000001815.jpg,train,78
painting_humanart_1000000001817.jpg,train,125
painting_humanart_1000000001823.jpg,train,111
painting_humanart_1000000001831.jpg,train,81
painting_humanart_1000000001837.jpg,train,71
painting_humanart_1000000001839.jpg,train,97
painting_humanart_1000000001843.jpg,train,50
painting_humanart_1000000001844.jpg,train,123
painting_humanart_1000000001847.jpg,train,100
painting_humanart_1000000001855.jpg,train,89
painting_humanart_1000000001857.jpg,train,92
painting_humanart_1000000001859.jpg,train,68
painting_humanart_1000000001862.jpg,train,89
painting_humanart_1000000001863.jpg,train,78
painting_humanart_1000000001867.jpg,train,110
painting_humanart_1000000001872.jpg,train,155
painting_humanart_1000000001873.jpg,train,70
painting_humanart_1000000001875.jpg,train,126
painting_humanart_1000000001881.jpg,train,96
painting_humanart_1000000001884.jpg,train,149
painting_humanart_1000000001887.jpg,train,69
painting_humanart_1000000001893.jpg,train,75
painting_humanart_1000000001896.jpg,train,121
painting_humanart_1000000001899.jpg,train,117
painting_humanart_1000000001903.jpg,train,95
painting_humanart_1000000001907.jpg,train,54
painting_humanart_1000000001911.jpg,train,122
painting_humanart_1000000001912.jpg,train,103
painting_humanart_1000000001920.jpg,train,88
painting_humanart_1000000001922.jpg,train,108
painting_humanart_1000000001941.jpg,train,102
painting_humanart_1000000001945.jpg,train,123
painting_humanart_1000000001948.jpg,train,119
painting_humanart_1000000001949.jpg,train,67
painting_humanart_1000000001962.jpg,train,58
painting_humanart_1000000001965.jpg,train,89
painting_humanart_1000000002009.jpg,train,83
painting_humanart_1000000002026.jpg,train,71
painting_humanart_1000000002030.jpg,train,148
painting_humanart_1000000002043.jpg,train,57
painting_humanart_1000000002045.jpg,train,68
painting_humanart_1000000002050.jpg,train,158
painting_humanart_1000000002054.jpg,train,101
painting_humanart_1000000002065.jpg,train,107
painting_humanart_1000000002073.jpg,train,120
painting_humanart_1000000002109.jpg,train,125
painting_humanart_1000000002113.jpg,train,72
painting_humanart_1000000002116.jpg,train,88
painting_humanart_1000000002150.jpg,train,104
painting_humanart_1000000002154.jpg,train,95
painting_humanart_1000000002155.jpg,train,79
painting_humanart_1000000002156.jpg,train,83
painting_humanart_1000000002163.jpg,train,90
painting_humanart_1000000002178.jpg,train,116
painting_humanart_1000000002181.jpg,train,97
painting_humanart_1000000002190.jpg,train,105
painting_humanart_1000000002191.jpg,train,136
painting_humanart_1000000002202.jpg,train,77
painting_humanart_1000000002203.jpg,train,102
painting_humanart_1000000002205.jpg,train,67
painting_humanart_1000000002206.jpg,train,95
painting_humanart_1000000002228.jpg,train,102
painting_humanart_1000000002233.jpg,train,120
painting_humanart_1000000002244.jpg,train,114
painting_humanart_1000000002261.jpg,train,115
painting_humanart_1000000002267.jpg,train,121
painting_humanart_1000000002273.jpg,train,140
painting_humanart_1000000002277.jpg,train,77
painting_humanart_1000000002278.jpg,train,114
painting_humanart_1000000002294.jpg,train,127
painting_humanart_1000000002302.jpg,train,136
painting_humanart_1000000002303.jpg,train,82
painting_humanart_1000000002304.jpg,train,80
painting_humanart_1000000002332.jpg,train,120
painting_humanart_1000000002348.jpg,train,89
painting_humanart_1000000002350.jpg,train,72
painting_humanart_1000000002351.jpg,train,71
painting_humanart_1000000002352.jpg,train,79
painting_humanart_1000000002366.jpg,train,94
painting_humanart_1000000002371.jpg,train,112
painting_humanart_1000000002373.jpg,train,57
painting_humanart_1000000002376.jpg,train,80
painting_humanart_1000000002383.jpg,train,85
painting_humanart_1000000002385.jpg,train,83
painting_humanart_1000000002387.jpg,train,86
painting_humanart_1000000002388.jpg,train,73
painting_humanart_1000000002413.jpg,train,88
painting_humanart_1000000002419.jpg,train,62
painting_humanart_1000000002428.jpg,train,111
painting_humanart_1000000002447.jpg,train,107
painting_humanart_1000000002455.jpg,train,110
painting_humanart_1000000002460.jpg,train,72
painting_humanart_1000000002481.jpg,train,161
painting_humanart_1000000002482.jpg,train,99
painting_humanart_1000000002513.jpg,train,114
painting_humanart_1000000002540.jpg,train,86
painting_humanart_1000000002541.jpg,train,121
painting_humanart_1000000002542.jpg,train,122
painting_humanart_1000000002543.jpg,train,132
painting_humanart_1000000002558.jpg,train,72
painting_humanart_1000000002560.jpg,train,67
painting_humanart_1000000002562.jpg,train,106
painting_humanart_1000000002564.jpg,train,98
painting_humanart_1000000002565.jpg,train,71
painting_humanart_1000000002574.jpg,train,73
painting_humanart_1000000002577.jpg,train,96
painting_humanart_1000000002586.jpg,train,112
painting_humanart_1000000002591.jpg,train,134
painting_humanart_1000000002594.jpg,train,95
painting_humanart_1000000002596.jpg,train,81
painting_humanart_1000000002604.jpg,train,120
painting_humanart_1000000002615.jpg,train,85
painting_humanart_1000000002621.jpg,train,105
painting_humanart_1000000002632.jpg,train,45
painting_humanart_1000000002666.jpg,train,82
painting_humanart_1000000002667.jpg,train,141
painting_humanart_1000000002669.jpg,train,118
painting_humanart_1000000002670.jpg,train,107
painting_humanart_1000000002678.jpg,train,136
painting_humanart_1000000002680.jpg,train,76
painting_humanart_1000000002682.jpg,train,88
painting_humanart_1000000002692.jpg,train,95
painting_humanart_1000000002694.jpg,train,118
painting_humanart_1000000002695.jpg,train,107
painting_humanart_1000000002701.jpg,train,116
painting_humanart_1000000002703.jpg,train,137
painting_humanart_1000000002704.jpg,train,104
painting_humanart_1000000002708.jpg,train,129
painting_humanart_1000000002722.jpg,train,68
painting_humanart_1000000002724.jpg,train,110
painting_humanart_1000000002733.jpg,train,71
painting_humanart_1000000002781.jpg,train,75
painting_humanart_1000000002794.jpg,train,123
painting_humanart_1000000002800.jpg,train,120
painting_humanart_1000000002812.jpg,train,161
painting_humanart_1000000002816.jpg,train,126
painting_humanart_1000000002820.jpg,train,52
painting_humanart_1000000002823.jpg,train,76
painting_humanart_1000000002826.jpg,train,109
painting_humanart_1000000002828.jpg,train,126
painting_humanart_1000000002830.jpg,train,103
painting_humanart_1000000002836.jpg,train,111
painting_humanart_1000000002837.jpg,train,127
painting_humanart_1000000002851.jpg,train,110
painting_humanart_1000000002852.jpg,train,87
painting_humanart_1000000002856.jpg,train,170
painting_humanart_1000000002866.jpg,train,66
painting_humanart_1000000002868.jpg,train,54
painting_humanart_1000000002869.jpg,train,106
painting_humanart_1000000002871.jpg,train,155
painting_humanart_1000000002887.jpg,train,102
painting_humanart_1000000002888.jpg,train,55
painting_humanart_1000000002893.jpg,train,144
painting_humanart_1000000002900.jpg,train,85
painting_humanart_1000000002946.jpg,train,116
painting_humanart_1000000002950.jpg,train,81
painting_humanart_1000000002970.jpg,train,91
painting_humanart_1000000002981.jpg,train,134
painting_humanart_1000000003015.jpg,train,61
painting_humanart_1000000003028.jpg,train,78
painting_humanart_1000000003050.jpg,train,73
painting_humanart_1000000003064.jpg,train,86
painting_humanart_1000000003076.jpg,train,82
painting_humanart_1000000003079.jpg,train,68
painting_humanart_1000000003089.jpg,train,90
painting_humanart_1000000003110.jpg,train,93
painting_humanart_1000000003112.jpg,train,90
painting_humanart_1000000003113.jpg,train,115
painting_humanart_1000000003115.jpg,train,91
painting_humanart_1000000003116.jpg,train,93
painting_humanart_1000000003118.jpg,train,100
painting_humanart_1000000003124.jpg,train,62
painting_humanart_1000000003128.jpg,train,86
painting_humanart_1000000003133.jpg,train,65
painting_humanart_1000000003150.jpg,train,107
painting_humanart_1000000003165.jpg,train,94
painting_humanart_1000000003169.jpg,train,103
painting_humanart_1000000003186.jpg,train,63
painting_humanart_1000000003188.jpg,train,63
painting_humanart_1000000003190.jpg,train,54
painting_humanart_1000000003196.jpg,train,74
painting_humanart_1000000003202.jpg,train,87
painting_humanart_1000000003208.jpg,train,54
painting_humanart_1000000003209.jpg,train,81
painting_humanart_1000000003211.jpg,train,107
painting_humanart_1000000003215.jpg,train,103
painting_humanart_1000000003224.jpg,train,64
painting_humanart_1000000003235.jpg,train,84
painting_humanart_1000000003246.jpg,train,97
painting_humanart_1000000003248.jpg,train,73
painting_humanart_1000000003249.jpg,train,92
painting_humanart_1000000003262.jpg,train,57
painting_humanart_1000000003266.jpg,train,121
painting_humanart_1000000003267.jpg,train,47
painting_humanart_1000000003275.jpg,train,72
painting_humanart_1000000003290.jpg,train,55
painting_humanart_1000000003303.jpg,train,53
painting_humanart_1000000003305.jpg,train,42
painting_humanart_1000000003316.jpg,train,81
painting_humanart_1000000003318.jpg,train,67
painting_humanart_1000000003319.jpg,train,89
painting_humanart_1000000003337.jpg,train,134
painting_humanart_1000000003340.jpg,train,156
painting_humanart_1000000003350.jpg,train,130
painting_humanart_1000000003366.jpg,train,60
painting_humanart_1000000003379.jpg,train,78
painting_humanart_1000000003381.jpg,train,98
painting_humanart_1000000003383.jpg,train,87
painting_humanart_1000000003391.jpg,train,127
painting_humanart_1000000003395.jpg,train,92
painting_humanart_1000000003396.jpg,train,112
painting_humanart_1000000003404.jpg,train,88
painting_humanart_1000000003410.jpg,train,121
painting_humanart_1000000003412.jpg,train,80
painting_humanart_1000000003417.jpg,train,88
painting_humanart_1000000003476.jpg,train,86
painting_humanart_1000000003484.jpg,train,60
painting_humanart_1000000003487.jpg,train,110
painting_humanart_1000000003514.jpg,train,86
painting_humanart_1000000003533.jpg,train,104
painting_humanart_1000000003535.jpg,train,86
painting_humanart_1000000003536.jpg,train,72
painting_humanart_1000000003541.jpg,train,74
painting_humanart_1000000003583.jpg,train,49
painting_humanart_1000000003589.jpg,train,48
painting_humanart_1000000003615.jpg,train,59
painting_humanart_1000000003623.jpg,train,79
painting_humanart_1000000003625.jpg,train,97
painting_humanart_1000000003646.jpg,train,132
painting_humanart_1000000003652.jpg,train,69
painting_humanart_1000000003684.jpg,train,79
painting_humanart_1000000003686.jpg,train,45
painting_humanart_1000000003700.jpg,train,105
painting_humanart_1000000003706.jpg,train,77
painting_humanart_1000000003712.jpg,train,149
painting_humanart_1000000003714.jpg,train,117
painting_humanart_1000000003726.jpg,train,86
painting_humanart_1000000003731.jpg,train,79
painting_humanart_1000000003743.jpg,train,112
painting_humanart_1000000003769.jpg,train,69
painting_humanart_1000000003784.jpg,train,45
painting_humanart_1000000003810.jpg,train,73
painting_humanart_1000000003870.jpg,train,68
painting_humanart_1000000003899.jpg,train,107
painting_humanart_1000000003906.jpg,train,41
painting_humanart_1000000003912.jpg,train,89
painting_humanart_1000000003917.jpg,train,93
painting_humanart_1000000003948.jpg,train,84
painting_humanart_1000000003955.jpg,train,108
painting_humanart_1000000003962.jpg,train,112
painting_humanart_1000000003972.jpg,train,105
painting_humanart_1000000003974.jpg,train,63
painting_humanart_1000000003986.jpg,train,94
painting_humanart_1000000004030.jpg,train,102
painting_humanart_1000000004064.jpg,train,71
painting_humanart_1000000004078.jpg,train,65
painting_humanart_1000000004110.jpg,train,112
painting_humanart_1000000004125.jpg,train,69
painting_humanart_1000000004126.jpg,train,103
painting_humanart_1000000004169.jpg,train,87
painting_humanart_1000000004187.jpg,train,74
painting_humanart_1000000004229.jpg,train,123
painting_humanart_1000000004232.jpg,train,81
painting_humanart_1000000004240.jpg,train,112
painting_humanart_1000000004254.jpg,train,119
painting_humanart_1000000004260.jpg,train,124
painting_humanart_1000000004261.jpg,train,141
painting_humanart_1000000004263.jpg,train,72
painting_humanart_1000000004264.jpg,train,103
painting_humanart_1000000004265.jpg,train,59
painting_humanart_1000000004290.jpg,train,69
painting_humanart_1000000004301.jpg,train,57
painting_humanart_1000000004318.jpg,train,41
painting_humanart_1000000004325.jpg,train,103
painting_humanart_1000000004334.jpg,train,85
painting_humanart_1000000004338.jpg,train,53
painting_humanart_1000000004353.jpg,train,82
painting_humanart_1000000004362.jpg,train,68
painting_humanart_1000000004383.jpg,train,70
painting_humanart_1000000004391.jpg,train,172
painting_humanart_1000000004416.jpg,train,87
painting_humanart_1000000004430.jpg,train,93
painting_humanart_1000000004431.jpg,train,82
painting_humanart_1000000004434.jpg,train,70
painting_humanart_1000000004442.jpg,train,101
painting_humanart_1000000004461.jpg,train,164
painting_humanart_1000000004530.jpg,train,119
painting_humanart_1000000004558.jpg,train,43
painting_humanart_1000000004592.jpg,train,67
painting_humanart_1000000004597.jpg,train,125
painting_humanart_1000000004600.jpg,train,101
painting_humanart_1000000004622.jpg,train,93
painting_humanart_1000000004624.jpg,train,67
painting_humanart_1000000004651.jpg,train,84
painting_humanart_1000000004658.jpg,train,94
painting_humanart_1000000004666.jpg,train,106
painting_humanart_1000000004675.jpg,train,88
painting_humanart_1000000004685.jpg,train,73
painting_humanart_1000000004704.jpg,train,70
painting_humanart_1000000004735.jpg,train,94
painting_humanart_1000000004745.jpg,train,73
painting_humanart_1000000004750.jpg,train,105
painting_humanart_1000000004752.jpg,train,121
painting_humanart_1000000004761.jpg,train,98
painting_humanart_1000000004772.jpg,train,125
painting_humanart_1000000004774.jpg,train,78
painting_humanart_1000000004777.jpg,train,86
painting_humanart_1000000004785.jpg,train,64
painting_humanart_1000000004796.jpg,train,109
painting_humanart_1000000004804.jpg,train,113
painting_humanart_1000000004820.jpg,train,85
painting_humanart_1000000004834.jpg,train,90
painting_humanart_1000000004869.jpg,train,80
painting_humanart_1000000004878.jpg,train,76
painting_humanart_1000000004883.jpg,train,136
painting_humanart_1000000004899.jpg,train,106
painting_humanart_1000000004904.jpg,train,117
painting_humanart_1000000004912.jpg,train,76
painting_humanart_1000000004918.jpg,train,49
painting_humanart_1000000004927.jpg,train,72
painting_humanart_1000000004932.jpg,train,107
painting_humanart_1000000004935.jpg,train,64
painting_humanart_1000000004948.jpg,train,73
painting_humanart_1000000004956.jpg,train,134
painting_humanart_1000000004958.jpg,train,141
painting_humanart_1000000004970.jpg,train,89
painting_humanart_1000000004978.jpg,train,65
painting_humanart_1000000004996.jpg,train,47
painting_humanart_1000000005009.jpg,train,70
painting_humanart_1000000005010.jpg,train,94
painting_humanart_1000000005011.jpg,train,123
painting_humanart_1000000005032.jpg,train,94
painting_humanart_1000000005048.jpg,train,75
painting_humanart_1000000005059.jpg,train,115
painting_humanart_1000000005078.jpg,train,54
painting_humanart_1000000005081.jpg,train,110
painting_humanart_1000000005088.jpg,train,87
painting_humanart_1000000005092.jpg,train,124
painting_humanart_1000000005114.jpg,train,110
painting_humanart_1000000005124.jpg,train,71
painting_humanart_1000000005125.jpg,train,88
painting_humanart_1000000005159.jpg,train,126
painting_humanart_1000000005216.jpg,train,93
painting_humanart_1000000005250.jpg,train,52
painting_humanart_1000000005265.jpg,train,122
painting_humanart_1000000005304.jpg,train,109
painting_humanart_1000000005306.jpg,train,95
painting_humanart_1000000005327.jpg,train,49
painting_humanart_1000000005336.jpg,train,110
painting_humanart_1000000005354.jpg,train,117
painting_humanart_1000000005355.jpg,train,84
painting_humanart_1000000005417.jpg,train,94
painting_humanart_1000000005504.jpg,train,58
painting_humanart_1000000005564.jpg,train,59
painting_humanart_1000000005566.jpg,train,54
painting_humanart_1000000005574.jpg,train,61
painting_humanart_1000000005581.jpg,train,60
painting_humanart_1000000005643.jpg,train,67
painting_humanart_1000000005644.jpg,train,101
painting_humanart_1000000005646.jpg,train,131
painting_humanart_1000000005652.jpg,train,122
painting_humanart_1000000005659.jpg,train,44
painting_humanart_1000000005661.jpg,train,106
painting_humanart_1000000005662.jpg,train,66
painting_humanart_1000000005663.jpg,train,56
painting_humanart_1000000005668.jpg,train,117
painting_humanart_1000000005674.jpg,train,105
painting_humanart_1000000005680.jpg,train,70
painting_humanart_1000000005692.jpg,train,117
painting_humanart_1000000005697.jpg,train,102
painting_humanart_1000000005698.jpg,train,90
painting_humanart_1000000005708.jpg,train,78
painting_humanart_1000000005711.jpg,train,88
painting_humanart_1000000005716.jpg,train,128
painting_humanart_1000000005718.jpg,train,73
painting_humanart_1000000005723.jpg,train,58
painting_humanart_1000000005726.jpg,train,47
painting_humanart_1000000005740.jpg,train,63
painting_humanart_1000000005758.jpg,train,126
painting_humanart_1000000005777.jpg,train,98
painting_humanart_1000000005780.jpg,train,60
painting_humanart_1000000005790.jpg,train,143
painting_humanart_1000000005793.jpg,train,38
painting_humanart_1000000005802.jpg,train,71
painting_humanart_1000000005827.jpg,train,82
painting_humanart_1000000005837.jpg,train,95
painting_humanart_1000000005840.jpg,train,79
painting_humanart_1000000005843.jpg,train,79
painting_humanart_1000000005848.jpg,train,70
painting_humanart_1000000005862.jpg,train,49
painting_humanart_1000000005871.jpg,train,72
painting_humanart_1000000005882.jpg,train,86
painting_humanart_1000000005893.jpg,train,113
painting_humanart_1000000005902.jpg,train,83
painting_humanart_1000000005931.jpg,train,131
painting_humanart_1000000005994.jpg,train,95
painting_humanart_1000000006024.jpg,train,120
painting_humanart_1000000006058.jpg,train,56
painting_humanart_1000000006115.jpg,train,99
painting_humanart_1000000006136.jpg,train,44
painting_humanart_1000000006194.jpg,train,63
painting_humanart_1000000006211.jpg,train,81
painting_humanart_1000000006218.jpg,train,84
painting_humanart_1000000006243.jpg,train,116
painting_humanart_1000000006263.jpg,train,119
painting_humanart_1000000006310.jpg,train,71
painting_humanart_1000000006327.jpg,train,47
painting_humanart_1000000006362.jpg,train,62
painting_humanart_1000000006385.jpg,train,95
painting_humanart_1000000006399.jpg,train,39
painting_humanart_1000000006411.jpg,train,114
painting_humanart_1000000006415.jpg,train,80
painting_humanart_1000000006416.jpg,train,58
painting_humanart_1000000006427.jpg,train,102
painting_humanart_1000000006442.jpg,train,46
painting_humanart_1000000006450.jpg,train,87
painting_humanart_1000000006453.jpg,train,55
painting_humanart_1000000006459.jpg,train,89
painting_humanart_1000000006463.jpg,train,68
painting_humanart_1000000006467.jpg,train,81
painting_humanart_1000000006485.jpg,train,59
painting_humanart_1000000006487.jpg,train,99
painting_humanart_1000000006493.jpg,train,112
painting_humanart_1000000006494.jpg,train,65
painting_humanart_1000000006511.jpg,train,68
painting_humanart_1000000006517.jpg,train,56
painting_humanart_1000000006542.jpg,train,60
painting_humanart_1000000006570.jpg,train,129
painting_humanart_1000000006571.jpg,train,105
painting_humanart_1000000006576.jpg,train,106
painting_humanart_1000000006580.jpg,train,78
painting_humanart_1000000006582.jpg,train,76
painting_humanart_1000000006585.jpg,train,95
painting_humanart_1000000006586.jpg,train,92
painting_humanart_1000000006591.jpg,train,95
painting_humanart_1000000006603.jpg,train,71
painting_humanart_1000000006638.jpg,train,100
painting_humanart_1000000006659.jpg,train,57
painting_humanart_1000000006660.jpg,train,67
painting_humanart_1000000006676.jpg,train,106
painting_humanart_1000000006681.jpg,train,49
painting_humanart_1000000006688.jpg,train,83
painting_humanart_1000000006703.jpg,train,107
painting_humanart_1000000006740.jpg,train,66
painting_humanart_1000000006769.jpg,train,144
painting_humanart_1000000006805.jpg,train,82
painting_humanart_1000000006856.jpg,train,128
painting_humanart_1000000006858.jpg,train,102
painting_humanart_1000000006907.jpg,train,111
painting_humanart_1000000006914.jpg,train,105
painting_humanart_1000000006960.jpg,train,72
painting_humanart_1000000006980.jpg,train,26
painting_humanart_1000000007020.jpg,train,183
painting_humanart_1000000007053.jpg,train,145
painting_humanart_1000000007063.jpg,train,115
painting_humanart_1000000007069.jpg,train,56
painting_humanart_1000000007135.jpg,train,131
painting_humanart_1000000007144.jpg,train,130
painting_humanart_1000000007179.jpg,train,102
painting_humanart_1000000007192.jpg,train,91
painting_humanart_1000000007196.jpg,train,117
painting_humanart_1000000007198.jpg,train,104
painting_humanart_1000000007208.jpg,train,101
painting_humanart_1000000007237.jpg,train,103
painting_humanart_1000000007261.jpg,train,97
painting_humanart_1000000007267.jpg,train,123
painting_humanart_1000000007291.jpg,train,80
painting_humanart_1000000007294.jpg,train,90
painting_humanart_1000000007305.jpg,train,50
painting_humanart_1000000007308.jpg,train,92
painting_humanart_1000000007309.jpg,train,72
painting_humanart_1000000007312.jpg,train,84
painting_humanart_1000000007313.jpg,train,89
painting_humanart_1000000007338.jpg,train,72
painting_humanart_1000000007365.jpg,train,116
painting_humanart_1000000007385.jpg,train,64
painting_humanart_1000000007422.jpg,train,52
painting_humanart_1000000007425.jpg,train,158
painting_humanart_1000000007426.jpg,train,95
painting_humanart_1000000007451.jpg,train,92
painting_humanart_1000000007453.jpg,train,71
painting_humanart_1000000007464.jpg,train,88
painting_humanart_1000000007522.jpg,train,95
painting_humanart_1000000007561.jpg,train,100
painting_humanart_1000000007583.jpg,train,64
painting_humanart_1000000007586.jpg,train,84
painting_humanart_1000000007682.jpg,train,138
painting_humanart_1000000007791.jpg,train,71
painting_humanart_1000000007816.jpg,train,107
painting_humanart_1000000007821.jpg,train,102
painting_humanart_1000000007830.jpg,train,63
painting_humanart_1000000007836.jpg,train,109
painting_humanart_1000000007863.jpg,train,83
painting_humanart_1000000007864.jpg,train,88
painting_humanart_1000000007892.jpg,train,43
painting_humanart_1000000007893.jpg,train,43
painting_humanart_1000000007902.jpg,train,87
painting_humanart_1000000007914.jpg,train,105
painting_humanart_1000000007922.jpg,train,69
painting_humanart_1000000007976.jpg,train,80
painting_humanart_1000000007982.jpg,train,105
painting_humanart_1000000008109.jpg,train,82
painting_humanart_1000000008111.jpg,train,93
painting_humanart_1000000008115.jpg,train,76
painting_humanart_1000000008123.jpg,train,134
painting_humanart_1000000008127.jpg,train,83
painting_humanart_1000000008156.jpg,train,110
painting_humanart_1000000008213.jpg,train,56
painting_humanart_1000000008214.jpg,train,69
painting_humanart_1000000008222.jpg,train,53
painting_humanart_1000000008237.jpg,train,80
painting_humanart_1000000008241.jpg,train,85
painting_humanart_1000000008249.jpg,train,76
painting_humanart_1000000008253.jpg,train,86
painting_humanart_1000000008256.jpg,train,70
painting_humanart_1000000008267.jpg,train,78
painting_humanart_1000000008281.jpg,train,104
painting_humanart_1000000008288.jpg,train,80
painting_humanart_1000000008302.jpg,train,136
painting_humanart_1000000008315.jpg,train,78
painting_humanart_1000000008316.jpg,train,40
painting_humanart_1000000008320.jpg,train,133
painting_humanart_1000000008323.jpg,train,72
painting_humanart_1000000008324.jpg,train,57
painting_humanart_1000000008326.jpg,train,61
painting_humanart_1000000008341.jpg,train,105
painting_humanart_1000000008342.jpg,train,69
painting_humanart_1000000008350.jpg,train,115
painting_humanart_1000000008351.jpg,train,113
painting_humanart_1000000008352.jpg,train,114
painting_humanart_1000000008385.jpg,train,87
painting_humanart_1000000008389.jpg,train,55
painting_humanart_1000000008396.jpg,train,73
painting_humanart_1000000008397.jpg,train,77
painting_humanart_1000000008408.jpg,train,64
painting_humanart_1000000008416.jpg,train,72
painting_humanart_1000000008417.jpg,train,62
painting_humanart_1000000008421.jpg,train,57
painting_humanart_1000000008427.jpg,train,109
painting_humanart_1000000008498.jpg,train,68
painting_humanart_1000000008536.jpg,train,55
painting_humanart_1000000008539.jpg,train,65
painting_humanart_1000000008562.jpg,train,125
painting_humanart_1000000008563.jpg,train,70
painting_humanart_2000000000000.jpg,train,116
painting_humanart_2000000000002.jpg,train,101
painting_humanart_2000000000007.jpg,train,133
painting_humanart_2000000000013.jpg,train,166
painting_humanart_2000000000032.jpg,train,131
painting_humanart_2000000000033.jpg,train,94
painting_humanart_2000000000034.jpg,train,105
painting_humanart_2000000000035.jpg,train,70
painting_humanart_2000000000039.jpg,train,125
painting_humanart_2000000000044.jpg,train,151
painting_humanart_2000000000047.jpg,train,127
painting_humanart_2000000000048.jpg,train,82
painting_humanart_2000000000049.jpg,train,119
painting_humanart_2000000000051.jpg,train,122
painting_humanart_2000000000054.jpg,train,137
painting_humanart_2000000000058.jpg,train,54
painting_humanart_2000000000059.jpg,train,131
painting_humanart_2000000000061.jpg,train,122
painting_humanart_2000000000063.jpg,train,73
painting_humanart_2000000000068.jpg,train,113
painting_humanart_2000000000079.jpg,train,138
painting_humanart_2000000000080.jpg,train,89
painting_humanart_2000000000086.jpg,train,129
painting_humanart_2000000000087.jpg,train,106
painting_humanart_2000000000091.jpg,train,149
painting_humanart_2000000000095.jpg,train,85
painting_humanart_2000000000100.jpg,train,111
painting_humanart_2000000000101.jpg,train,82
painting_humanart_2000000000102.jpg,train,153
painting_humanart_2000000000104.jpg,train,69
painting_humanart_2000000000105.jpg,train,86
painting_humanart_2000000000106.jpg,train,78
painting_humanart_2000000000108.jpg,train,90
painting_humanart_2000000000111.jpg,train,86
painting_humanart_2000000000112.jpg,train,79
painting_humanart_2000000000113.jpg,train,88
painting_humanart_2000000000114.jpg,train,95
painting_humanart_2000000000116.jpg,train,86
painting_humanart_2000000000117.jpg,train,80
painting_humanart_2000000000118.jpg,train,97
painting_humanart_2000000000119.jpg,train,111
painting_humanart_2000000000121.jpg,train,137
painting_humanart_2000000000123.jpg,train,126
painting_humanart_2000000000128.jpg,train,92
painting_humanart_2000000000130.jpg,train,96
painting_humanart_2000000000131.jpg,train,140
painting_humanart_2000000000134.jpg,train,112
painting_humanart_2000000000135.jpg,train,107
painting_humanart_2000000000140.jpg,train,122
painting_humanart_2000000000141.jpg,train,113
painting_humanart_2000000000145.jpg,train,119
painting_humanart_2000000000146.jpg,train,113
painting_humanart_2000000000158.jpg,train,136
painting_humanart_2000000000161.jpg,train,143
painting_humanart_2000000000162.jpg,train,143
painting_humanart_2000000000163.jpg,train,117
painting_humanart_2000000000164.jpg,train,173
painting_humanart_2000000000169.jpg,train,92
painting_humanart_2000000000178.jpg,train,122
painting_humanart_2000000000179.jpg,train,142
painting_humanart_2000000000186.jpg,train,107
painting_humanart_2000000000188.jpg,train,123
painting_humanart_2000000000197.jpg,train,84
painting_humanart_2000000000201.jpg,train,90
painting_humanart_2000000000208.jpg,train,67
painting_humanart_2000000000209.jpg,train,125
painting_humanart_2000000000212.jpg,train,131
painting_humanart_2000000000215.jpg,train,80
painting_humanart_2000000000216.jpg,train,173
painting_humanart_2000000000220.jpg,train,90
painting_humanart_2000000000222.jpg,train,90
painting_humanart_2000000000230.jpg,train,99
painting_humanart_2000000000234.jpg,train,109
painting_humanart_2000000000235.jpg,train,140
painting_humanart_2000000000236.jpg,train,163
painting_humanart_2000000000237.jpg,train,94
painting_humanart_2000000000240.jpg,train,93
painting_humanart_2000000000241.jpg,train,86
painting_humanart_2000000000244.jpg,train,77
painting_humanart_2000000000245.jpg,train,82
painting_humanart_2000000000248.jpg,train,93
painting_humanart_2000000000250.jpg,train,72
painting_humanart_2000000000260.jpg,train,66
painting_humanart_2000000000261.jpg,train,127
painting_humanart_2000000000264.jpg,train,135
painting_humanart_2000000000266.jpg,train,60
painting_humanart_2000000000267.jpg,train,49
painting_humanart_2000000000268.jpg,train,104
painting_humanart_2000000000270.jpg,train,124
painting_humanart_2000000000271.jpg,train,115
painting_humanart_2000000000272.jpg,train,76
painting_humanart_2000000000274.jpg,train,104
painting_humanart_2000000000276.jpg,train,105
painting_humanart_2000000000277.jpg,train,111
painting_humanart_2000000000278.jpg,train,125
painting_humanart_2000000000280.jpg,train,130
painting_humanart_2000000000283.jpg,train,90
painting_humanart_2000000000286.jpg,train,85
painting_humanart_2000000000287.jpg,train,101
painting_humanart_2000000000288.jpg,train,48
painting_humanart_2000000000289.jpg,train,109
painting_humanart_2000000000293.jpg,train,119
painting_humanart_2000000000294.jpg,train,83
painting_humanart_2000000000296.jpg,train,111
painting_humanart_2000000000299.jpg,train,131
painting_humanart_2000000000300.jpg,train,83
painting_humanart_2000000000308.jpg,train,99
painting_humanart_2000000000309.jpg,train,91
painting_humanart_2000000000311.jpg,train,78
painting_humanart_2000000000313.jpg,train,124
painting_humanart_2000000000314.jpg,train,54
painting_humanart_2000000000315.jpg,train,134
painting_humanart_2000000000317.jpg,train,115
painting_humanart_2000000000318.jpg,train,104
painting_humanart_2000000000320.jpg,train,154
painting_humanart_2000000000322.jpg,train,96
painting_humanart_2000000000324.jpg,train,117
painting_humanart_2000000000327.jpg,train,114
painting_humanart_2000000000333.jpg,train,129
painting_humanart_2000000000340.jpg,train,134
painting_humanart_2000000000342.jpg,train,154
painting_humanart_2000000000344.jpg,train,115
painting_humanart_2000000000345.jpg,train,112
painting_humanart_2000000000346.jpg,train,63
painting_humanart_2000000000348.jpg,train,158
painting_humanart_2000000000349.jpg,train,114
painting_humanart_2000000000350.jpg,train,115
painting_humanart_2000000000351.jpg,train,107
painting_humanart_2000000000353.jpg,train,145
painting_humanart_2000000000354.jpg,train,132
painting_humanart_2000000000355.jpg,train,98
painting_humanart_2000000000358.jpg,train,111
painting_humanart_2000000000359.jpg,train,116
painting_humanart_2000000000361.jpg,train,90
painting_humanart_2000000000365.jpg,train,110
painting_humanart_2000000000372.jpg,train,78
painting_humanart_2000000000373.jpg,train,96
painting_humanart_2000000000374.jpg,train,136
painting_humanart_2000000000375.jpg,train,127
painting_humanart_2000000000377.jpg,train,104
painting_humanart_2000000000378.jpg,train,111
painting_humanart_2000000000386.jpg,train,99
painting_humanart_2000000000387.jpg,train,135
painting_humanart_2000000000388.jpg,train,130
painting_humanart_2000000000390.jpg,train,141
painting_humanart_2000000000391.jpg,train,111
painting_humanart_2000000000394.jpg,train,86
painting_humanart_2000000000395.jpg,train,127
painting_humanart_2000000000397.jpg,train,105
painting_humanart_2000000000398.jpg,train,110
painting_humanart_2000000000404.jpg,train,64
painting_humanart_2000000000407.jpg,train,106
painting_humanart_2000000000409.jpg,train,141
painting_humanart_2000000000413.jpg,train,81
painting_humanart_2000000000414.jpg,train,130
painting_humanart_2000000000416.jpg,train,82
painting_humanart_2000000000418.jpg,train,82
painting_humanart_2000000000421.jpg,train,104
painting_humanart_2000000000422.jpg,train,79
painting_humanart_2000000000423.jpg,train,73
painting_humanart_2000000000424.jpg,train,170
painting_humanart_2000000000429.jpg,train,117
painting_humanart_2000000000430.jpg,train,133
painting_humanart_2000000000433.jpg,train,87
painting_humanart_2000000000436.jpg,train,147
painting_humanart_2000000000438.jpg,train,92
painting_humanart_2000000000445.jpg,train,106
painting_humanart_2000000000446.jpg,train,145
painting_humanart_2000000000447.jpg,train,155
painting_humanart_2000000000450.jpg,train,121
painting_humanart_2000000000454.jpg,train,122
painting_humanart_2000000000455.jpg,train,126
painting_humanart_2000000000456.jpg,train,183
painting_humanart_2000000000461.jpg,train,132
painting_humanart_2000000000462.jpg,train,105
painting_humanart_2000000000471.jpg,train,121
painting_humanart_2000000000474.jpg,train,127
painting_humanart_2000000000475.jpg,train,109
painting_humanart_2000000000478.jpg,train,117
painting_humanart_2000000000479.jpg,train,122
painting_humanart_2000000000481.jpg,train,99
painting_humanart_2000000000482.jpg,train,43
painting_humanart_2000000000485.jpg,train,150
painting_humanart_2000000000486.jpg,train,118
painting_humanart_2000000000487.jpg,train,125
painting_humanart_2000000000490.jpg,train,142
painting_humanart_2000000000491.jpg,train,99
painting_humanart_2000000000492.jpg,train,111
painting_humanart_2000000000496.jpg,train,146
painting_humanart_2000000000497.jpg,train,142
painting_humanart_2000000000503.jpg,train,120
painting_humanart_2000000000505.jpg,train,120
painting_humanart_2000000000506.jpg,train,115
painting_humanart_2000000000507.jpg,train,114
painting_humanart_2000000000510.jpg,train,145
painting_humanart_2000000000516.jpg,train,107
painting_humanart_2000000000518.jpg,train,143
painting_humanart_2000000000522.jpg,train,111
painting_humanart_2000000000523.jpg,train,134
painting_humanart_2000000000525.jpg,train,143
painting_humanart_2000000000531.jpg,train,123
painting_humanart_2000000000532.jpg,train,116
painting_humanart_2000000000533.jpg,train,140
painting_humanart_2000000000534.jpg,train,150
painting_humanart_2000000000535.jpg,train,121
painting_humanart_2000000000536.jpg,train,157
painting_humanart_2000000000537.jpg,train,161
painting_humanart_2000000000539.jpg,train,144
painting_humanart_2000000000543.jpg,train,158
painting_humanart_2000000000545.jpg,train,85
painting_humanart_2000000000549.jpg,train,111
painting_humanart_2000000000550.jpg,train,119
painting_humanart_2000000000552.jpg,train,142
painting_humanart_2000000000555.jpg,train,129
painting_humanart_2000000000564.jpg,train,83
painting_humanart_2000000000567.jpg,train,108
painting_humanart_2000000000569.jpg,train,128
painting_humanart_2000000000573.jpg,train,119
painting_humanart_2000000000574.jpg,train,128
painting_humanart_2000000000575.jpg,train,100
painting_humanart_2000000000577.jpg,train,90
painting_humanart_2000000000579.jpg,train,120
painting_humanart_2000000000580.jpg,train,136
painting_humanart_2000000000582.jpg,train,71
painting_humanart_2000000000586.jpg,train,107
painting_humanart_2000000000587.jpg,train,138
painting_humanart_2000000000589.jpg,train,139
painting_humanart_2000000000592.jpg,train,126
painting_humanart_2000000000596.jpg,train,128
painting_humanart_2000000000598.jpg,train,126
painting_humanart_2000000000600.jpg,train,118
painting_humanart_2000000000602.jpg,train,82
painting_humanart_2000000000603.jpg,train,116
painting_humanart_2000000000605.jpg,train,81
painting_humanart_2000000000607.jpg,train,138
painting_humanart_2000000000610.jpg,train,117
painting_humanart_2000000000613.jpg,train,117
painting_humanart_2000000000616.jpg,train,120
painting_humanart_2000000000622.jpg,train,90
painting_humanart_2000000000624.jpg,train,136
painting_humanart_2000000000628.jpg,train,121
painting_humanart_2000000000632.jpg,train,141
painting_humanart_2000000000633.jpg,train,68
painting_humanart_2000000000638.jpg,train,81
painting_humanart_2000000000642.jpg,train,109
painting_humanart_2000000000644.jpg,train,124
painting_humanart_2000000000646.jpg,train,115
painting_humanart_2000000000647.jpg,train,130
painting_humanart_2000000000648.jpg,train,157
painting_humanart_2000000000650.jpg,train,132
painting_humanart_2000000000651.jpg,train,127
painting_humanart_2000000000652.jpg,train,96
painting_humanart_2000000000654.jpg,train,144
painting_humanart_2000000000655.jpg,train,88
painting_humanart_2000000000658.jpg,train,96
painting_humanart_2000000000659.jpg,train,135
painting_humanart_2000000000660.jpg,train,98
painting_humanart_2000000000661.jpg,train,110
painting_humanart_2000000000662.jpg,train,81
painting_humanart_2000000000664.jpg,train,110
painting_humanart_2000000000666.jpg,train,144
painting_humanart_2000000000673.jpg,train,109
painting_humanart_2000000000679.jpg,train,140
painting_humanart_2000000000680.jpg,train,134
painting_humanart_2000000000682.jpg,train,93
painting_humanart_2000000000683.jpg,train,74
painting_humanart_2000000000685.jpg,train,92
painting_humanart_2000000000687.jpg,train,102
painting_humanart_2000000000688.jpg,train,164
painting_humanart_2000000000690.jpg,train,122
painting_humanart_2000000000691.jpg,train,106
painting_humanart_2000000000692.jpg,train,132
painting_humanart_2000000000693.jpg,train,65
painting_humanart_2000000000695.jpg,train,141
painting_humanart_2000000000698.jpg,train,151
painting_humanart_2000000000699.jpg,train,95
painting_humanart_2000000000701.jpg,train,97
painting_humanart_2000000000703.jpg,train,116
painting_humanart_2000000000707.jpg,train,85
painting_humanart_2000000000710.jpg,train,118
painting_humanart_2000000000711.jpg,train,118
painting_humanart_2000000000712.jpg,train,99
painting_humanart_2000000000716.jpg,train,113
painting_humanart_2000000000717.jpg,train,71
painting_humanart_2000000000718.jpg,train,133
painting_humanart_2000000000724.jpg,train,119
painting_humanart_2000000000725.jpg,train,138
painting_humanart_2000000000727.jpg,train,92
painting_humanart_2000000000729.jpg,train,130
painting_humanart_2000000000735.jpg,train,128
painting_humanart_2000000000738.jpg,train,150
painting_humanart_2000000000739.jpg,train,77
painting_humanart_2000000000753.jpg,train,119
painting_humanart_2000000000756.jpg,train,129
painting_humanart_2000000000757.jpg,train,82
painting_humanart_2000000000762.jpg,train,155
painting_humanart_2000000000770.jpg,train,115
painting_humanart_2000000000775.jpg,train,100
painting_humanart_2000000000776.jpg,train,78
painting_humanart_2000000000777.jpg,train,97
painting_humanart_2000000000778.jpg,train,123
painting_humanart_2000000000783.jpg,train,162
painting_humanart_2000000000786.jpg,train,138
painting_humanart_2000000000787.jpg,train,116
painting_humanart_2000000000789.jpg,train,75
painting_humanart_2000000000793.jpg,train,68
painting_humanart_2000000000798.jpg,train,96
painting_humanart_2000000000800.jpg,train,94
painting_humanart_2000000000801.jpg,train,112
painting_humanart_2000000000802.jpg,train,97
painting_humanart_2000000000804.jpg,train,127
painting_humanart_2000000000806.jpg,train,114
painting_humanart_2000000000811.jpg,train,73
painting_humanart_2000000000814.jpg,train,108
painting_humanart_2000000000816.jpg,train,107
painting_humanart_2000000000818.jpg,train,112
painting_humanart_2000000000821.jpg,train,115
painting_humanart_2000000000822.jpg,train,74
painting_humanart_2000000000823.jpg,train,84
painting_humanart_2000000000824.jpg,train,93
painting_humanart_2000000000828.jpg,train,63
painting_humanart_2000000000830.jpg,train,129
painting_humanart_2000000000833.jpg,train,104
painting_humanart_2000000000835.jpg,train,87
painting_humanart_2000000000837.jpg,train,95
painting_humanart_2000000000839.jpg,train,63
painting_humanart_2000000000840.jpg,train,82
painting_humanart_2000000000841.jpg,train,110
painting_humanart_2000000000844.jpg,train,137
painting_humanart_2000000000845.jpg,train,101
painting_humanart_2000000000849.jpg,train,123
painting_humanart_2000000000851.jpg,train,46
painting_humanart_2000000000856.jpg,train,110
painting_humanart_2000000000858.jpg,train,108
painting_humanart_2000000000860.jpg,train,101
painting_humanart_2000000000861.jpg,train,130
painting_humanart_2000000000867.jpg,train,105
painting_humanart_2000000000869.jpg,train,95
painting_humanart_2000000000872.jpg,train,97
painting_humanart_2000000000875.jpg,train,103
painting_humanart_2000000000877.jpg,train,82
painting_humanart_2000000000885.jpg,train,89
painting_humanart_2000000000886.jpg,train,123
painting_humanart_2000000000887.jpg,train,132
painting_humanart_2000000000888.jpg,train,110
painting_humanart_2000000000889.jpg,train,104
painting_humanart_2000000000890.jpg,train,130
painting_humanart_2000000000893.jpg,train,88
painting_humanart_2000000000894.jpg,train,119
painting_humanart_2000000000896.jpg,train,130
painting_humanart_2000000000898.jpg,train,116
painting_humanart_2000000000899.jpg,train,97
painting_humanart_2000000000902.jpg,train,73
painting_humanart_2000000000903.jpg,train,128
painting_humanart_2000000000909.jpg,train,85
painting_humanart_2000000000910.jpg,train,69
painting_humanart_2000000000915.jpg,train,124
painting_humanart_2000000000916.jpg,train,97
painting_humanart_2000000000919.jpg,train,83
painting_humanart_2000000000920.jpg,train,64
painting_humanart_2000000000921.jpg,train,139
painting_humanart_2000000000922.jpg,train,101
painting_humanart_2000000000923.jpg,train,92
painting_humanart_2000000000924.jpg,train,65
painting_humanart_2000000000925.jpg,train,80
painting_humanart_2000000000929.jpg,train,124
painting_humanart_2000000000937.jpg,train,105
painting_humanart_2000000000938.jpg,train,116
painting_humanart_2000000000939.jpg,train,74
painting_humanart_2000000000944.jpg,train,94
painting_humanart_2000000000945.jpg,train,135
painting_humanart_2000000000946.jpg,train,99
painting_humanart_2000000000947.jpg,train,176
painting_humanart_2000000000948.jpg,train,143
painting_humanart_2000000000949.jpg,train,70
painting_humanart_2000000000952.jpg,train,125
painting_humanart_2000000000954.jpg,train,109
painting_humanart_2000000000955.jpg,train,108
painting_humanart_2000000000960.jpg,train,115
painting_humanart_2000000000961.jpg,train,98
painting_humanart_2000000000962.jpg,train,85
painting_humanart_2000000000963.jpg,train,99
painting_humanart_2000000000965.jpg,train,96
painting_humanart_2000000000967.jpg,train,146
painting_humanart_2000000000974.jpg,train,60
painting_humanart_2000000000978.jpg,train,111
painting_humanart_2000000000980.jpg,train,87
painting_humanart_2000000000986.jpg,train,55
painting_humanart_2000000000988.jpg,train,142
painting_humanart_2000000000989.jpg,train,83
painting_humanart_2000000000991.jpg,train,90
painting_humanart_2000000000992.jpg,train,140
painting_humanart_2000000000997.jpg,train,123
painting_humanart_2000000000999.jpg,train,136
painting_humanart_2000000001002.jpg,train,124
painting_humanart_2000000001004.jpg,train,107
painting_humanart_2000000001005.jpg,train,113
painting_humanart_2000000001008.jpg,train,103
painting_humanart_2000000001010.jpg,train,108
painting_humanart_2000000001011.jpg,train,108
painting_humanart_2000000001012.jpg,train,131
painting_humanart_2000000001013.jpg,train,138
painting_humanart_2000000001014.jpg,train,82
painting_humanart_2000000001017.jpg,train,86
painting_humanart_2000000001018.jpg,train,91
painting_humanart_2000000001019.jpg,train,117
painting_humanart_2000000001020.jpg,train,112
painting_humanart_2000000001021.jpg,train,95
painting_humanart_2000000001026.jpg,train,112
painting_humanart_2000000001027.jpg,train,86
painting_humanart_2000000001028.jpg,train,103
painting_humanart_2000000001029.jpg,train,155
painting_humanart_2000000001032.jpg,train,66
painting_humanart_2000000001033.jpg,train,114
painting_humanart_2000000001034.jpg,train,135
painting_humanart_2000000001046.jpg,train,138
painting_humanart_2000000001050.jpg,train,106
painting_humanart_2000000001052.jpg,train,115
painting_humanart_2000000001057.jpg,train,98
painting_humanart_2000000001058.jpg,train,87
painting_humanart_2000000001059.jpg,train,115
painting_humanart_2000000001061.jpg,train,116
painting_humanart_2000000001062.jpg,train,74
painting_humanart_2000000001063.jpg,train,92
painting_humanart_2000000001065.jpg,train,78
painting_humanart_2000000001066.jpg,train,125
painting_humanart_2000000001071.jpg,train,102
painting_humanart_2000000001073.jpg,train,154
painting_humanart_2000000001074.jpg,train,84
painting_humanart_2000000001077.jpg,train,139
painting_humanart_2000000001079.jpg,train,113
painting_humanart_2000000001081.jpg,train,107
painting_humanart_2000000001087.jpg,train,68
painting_humanart_2000000001089.jpg,train,138
painting_humanart_2000000001090.jpg,train,141
painting_humanart_2000000001091.jpg,train,155
painting_humanart_2000000001092.jpg,train,114
painting_humanart_2000000001094.jpg,train,130
painting_humanart_2000000001097.jpg,train,128
painting_humanart_2000000001104.jpg,train,110
painting_humanart_2000000001110.jpg,train,97
painting_humanart_2000000001112.jpg,train,108
painting_humanart_2000000001116.jpg,train,156
painting_humanart_2000000001118.jpg,train,114
painting_humanart_2000000001119.jpg,train,69
painting_humanart_2000000001120.jpg,train,115
painting_humanart_2000000001122.jpg,train,159
painting_humanart_2000000001124.jpg,train,162
painting_humanart_2000000001125.jpg,train,155
painting_humanart_2000000001126.jpg,train,184
painting_humanart_2000000001127.jpg,train,125
painting_humanart_2000000001138.jpg,train,104
painting_humanart_2000000001139.jpg,train,71
painting_humanart_2000000001140.jpg,train,115
painting_humanart_2000000001142.jpg,train,83
painting_humanart_2000000001143.jpg,train,131
painting_humanart_2000000001144.jpg,train,129
painting_humanart_2000000001145.jpg,train,89
painting_humanart_2000000001147.jpg,train,111
painting_humanart_2000000001149.jpg,train,114
painting_humanart_2000000001150.jpg,train,70
painting_humanart_2000000001153.jpg,train,113
painting_humanart_2000000001156.jpg,train,92
painting_humanart_2000000001160.jpg,train,88
painting_humanart_2000000001161.jpg,train,138
painting_humanart_2000000001169.jpg,train,110
painting_humanart_2000000001170.jpg,train,144
painting_humanart_2000000001171.jpg,train,111
painting_humanart_2000000001172.jpg,train,136
painting_humanart_2000000001175.jpg,train,93
painting_humanart_2000000001176.jpg,train,115
painting_humanart_2000000001178.jpg,train,108
painting_humanart_2000000001179.jpg,train,110
painting_humanart_2000000001181.jpg,train,121
painting_humanart_2000000001183.jpg,train,138
painting_humanart_2000000001186.jpg,train,103
painting_humanart_2000000001187.jpg,train,139
painting_humanart_2000000001188.jpg,train,143
painting_humanart_2000000001193.jpg,train,68
painting_humanart_2000000001194.jpg,train,53
painting_humanart_2000000001195.jpg,train,96
painting_humanart_2000000001198.jpg,train,133
painting_humanart_2000000001200.jpg,train,124
painting_humanart_2000000001204.jpg,train,118
painting_humanart_2000000001206.jpg,train,86
painting_humanart_2000000001211.jpg,train,120
painting_humanart_2000000001212.jpg,train,154
painting_humanart_2000000001213.jpg,train,112
painting_humanart_2000000001215.jpg,train,132
painting_humanart_2000000001218.jpg,train,108
painting_humanart_2000000001223.jpg,train,93
painting_humanart_2000000001224.jpg,train,151
painting_humanart_2000000001225.jpg,train,143
painting_humanart_2000000001227.jpg,train,161
painting_humanart_2000000001228.jpg,train,144
painting_humanart_2000000001229.jpg,train,140
painting_humanart_2000000001231.jpg,train,121
painting_humanart_2000000001237.jpg,train,171
painting_humanart_2000000001239.jpg,train,150
painting_humanart_2000000001250.jpg,train,143
painting_humanart_2000000001253.jpg,train,85
painting_humanart_2000000001254.jpg,train,92
painting_humanart_2000000001255.jpg,train,97
painting_humanart_2000000001257.jpg,train,82
painting_humanart_2000000001258.jpg,train,140
painting_humanart_2000000001265.jpg,train,116
painting_humanart_2000000001267.jpg,train,78
painting_humanart_2000000001268.jpg,train,77
painting_humanart_2000000001274.jpg,train,161
painting_humanart_2000000001275.jpg,train,90
painting_humanart_2000000001277.jpg,train,103
painting_humanart_2000000001278.jpg,train,114
painting_humanart_2000000001280.jpg,train,58
painting_humanart_2000000001281.jpg,train,92
painting_humanart_2000000001282.jpg,train,114
painting_humanart_2000000001289.jpg,train,136
painting_humanart_2000000001290.jpg,train,155
painting_humanart_2000000001295.jpg,train,94
painting_humanart_2000000001296.jpg,train,87
painting_humanart_2000000001299.jpg,train,103
painting_humanart_2000000001300.jpg,train,102
painting_humanart_2000000001301.jpg,train,119
painting_humanart_2000000001302.jpg,train,127
painting_humanart_2000000001304.jpg,train,95
painting_humanart_2000000001308.jpg,train,110
painting_humanart_2000000001310.jpg,train,133
painting_humanart_2000000001311.jpg,train,117
painting_humanart_2000000001312.jpg,train,135
painting_humanart_2000000001313.jpg,train,130
painting_humanart_2000000001314.jpg,train,128
painting_humanart_2000000001317.jpg,train,106
painting_humanart_2000000001318.jpg,train,131
painting_humanart_2000000001320.jpg,train,155
painting_humanart_2000000001322.jpg,train,182
painting_humanart_2000000001324.jpg,train,89
painting_humanart_2000000001325.jpg,train,91
painting_humanart_2000000001326.jpg,train,134
painting_humanart_2000000001329.jpg,train,94
painting_humanart_2000000001332.jpg,train,63
painting_humanart_2000000001334.jpg,train,150
painting_humanart_2000000001335.jpg,train,175
painting_humanart_2000000001336.jpg,train,106
painting_humanart_2000000001337.jpg,train,89
painting_humanart_2000000001338.jpg,train,155
painting_humanart_2000000001341.jpg,train,107
painting_humanart_2000000001342.jpg,train,86
painting_humanart_2000000001348.jpg,train,143
painting_humanart_2000000001349.jpg,train,88
painting_humanart_2000000001350.jpg,train,67
painting_humanart_2000000001352.jpg,train,78
painting_humanart_2000000001355.jpg,train,90
painting_humanart_2000000001356.jpg,train,117
painting_humanart_2000000001367.jpg,train,136
painting_humanart_2000000001368.jpg,train,145
painting_humanart_2000000001370.jpg,train,103
painting_humanart_2000000001371.jpg,train,98
painting_humanart_2000000001374.jpg,train,95
painting_humanart_2000000001375.jpg,train,112
painting_humanart_2000000001378.jpg,train,109
painting_humanart_2000000001379.jpg,train,104
painting_humanart_2000000001382.jpg,train,155
painting_humanart_2000000001384.jpg,train,112
painting_humanart_2000000001386.jpg,train,83
painting_humanart_2000000001387.jpg,train,82
painting_humanart_2000000001392.jpg,train,100
painting_humanart_2000000001396.jpg,train,109
painting_humanart_2000000001397.jpg,train,55
painting_humanart_2000000001400.jpg,train,113
painting_humanart_2000000001401.jpg,train,95
painting_humanart_2000000001406.jpg,train,57
painting_humanart_2000000001408.jpg,train,105
painting_humanart_2000000001409.jpg,train,90
painting_humanart_2000000001411.jpg,train,79
painting_humanart_2000000001412.jpg,train,131
painting_humanart_2000000001420.jpg,train,88
painting_humanart_2000000001421.jpg,train,101
painting_humanart_2000000001424.jpg,train,117
painting_humanart_2000000001426.jpg,train,125
painting_humanart_2000000001429.jpg,train,43
painting_humanart_2000000001432.jpg,train,120
painting_humanart_2000000001435.jpg,train,81
painting_humanart_2000000001436.jpg,train,133
painting_humanart_2000000001437.jpg,train,124
painting_humanart_2000000001439.jpg,train,163
painting_humanart_2000000001441.jpg,train,132
painting_humanart_2000000001442.jpg,train,97
painting_humanart_2000000001445.jpg,train,108
painting_humanart_2000000001447.jpg,train,96
painting_humanart_2000000001450.jpg,train,106
painting_humanart_2000000001451.jpg,train,67
painting_humanart_2000000001453.jpg,train,77
painting_humanart_2000000001458.jpg,train,111
painting_humanart_2000000001460.jpg,train,134
painting_humanart_2000000001464.jpg,train,93
painting_humanart_2000000001469.jpg,train,80
painting_humanart_2000000001471.jpg,train,127
painting_humanart_2000000001472.jpg,train,124
painting_humanart_2000000001473.jpg,train,122
painting_humanart_2000000001474.jpg,train,74
painting_humanart_2000000001476.jpg,train,111
painting_humanart_2000000001480.jpg,train,119
painting_humanart_2000000001481.jpg,train,79
painting_humanart_2000000001482.jpg,train,67
painting_humanart_2000000001484.jpg,train,104
painting_humanart_2000000001489.jpg,train,108
painting_humanart_2000000001490.jpg,train,115
painting_humanart_2000000001491.jpg,train,136
painting_humanart_2000000001498.jpg,train,93
painting_humanart_2000000001500.jpg,train,126
painting_humanart_2000000001503.jpg,train,145
painting_humanart_2000000001504.jpg,train,104
painting_humanart_2000000001507.jpg,train,111
painting_humanart_2000000001509.jpg,train,63
painting_humanart_2000000001510.jpg,train,81
painting_humanart_2000000001516.jpg,train,99
painting_humanart_2000000001520.jpg,train,102
painting_humanart_2000000001521.jpg,train,203
painting_humanart_2000000001522.jpg,train,105
painting_humanart_2000000001523.jpg,train,79
painting_humanart_2000000001525.jpg,train,126
painting_humanart_2000000001526.jpg,train,115
painting_humanart_2000000001527.jpg,train,121
painting_humanart_2000000001529.jpg,train,102
painting_humanart_2000000001534.jpg,train,95
painting_humanart_2000000001535.jpg,train,128
painting_humanart_2000000001536.jpg,train,98
painting_humanart_2000000001544.jpg,train,91
painting_humanart_2000000001545.jpg,train,70
painting_humanart_2000000001548.jpg,train,91
painting_humanart_2000000001550.jpg,train,108
painting_humanart_2000000001552.jpg,train,84
painting_humanart_2000000001553.jpg,train,146
painting_humanart_2000000001555.jpg,train,146
painting_humanart_2000000001556.jpg,train,107
painting_humanart_2000000001557.jpg,train,112
painting_humanart_2000000001558.jpg,train,108
painting_humanart_2000000001559.jpg,train,113
painting_humanart_2000000001563.jpg,train,117
painting_humanart_2000000001564.jpg,train,109
painting_humanart_2000000001566.jpg,train,121
painting_humanart_2000000001568.jpg,train,96
painting_humanart_2000000001570.jpg,train,134
painting_humanart_2000000001575.jpg,train,120
painting_humanart_2000000001585.jpg,train,145
painting_humanart_2000000001587.jpg,train,138
painting_humanart_2000000001588.jpg,train,124
painting_humanart_2000000001590.jpg,train,95
painting_humanart_2000000001594.jpg,train,94
painting_humanart_2000000001596.jpg,train,98
painting_humanart_2000000001597.jpg,train,127
painting_humanart_2000000001598.jpg,train,177
painting_humanart_2000000001600.jpg,train,90
painting_humanart_2000000001601.jpg,train,147
painting_humanart_2000000001605.jpg,train,118
painting_humanart_2000000001609.jpg,train,103
painting_humanart_2000000001610.jpg,train,78
painting_humanart_2000000001611.jpg,train,110
painting_humanart_2000000001613.jpg,train,52
painting_humanart_2000000001614.jpg,train,120
painting_humanart_2000000001615.jpg,train,114
painting_humanart_2000000001616.jpg,train,135
painting_humanart_2000000001617.jpg,train,97
painting_humanart_2000000001618.jpg,train,63
painting_humanart_2000000001621.jpg,train,111
painting_humanart_2000000001622.jpg,train,75
painting_humanart_2000000001623.jpg,train,154
painting_humanart_2000000001624.jpg,train,115
painting_humanart_2000000001625.jpg,train,106
painting_humanart_2000000001628.jpg,train,138
painting_humanart_2000000001629.jpg,train,134
painting_humanart_2000000001632.jpg,train,130
painting_humanart_2000000001633.jpg,train,68
painting_humanart_2000000001634.jpg,train,143
painting_humanart_2000000001636.jpg,train,72
painting_humanart_2000000001639.jpg,train,125
painting_humanart_2000000001642.jpg,train,80
painting_humanart_2000000001647.jpg,train,96
painting_humanart_2000000001649.jpg,train,102
painting_humanart_2000000001650.jpg,train,103
painting_humanart_2000000001653.jpg,train,94
painting_humanart_2000000001656.jpg,train,123
painting_humanart_2000000001658.jpg,train,106
painting_humanart_2000000001659.jpg,train,63
painting_humanart_2000000001660.jpg,train,73
painting_humanart_2000000001661.jpg,train,76
painting_humanart_2000000001662.jpg,train,87
painting_humanart_2000000001663.jpg,train,102
painting_humanart_2000000001664.jpg,train,124
painting_humanart_2000000001666.jpg,train,82
painting_humanart_2000000001670.jpg,train,121
painting_humanart_2000000001673.jpg,train,65
painting_humanart_2000000001674.jpg,train,158
painting_humanart_2000000001677.jpg,train,137
painting_humanart_2000000001679.jpg,train,122
painting_humanart_2000000001684.jpg,train,60
painting_humanart_2000000001687.jpg,train,163
painting_humanart_2000000001688.jpg,train,112
painting_humanart_2000000001689.jpg,train,112
painting_humanart_2000000001690.jpg,train,165
painting_humanart_2000000001695.jpg,train,138
painting_humanart_2000000001697.jpg,train,81
painting_humanart_2000000001699.jpg,train,94
painting_humanart_2000000001702.jpg,train,105
painting_humanart_2000000001704.jpg,train,129
painting_humanart_2000000001710.jpg,train,74
painting_humanart_2000000001711.jpg,train,105
painting_humanart_2000000001716.jpg,train,99
painting_humanart_2000000001732.jpg,train,128
painting_humanart_2000000001733.jpg,train,126
painting_humanart_2000000001734.jpg,train,132
painting_humanart_2000000001737.jpg,train,100
painting_humanart_2000000001741.jpg,train,96
painting_humanart_2000000001750.jpg,train,112
painting_humanart_2000000001754.jpg,train,130
painting_humanart_2000000001756.jpg,train,92
painting_humanart_2000000001757.jpg,train,124
painting_humanart_2000000001759.jpg,train,104
painting_humanart_2000000001764.jpg,train,141
painting_humanart_2000000001771.jpg,train,105
painting_humanart_2000000001774.jpg,train,128
painting_humanart_2000000001776.jpg,train,108
painting_humanart_2000000001780.jpg,train,69
painting_humanart_2000000001781.jpg,train,130
painting_humanart_2000000001783.jpg,train,96
painting_humanart_2000000001784.jpg,train,112
painting_humanart_2000000001787.jpg,train,139
painting_humanart_2000000001788.jpg,train,110
painting_humanart_2000000001790.jpg,train,99
painting_humanart_2000000001793.jpg,train,110
painting_humanart_2000000001801.jpg,train,79
painting_humanart_2000000001803.jpg,train,107
painting_humanart_2000000001809.jpg,train,133
painting_humanart_2000000001811.jpg,train,107
painting_humanart_2000000001820.jpg,train,117
painting_humanart_2000000001823.jpg,train,111
painting_humanart_2000000001824.jpg,train,105
painting_humanart_2000000001833.jpg,train,75
painting_humanart_2000000001836.jpg,train,118
painting_humanart_2000000001837.jpg,train,153
painting_humanart_2000000001847.jpg,train,87
painting_humanart_2000000001857.jpg,train,80
painting_humanart_2000000001862.jpg,train,122
painting_humanart_2000000001867.jpg,train,129
painting_humanart_2000000001868.jpg,train,135
painting_humanart_2000000001869.jpg,train,158
painting_humanart_2000000001870.jpg,train,148
painting_humanart_2000000001871.jpg,train,129
painting_humanart_2000000001872.jpg,train,114
painting_humanart_2000000001875.jpg,train,112
painting_humanart_2000000001876.jpg,train,99
painting_humanart_2000000001877.jpg,train,83
painting_humanart_2000000001878.jpg,train,113
painting_humanart_2000000001879.jpg,train,145
painting_humanart_2000000001880.jpg,train,85
painting_humanart_2000000001881.jpg,train,96
painting_humanart_2000000001884.jpg,train,82
painting_humanart_2000000001885.jpg,train,139
painting_humanart_2000000001888.jpg,train,87
painting_humanart_2000000001889.jpg,train,102
painting_humanart_2000000001891.jpg,train,106
painting_humanart_2000000001892.jpg,train,141
painting_humanart_2000000001893.jpg,train,133
painting_humanart_2000000001897.jpg,train,99
painting_humanart_2000000001898.jpg,train,130
painting_humanart_2000000001899.jpg,train,90
painting_humanart_2000000001901.jpg,train,128
painting_humanart_2000000001902.jpg,train,120
painting_humanart_2000000001908.jpg,train,124
painting_humanart_2000000001911.jpg,train,132
painting_humanart_2000000001917.jpg,train,95
painting_humanart_2000000001919.jpg,train,131
painting_humanart_2000000001920.jpg,train,91
painting_humanart_2000000001921.jpg,train,121
painting_humanart_2000000001923.jpg,train,128
painting_humanart_2000000001924.jpg,train,123
painting_humanart_2000000001925.jpg,train,93
painting_humanart_2000000001926.jpg,train,87
painting_humanart_2000000001928.jpg,train,107
painting_humanart_2000000001931.jpg,train,147
painting_humanart_2000000001932.jpg,train,115
painting_humanart_2000000001934.jpg,train,67
painting_humanart_2000000001936.jpg,train,64
painting_humanart_2000000001937.jpg,train,127
painting_humanart_2000000001938.jpg,train,108
painting_humanart_2000000001940.jpg,train,107
painting_humanart_2000000001941.jpg,train,82
painting_humanart_2000000001944.jpg,train,85
painting_humanart_2000000001945.jpg,train,124
painting_humanart_2000000001948.jpg,train,59
painting_humanart_2000000001950.jpg,train,95
painting_humanart_2000000001958.jpg,train,66
painting_humanart_2000000001960.jpg,train,117
painting_humanart_2000000001961.jpg,train,117
painting_humanart_2000000001963.jpg,train,115
painting_humanart_2000000001967.jpg,train,96
painting_humanart_2000000001982.jpg,train,106
painting_humanart_2000000001983.jpg,train,86
painting_humanart_2000000001984.jpg,train,121
painting_humanart_2000000001990.jpg,train,117
painting_humanart_2000000001991.jpg,train,101
painting_humanart_2000000001992.jpg,train,102
painting_humanart_2000000001994.jpg,train,96
painting_humanart_2000000001996.jpg,train,82
painting_humanart_2000000001998.jpg,train,91
painting_humanart_2000000001999.jpg,train,109
painting_humanart_2000000002009.jpg,train,103
painting_humanart_2000000002012.jpg,train,118
painting_humanart_2000000002017.jpg,train,109
painting_humanart_2000000002018.jpg,train,128
painting_humanart_2000000002022.jpg,train,140
painting_humanart_2000000002030.jpg,train,113
painting_humanart_2000000002032.jpg,train,89
painting_humanart_2000000002034.jpg,train,86
painting_humanart_2000000002038.jpg,train,104
painting_humanart_2000000002045.jpg,train,103
painting_humanart_2000000002046.jpg,train,99
painting_humanart_2000000002047.jpg,train,151
painting_humanart_2000000002051.jpg,train,139
painting_humanart_2000000002056.jpg,train,65
painting_humanart_2000000002060.jpg,train,67
painting_humanart_2000000002067.jpg,train,142
painting_humanart_2000000002069.jpg,train,161
painting_humanart_2000000002071.jpg,train,137
painting_humanart_2000000002072.jpg,train,119
painting_humanart_2000000002075.jpg,train,135
painting_humanart_2000000002076.jpg,train,149
painting_humanart_2000000002079.jpg,train,84
painting_humanart_2000000002081.jpg,train,145
painting_humanart_2000000002082.jpg,train,101
painting_humanart_2000000002084.jpg,train,122
painting_humanart_2000000002086.jpg,train,132
painting_humanart_2000000002088.jpg,train,100
painting_humanart_2000000002091.jpg,train,101
painting_humanart_2000000002092.jpg,train,147
painting_humanart_2000000002094.jpg,train,108
painting_humanart_2000000002099.jpg,train,134
painting_humanart_2000000002101.jpg,train,144
painting_humanart_2000000002103.jpg,train,77
painting_humanart_2000000002112.jpg,train,128
painting_humanart_2000000002116.jpg,train,99
painting_humanart_2000000002118.jpg,train,123
painting_humanart_2000000002119.jpg,train,164
painting_humanart_2000000002120.jpg,train,98
painting_humanart_2000000002122.jpg,train,80
painting_humanart_2000000002123.jpg,train,85
painting_humanart_2000000002124.jpg,train,116
painting_humanart_2000000002130.jpg,train,123
painting_humanart_2000000002131.jpg,train,146
painting_humanart_2000000002133.jpg,train,107
painting_humanart_2000000002134.jpg,train,102
painting_humanart_2000000002139.jpg,train,124
painting_humanart_2000000002141.jpg,train,59
painting_humanart_2000000002144.jpg,train,116
painting_humanart_2000000002146.jpg,train,82
painting_humanart_2000000002147.jpg,train,87
painting_humanart_2000000002149.jpg,train,108
painting_humanart_2000000002154.jpg,train,59
painting_humanart_2000000002163.jpg,train,106
painting_humanart_2000000002172.jpg,train,147
painting_humanart_2000000002174.jpg,train,135
painting_humanart_2000000002176.jpg,train,94
painting_humanart_2000000002178.jpg,train,95
painting_humanart_2000000002179.jpg,train,79
painting_humanart_2000000002180.jpg,train,128
painting_humanart_2000000002185.jpg,train,79
painting_humanart_2000000002186.jpg,train,113
painting_humanart_2000000002187.jpg,train,47
painting_humanart_2000000002189.jpg,train,97
painting_humanart_2000000002190.jpg,train,153
painting_humanart_2000000002191.jpg,train,98
painting_humanart_2000000002197.jpg,train,98
painting_humanart_2000000002200.jpg,train,76
painting_humanart_2000000002201.jpg,train,106
painting_humanart_2000000002202.jpg,train,82
painting_humanart_2000000002204.jpg,train,79
painting_humanart_2000000002206.jpg,train,84
painting_humanart_2000000002209.jpg,train,118
painting_humanart_2000000002210.jpg,train,85
painting_humanart_2000000002212.jpg,train,101
painting_humanart_2000000002213.jpg,train,58
painting_humanart_2000000002238.jpg,train,71
painting_humanart_2000000002239.jpg,train,98
painting_humanart_2000000002241.jpg,train,56
painting_humanart_2000000002242.jpg,train,107
painting_humanart_2000000002244.jpg,train,100
painting_humanart_2000000002259.jpg,train,78
painting_humanart_2000000002261.jpg,train,109
painting_humanart_2000000002262.jpg,train,69
painting_humanart_2000000002263.jpg,train,116
painting_humanart_2000000002265.jpg,train,140
painting_humanart_2000000002267.jpg,train,95
painting_humanart_2000000002269.jpg,train,138
painting_humanart_2000000002271.jpg,train,166
painting_humanart_2000000002273.jpg,train,102
painting_humanart_2000000002284.jpg,train,98
painting_humanart_2000000002286.jpg,train,67
painting_humanart_2000000002288.jpg,train,85
painting_humanart_2000000002291.jpg,train,95
painting_humanart_2000000002292.jpg,train,107
painting_humanart_2000000002298.jpg,train,122
painting_humanart_2000000002299.jpg,train,67
painting_humanart_2000000002301.jpg,train,101
painting_humanart_2000000002303.jpg,train,123
painting_humanart_2000000002316.jpg,train,120
painting_humanart_2000000002318.jpg,train,109
painting_humanart_2000000002322.jpg,train,117
painting_humanart_2000000002326.jpg,train,135
painting_humanart_2000000002331.jpg,train,79
painting_humanart_2000000002332.jpg,train,114
painting_humanart_2000000002335.jpg,train,88
painting_humanart_2000000002336.jpg,train,127
painting_humanart_2000000002340.jpg,train,150
painting_humanart_2000000002341.jpg,train,160
painting_humanart_2000000002346.jpg,train,98
painting_humanart_2000000002348.jpg,train,128
painting_humanart_2000000002349.jpg,train,85
painting_humanart_2000000002350.jpg,train,111
painting_humanart_2000000002351.jpg,train,103
painting_humanart_2000000002354.jpg,train,132
painting_humanart_2000000002365.jpg,train,157
painting_humanart_2000000002369.jpg,train,84
painting_humanart_2000000002370.jpg,train,66
painting_humanart_2000000002375.jpg,train,138
painting_humanart_2000000002377.jpg,train,134
painting_humanart_2000000002380.jpg,train,109
painting_humanart_2000000002382.jpg,train,120
painting_humanart_2000000002386.jpg,train,100
painting_humanart_2000000002387.jpg,train,109
painting_humanart_2000000002396.jpg,train,99
painting_humanart_2000000002397.jpg,train,101
painting_humanart_2000000002399.jpg,train,117
painting_humanart_2000000002400.jpg,train,125
painting_humanart_2000000002401.jpg,train,102
painting_humanart_2000000002402.jpg,train,153
painting_humanart_2000000002403.jpg,train,129
painting_humanart_2000000002404.jpg,train,81
painting_humanart_2000000002416.jpg,train,136
painting_humanart_2000000002418.jpg,train,153
painting_humanart_2000000002419.jpg,train,108
painting_humanart_2000000002420.jpg,train,141
painting_humanart_2000000002422.jpg,train,128
painting_humanart_2000000002423.jpg,train,94
painting_humanart_2000000002427.jpg,train,123
painting_humanart_2000000002428.jpg,train,154
painting_humanart_2000000002431.jpg,train,92
painting_humanart_2000000002433.jpg,train,110
painting_humanart_2000000002436.jpg,train,98
painting_humanart_2000000002437.jpg,train,119
painting_humanart_2000000002440.jpg,train,98
painting_humanart_2000000002441.jpg,train,115
painting_humanart_2000000002442.jpg,train,179
painting_humanart_2000000002443.jpg,train,117
painting_humanart_2000000002444.jpg,train,112
painting_humanart_2000000002445.jpg,train,92
painting_humanart_2000000002446.jpg,train,121
painting_humanart_2000000002450.jpg,train,132
painting_humanart_2000000002451.jpg,train,134
painting_humanart_2000000002454.jpg,train,104
painting_humanart_2000000002455.jpg,train,152
painting_humanart_2000000002457.jpg,train,144
painting_humanart_2000000002459.jpg,train,142
painting_humanart_2000000002463.jpg,train,122
painting_humanart_2000000002464.jpg,train,132
painting_humanart_2000000002469.jpg,train,87
painting_humanart_2000000002472.jpg,train,91
painting_humanart_2000000002473.jpg,train,156
painting_humanart_2000000002475.jpg,train,100
painting_humanart_2000000002476.jpg,train,499
painting_humanart_2000000002479.jpg,train,105
painting_humanart_2000000002489.jpg,train,143
painting_humanart_2000000002492.jpg,train,77
painting_humanart_2000000002493.jpg,train,100
painting_humanart_2000000002494.jpg,train,112
painting_humanart_2000000002495.jpg,train,109
painting_humanart_2000000002496.jpg,train,115
painting_humanart_2000000002497.jpg,train,121
painting_humanart_2000000002498.jpg,train,88
painting_humanart_2000000002499.jpg,train,117
painting_humanart_2000000002500.jpg,train,90
painting_humanart_2000000002501.jpg,train,120
painting_humanart_2000000002505.jpg,train,69
painting_humanart_2000000002506.jpg,train,165
painting_humanart_2000000002510.jpg,train,148
painting_humanart_2000000002514.jpg,train,125
painting_humanart_2000000002515.jpg,train,116
painting_humanart_2000000002516.jpg,train,120
painting_humanart_2000000002518.jpg,train,85
painting_humanart_2000000002521.jpg,train,82
painting_humanart_2000000002524.jpg,train,75
painting_humanart_2000000002526.jpg,train,65
painting_humanart_2000000002527.jpg,train,106
painting_humanart_2000000002533.jpg,train,82
painting_humanart_2000000002536.jpg,train,105
painting_humanart_2000000002538.jpg,train,126
painting_humanart_2000000002545.jpg,train,117
painting_humanart_2000000002547.jpg,train,77
painting_humanart_2000000002548.jpg,train,112
painting_humanart_2000000002550.jpg,train,56
painting_humanart_2000000002551.jpg,train,62
painting_humanart_2000000002553.jpg,train,135
painting_humanart_2000000002557.jpg,train,96
painting_humanart_2000000002560.jpg,train,113
painting_humanart_2000000002561.jpg,train,111
painting_humanart_2000000002562.jpg,train,129
painting_humanart_2000000002565.jpg,train,110
painting_humanart_2000000002566.jpg,train,151
painting_humanart_2000000002567.jpg,train,94
painting_humanart_2000000002568.jpg,train,62
painting_humanart_2000000002569.jpg,train,101
painting_humanart_2000000002570.jpg,train,113
painting_humanart_2000000002571.jpg,train,139
painting_humanart_2000000002573.jpg,train,154
painting_humanart_2000000002575.jpg,train,104
painting_humanart_2000000002577.jpg,train,104
painting_humanart_2000000002578.jpg,train,94
painting_humanart_2000000002586.jpg,train,66
painting_humanart_2000000002589.jpg,train,54
painting_humanart_2000000002592.jpg,train,110
painting_humanart_2000000002594.jpg,train,75
painting_humanart_2000000002598.jpg,train,89
painting_humanart_2000000002599.jpg,train,100
painting_humanart_2000000002600.jpg,train,73
painting_humanart_2000000002601.jpg,train,52
painting_humanart_2000000002602.jpg,train,100
painting_humanart_2000000002603.jpg,train,125
painting_humanart_2000000002604.jpg,train,53
painting_humanart_2000000002605.jpg,train,65
painting_humanart_2000000002612.jpg,train,89
painting_humanart_2000000002617.jpg,train,119
painting_humanart_2000000002619.jpg,train,93
painting_humanart_2000000002620.jpg,train,83
painting_humanart_2000000002621.jpg,train,92
painting_humanart_2000000002623.jpg,train,91
painting_humanart_2000000002629.jpg,train,97
painting_humanart_2000000002630.jpg,train,100
painting_humanart_2000000002631.jpg,train,109
painting_humanart_2000000002632.jpg,train,119
painting_humanart_2000000002637.jpg,train,60
painting_humanart_2000000002641.jpg,train,98
painting_humanart_2000000002644.jpg,train,118
painting_humanart_2000000002646.jpg,train,141
painting_humanart_2000000002648.jpg,train,137
painting_humanart_2000000002650.jpg,train,109
painting_humanart_2000000002657.jpg,train,68
painting_humanart_2000000002658.jpg,train,92
painting_humanart_2000000002659.jpg,train,109
painting_humanart_2000000002660.jpg,train,120
painting_humanart_2000000002667.jpg,train,140
painting_humanart_2000000002671.jpg,train,134
painting_humanart_2000000002672.jpg,train,108
painting_humanart_2000000002673.jpg,train,129
painting_humanart_2000000002674.jpg,train,78
painting_humanart_2000000002681.jpg,train,96
painting_humanart_2000000002682.jpg,train,105
painting_humanart_2000000002686.jpg,train,80
painting_humanart_2000000002688.jpg,train,138
painting_humanart_2000000002689.jpg,train,111
painting_humanart_2000000002703.jpg,train,90
painting_humanart_2000000002708.jpg,train,85
painting_humanart_2000000002709.jpg,train,97
painting_humanart_2000000002710.jpg,train,111
painting_humanart_2000000002711.jpg,train,106
painting_humanart_2000000002713.jpg,train,143
painting_humanart_2000000002715.jpg,train,108
painting_humanart_2000000002716.jpg,train,92
painting_humanart_2000000002717.jpg,train,105
painting_humanart_2000000002720.jpg,train,186
painting_humanart_2000000002721.jpg,train,96
painting_humanart_2000000002722.jpg,train,128
painting_humanart_2000000002723.jpg,train,103
painting_humanart_2000000002725.jpg,train,125
painting_humanart_2000000002726.jpg,train,126
painting_humanart_2000000002727.jpg,train,98
painting_humanart_2000000002731.jpg,train,112
painting_humanart_2000000002734.jpg,train,138
painting_humanart_2000000002735.jpg,train,135
painting_humanart_2000000002737.jpg,train,108
painting_humanart_2000000002740.jpg,train,157
painting_humanart_2000000002741.jpg,train,124
painting_humanart_2000000002742.jpg,train,106
painting_humanart_2000000002744.jpg,train,179
painting_humanart_2000000002746.jpg,train,116
painting_humanart_2000000002749.jpg,train,151
painting_humanart_2000000002755.jpg,train,111
painting_humanart_2000000002759.jpg,train,106
painting_humanart_2000000002760.jpg,train,139
painting_humanart_2000000002762.jpg,train,140
painting_humanart_2000000002763.jpg,train,108
painting_humanart_2000000002766.jpg,train,83
painting_humanart_2000000002767.jpg,train,133
painting_humanart_2000000002769.jpg,train,80
painting_humanart_2000000002771.jpg,train,110
painting_humanart_2000000002772.jpg,train,113
painting_humanart_2000000002776.jpg,train,113
painting_humanart_2000000002778.jpg,train,85
painting_humanart_2000000002779.jpg,train,89
painting_humanart_2000000002781.jpg,train,115
painting_humanart_2000000002782.jpg,train,99
painting_humanart_2000000002783.jpg,train,147
painting_humanart_2000000002786.jpg,train,109
painting_humanart_2000000002789.jpg,train,142
painting_humanart_2000000002791.jpg,train,117
painting_humanart_2000000002792.jpg,train,159
painting_humanart_2000000002793.jpg,train,149
painting_humanart_2000000002797.jpg,train,71
painting_humanart_2000000002798.jpg,train,113
painting_humanart_2000000002799.jpg,train,123
painting_humanart_2000000002800.jpg,train,121
painting_humanart_2000000002802.jpg,train,114
painting_humanart_2000000002804.jpg,train,60
painting_humanart_2000000002807.jpg,train,102
painting_humanart_2000000002808.jpg,train,84
painting_humanart_2000000002810.jpg,train,101
painting_humanart_2000000002812.jpg,train,69
painting_humanart_2000000002814.jpg,train,102
painting_humanart_2000000002816.jpg,train,153
painting_humanart_2000000002817.jpg,train,114
painting_humanart_2000000002820.jpg,train,98
painting_humanart_2000000002822.jpg,train,81
painting_humanart_2000000002823.jpg,train,126
painting_humanart_2000000002824.jpg,train,142
painting_humanart_2000000002825.jpg,train,138
painting_humanart_2000000002829.jpg,train,101
painting_humanart_2000000002831.jpg,train,132
painting_humanart_2000000002833.jpg,train,99
painting_humanart_2000000002834.jpg,train,104
painting_humanart_2000000002835.jpg,train,168
painting_humanart_2000000002836.jpg,train,169
painting_humanart_2000000002837.jpg,train,128
painting_humanart_2000000002838.jpg,train,96
painting_humanart_2000000002843.jpg,train,99
painting_humanart_2000000002844.jpg,train,89
painting_humanart_2000000002845.jpg,train,156
painting_humanart_2000000002847.jpg,train,148
painting_humanart_2000000002851.jpg,train,137
painting_humanart_2000000002854.jpg,train,87
painting_humanart_2000000002855.jpg,train,144
painting_humanart_2000000002856.jpg,train,93
painting_humanart_2000000002858.jpg,train,72
painting_humanart_2000000002859.jpg,train,145
painting_humanart_2000000002861.jpg,train,125
painting_humanart_2000000002862.jpg,train,101
painting_humanart_2000000002863.jpg,train,129
painting_humanart_2000000002868.jpg,train,87
painting_humanart_2000000002871.jpg,train,133
painting_humanart_2000000002875.jpg,train,108
painting_humanart_2000000002876.jpg,train,137
painting_humanart_2000000002877.jpg,train,136
painting_humanart_2000000002878.jpg,train,137
painting_humanart_2000000002879.jpg,train,131
painting_humanart_2000000002880.jpg,train,173
painting_humanart_2000000002884.jpg,train,88
painting_humanart_2000000002885.jpg,train,101
painting_humanart_2000000002886.jpg,train,96
painting_humanart_2000000002889.jpg,train,94
painting_humanart_2000000002890.jpg,train,90
painting_humanart_2000000002897.jpg,train,154
painting_humanart_2000000002898.jpg,train,146
painting_humanart_2000000002899.jpg,train,103
painting_humanart_2000000002902.jpg,train,94
painting_humanart_2000000002903.jpg,train,131
painting_humanart_2000000002907.jpg,train,148
painting_humanart_2000000002908.jpg,train,87
painting_humanart_2000000002909.jpg,train,159
painting_humanart_2000000002912.jpg,train,133
painting_humanart_2000000002915.jpg,train,95
painting_humanart_2000000002916.jpg,train,108
painting_humanart_2000000002917.jpg,train,65
painting_humanart_2000000002918.jpg,train,115
painting_humanart_2000000002921.jpg,train,73
painting_humanart_2000000002922.jpg,train,73
painting_humanart_2000000002923.jpg,train,132
painting_humanart_2000000002925.jpg,train,69
painting_humanart_2000000002929.jpg,train,106
painting_humanart_2000000002930.jpg,train,126
painting_humanart_2000000002931.jpg,train,112
painting_humanart_2000000002932.jpg,train,115
painting_humanart_2000000002933.jpg,train,105
painting_humanart_2000000002936.jpg,train,105
painting_humanart_2000000002938.jpg,train,117
painting_humanart_2000000002944.jpg,train,84
painting_humanart_2000000002947.jpg,train,80
painting_humanart_2000000002954.jpg,train,80
painting_humanart_2000000002957.jpg,train,115
painting_humanart_2000000002959.jpg,train,125
painting_humanart_2000000002960.jpg,train,109
painting_humanart_2000000002962.jpg,train,102
painting_humanart_2000000002964.jpg,train,119
painting_humanart_2000000002968.jpg,train,85
painting_humanart_2000000002969.jpg,train,98
painting_humanart_2000000002970.jpg,train,118
painting_humanart_2000000002972.jpg,train,140
painting_humanart_2000000002974.jpg,train,99
painting_humanart_2000000002977.jpg,train,125
painting_humanart_2000000002978.jpg,train,133
painting_humanart_2000000002981.jpg,train,125
painting_humanart_2000000002986.jpg,train,121
painting_humanart_2000000002988.jpg,train,80
painting_humanart_2000000002992.jpg,train,115
painting_humanart_2000000002995.jpg,train,113
painting_humanart_2000000002997.jpg,train,124
painting_humanart_2000000002999.jpg,train,94
painting_humanart_2000000003003.jpg,train,112
painting_humanart_2000000003005.jpg,train,116
painting_humanart_2000000003008.jpg,train,105
painting_humanart_2000000003009.jpg,train,114
painting_humanart_2000000003012.jpg,train,91
painting_humanart_2000000003019.jpg,train,159
painting_humanart_2000000003021.jpg,train,92
painting_humanart_2000000003022.jpg,train,130
painting_humanart_2000000003024.jpg,train,162
painting_humanart_2000000003030.jpg,train,86
painting_humanart_2000000003031.jpg,train,63
painting_humanart_2000000003033.jpg,train,121
painting_humanart_2000000003035.jpg,train,111
painting_humanart_2000000003036.jpg,train,86
painting_humanart_2000000003037.jpg,train,53
painting_humanart_2000000003038.jpg,train,77
painting_humanart_2000000003039.jpg,train,113
painting_humanart_2000000003040.jpg,train,97
painting_humanart_2000000003041.jpg,train,101
painting_humanart_2000000003043.jpg,train,87
painting_humanart_2000000003044.jpg,train,139
painting_humanart_2000000003046.jpg,train,142
painting_humanart_2000000003047.jpg,train,117
painting_humanart_2000000003050.jpg,train,131
painting_humanart_2000000003051.jpg,train,110
painting_humanart_2000000003055.jpg,train,137
painting_humanart_2000000003056.jpg,train,169
painting_humanart_2000000003064.jpg,train,87
painting_humanart_2000000003065.jpg,train,137
painting_humanart_2000000003066.jpg,train,95
painting_humanart_2000000003068.jpg,train,122
painting_humanart_2000000003071.jpg,train,150
painting_humanart_2000000003075.jpg,train,114
painting_humanart_2000000003078.jpg,train,79
painting_humanart_2000000003081.jpg,train,72
painting_humanart_2000000003082.jpg,train,96
painting_humanart_2000000003083.jpg,train,124
painting_humanart_2000000003089.jpg,train,83
painting_humanart_2000000003090.jpg,train,118
painting_humanart_2000000003091.jpg,train,132
painting_humanart_2000000003094.jpg,train,81
painting_humanart_2000000003096.jpg,train,120
painting_humanart_2000000003100.jpg,train,82
painting_humanart_2000000003101.jpg,train,91
painting_humanart_2000000003103.jpg,train,85
painting_humanart_2000000003105.jpg,train,106
painting_humanart_2000000003111.jpg,train,107
painting_humanart_2000000003112.jpg,train,60
painting_humanart_2000000003113.jpg,train,112
painting_humanart_2000000003114.jpg,train,102
painting_humanart_2000000003118.jpg,train,77
painting_humanart_2000000003120.jpg,train,66
painting_humanart_2000000003123.jpg,train,103
painting_humanart_2000000003124.jpg,train,101
painting_humanart_2000000003125.jpg,train,99
painting_humanart_2000000003130.jpg,train,90
painting_humanart_2000000003133.jpg,train,126
painting_humanart_2000000003138.jpg,train,109
painting_humanart_2000000003139.jpg,train,100
painting_humanart_2000000003141.jpg,train,105
painting_humanart_2000000003148.jpg,train,183
painting_humanart_2000000003150.jpg,train,116
painting_humanart_2000000003151.jpg,train,99
painting_humanart_2000000003154.jpg,train,68
painting_humanart_2000000003156.jpg,train,109
painting_humanart_2000000003157.jpg,train,99
painting_humanart_2000000003159.jpg,train,97
painting_humanart_2000000003160.jpg,train,106
painting_humanart_2000000003163.jpg,train,115
painting_humanart_2000000003164.jpg,train,63
painting_humanart_2000000003168.jpg,train,114
painting_humanart_2000000003170.jpg,train,76
painting_humanart_2000000003171.jpg,train,101
painting_humanart_2000000003174.jpg,train,158
painting_humanart_2000000003180.jpg,train,59
painting_humanart_2000000003181.jpg,train,104
painting_humanart_2000000003182.jpg,train,84
painting_humanart_2000000003184.jpg,train,75
painting_humanart_2000000003186.jpg,train,105
painting_humanart_2000000003189.jpg,train,104
painting_humanart_2000000003190.jpg,train,115
painting_humanart_2000000003195.jpg,train,84
painting_humanart_2000000003197.jpg,train,92
painting_humanart_2000000003200.jpg,train,104
painting_humanart_2000000003201.jpg,train,121
painting_humanart_2000000003206.jpg,train,114
painting_humanart_2000000003209.jpg,train,91
painting_humanart_2000000003211.jpg,train,109
painting_humanart_2000000003213.jpg,train,109
painting_humanart_2000000003214.jpg,train,95
painting_humanart_2000000003215.jpg,train,130
painting_humanart_2000000003219.jpg,train,137
painting_humanart_2000000003220.jpg,train,141
painting_humanart_2000000003222.jpg,train,82
painting_humanart_2000000003223.jpg,train,112
painting_humanart_2000000003224.jpg,train,90
painting_humanart_2000000003227.jpg,train,114
painting_humanart_2000000003228.jpg,train,77
painting_humanart_2000000003230.jpg,train,60
painting_humanart_2000000003232.jpg,train,112
painting_humanart_2000000003235.jpg,train,79
painting_humanart_2000000003238.jpg,train,110
painting_humanart_2000000003239.jpg,train,114
painting_humanart_2000000003240.jpg,train,118
painting_humanart_2000000003242.jpg,train,72
painting_humanart_2000000003244.jpg,train,109
painting_humanart_2000000003246.jpg,train,137
painting_humanart_2000000003251.jpg,train,101
painting_humanart_2000000003252.jpg,train,135
painting_humanart_2000000003253.jpg,train,99
painting_humanart_2000000003255.jpg,train,84
painting_humanart_2000000003256.jpg,train,149
painting_humanart_2000000003261.jpg,train,66
painting_humanart_2000000003264.jpg,train,124
painting_humanart_2000000003265.jpg,train,71
painting_humanart_2000000003271.jpg,train,62
painting_humanart_2000000003273.jpg,train,88
painting_humanart_2000000003274.jpg,train,92
painting_humanart_2000000003276.jpg,train,116
painting_humanart_2000000003277.jpg,train,121
painting_humanart_2000000003278.jpg,train,123
painting_humanart_2000000003279.jpg,train,127
painting_humanart_2000000003280.jpg,train,84
painting_humanart_2000000003282.jpg,train,100
painting_humanart_2000000003283.jpg,train,67
painting_humanart_2000000003287.jpg,train,92
painting_humanart_2000000003288.jpg,train,91
painting_humanart_2000000003289.jpg,train,119
painting_humanart_2000000003290.jpg,train,92
painting_humanart_2000000003292.jpg,train,135
painting_humanart_2000000003293.jpg,train,98
painting_humanart_2000000003298.jpg,train,132
painting_humanart_2000000003301.jpg,train,163
painting_humanart_2000000003302.jpg,train,94
painting_humanart_2000000003304.jpg,train,71
painting_humanart_2000000003309.jpg,train,99
painting_humanart_2000000003311.jpg,train,144
painting_humanart_2000000003314.jpg,train,107
painting_humanart_2000000003316.jpg,train,84
painting_humanart_2000000003317.jpg,train,100
painting_humanart_2000000003320.jpg,train,54
painting_humanart_2000000003321.jpg,train,126
painting_humanart_2000000003322.jpg,train,98
painting_humanart_2000000003327.jpg,train,94
painting_humanart_2000000003329.jpg,train,67
painting_humanart_2000000003330.jpg,train,102
painting_humanart_2000000003331.jpg,train,98
painting_humanart_2000000003332.jpg,train,67
painting_humanart_2000000003333.jpg,train,72
painting_humanart_6000000000002.jpg,train,124
painting_humanart_6000000000004.jpg,train,103
painting_humanart_6000000000005.jpg,train,110
painting_humanart_6000000000007.jpg,train,109
painting_humanart_6000000000008.jpg,train,104
painting_humanart_6000000000011.jpg,train,107
painting_humanart_6000000000012.jpg,train,122
painting_humanart_6000000000015.jpg,train,65
painting_humanart_6000000000016.jpg,train,106
painting_humanart_6000000000020.jpg,train,68
painting_humanart_6000000000021.jpg,train,111
painting_humanart_6000000000024.jpg,train,115
painting_humanart_6000000000025.jpg,train,99
painting_humanart_6000000000026.jpg,train,93
painting_humanart_6000000000027.jpg,train,108
painting_humanart_6000000000028.jpg,train,100
painting_humanart_6000000000029.jpg,train,87
painting_humanart_6000000000030.jpg,train,80
painting_humanart_6000000000031.jpg,train,59
painting_humanart_6000000000036.jpg,train,97
painting_humanart_6000000000047.jpg,train,60
painting_humanart_6000000000048.jpg,train,68
painting_humanart_6000000000050.jpg,train,90
painting_humanart_6000000000052.jpg,train,104
painting_humanart_6000000000053.jpg,train,85
painting_humanart_6000000000054.jpg,train,107
painting_humanart_6000000000055.jpg,train,110
painting_humanart_6000000000068.jpg,train,89
painting_humanart_6000000000069.jpg,train,80
painting_humanart_6000000000074.jpg,train,109
painting_humanart_6000000000075.jpg,train,79
painting_humanart_6000000000076.jpg,train,108
painting_humanart_6000000000083.jpg,train,130
painting_humanart_6000000000084.jpg,train,153
painting_humanart_6000000000085.jpg,train,68
painting_humanart_6000000000086.jpg,train,87
painting_humanart_6000000000087.jpg,train,54
painting_humanart_6000000000094.jpg,train,102
painting_humanart_6000000000095.jpg,train,95
painting_humanart_6000000000099.jpg,train,59
painting_humanart_6000000000100.jpg,train,115
painting_humanart_6000000000102.jpg,train,102
painting_humanart_6000000000104.jpg,train,95
painting_humanart_6000000000111.jpg,train,102
painting_humanart_6000000000115.jpg,train,114
painting_humanart_6000000000116.jpg,train,114
painting_humanart_6000000000117.jpg,train,110
painting_humanart_6000000000120.jpg,train,117
painting_humanart_6000000000121.jpg,train,68
painting_humanart_6000000000124.jpg,train,74
painting_humanart_6000000000125.jpg,train,77
painting_humanart_6000000000126.jpg,train,116
painting_humanart_6000000000127.jpg,train,96
painting_humanart_6000000000128.jpg,train,108
painting_humanart_6000000000129.jpg,train,82
painting_humanart_6000000000133.jpg,train,123
painting_humanart_6000000000134.jpg,train,78
painting_humanart_6000000000137.jpg,train,61
painting_humanart_6000000000139.jpg,train,69
painting_humanart_6000000000140.jpg,train,77
painting_humanart_6000000000141.jpg,train,77
painting_humanart_6000000000143.jpg,train,83
painting_humanart_6000000000147.jpg,train,52
painting_humanart_6000000000150.jpg,train,95
painting_humanart_6000000000151.jpg,train,82
painting_humanart_6000000000171.jpg,train,120
painting_humanart_6000000000172.jpg,train,99
painting_humanart_6000000000174.jpg,train,116
painting_humanart_6000000000175.jpg,train,82
painting_humanart_6000000000183.jpg,train,119
painting_humanart_6000000000185.jpg,train,58
painting_humanart_6000000000186.jpg,train,102
painting_humanart_6000000000188.jpg,train,66
painting_humanart_6000000000200.jpg,train,112
painting_humanart_6000000000201.jpg,train,123
painting_humanart_6000000000206.jpg,train,89
painting_humanart_6000000000211.jpg,train,103
painting_humanart_6000000000212.jpg,train,62
painting_humanart_6000000000216.jpg,train,120
painting_humanart_6000000000218.jpg,train,141
painting_humanart_6000000000225.jpg,train,89
painting_humanart_6000000000227.jpg,train,92
painting_humanart_6000000000229.jpg,train,79
painting_humanart_6000000000231.jpg,train,96
painting_humanart_6000000000232.jpg,train,130
painting_humanart_6000000000236.jpg,train,99
painting_humanart_6000000000243.jpg,train,88
painting_humanart_6000000000245.jpg,train,59
painting_humanart_6000000000253.jpg,train,111
painting_humanart_6000000000255.jpg,train,126
painting_humanart_6000000000258.jpg,train,110
painting_humanart_6000000000260.jpg,train,76
painting_humanart_6000000000267.jpg,train,91
painting_humanart_6000000000268.jpg,train,96
painting_humanart_6000000000271.jpg,train,77
painting_humanart_6000000000274.jpg,train,114
painting_humanart_6000000000277.jpg,train,96
painting_humanart_6000000000278.jpg,train,98
painting_humanart_6000000000279.jpg,train,116
painting_humanart_6000000000280.jpg,train,75
painting_humanart_6000000000281.jpg,train,128
painting_humanart_6000000000285.jpg,train,147
painting_humanart_6000000000288.jpg,train,144
painting_humanart_6000000000290.jpg,train,97
painting_humanart_6000000000298.jpg,train,119
painting_humanart_6000000000299.jpg,train,92
painting_humanart_6000000000301.jpg,train,87
painting_humanart_6000000000303.jpg,train,124
painting_humanart_6000000000310.jpg,train,114
painting_humanart_6000000000312.jpg,train,125
painting_humanart_6000000000313.jpg,train,110
painting_humanart_6000000000314.jpg,train,112
painting_humanart_6000000000315.jpg,train,74
painting_humanart_6000000000323.jpg,train,64
painting_humanart_6000000000326.jpg,train,87
painting_humanart_6000000000327.jpg,train,70
painting_humanart_6000000000328.jpg,train,157
painting_humanart_6000000000332.jpg,train,93
painting_humanart_6000000000335.jpg,train,102
painting_humanart_6000000000338.jpg,train,133
painting_humanart_6000000000339.jpg,train,65
painting_humanart_6000000000344.jpg,train,99
painting_humanart_6000000000345.jpg,train,46
painting_humanart_6000000000347.jpg,train,116
painting_humanart_6000000000351.jpg,train,127
painting_humanart_6000000000363.jpg,train,136
painting_humanart_6000000000365.jpg,train,91
painting_humanart_6000000000366.jpg,train,119
painting_humanart_6000000000371.jpg,train,86
painting_humanart_6000000000378.jpg,train,120
painting_humanart_6000000000382.jpg,train,82
painting_humanart_6000000000385.jpg,train,138
painting_humanart_6000000000386.jpg,train,105
painting_humanart_6000000000389.jpg,train,95
painting_humanart_6000000000395.jpg,train,71
painting_humanart_6000000000399.jpg,train,116
painting_humanart_6000000000406.jpg,train,122
painting_humanart_6000000000411.jpg,train,108
painting_humanart_6000000000415.jpg,train,110
painting_humanart_6000000000417.jpg,train,126
painting_humanart_6000000000418.jpg,train,119
painting_humanart_6000000000422.jpg,train,131
painting_humanart_6000000000423.jpg,train,100
painting_humanart_6000000000426.jpg,train,88
painting_humanart_6000000000427.jpg,train,105
painting_humanart_6000000000430.jpg,train,120
painting_humanart_6000000000431.jpg,train,70
painting_humanart_6000000000433.jpg,train,97
painting_humanart_6000000000434.jpg,train,104
painting_humanart_6000000000440.jpg,train,125
painting_humanart_6000000000441.jpg,train,114
painting_humanart_6000000000443.jpg,train,102
painting_humanart_6000000000454.jpg,train,116
painting_humanart_6000000000457.jpg,train,100
painting_humanart_6000000000458.jpg,train,98
painting_humanart_6000000000461.jpg,train,124
painting_humanart_6000000000463.jpg,train,68
painting_humanart_6000000000472.jpg,train,86
painting_humanart_6000000000490.jpg,train,49
painting_humanart_6000000000501.jpg,train,119
painting_humanart_6000000000502.jpg,train,121
painting_humanart_6000000000503.jpg,train,138
painting_humanart_6000000000508.jpg,train,116
painting_humanart_6000000000511.jpg,train,131
painting_humanart_6000000000514.jpg,train,83
painting_humanart_6000000000515.jpg,train,133
painting_humanart_6000000000518.jpg,train,86
painting_humanart_6000000000519.jpg,train,92
painting_humanart_6000000000521.jpg,train,150
painting_humanart_6000000000527.jpg,train,104
painting_humanart_6000000000528.jpg,train,76
painting_humanart_6000000000535.jpg,train,102
painting_humanart_6000000000538.jpg,train,110
painting_humanart_6000000000543.jpg,train,74
painting_humanart_6000000000548.jpg,train,144
painting_humanart_6000000000550.jpg,train,95
painting_humanart_6000000000558.jpg,train,65
painting_humanart_6000000000569.jpg,train,123
painting_humanart_6000000000576.jpg,train,135
painting_humanart_6000000000578.jpg,train,93
painting_humanart_6000000000580.jpg,train,115
painting_humanart_6000000000581.jpg,train,73
painting_humanart_6000000000585.jpg,train,93
painting_humanart_6000000000587.jpg,train,113
painting_humanart_6000000000602.jpg,train,122
painting_humanart_6000000000603.jpg,train,75
painting_humanart_6000000000606.jpg,train,61
painting_humanart_6000000000607.jpg,train,110
painting_humanart_6000000000608.jpg,train,66
painting_humanart_6000000000609.jpg,train,105
painting_humanart_6000000000610.jpg,train,49
painting_humanart_6000000000611.jpg,train,104
painting_humanart_6000000000613.jpg,train,116
painting_humanart_6000000000615.jpg,train,77
painting_humanart_6000000000623.jpg,train,57
painting_humanart_6000000000624.jpg,train,116
painting_humanart_6000000000632.jpg,train,82
painting_humanart_6000000000633.jpg,train,119
painting_humanart_6000000000635.jpg,train,142
painting_humanart_6000000000639.jpg,train,71
painting_humanart_6000000000641.jpg,train,123
painting_humanart_6000000000642.jpg,train,148
painting_humanart_6000000000645.jpg,train,77
painting_humanart_6000000000647.jpg,train,84
painting_humanart_6000000000649.jpg,train,113
painting_humanart_6000000000656.jpg,train,82
painting_humanart_6000000000657.jpg,train,136
painting_humanart_6000000000660.jpg,train,93
painting_humanart_6000000000675.jpg,train,68
painting_humanart_6000000000676.jpg,train,101
painting_humanart_6000000000680.jpg,train,62
painting_humanart_6000000000686.jpg,train,123
painting_humanart_6000000000689.jpg,train,127
painting_humanart_6000000000694.jpg,train,113
painting_humanart_6000000000697.jpg,train,113
painting_humanart_6000000000699.jpg,train,86
painting_humanart_6000000000705.jpg,train,108
painting_humanart_6000000000710.jpg,train,106
painting_humanart_6000000000711.jpg,train,128
painting_humanart_6000000000717.jpg,train,99
painting_humanart_6000000000720.jpg,train,71
painting_humanart_6000000000723.jpg,train,112
painting_humanart_6000000000724.jpg,train,100
painting_humanart_6000000000730.jpg,train,88
painting_humanart_6000000000736.jpg,train,91
painting_humanart_6000000000738.jpg,train,113
painting_humanart_6000000000741.jpg,train,125
painting_humanart_6000000000744.jpg,train,121
painting_humanart_6000000000745.jpg,train,54
painting_humanart_6000000000746.jpg,train,143
painting_humanart_6000000000748.jpg,train,83
painting_humanart_6000000000749.jpg,train,141
painting_humanart_6000000000757.jpg,train,84
painting_humanart_6000000000758.jpg,train,76
painting_humanart_6000000000759.jpg,train,76
painting_humanart_6000000000762.jpg,train,71
painting_humanart_6000000000765.jpg,train,116
painting_humanart_6000000000768.jpg,train,64
painting_humanart_6000000000770.jpg,train,89
painting_humanart_6000000000777.jpg,train,83
painting_humanart_6000000000781.jpg,train,74
painting_humanart_6000000000782.jpg,train,112
painting_humanart_6000000000787.jpg,train,84
painting_humanart_6000000000788.jpg,train,131
painting_humanart_6000000000798.jpg,train,103
painting_humanart_6000000000799.jpg,train,90
painting_humanart_6000000000800.jpg,train,116
painting_humanart_6000000000802.jpg,train,113
painting_humanart_6000000000814.jpg,train,100
painting_humanart_6000000000815.jpg,train,80
painting_humanart_6000000000817.jpg,train,92
painting_humanart_6000000000820.jpg,train,84
painting_humanart_6000000000821.jpg,train,88
painting_humanart_6000000000823.jpg,train,91
painting_humanart_6000000000825.jpg,train,119
painting_humanart_6000000000842.jpg,train,109
painting_humanart_6000000000844.jpg,train,115
painting_humanart_6000000000845.jpg,train,128
painting_humanart_6000000000850.jpg,train,120
painting_humanart_6000000000852.jpg,train,126
painting_humanart_6000000000854.jpg,train,54
painting_humanart_6000000000859.jpg,train,110
painting_humanart_6000000000869.jpg,train,106
painting_humanart_6000000000870.jpg,train,99
painting_humanart_6000000000883.jpg,train,100
painting_humanart_6000000000889.jpg,train,85
painting_humanart_6000000000893.jpg,train,124
painting_humanart_6000000000898.jpg,train,82
painting_humanart_6000000000901.jpg,train,86
painting_humanart_6000000000905.jpg,train,99
painting_humanart_6000000000906.jpg,train,102
painting_humanart_6000000000907.jpg,train,102
painting_humanart_6000000000912.jpg,train,135
painting_humanart_6000000000913.jpg,train,99
painting_humanart_6000000000915.jpg,train,92
painting_humanart_6000000000917.jpg,train,115
painting_humanart_6000000000918.jpg,train,130
painting_humanart_6000000000923.jpg,train,121
painting_humanart_6000000000924.jpg,train,125
painting_humanart_6000000000928.jpg,train,96
painting_humanart_6000000000931.jpg,train,98
painting_humanart_6000000000934.jpg,train,149
painting_humanart_6000000000943.jpg,train,103
painting_humanart_6000000000946.jpg,train,138
painting_humanart_6000000000949.jpg,train,87
painting_humanart_6000000000952.jpg,train,75
painting_humanart_6000000000954.jpg,train,108
painting_humanart_6000000000957.jpg,train,107
painting_humanart_6000000000959.jpg,train,107
painting_humanart_6000000000964.jpg,train,112
painting_humanart_6000000000965.jpg,train,146
painting_humanart_6000000000974.jpg,train,106
painting_humanart_6000000000978.jpg,train,127
painting_humanart_6000000000980.jpg,train,116
painting_humanart_6000000000987.jpg,train,87
painting_humanart_6000000000988.jpg,train,99
painting_humanart_6000000000995.jpg,train,77
painting_humanart_6000000000996.jpg,train,124
painting_humanart_6000000000998.jpg,train,92
painting_humanart_6000000001000.jpg,train,92
painting_humanart_6000000001002.jpg,train,140
painting_humanart_6000000001009.jpg,train,109
painting_humanart_6000000001010.jpg,train,105
painting_humanart_6000000001011.jpg,train,84
painting_humanart_6000000001014.jpg,train,136
painting_humanart_6000000001016.jpg,train,111
painting_humanart_6000000001022.jpg,train,87
painting_humanart_6000000001028.jpg,train,123
painting_humanart_6000000001034.jpg,train,115
painting_humanart_6000000001035.jpg,train,132
painting_humanart_6000000001040.jpg,train,131
painting_humanart_6000000001043.jpg,train,124
painting_humanart_6000000001044.jpg,train,63
painting_humanart_6000000001048.jpg,train,98
painting_humanart_6000000001059.jpg,train,111
painting_humanart_6000000001060.jpg,train,117
painting_humanart_6000000001061.jpg,train,104
painting_humanart_6000000001064.jpg,train,102
painting_humanart_6000000001068.jpg,train,105
painting_humanart_6000000001070.jpg,train,80
painting_humanart_6000000001073.jpg,train,119
painting_humanart_6000000001078.jpg,train,97
painting_humanart_6000000001081.jpg,train,109
painting_humanart_6000000001088.jpg,train,89
painting_humanart_6000000001091.jpg,train,119
painting_humanart_6000000001096.jpg,train,143
painting_humanart_6000000001097.jpg,train,110
painting_humanart_6000000001102.jpg,train,112
painting_humanart_6000000001103.jpg,train,156
painting_humanart_6000000001105.jpg,train,133
painting_humanart_6000000001109.jpg,train,120
painting_humanart_6000000001111.jpg,train,121
painting_humanart_6000000001115.jpg,train,136
painting_humanart_6000000001118.jpg,train,112
painting_humanart_6000000001123.jpg,train,110
painting_humanart_6000000001126.jpg,train,151
painting_humanart_6000000001128.jpg,train,65
painting_humanart_6000000001129.jpg,train,96
painting_humanart_6000000001131.jpg,train,99
painting_humanart_6000000001133.jpg,train,89
painting_humanart_6000000001144.jpg,train,131
painting_humanart_6000000001145.jpg,train,140
painting_humanart_6000000001154.jpg,train,87
painting_humanart_6000000001157.jpg,train,90
painting_humanart_6000000001159.jpg,train,124
painting_humanart_6000000001164.jpg,train,119
painting_humanart_6000000001166.jpg,train,84
painting_humanart_6000000001170.jpg,train,134
painting_humanart_6000000001172.jpg,train,139
painting_humanart_6000000001175.jpg,train,112
painting_humanart_6000000001181.jpg,train,53
painting_humanart_6000000001182.jpg,train,137
painting_humanart_6000000001188.jpg,train,103
painting_humanart_6000000001192.jpg,train,100
painting_humanart_6000000001195.jpg,train,120
painting_humanart_6000000001197.jpg,train,102
painting_humanart_6000000001198.jpg,train,96
painting_humanart_6000000001200.jpg,train,113
painting_humanart_6000000001202.jpg,train,96
painting_humanart_6000000001203.jpg,train,126
painting_humanart_6000000001204.jpg,train,64
painting_humanart_6000000001205.jpg,train,99
painting_humanart_6000000001208.jpg,train,67
painting_humanart_6000000001211.jpg,train,70
painting_humanart_6000000001212.jpg,train,107
painting_humanart_6000000001214.jpg,train,112
painting_humanart_6000000001215.jpg,train,95
painting_humanart_6000000001217.jpg,train,68
painting_humanart_6000000001229.jpg,train,70
painting_humanart_6000000001240.jpg,train,87
painting_humanart_6000000001241.jpg,train,91
painting_humanart_6000000001243.jpg,train,140
painting_humanart_6000000001246.jpg,train,81
painting_humanart_6000000001248.jpg,train,128
painting_humanart_6000000001253.jpg,train,86
painting_humanart_6000000001255.jpg,train,121
painting_humanart_6000000001259.jpg,train,119
painting_humanart_6000000001260.jpg,train,114
painting_humanart_6000000001262.jpg,train,160
painting_humanart_6000000001264.jpg,train,94
painting_humanart_6000000001266.jpg,train,64
painting_humanart_6000000001270.jpg,train,90
painting_humanart_6000000001271.jpg,train,117
painting_humanart_6000000001272.jpg,train,65
painting_humanart_6000000001273.jpg,train,75
painting_humanart_6000000001276.jpg,train,75
painting_humanart_6000000001277.jpg,train,75
painting_humanart_6000000001279.jpg,train,74
painting_humanart_6000000001290.jpg,train,59
painting_humanart_6000000001292.jpg,train,108
painting_humanart_6000000001296.jpg,train,97
painting_humanart_6000000001298.jpg,train,125
painting_humanart_6000000001302.jpg,train,123
painting_humanart_6000000001307.jpg,train,120
painting_humanart_6000000001314.jpg,train,97
painting_humanart_6000000001315.jpg,train,84
painting_humanart_6000000001316.jpg,train,107
painting_humanart_6000000001317.jpg,train,111
painting_humanart_6000000001320.jpg,train,102
painting_humanart_6000000001326.jpg,train,61
painting_humanart_6000000001339.jpg,train,92
painting_humanart_6000000001345.jpg,train,81
painting_humanart_6000000001346.jpg,train,81
painting_humanart_6000000001348.jpg,train,71
painting_humanart_6000000001356.jpg,train,113
painting_humanart_6000000001361.jpg,train,141
painting_humanart_6000000001363.jpg,train,79
painting_humanart_6000000001366.jpg,train,104
painting_humanart_6000000001371.jpg,train,99
painting_humanart_6000000001372.jpg,train,83
painting_humanart_6000000001379.jpg,train,104
painting_humanart_6000000001382.jpg,train,137
painting_humanart_6000000001385.jpg,train,83
painting_humanart_6000000001388.jpg,train,141
painting_humanart_6000000001393.jpg,train,46
painting_humanart_6000000001396.jpg,train,89
painting_humanart_6000000001397.jpg,train,73
painting_humanart_6000000001400.jpg,train,111
painting_humanart_6000000001402.jpg,train,134
painting_humanart_6000000001403.jpg,train,108
painting_humanart_6000000001409.jpg,train,72
painting_humanart_6000000001410.jpg,train,67
painting_humanart_6000000001412.jpg,train,72
painting_humanart_6000000001413.jpg,train,115
painting_humanart_6000000001414.jpg,train,115
painting_humanart_6000000001417.jpg,train,109
painting_humanart_6000000001422.jpg,train,94
painting_humanart_6000000001427.jpg,train,96
painting_humanart_6000000001435.jpg,train,127
painting_humanart_6000000001436.jpg,train,75
painting_humanart_6000000001437.jpg,train,104
painting_humanart_6000000001442.jpg,train,101
painting_humanart_6000000001445.jpg,train,121
painting_humanart_6000000001460.jpg,train,83
painting_humanart_6000000001462.jpg,train,107
painting_humanart_6000000001466.jpg,train,135
painting_humanart_6000000001471.jpg,train,110
painting_humanart_6000000001478.jpg,train,91
painting_humanart_6000000001481.jpg,train,84
painting_humanart_6000000001486.jpg,train,103
painting_humanart_6000000001488.jpg,train,72
painting_humanart_6000000001490.jpg,train,98
painting_humanart_6000000001492.jpg,train,112
painting_humanart_6000000001495.jpg,train,99
painting_humanart_6000000001500.jpg,train,101
painting_humanart_6000000001504.jpg,train,113
painting_humanart_6000000001509.jpg,train,99
painting_humanart_6000000001525.jpg,train,57
painting_humanart_6000000001526.jpg,train,94
painting_humanart_6000000001536.jpg,train,63
painting_humanart_6000000001542.jpg,train,102
painting_humanart_6000000001543.jpg,train,73
painting_humanart_6000000001548.jpg,train,98
painting_humanart_6000000001554.jpg,train,127
painting_humanart_6000000001555.jpg,train,156
painting_humanart_6000000001559.jpg,train,100
painting_humanart_6000000001561.jpg,train,112
painting_humanart_6000000001563.jpg,train,113
painting_humanart_6000000001574.jpg,train,114
painting_humanart_6000000001578.jpg,train,77
painting_humanart_6000000001585.jpg,train,150
painting_humanart_6000000001588.jpg,train,66
painting_humanart_6000000001594.jpg,train,96
painting_humanart_6000000001595.jpg,train,75
painting_humanart_6000000001596.jpg,train,80
painting_humanart_6000000001599.jpg,train,71
painting_humanart_6000000001602.jpg,train,119
painting_humanart_6000000001603.jpg,train,67
painting_humanart_6000000001608.jpg,train,76
painting_humanart_6000000001619.jpg,train,114
painting_humanart_6000000001623.jpg,train,76
painting_humanart_6000000001624.jpg,train,89
painting_humanart_6000000001632.jpg,train,92
painting_humanart_6000000001634.jpg,train,121
painting_humanart_6000000001639.jpg,train,139
painting_humanart_6000000001641.jpg,train,92
painting_humanart_6000000001652.jpg,train,102
painting_humanart_6000000001664.jpg,train,125
painting_humanart_6000000001665.jpg,train,103
painting_humanart_6000000001672.jpg,train,71
painting_humanart_6000000001674.jpg,train,57
painting_humanart_6000000001692.jpg,train,67
painting_humanart_6000000001700.jpg,train,77
painting_humanart_6000000001702.jpg,train,118
painting_humanart_6000000001703.jpg,train,88
painting_humanart_6000000001708.jpg,train,113
painting_humanart_6000000001714.jpg,train,128
painting_humanart_6000000001720.jpg,train,91
painting_humanart_6000000001729.jpg,train,149
painting_humanart_6000000001731.jpg,train,82
painting_humanart_6000000001732.jpg,train,161
painting_humanart_6000000001736.jpg,train,82
painting_humanart_6000000001741.jpg,train,79
painting_humanart_6000000001745.jpg,train,125
painting_humanart_6000000001746.jpg,train,97
painting_humanart_6000000001747.jpg,train,107
painting_humanart_6000000001749.jpg,train,92
painting_humanart_6000000001751.jpg,train,111
painting_humanart_6000000001754.jpg,train,104
painting_humanart_6000000001757.jpg,train,93
painting_humanart_6000000001758.jpg,train,123
painting_humanart_6000000001767.jpg,train,124
painting_humanart_6000000001768.jpg,train,105
painting_humanart_6000000001770.jpg,train,107
painting_humanart_6000000001772.jpg,train,134
painting_humanart_6000000001774.jpg,train,79
painting_humanart_6000000001777.jpg,train,58
painting_humanart_6000000001781.jpg,train,81
painting_humanart_6000000001787.jpg,train,86
painting_humanart_6000000001795.jpg,train,100
painting_humanart_6000000001799.jpg,train,82
painting_humanart_6000000001806.jpg,train,73
painting_humanart_6000000001819.jpg,train,115
painting_humanart_6000000001821.jpg,train,85
painting_humanart_6000000001830.jpg,train,103
painting_humanart_6000000001833.jpg,train,137
painting_humanart_6000000001834.jpg,train,68
painting_humanart_6000000001837.jpg,train,80
painting_humanart_6000000001838.jpg,train,112
painting_humanart_6000000001842.jpg,train,70
painting_humanart_6000000001846.jpg,train,104
painting_humanart_6000000001847.jpg,train,85
painting_humanart_6000000001853.jpg,train,86
painting_humanart_6000000001863.jpg,train,109
painting_humanart_6000000001866.jpg,train,84
painting_humanart_6000000001869.jpg,train,115
painting_humanart_6000000001870.jpg,train,110
painting_humanart_6000000001871.jpg,train,92
painting_humanart_6000000001873.jpg,train,83
painting_humanart_6000000001874.jpg,train,116
painting_humanart_6000000001881.jpg,train,107
painting_humanart_6000000001882.jpg,train,99
painting_humanart_6000000001885.jpg,train,78
painting_humanart_6000000001886.jpg,train,90
painting_humanart_6000000001892.jpg,train,155
painting_humanart_6000000001895.jpg,train,165
painting_humanart_6000000001896.jpg,train,103
painting_humanart_6000000001906.jpg,train,134
painting_humanart_6000000001912.jpg,train,81
painting_humanart_6000000001915.jpg,train,61
painting_humanart_6000000001916.jpg,train,148
painting_humanart_6000000001919.jpg,train,143
painting_humanart_6000000001924.jpg,train,100
painting_humanart_6000000001925.jpg,train,95
painting_humanart_6000000001930.jpg,train,91
painting_humanart_6000000001934.jpg,train,100
painting_humanart_6000000001938.jpg,train,114
painting_humanart_6000000001942.jpg,train,107
painting_humanart_6000000001946.jpg,train,84
painting_humanart_6000000001947.jpg,train,70
painting_humanart_6000000001950.jpg,train,92
painting_humanart_6000000001951.jpg,train,83
painting_humanart_6000000001952.jpg,train,70
painting_humanart_6000000001953.jpg,train,65
painting_humanart_6000000001961.jpg,train,81
painting_humanart_6000000001965.jpg,train,146
painting_humanart_6000000001967.jpg,train,130
painting_humanart_6000000001970.jpg,train,52
painting_humanart_6000000001980.jpg,train,145
painting_humanart_6000000001984.jpg,train,91
painting_humanart_6000000001986.jpg,train,86
painting_humanart_6000000001987.jpg,train,102
painting_humanart_6000000001989.jpg,train,66
painting_humanart_6000000001991.jpg,train,114
painting_humanart_6000000002000.jpg,train,120
painting_humanart_6000000002003.jpg,train,119
painting_humanart_6000000002006.jpg,train,113
painting_humanart_6000000002007.jpg,train,115
painting_humanart_6000000002010.jpg,train,73
painting_humanart_6000000002011.jpg,train,106
painting_humanart_6000000002013.jpg,train,128
painting_humanart_6000000002019.jpg,train,107
painting_humanart_6000000002021.jpg,train,118
painting_humanart_6000000002022.jpg,train,103
painting_humanart_6000000002024.jpg,train,89
painting_humanart_6000000002030.jpg,train,92
painting_humanart_6000000002036.jpg,train,76
painting_humanart_6000000002038.jpg,train,144
painting_humanart_6000000002042.jpg,train,186
painting_humanart_6000000002045.jpg,train,112
painting_humanart_6000000002046.jpg,train,106
painting_humanart_6000000002053.jpg,train,107
painting_humanart_6000000002058.jpg,train,110
painting_humanart_6000000002064.jpg,train,119
painting_humanart_6000000002068.jpg,train,96
painting_humanart_6000000002071.jpg,train,94
painting_humanart_6000000002072.jpg,train,136
painting_humanart_6000000002076.jpg,train,92
painting_humanart_6000000002078.jpg,train,55
painting_humanart_6000000002083.jpg,train,134
painting_humanart_6000000002084.jpg,train,110
painting_humanart_6000000002088.jpg,train,132
painting_humanart_6000000002092.jpg,train,101
painting_humanart_6000000002095.jpg,train,105
painting_humanart_6000000002098.jpg,train,136
painting_humanart_6000000002099.jpg,train,110
painting_humanart_6000000002100.jpg,train,63
painting_humanart_6000000002110.jpg,train,81
painting_humanart_6000000002113.jpg,train,146
painting_humanart_6000000002122.jpg,train,64
painting_humanart_6000000002124.jpg,train,100
painting_humanart_6000000002130.jpg,train,79
painting_humanart_6000000002131.jpg,train,96
painting_humanart_6000000002133.jpg,train,95
painting_humanart_6000000002134.jpg,train,126
painting_humanart_6000000002137.jpg,train,122
painting_humanart_6000000002140.jpg,train,77
painting_humanart_6000000002144.jpg,train,109
painting_humanart_6000000002145.jpg,train,133
painting_humanart_6000000002146.jpg,train,95
painting_humanart_6000000002148.jpg,train,90
painting_humanart_6000000002149.jpg,train,117
painting_humanart_6000000002150.jpg,train,105
painting_humanart_6000000002156.jpg,train,129
painting_humanart_6000000002158.jpg,train,59
painting_humanart_6000000002163.jpg,train,152
painting_humanart_6000000002166.jpg,train,60
painting_humanart_6000000002168.jpg,train,85
painting_humanart_6000000002169.jpg,train,95
painting_humanart_6000000002171.jpg,train,89
painting_humanart_6000000002178.jpg,train,138
painting_humanart_6000000002179.jpg,train,106
painting_humanart_6000000002180.jpg,train,71
painting_humanart_6000000002182.jpg,train,73
painting_humanart_6000000002183.jpg,train,106
painting_humanart_6000000002186.jpg,train,103
painting_humanart_6000000002191.jpg,train,138
painting_humanart_6000000002192.jpg,train,81
painting_humanart_6000000002193.jpg,train,148
painting_humanart_6000000002202.jpg,train,167
painting_humanart_6000000002206.jpg,train,80
painting_humanart_6000000002207.jpg,train,116
painting_humanart_6000000002209.jpg,train,164
painting_humanart_6000000002210.jpg,train,72
painting_humanart_6000000002213.jpg,train,120
painting_humanart_6000000002218.jpg,train,57
painting_humanart_6000000002219.jpg,train,191
painting_humanart_6000000002220.jpg,train,118
painting_humanart_6000000002231.jpg,train,77
painting_humanart_6000000002234.jpg,train,74
painting_humanart_6000000002237.jpg,train,90
painting_humanart_6000000002238.jpg,train,106
painting_humanart_6000000002241.jpg,train,67
painting_humanart_6000000002243.jpg,train,119
painting_humanart_6000000002244.jpg,train,143
painting_humanart_6000000002245.jpg,train,125
painting_humanart_6000000002247.jpg,train,151
painting_humanart_6000000002248.jpg,train,120
painting_humanart_6000000002250.jpg,train,122
painting_humanart_6000000002251.jpg,train,123
painting_humanart_6000000002254.jpg,train,89
painting_humanart_6000000002257.jpg,train,142
painting_humanart_6000000002263.jpg,train,114
painting_humanart_6000000002267.jpg,train,62
painting_humanart_6000000002268.jpg,train,73
painting_humanart_6000000002273.jpg,train,111
painting_humanart_6000000002277.jpg,train,80
painting_humanart_6000000002279.jpg,train,100
painting_humanart_6000000002282.jpg,train,122
painting_humanart_6000000002286.jpg,train,116
painting_humanart_6000000002287.jpg,train,83
painting_humanart_6000000002290.jpg,train,118
painting_humanart_6000000002291.jpg,train,84
painting_humanart_6000000002293.jpg,train,114
painting_humanart_6000000002294.jpg,train,137
painting_humanart_6000000002296.jpg,train,68
painting_humanart_6000000002297.jpg,train,94
painting_humanart_6000000002298.jpg,train,90
painting_humanart_6000000002300.jpg,train,71
painting_humanart_6000000002308.jpg,train,95
painting_humanart_6000000002317.jpg,train,128
painting_humanart_6000000002321.jpg,train,88
painting_humanart_6000000002330.jpg,train,79
painting_humanart_6000000002333.jpg,train,109
painting_humanart_6000000002334.jpg,train,124
painting_humanart_6000000002340.jpg,train,97
painting_humanart_6000000002346.jpg,train,115
painting_humanart_6000000002348.jpg,train,98
painting_humanart_6000000002355.jpg,train,109
painting_humanart_6000000002357.jpg,train,107
painting_humanart_6000000002371.jpg,train,72
painting_humanart_6000000002373.jpg,train,55
painting_humanart_6000000002380.jpg,train,82
painting_humanart_6000000002382.jpg,train,498
painting_humanart_6000000002385.jpg,train,140
painting_humanart_6000000002388.jpg,train,115
painting_humanart_6000000002392.jpg,train,105
painting_humanart_6000000002397.jpg,train,121
painting_humanart_6000000002399.jpg,train,94
painting_humanart_6000000002403.jpg,train,46
painting_humanart_6000000002409.jpg,train,106
painting_humanart_6000000002413.jpg,train,100
painting_humanart_6000000002415.jpg,train,115
painting_humanart_6000000002416.jpg,train,114
painting_humanart_6000000002419.jpg,train,85
painting_humanart_6000000002421.jpg,train,126
painting_humanart_6000000002422.jpg,train,105
painting_humanart_6000000002423.jpg,train,92
painting_humanart_6000000002424.jpg,train,125
painting_humanart_6000000002425.jpg,train,108
painting_humanart_6000000002427.jpg,train,137
painting_humanart_6000000002428.jpg,train,105
painting_humanart_6000000002429.jpg,train,111
painting_humanart_6000000002430.jpg,train,156
painting_humanart_6000000002431.jpg,train,63
painting_humanart_6000000002437.jpg,train,69
painting_humanart_6000000002438.jpg,train,123
painting_humanart_6000000002440.jpg,train,118
painting_humanart_6000000002442.jpg,train,62
painting_humanart_6000000002444.jpg,train,120
painting_humanart_6000000002446.jpg,train,95
painting_humanart_6000000002447.jpg,train,115
painting_humanart_6000000002450.jpg,train,62
painting_humanart_6000000002454.jpg,train,109
painting_humanart_6000000002458.jpg,train,122
painting_humanart_6000000002461.jpg,train,96
painting_humanart_6000000002465.jpg,train,55
painting_humanart_6000000002466.jpg,train,127
painting_humanart_6000000002470.jpg,train,74
painting_humanart_6000000002471.jpg,train,123
painting_humanart_6000000002473.jpg,train,108
painting_humanart_6000000002477.jpg,train,63
painting_humanart_6000000002480.jpg,train,97
painting_humanart_6000000002481.jpg,train,121
painting_humanart_6000000002485.jpg,train,144
painting_humanart_6000000002486.jpg,train,114
painting_humanart_6000000002488.jpg,train,104
painting_humanart_6000000002491.jpg,train,131
painting_humanart_6000000002492.jpg,train,100
painting_humanart_6000000002501.jpg,train,117
painting_humanart_6000000002506.jpg,train,73
painting_humanart_6000000002509.jpg,train,66
painting_humanart_6000000002511.jpg,train,114
painting_humanart_6000000002512.jpg,train,113
painting_humanart_6000000002513.jpg,train,78
painting_humanart_6000000002517.jpg,train,121
painting_humanart_6000000002518.jpg,train,103
painting_humanart_6000000002519.jpg,train,153
painting_humanart_6000000002521.jpg,train,95
painting_humanart_6000000002530.jpg,train,97
painting_humanart_6000000002532.jpg,train,72
painting_humanart_6000000002536.jpg,train,94
painting_humanart_6000000002541.jpg,train,90
painting_humanart_6000000002543.jpg,train,106
painting_humanart_6000000002546.jpg,train,71
painting_humanart_6000000002547.jpg,train,88
painting_humanart_6000000002552.jpg,train,114
painting_humanart_6000000002555.jpg,train,114
painting_humanart_6000000002556.jpg,train,66
painting_humanart_6000000002563.jpg,train,200
painting_humanart_6000000002564.jpg,train,114
painting_humanart_6000000002565.jpg,train,108
painting_humanart_6000000002566.jpg,train,125
painting_humanart_6000000002572.jpg,train,98
painting_humanart_6000000002573.jpg,train,96
painting_humanart_6000000002585.jpg,train,130
painting_humanart_6000000002587.jpg,train,133
painting_humanart_6000000002590.jpg,train,67
painting_humanart_6000000002591.jpg,train,117
painting_humanart_6000000002594.jpg,train,60
painting_humanart_6000000002599.jpg,train,119
painting_humanart_6000000002601.jpg,train,103
painting_humanart_6000000002604.jpg,train,125
painting_humanart_6000000002605.jpg,train,69
painting_humanart_6000000002606.jpg,train,118
painting_humanart_6000000002609.jpg,train,132
painting_humanart_6000000002620.jpg,train,81
painting_humanart_6000000002622.jpg,train,92
painting_humanart_6000000002624.jpg,train,95
painting_humanart_6000000002628.jpg,train,82
painting_humanart_6000000002632.jpg,train,67
painting_humanart_6000000002649.jpg,train,123
painting_humanart_6000000002651.jpg,train,95
painting_humanart_6000000002656.jpg,train,109
painting_humanart_6000000002658.jpg,train,107
painting_humanart_6000000002660.jpg,train,67
painting_humanart_6000000002672.jpg,train,71
painting_humanart_6000000002674.jpg,train,48
painting_humanart_6000000002684.jpg,train,126
painting_humanart_6000000002689.jpg,train,111
painting_humanart_6000000002692.jpg,train,122
painting_humanart_6000000002693.jpg,train,131
painting_humanart_6000000002694.jpg,train,70
painting_humanart_6000000002698.jpg,train,124
painting_humanart_6000000002699.jpg,train,102
painting_humanart_6000000002703.jpg,train,80
painting_humanart_6000000002704.jpg,train,90
painting_humanart_6000000002705.jpg,train,116
painting_humanart_6000000002708.jpg,train,96
painting_humanart_6000000002709.jpg,train,110
painting_humanart_6000000002711.jpg,train,101
painting_humanart_6000000002713.jpg,train,121
painting_humanart_6000000002717.jpg,train,107
painting_humanart_6000000002718.jpg,train,125
painting_humanart_6000000002722.jpg,train,64
painting_humanart_6000000002726.jpg,train,88
painting_humanart_6000000002741.jpg,train,114
painting_humanart_6000000002742.jpg,train,107
painting_humanart_6000000002744.jpg,train,72
painting_humanart_6000000002745.jpg,train,102
painting_humanart_6000000002746.jpg,train,108
painting_humanart_6000000002749.jpg,train,132
painting_humanart_6000000002750.jpg,train,145
painting_humanart_6000000002756.jpg,train,111
painting_humanart_6000000002757.jpg,train,74
painting_humanart_6000000002760.jpg,train,101
painting_humanart_6000000002762.jpg,train,90
painting_humanart_6000000002763.jpg,train,122
painting_humanart_6000000002765.jpg,train,125
painting_humanart_6000000002767.jpg,train,120
painting_humanart_6000000002768.jpg,train,87
painting_humanart_6000000002770.jpg,train,72
painting_humanart_6000000002774.jpg,train,111
painting_humanart_6000000002776.jpg,train,137
painting_humanart_6000000002779.jpg,train,119
painting_humanart_6000000002782.jpg,train,144
painting_humanart_6000000002783.jpg,train,148
painting_humanart_6000000002785.jpg,train,103
painting_humanart_6000000002787.jpg,train,122
painting_humanart_6000000002791.jpg,train,152
painting_humanart_6000000002793.jpg,train,72
painting_humanart_6000000002795.jpg,train,84
painting_humanart_6000000002796.jpg,train,111
painting_humanart_6000000002802.jpg,train,117
painting_humanart_6000000002804.jpg,train,100
painting_humanart_6000000002805.jpg,train,75
painting_humanart_6000000002806.jpg,train,120
painting_humanart_6000000002809.jpg,train,126
painting_humanart_6000000002813.jpg,train,84
painting_humanart_6000000002814.jpg,train,103
painting_humanart_6000000002816.jpg,train,75
painting_humanart_6000000002822.jpg,train,103
painting_humanart_6000000002829.jpg,train,95
painting_humanart_6000000002831.jpg,train,83
painting_humanart_6000000002832.jpg,train,70
painting_humanart_6000000002834.jpg,train,100
painting_humanart_6000000002835.jpg,train,127
painting_humanart_6000000002837.jpg,train,132
painting_humanart_6000000002839.jpg,train,89
painting_humanart_6000000002840.jpg,train,83
painting_humanart_6000000002843.jpg,train,69
painting_humanart_6000000002844.jpg,train,86
painting_humanart_6000000002846.jpg,train,144
painting_humanart_6000000002853.jpg,train,105
painting_humanart_6000000002854.jpg,train,87
painting_humanart_6000000002855.jpg,train,97
painting_humanart_6000000002862.jpg,train,94
painting_humanart_6000000002863.jpg,train,126
painting_humanart_6000000002867.jpg,train,67
painting_humanart_6000000002869.jpg,train,78
painting_humanart_6000000002871.jpg,train,87
painting_humanart_6000000002880.jpg,train,109
painting_humanart_6000000002881.jpg,train,104
painting_humanart_6000000002886.jpg,train,54
painting_humanart_6000000002890.jpg,train,113
painting_humanart_6000000002891.jpg,train,114
painting_humanart_6000000002908.jpg,train,100
painting_humanart_6000000002912.jpg,train,110
painting_humanart_6000000002914.jpg,train,113
painting_humanart_6000000002915.jpg,train,86
painting_humanart_6000000002918.jpg,train,80
painting_humanart_6000000002922.jpg,train,117
painting_humanart_6000000002938.jpg,train,94
painting_humanart_6000000002940.jpg,train,77
painting_humanart_6000000002942.jpg,train,79
painting_humanart_6000000002943.jpg,train,76
painting_humanart_6000000002945.jpg,train,91
painting_humanart_6000000002948.jpg,train,114
painting_humanart_6000000002949.jpg,train,75
painting_humanart_6000000002950.jpg,train,81
painting_humanart_6000000002953.jpg,train,129
painting_humanart_6000000002954.jpg,train,99
painting_humanart_6000000002955.jpg,train,79
painting_humanart_6000000002966.jpg,train,134
painting_humanart_6000000002967.jpg,train,102
painting_humanart_6000000002971.jpg,train,73
painting_humanart_6000000002979.jpg,train,88
painting_humanart_6000000002980.jpg,train,130
painting_humanart_6000000002982.jpg,train,63
painting_humanart_6000000002987.jpg,train,86
painting_humanart_6000000002988.jpg,train,44
painting_humanart_6000000002989.jpg,train,82
painting_humanart_6000000002993.jpg,train,87
painting_humanart_6000000002995.jpg,train,108
painting_humanart_6000000003002.jpg,train,117
painting_humanart_6000000003003.jpg,train,111
painting_humanart_6000000003007.jpg,train,65
painting_humanart_6000000003008.jpg,train,121
painting_humanart_6000000003009.jpg,train,122
painting_humanart_6000000003010.jpg,train,107
painting_humanart_6000000003013.jpg,train,139
painting_humanart_6000000003014.jpg,train,50
painting_humanart_6000000003019.jpg,train,106
painting_humanart_6000000003022.jpg,train,75
painting_humanart_6000000003024.jpg,train,129
painting_humanart_6000000003029.jpg,train,126
painting_humanart_6000000003031.jpg,train,139
painting_humanart_6000000003036.jpg,train,97
painting_humanart_6000000003043.jpg,train,137
painting_humanart_6000000003044.jpg,train,115
painting_humanart_6000000003049.jpg,train,79
painting_humanart_6000000003051.jpg,train,113
painting_humanart_6000000003052.jpg,train,96
painting_humanart_6000000003053.jpg,train,77
painting_humanart_6000000003055.jpg,train,120
painting_humanart_6000000003060.jpg,train,110
painting_humanart_6000000003064.jpg,train,115
painting_humanart_6000000003065.jpg,train,128
painting_humanart_6000000003066.jpg,train,56
painting_humanart_6000000003067.jpg,train,108
painting_humanart_6000000003078.jpg,train,128
painting_humanart_6000000003080.jpg,train,119
painting_humanart_6000000003087.jpg,train,98
painting_humanart_6000000003089.jpg,train,81
painting_humanart_6000000003090.jpg,train,60
painting_humanart_6000000003094.jpg,train,54
painting_humanart_6000000003102.jpg,train,97
painting_humanart_6000000003103.jpg,train,150
painting_humanart_6000000003104.jpg,train,114
painting_humanart_6000000003108.jpg,train,88
painting_humanart_6000000003112.jpg,train,124
painting_humanart_6000000003114.jpg,train,112
painting_humanart_6000000003116.jpg,train,98
painting_humanart_6000000003121.jpg,train,92
painting_humanart_6000000003126.jpg,train,91
painting_humanart_6000000003129.jpg,train,84
painting_humanart_6000000003131.jpg,train,130
painting_humanart_6000000003136.jpg,train,97
painting_humanart_6000000003140.jpg,train,104
painting_humanart_6000000003143.jpg,train,119
painting_humanart_6000000003147.jpg,train,93
painting_humanart_6000000003150.jpg,train,91
painting_humanart_6000000003162.jpg,train,135
painting_humanart_6000000003164.jpg,train,121
painting_humanart_6000000003166.jpg,train,100
painting_humanart_6000000003169.jpg,train,128
painting_humanart_6000000003171.jpg,train,104
painting_humanart_6000000003173.jpg,train,79
painting_humanart_6000000003174.jpg,train,155
painting_humanart_6000000003175.jpg,train,126
painting_humanart_6000000003176.jpg,train,70
painting_humanart_6000000003178.jpg,train,117
painting_humanart_6000000003180.jpg,train,117
painting_humanart_6000000003181.jpg,train,116
painting_humanart_6000000003182.jpg,train,82
painting_humanart_6000000003184.jpg,train,88
painting_humanart_6000000003188.jpg,train,165
painting_humanart_6000000003189.jpg,train,135
painting_humanart_6000000003195.jpg,train,119
painting_humanart_6000000003196.jpg,train,59
painting_humanart_6000000003199.jpg,train,137
painting_humanart_6000000003200.jpg,train,83
painting_humanart_6000000003201.jpg,train,109
painting_humanart_6000000003203.jpg,train,67
painting_humanart_6000000003204.jpg,train,113
painting_humanart_6000000003206.jpg,train,123
painting_humanart_6000000003212.jpg,train,96
painting_humanart_6000000003213.jpg,train,116
painting_humanart_6000000003214.jpg,train,118
painting_humanart_6000000003215.jpg,train,110
painting_humanart_6000000003220.jpg,train,154
painting_humanart_6000000003226.jpg,train,138
painting_humanart_6000000003230.jpg,train,113
painting_humanart_6000000003233.jpg,train,132
painting_humanart_6000000003235.jpg,train,122
painting_humanart_6000000003236.jpg,train,102
painting_humanart_6000000003238.jpg,train,77
painting_humanart_6000000003249.jpg,train,91
painting_humanart_6000000003250.jpg,train,96
painting_humanart_6000000003251.jpg,train,68
painting_humanart_6000000003253.jpg,train,98
painting_humanart_6000000003254.jpg,train,130
painting_humanart_6000000003258.jpg,train,72
painting_humanart_6000000003263.jpg,train,138
painting_humanart_6000000003264.jpg,train,89
painting_humanart_6000000003269.jpg,train,97
painting_humanart_6000000003271.jpg,train,113
painting_humanart_6000000003293.jpg,train,87
painting_humanart_6000000003298.jpg,train,92
painting_humanart_6000000003302.jpg,train,135
painting_humanart_6000000003304.jpg,train,65
painting_humanart_6000000003305.jpg,train,101
painting_humanart_6000000003306.jpg,train,96
painting_humanart_6000000003312.jpg,train,135
painting_humanart_6000000003315.jpg,train,85
painting_humanart_6000000003316.jpg,train,94
painting_humanart_6000000003319.jpg,train,76
painting_humanart_6000000003324.jpg,train,80
painting_humanart_6000000003327.jpg,train,80
painting_humanart_6000000003332.jpg,train,130
painting_humanart_6000000003340.jpg,train,94
painting_humanart_6000000003343.jpg,train,96
painting_humanart_6000000003346.jpg,train,103
painting_humanart_6000000003348.jpg,train,78
painting_humanart_6000000003351.jpg,train,99
painting_humanart_6000000003352.jpg,train,78
painting_humanart_6000000003355.jpg,train,87
painting_humanart_6000000003358.jpg,train,83
painting_humanart_6000000003359.jpg,train,58
painting_humanart_6000000003360.jpg,train,92
painting_humanart_6000000003376.jpg,train,106
painting_humanart_6000000003379.jpg,train,92
painting_humanart_6000000003381.jpg,train,75
painting_humanart_6000000003393.jpg,train,129
painting_humanart_6000000003399.jpg,train,53
painting_humanart_6000000003402.jpg,train,122
painting_humanart_6000000003403.jpg,train,133
painting_humanart_6000000003409.jpg,train,140
painting_humanart_6000000003410.jpg,train,105
painting_humanart_6000000003414.jpg,train,59
painting_humanart_6000000003417.jpg,train,94
painting_humanart_6000000003419.jpg,train,112
painting_humanart_6000000003420.jpg,train,82
painting_humanart_6000000003421.jpg,train,98
painting_humanart_6000000003424.jpg,train,104
painting_humanart_6000000003425.jpg,train,128
painting_humanart_6000000003428.jpg,train,75
painting_humanart_6000000003433.jpg,train,54
painting_humanart_6000000003438.jpg,train,91
painting_humanart_6000000003440.jpg,train,99
painting_humanart_6000000003441.jpg,train,131
painting_humanart_6000000003446.jpg,train,93
painting_humanart_6000000003447.jpg,train,76
painting_humanart_6000000003455.jpg,train,118
painting_humanart_6000000003460.jpg,train,52
painting_humanart_6000000003462.jpg,train,108
painting_humanart_6000000003465.jpg,train,162
painting_humanart_6000000003466.jpg,train,82
painting_humanart_6000000003467.jpg,train,125
painting_humanart_6000000003471.jpg,train,76
painting_humanart_6000000003478.jpg,train,95
painting_humanart_6000000003479.jpg,train,121
painting_humanart_6000000003481.jpg,train,111
painting_humanart_6000000003483.jpg,train,105
painting_humanart_6000000003489.jpg,train,78
painting_humanart_6000000003491.jpg,train,124
painting_humanart_6000000003495.jpg,train,132
painting_humanart_6000000003496.jpg,train,106
painting_humanart_6000000003501.jpg,train,93
painting_humanart_6000000003506.jpg,train,126
painting_humanart_6000000003509.jpg,train,125
painting_humanart_6000000003510.jpg,train,124
painting_humanart_6000000003511.jpg,train,107
painting_humanart_6000000003513.jpg,train,135
painting_humanart_6000000003515.jpg,train,60
painting_humanart_6000000003516.jpg,train,152
painting_humanart_6000000003518.jpg,train,101
painting_humanart_6000000003519.jpg,train,169
painting_humanart_6000000003528.jpg,train,125
painting_humanart_6000000003531.jpg,train,76
painting_humanart_6000000003532.jpg,train,150
painting_humanart_6000000003533.jpg,train,105
painting_humanart_6000000003534.jpg,train,135
painting_humanart_6000000003535.jpg,train,95
painting_humanart_6000000003536.jpg,train,84
painting_humanart_6000000003541.jpg,train,87
painting_humanart_6000000003542.jpg,train,124
painting_humanart_6000000003544.jpg,train,82
painting_humanart_6000000003546.jpg,train,130
painting_humanart_6000000003547.jpg,train,121
painting_humanart_6000000003548.jpg,train,146
painting_humanart_6000000003549.jpg,train,73
painting_humanart_6000000003554.jpg,train,140
painting_humanart_6000000003555.jpg,train,113
painting_humanart_6000000003562.jpg,train,75
painting_humanart_6000000003563.jpg,train,77
painting_humanart_6000000003564.jpg,train,67
painting_humanart_6000000003565.jpg,train,85
painting_humanart_6000000003567.jpg,train,71
painting_humanart_6000000003570.jpg,train,126
painting_humanart_6000000003573.jpg,train,73
painting_humanart_6000000003574.jpg,train,105
painting_humanart_6000000003577.jpg,train,123
painting_humanart_6000000003579.jpg,train,92
painting_humanart_6000000003583.jpg,train,192
painting_humanart_6000000003588.jpg,train,120
painting_humanart_6000000003589.jpg,train,132
painting_humanart_6000000003590.jpg,train,97
painting_humanart_6000000003594.jpg,train,107
painting_humanart_6000000003595.jpg,train,89
painting_humanart_6000000003596.jpg,train,122
painting_humanart_6000000003597.jpg,train,108
painting_humanart_6000000003598.jpg,train,66
painting_humanart_6000000003599.jpg,train,138
painting_humanart_6000000003600.jpg,train,85
painting_humanart_6000000003608.jpg,train,93
painting_humanart_6000000003611.jpg,train,122
painting_humanart_6000000003622.jpg,train,102
painting_humanart_6000000003627.jpg,train,69
painting_humanart_6000000003631.jpg,train,86
painting_humanart_6000000003649.jpg,train,112
painting_humanart_6000000003654.jpg,train,83
painting_humanart_6000000003658.jpg,train,108
painting_humanart_6000000003670.jpg,train,81
painting_humanart_6000000003672.jpg,train,110
painting_humanart_9000000000001.jpg,train,89
painting_humanart_9000000000002.jpg,train,62
painting_humanart_9000000000003.jpg,train,80
painting_humanart_9000000000010.jpg,train,89
painting_humanart_9000000000012.jpg,train,47
painting_humanart_9000000000015.jpg,train,60
painting_humanart_9000000000017.jpg,train,117
painting_humanart_9000000000018.jpg,train,63
painting_humanart_9000000000019.jpg,train,78
painting_humanart_9000000000020.jpg,train,66
painting_humanart_9000000000021.jpg,train,63
painting_humanart_9000000000022.jpg,train,146
painting_humanart_9000000000027.jpg,train,84
painting_humanart_9000000000029.jpg,train,74
painting_humanart_9000000000032.jpg,train,110
painting_humanart_9000000000035.jpg,train,75
painting_humanart_9000000000038.jpg,train,98
painting_humanart_9000000000039.jpg,train,99
painting_humanart_9000000000040.jpg,train,68
painting_humanart_9000000000041.jpg,train,126
painting_humanart_9000000000042.jpg,train,153
painting_humanart_9000000000044.jpg,train,164
painting_humanart_9000000000045.jpg,train,107
painting_humanart_9000000000047.jpg,train,85
painting_humanart_9000000000048.jpg,train,95
painting_humanart_9000000000049.jpg,train,69
painting_humanart_9000000000053.jpg,train,95
painting_humanart_9000000000054.jpg,train,63
painting_humanart_9000000000056.jpg,train,49
painting_humanart_9000000000058.jpg,train,100
painting_humanart_9000000000061.jpg,train,68
painting_humanart_9000000000062.jpg,train,93
painting_humanart_9000000000064.jpg,train,47
painting_humanart_9000000000066.jpg,train,79
painting_humanart_9000000000070.jpg,train,101
painting_humanart_9000000000071.jpg,train,62
painting_humanart_9000000000072.jpg,train,69
painting_humanart_9000000000075.jpg,train,153
painting_humanart_9000000000077.jpg,train,122
painting_humanart_9000000000079.jpg,train,83
painting_humanart_9000000000082.jpg,train,118
painting_humanart_9000000000087.jpg,train,83
painting_humanart_9000000000088.jpg,train,78
painting_humanart_9000000000089.jpg,train,67
painting_humanart_9000000000092.jpg,train,73
painting_humanart_9000000000094.jpg,train,110
painting_humanart_9000000000097.jpg,train,101
painting_humanart_9000000000098.jpg,train,71
painting_humanart_9000000000102.jpg,train,147
painting_humanart_9000000000103.jpg,train,80
painting_humanart_9000000000105.jpg,train,95
painting_humanart_9000000000106.jpg,train,86
painting_humanart_9000000000109.jpg,train,123
painting_humanart_9000000000110.jpg,train,107
painting_humanart_9000000000111.jpg,train,106
painting_humanart_9000000000113.jpg,train,92
painting_humanart_9000000000114.jpg,train,116
painting_humanart_9000000000116.jpg,train,59
painting_humanart_9000000000119.jpg,train,79
painting_humanart_9000000000122.jpg,train,118
painting_humanart_9000000000124.jpg,train,77
painting_humanart_9000000000130.jpg,train,51
painting_humanart_9000000000131.jpg,train,89
painting_humanart_9000000000134.jpg,train,39
painting_humanart_9000000000136.jpg,train,132
painting_humanart_9000000000137.jpg,train,92
painting_humanart_9000000000139.jpg,train,85
painting_humanart_9000000000140.jpg,train,80
painting_humanart_9000000000141.jpg,train,99
painting_humanart_9000000000143.jpg,train,75
painting_humanart_9000000000144.jpg,train,82
painting_humanart_9000000000145.jpg,train,51
painting_humanart_9000000000146.jpg,train,85
painting_humanart_9000000000147.jpg,train,82
painting_humanart_9000000000150.jpg,train,52
painting_humanart_9000000000151.jpg,train,71
painting_humanart_9000000000153.jpg,train,69
painting_humanart_9000000000155.jpg,train,92
painting_humanart_9000000000156.jpg,train,79
painting_humanart_9000000000157.jpg,train,62
painting_humanart_9000000000158.jpg,train,58
painting_humanart_9000000000163.jpg,train,91
painting_humanart_9000000000166.jpg,train,91
painting_humanart_9000000000167.jpg,train,87
painting_humanart_9000000000168.jpg,train,107
painting_humanart_9000000000169.jpg,train,99
painting_humanart_9000000000170.jpg,train,68
painting_humanart_9000000000171.jpg,train,119
painting_humanart_9000000000173.jpg,train,74
painting_humanart_9000000000175.jpg,train,97
painting_humanart_9000000000176.jpg,train,155
painting_humanart_9000000000179.jpg,train,75
painting_humanart_9000000000183.jpg,train,63
painting_humanart_9000000000185.jpg,train,87
painting_humanart_9000000000188.jpg,train,74
painting_humanart_9000000000190.jpg,train,92
painting_humanart_9000000000191.jpg,train,118
painting_humanart_9000000000197.jpg,train,109
painting_humanart_9000000000199.jpg,train,100
painting_humanart_9000000000200.jpg,train,52
painting_humanart_9000000000202.jpg,train,98
painting_humanart_9000000000203.jpg,train,86
painting_humanart_9000000000205.jpg,train,51
painting_humanart_9000000000206.jpg,train,94
painting_humanart_9000000000209.jpg,train,82
painting_humanart_9000000000210.jpg,train,65
painting_humanart_9000000000213.jpg,train,80
painting_humanart_9000000000216.jpg,train,142
painting_humanart_9000000000219.jpg,train,79
painting_humanart_9000000000221.jpg,train,109
painting_humanart_9000000000223.jpg,train,58
painting_humanart_9000000000224.jpg,train,94
painting_humanart_9000000000226.jpg,train,79
painting_humanart_9000000000227.jpg,train,85
painting_humanart_9000000000231.jpg,train,109
painting_humanart_9000000000232.jpg,train,73
painting_humanart_9000000000234.jpg,train,78
painting_humanart_9000000000236.jpg,train,37
painting_humanart_9000000000240.jpg,train,81
painting_humanart_9000000000242.jpg,train,106
painting_humanart_9000000000247.jpg,train,96
painting_humanart_9000000000248.jpg,train,52
painting_humanart_9000000000249.jpg,train,48
painting_humanart_9000000000251.jpg,train,58
painting_humanart_9000000000253.jpg,train,83
painting_humanart_9000000000254.jpg,train,91
painting_humanart_9000000000255.jpg,train,85
painting_humanart_9000000000256.jpg,train,100
painting_humanart_9000000000261.jpg,train,66
painting_humanart_9000000000262.jpg,train,57
painting_humanart_9000000000263.jpg,train,89
painting_humanart_9000000000267.jpg,train,126
painting_humanart_9000000000269.jpg,train,80
painting_humanart_9000000000274.jpg,train,73
painting_humanart_9000000000275.jpg,train,111
painting_humanart_9000000000276.jpg,train,86
painting_humanart_9000000000280.jpg,train,130
painting_humanart_9000000000281.jpg,train,109
painting_humanart_9000000000287.jpg,train,47
painting_humanart_9000000000288.jpg,train,97
painting_humanart_9000000000289.jpg,train,105
painting_humanart_9000000000290.jpg,train,69
painting_humanart_9000000000292.jpg,train,105
painting_humanart_9000000000293.jpg,train,107
painting_humanart_9000000000294.jpg,train,92
painting_humanart_9000000000299.jpg,train,94
painting_humanart_9000000000303.jpg,train,63
painting_humanart_9000000000304.jpg,train,89
painting_humanart_9000000000305.jpg,train,76
painting_humanart_9000000000306.jpg,train,70
painting_humanart_9000000000307.jpg,train,48
painting_humanart_9000000000309.jpg,train,74
painting_humanart_9000000000311.jpg,train,107
painting_humanart_9000000000312.jpg,train,104
painting_humanart_9000000000313.jpg,train,85
painting_humanart_9000000000317.jpg,train,54
painting_humanart_9000000000318.jpg,train,108
painting_humanart_9000000000320.jpg,train,123
painting_humanart_9000000000321.jpg,train,63
painting_humanart_9000000000324.jpg,train,49
painting_humanart_9000000000330.jpg,train,105
painting_humanart_9000000000334.jpg,train,60
painting_humanart_9000000000335.jpg,train,74
painting_humanart_9000000000336.jpg,train,126
painting_humanart_9000000000339.jpg,train,74
painting_humanart_9000000000340.jpg,train,74
painting_humanart_9000000000344.jpg,train,57
painting_humanart_9000000000349.jpg,train,106
painting_humanart_9000000000352.jpg,train,87
painting_humanart_9000000000358.jpg,train,52
painting_humanart_9000000000359.jpg,train,93
painting_humanart_9000000000364.jpg,train,86
painting_humanart_9000000000366.jpg,train,87
painting_humanart_9000000000367.jpg,train,39
painting_humanart_9000000000369.jpg,train,75
painting_humanart_9000000000372.jpg,train,120
painting_humanart_9000000000373.jpg,train,59
painting_humanart_9000000000375.jpg,train,92
painting_humanart_9000000000376.jpg,train,50
painting_humanart_9000000000378.jpg,train,45
painting_humanart_9000000000379.jpg,train,80
painting_humanart_9000000000380.jpg,train,78
painting_humanart_9000000000383.jpg,train,72
painting_humanart_9000000000384.jpg,train,49
painting_humanart_9000000000386.jpg,train,76
painting_humanart_9000000000389.jpg,train,81
painting_humanart_9000000000391.jpg,train,70
painting_humanart_9000000000394.jpg,train,63
painting_humanart_9000000000395.jpg,train,93
painting_humanart_9000000000398.jpg,train,90
painting_humanart_9000000000399.jpg,train,86
painting_humanart_9000000000402.jpg,train,116
painting_humanart_9000000000404.jpg,train,100
painting_humanart_9000000000407.jpg,train,107
painting_humanart_9000000000408.jpg,train,51
painting_humanart_9000000000412.jpg,train,91
painting_humanart_9000000000413.jpg,train,110
painting_humanart_9000000000414.jpg,train,93
painting_humanart_9000000000423.jpg,train,109
painting_humanart_9000000000426.jpg,train,128
painting_humanart_9000000000427.jpg,train,109
painting_humanart_9000000000428.jpg,train,94
painting_humanart_9000000000430.jpg,train,50
painting_humanart_9000000000432.jpg,train,168
painting_humanart_9000000000433.jpg,train,80
painting_humanart_9000000000435.jpg,train,120
painting_humanart_9000000000438.jpg,train,69
painting_humanart_9000000000439.jpg,train,53
painting_humanart_9000000000440.jpg,train,84
painting_humanart_9000000000444.jpg,train,66
painting_humanart_9000000000445.jpg,train,134
painting_humanart_9000000000449.jpg,train,107
painting_humanart_9000000000450.jpg,train,83
painting_humanart_9000000000452.jpg,train,76
painting_humanart_9000000000454.jpg,train,88
painting_humanart_9000000000455.jpg,train,63
painting_humanart_9000000000456.jpg,train,86
painting_humanart_9000000000457.jpg,train,136
painting_humanart_9000000000459.jpg,train,115
painting_humanart_9000000000462.jpg,train,60
painting_humanart_9000000000463.jpg,train,123
painting_humanart_9000000000465.jpg,train,69
painting_humanart_9000000000472.jpg,train,103
painting_humanart_9000000000473.jpg,train,61
painting_humanart_9000000000474.jpg,train,87
painting_humanart_9000000000479.jpg,train,69
painting_humanart_9000000000480.jpg,train,85
painting_humanart_9000000000485.jpg,train,99
painting_humanart_9000000000486.jpg,train,104
painting_humanart_9000000000487.jpg,train,115
painting_humanart_9000000000492.jpg,train,92
painting_humanart_9000000000494.jpg,train,82
painting_humanart_9000000000500.jpg,train,113
painting_humanart_9000000000503.jpg,train,125
painting_humanart_9000000000506.jpg,train,94
painting_humanart_9000000000509.jpg,train,99
painting_humanart_9000000000510.jpg,train,75
painting_humanart_9000000000516.jpg,train,95
painting_humanart_9000000000517.jpg,train,81
painting_humanart_9000000000519.jpg,train,136
painting_humanart_9000000000522.jpg,train,101
painting_humanart_9000000000525.jpg,train,107
painting_humanart_9000000000526.jpg,train,137
painting_humanart_9000000000527.jpg,train,119
painting_humanart_9000000000528.jpg,train,68
painting_humanart_9000000000532.jpg,train,166
painting_humanart_9000000000534.jpg,train,115
painting_humanart_9000000000536.jpg,train,72
painting_humanart_9000000000538.jpg,train,85
painting_humanart_9000000000540.jpg,train,60
painting_humanart_9000000000541.jpg,train,76
painting_humanart_9000000000543.jpg,train,80
painting_humanart_9000000000544.jpg,train,155
painting_humanart_9000000000545.jpg,train,101
painting_humanart_9000000000549.jpg,train,99
painting_humanart_9000000000551.jpg,train,58
painting_humanart_9000000000552.jpg,train,74
painting_humanart_9000000000555.jpg,train,137
painting_humanart_9000000000556.jpg,train,120
painting_humanart_9000000000557.jpg,train,81
painting_humanart_9000000000558.jpg,train,151
painting_humanart_9000000000559.jpg,train,104
painting_humanart_9000000000562.jpg,train,89
painting_humanart_9000000000563.jpg,train,133
painting_humanart_9000000000565.jpg,train,127
painting_humanart_9000000000567.jpg,train,75
painting_humanart_9000000000568.jpg,train,68
painting_humanart_9000000000571.jpg,train,80
painting_humanart_9000000000572.jpg,train,74
painting_humanart_9000000000573.jpg,train,126
painting_humanart_9000000000575.jpg,train,69
painting_humanart_9000000000576.jpg,train,60
painting_humanart_9000000000577.jpg,train,108
painting_humanart_9000000000578.jpg,train,92
painting_humanart_9000000000581.jpg,train,133
painting_humanart_9000000000583.jpg,train,75
painting_humanart_9000000000584.jpg,train,107
painting_humanart_9000000000585.jpg,train,85
painting_humanart_9000000000586.jpg,train,48
painting_humanart_9000000000587.jpg,train,81
painting_humanart_9000000000588.jpg,train,86
painting_humanart_9000000000589.jpg,train,87
painting_humanart_9000000000592.jpg,train,77
painting_humanart_9000000000596.jpg,train,134
painting_humanart_9000000000599.jpg,train,85
painting_humanart_9000000000603.jpg,train,59
painting_humanart_9000000000607.jpg,train,111
painting_humanart_9000000000612.jpg,train,168
painting_humanart_9000000000613.jpg,train,83
painting_humanart_9000000000614.jpg,train,87
painting_humanart_9000000000615.jpg,train,101
painting_humanart_9000000000617.jpg,train,107
painting_humanart_9000000000620.jpg,train,58
painting_humanart_9000000000621.jpg,train,49
painting_humanart_9000000000623.jpg,train,63
painting_humanart_9000000000624.jpg,train,74
painting_humanart_9000000000626.jpg,train,82
painting_humanart_9000000000627.jpg,train,113
painting_humanart_9000000000630.jpg,train,71
painting_humanart_9000000000633.jpg,train,110
painting_humanart_9000000000636.jpg,train,82
painting_humanart_9000000000638.jpg,train,49
painting_humanart_9000000000639.jpg,train,78
painting_humanart_9000000000641.jpg,train,75
painting_humanart_9000000000643.jpg,train,45
painting_humanart_9000000000646.jpg,train,82
painting_humanart_9000000000651.jpg,train,52
painting_humanart_9000000000655.jpg,train,65
painting_humanart_9000000000659.jpg,train,77
painting_humanart_9000000000661.jpg,train,109
painting_humanart_9000000000669.jpg,train,80
painting_humanart_9000000000671.jpg,train,123
painting_humanart_9000000000673.jpg,train,78
painting_humanart_9000000000674.jpg,train,105
painting_humanart_9000000000675.jpg,train,118
painting_humanart_9000000000676.jpg,train,107
painting_humanart_9000000000677.jpg,train,54
painting_humanart_9000000000680.jpg,train,62
painting_humanart_9000000000683.jpg,train,61
painting_humanart_9000000000685.jpg,train,73
painting_humanart_9000000000686.jpg,train,62
painting_humanart_9000000000687.jpg,train,55
painting_humanart_9000000000691.jpg,train,55
painting_humanart_9000000000692.jpg,train,111
painting_humanart_9000000000695.jpg,train,91
painting_humanart_9000000000696.jpg,train,125
painting_humanart_9000000000699.jpg,train,50
painting_humanart_9000000000700.jpg,train,85
painting_humanart_9000000000704.jpg,train,111
painting_humanart_9000000000706.jpg,train,96
painting_humanart_9000000000711.jpg,train,74
painting_humanart_9000000000716.jpg,train,59
painting_humanart_9000000000719.jpg,train,152
painting_humanart_9000000000726.jpg,train,96
painting_humanart_9000000000727.jpg,train,82
painting_humanart_9000000000728.jpg,train,70
painting_humanart_9000000000730.jpg,train,126
painting_humanart_9000000000731.jpg,train,86
painting_humanart_9000000000733.jpg,train,63
painting_humanart_9000000000734.jpg,train,105
painting_humanart_9000000000736.jpg,train,100
painting_humanart_9000000000737.jpg,train,119
painting_humanart_9000000000742.jpg,train,53
painting_humanart_9000000000744.jpg,train,79
painting_humanart_9000000000745.jpg,train,56
painting_humanart_9000000000747.jpg,train,82
painting_humanart_9000000000749.jpg,train,102
painting_humanart_9000000000750.jpg,train,77
painting_humanart_9000000000754.jpg,train,95
painting_humanart_9000000000755.jpg,train,97
painting_humanart_9000000000761.jpg,train,104
painting_humanart_9000000000764.jpg,train,89
painting_humanart_9000000000772.jpg,train,76
painting_humanart_9000000000773.jpg,train,75
painting_humanart_9000000000774.jpg,train,92
painting_humanart_9000000000777.jpg,train,87
painting_humanart_9000000000780.jpg,train,90
painting_humanart_9000000000781.jpg,train,66
painting_humanart_9000000000783.jpg,train,69
painting_humanart_9000000000784.jpg,train,68
painting_humanart_9000000000785.jpg,train,110
painting_humanart_9000000000788.jpg,train,73
painting_humanart_9000000000789.jpg,train,150
painting_humanart_9000000000791.jpg,train,83
painting_humanart_9000000000794.jpg,train,87
painting_humanart_9000000000795.jpg,train,112
painting_humanart_9000000000801.jpg,train,74
painting_humanart_9000000000802.jpg,train,69
painting_humanart_9000000000803.jpg,train,80
painting_humanart_9000000000806.jpg,train,62
painting_humanart_9000000000808.jpg,train,83
painting_humanart_9000000000809.jpg,train,114
painting_humanart_9000000000810.jpg,train,53
painting_humanart_9000000000816.jpg,train,105
painting_humanart_9000000000818.jpg,train,142
painting_humanart_9000000000819.jpg,train,87
painting_humanart_9000000000822.jpg,train,66
painting_humanart_9000000000823.jpg,train,66
painting_humanart_9000000000826.jpg,train,108
painting_humanart_9000000000827.jpg,train,65
painting_humanart_9000000000828.jpg,train,105
painting_humanart_9000000000829.jpg,train,140
painting_humanart_9000000000831.jpg,train,103
painting_humanart_9000000000834.jpg,train,71
painting_humanart_9000000000837.jpg,train,59
painting_humanart_9000000000838.jpg,train,96
painting_humanart_9000000000839.jpg,train,61
painting_humanart_9000000000840.jpg,train,105
painting_humanart_9000000000842.jpg,train,51
painting_humanart_9000000000843.jpg,train,91
painting_humanart_9000000000844.jpg,train,87
painting_humanart_9000000000845.jpg,train,61
painting_humanart_9000000000846.jpg,train,67
painting_humanart_9000000000848.jpg,train,51
painting_humanart_9000000000851.jpg,train,67
painting_humanart_9000000000852.jpg,train,142
painting_humanart_9000000000853.jpg,train,75
painting_humanart_9000000000854.jpg,train,96
painting_humanart_9000000000856.jpg,train,87
painting_humanart_9000000000859.jpg,train,83
painting_humanart_9000000000864.jpg,train,120
painting_humanart_9000000000867.jpg,train,68
painting_humanart_9000000000868.jpg,train,137
painting_humanart_9000000000870.jpg,train,100
painting_humanart_9000000000878.jpg,train,125
painting_humanart_9000000000882.jpg,train,61
painting_humanart_9000000000888.jpg,train,111
painting_humanart_9000000000890.jpg,train,72
painting_humanart_9000000000891.jpg,train,71
painting_humanart_9000000000893.jpg,train,105
painting_humanart_9000000000895.jpg,train,109
painting_humanart_9000000000896.jpg,train,84
painting_humanart_9000000000899.jpg,train,77
painting_humanart_9000000000903.jpg,train,75
painting_humanart_9000000000904.jpg,train,116
painting_humanart_9000000000906.jpg,train,46
painting_humanart_9000000000907.jpg,train,117
painting_humanart_9000000000908.jpg,train,50
painting_humanart_9000000000909.jpg,train,79
painting_humanart_9000000000910.jpg,train,61
painting_humanart_9000000000911.jpg,train,79
painting_humanart_9000000000912.jpg,train,80
painting_humanart_9000000000913.jpg,train,94
painting_humanart_9000000000915.jpg,train,98
painting_humanart_9000000000916.jpg,train,76
painting_humanart_9000000000923.jpg,train,77
painting_humanart_9000000000924.jpg,train,82
painting_humanart_9000000000925.jpg,train,78
painting_humanart_9000000000927.jpg,train,87
painting_humanart_9000000000929.jpg,train,89
painting_humanart_9000000000931.jpg,train,70
painting_humanart_9000000000933.jpg,train,114
painting_humanart_9000000000934.jpg,train,58
painting_humanart_9000000000936.jpg,train,88
painting_humanart_9000000000937.jpg,train,89
painting_humanart_9000000000938.jpg,train,60
painting_humanart_9000000000939.jpg,train,148
painting_humanart_9000000000940.jpg,train,83
painting_humanart_9000000000941.jpg,train,83
painting_humanart_9000000000949.jpg,train,97
painting_humanart_9000000000953.jpg,train,82
painting_humanart_9000000000958.jpg,train,62
painting_humanart_9000000000960.jpg,train,143
painting_humanart_9000000000963.jpg,train,86
painting_humanart_9000000000969.jpg,train,97
painting_humanart_9000000000970.jpg,train,98
painting_humanart_9000000000971.jpg,train,115
painting_humanart_9000000000972.jpg,train,107
painting_humanart_9000000000973.jpg,train,107
painting_humanart_9000000000975.jpg,train,147
painting_humanart_9000000000976.jpg,train,84
painting_humanart_9000000000977.jpg,train,55
painting_humanart_9000000000978.jpg,train,100
painting_humanart_9000000000979.jpg,train,120
painting_humanart_9000000000981.jpg,train,98
painting_humanart_9000000000982.jpg,train,112
painting_humanart_9000000000985.jpg,train,74
painting_humanart_9000000000986.jpg,train,106
painting_humanart_9000000000988.jpg,train,156
painting_humanart_9000000000989.jpg,train,49
painting_humanart_9000000000990.jpg,train,51
painting_humanart_9000000000991.jpg,train,100
painting_humanart_9000000000992.jpg,train,86
painting_humanart_9000000000993.jpg,train,80
painting_humanart_9000000000994.jpg,train,100
painting_humanart_9000000000995.jpg,train,58
painting_humanart_9000000000998.jpg,train,82
painting_humanart_9000000000999.jpg,train,94
painting_humanart_9000000001001.jpg,train,61
painting_humanart_9000000001002.jpg,train,119
painting_humanart_9000000001003.jpg,train,67
painting_humanart_9000000001004.jpg,train,81
painting_humanart_9000000001005.jpg,train,68
painting_humanart_9000000001007.jpg,train,111
painting_humanart_9000000001008.jpg,train,112
painting_humanart_9000000001009.jpg,train,58
painting_humanart_9000000001010.jpg,train,114
painting_humanart_9000000001011.jpg,train,121
painting_humanart_9000000001012.jpg,train,113
painting_humanart_9000000001013.jpg,train,90
painting_humanart_9000000001014.jpg,train,80
painting_humanart_9000000001016.jpg,train,95
painting_humanart_9000000001018.jpg,train,79
painting_humanart_9000000001019.jpg,train,86
painting_humanart_9000000001021.jpg,train,84
painting_humanart_9000000001023.jpg,train,84
painting_humanart_9000000001024.jpg,train,75
painting_humanart_9000000001025.jpg,train,120
painting_humanart_9000000001026.jpg,train,49
painting_humanart_9000000001027.jpg,train,72
painting_humanart_9000000001030.jpg,train,81
painting_humanart_9000000001031.jpg,train,102
painting_humanart_9000000001035.jpg,train,52
painting_humanart_9000000001036.jpg,train,61
painting_humanart_9000000001037.jpg,train,128
painting_humanart_9000000001038.jpg,train,136
painting_humanart_9000000001039.jpg,train,107
painting_humanart_9000000001040.jpg,train,93
painting_humanart_9000000001043.jpg,train,136
painting_humanart_9000000001046.jpg,train,63
painting_humanart_9000000001049.jpg,train,99
painting_humanart_9000000001051.jpg,train,49
painting_humanart_9000000001052.jpg,train,104
painting_humanart_9000000001057.jpg,train,50
painting_humanart_9000000001062.jpg,train,124
painting_humanart_9000000001065.jpg,train,69
painting_humanart_9000000001066.jpg,train,72
painting_humanart_9000000001067.jpg,train,74
painting_humanart_9000000001069.jpg,train,66
painting_humanart_9000000001072.jpg,train,87
painting_humanart_9000000001073.jpg,train,98
painting_humanart_9000000001075.jpg,train,92
painting_humanart_9000000001076.jpg,train,123
painting_humanart_9000000001082.jpg,train,128
painting_humanart_9000000001084.jpg,train,76
painting_humanart_9000000001086.jpg,train,87
painting_humanart_9000000001092.jpg,train,84
painting_humanart_9000000001094.jpg,train,61
painting_humanart_9000000001095.jpg,train,56
painting_humanart_9000000001099.jpg,train,123
painting_humanart_9000000001100.jpg,train,108
painting_humanart_9000000001104.jpg,train,109
painting_humanart_9000000001107.jpg,train,78
painting_humanart_9000000001108.jpg,train,100
painting_humanart_9000000001111.jpg,train,107
painting_humanart_9000000001112.jpg,train,113
painting_humanart_9000000001114.jpg,train,78
painting_humanart_9000000001116.jpg,train,98
painting_humanart_9000000001117.jpg,train,98
painting_humanart_9000000001118.jpg,train,100
painting_humanart_9000000001119.jpg,train,84
painting_humanart_9000000001121.jpg,train,82
painting_humanart_9000000001122.jpg,train,90
painting_humanart_9000000001124.jpg,train,100
painting_humanart_9000000001131.jpg,train,123
painting_humanart_9000000001133.jpg,train,117
painting_humanart_9000000001135.jpg,train,113
painting_humanart_9000000001136.jpg,train,74
painting_humanart_9000000001139.jpg,train,68
painting_humanart_9000000001140.jpg,train,119
painting_humanart_9000000001141.jpg,train,56
painting_humanart_9000000001145.jpg,train,75
painting_humanart_9000000001148.jpg,train,97
painting_humanart_9000000001150.jpg,train,94
painting_humanart_9000000001151.jpg,train,93
painting_humanart_9000000001154.jpg,train,114
painting_humanart_9000000001158.jpg,train,108
painting_humanart_9000000001159.jpg,train,112
painting_humanart_9000000001165.jpg,train,89
painting_humanart_9000000001173.jpg,train,72
painting_humanart_9000000001174.jpg,train,96
painting_humanart_9000000001175.jpg,train,81
painting_humanart_9000000001177.jpg,train,74
painting_humanart_9000000001179.jpg,train,47
painting_humanart_9000000001181.jpg,train,88
painting_humanart_9000000001182.jpg,train,58
painting_humanart_9000000001185.jpg,train,64
painting_humanart_9000000001192.jpg,train,61
painting_humanart_9000000001194.jpg,train,103
painting_humanart_9000000001195.jpg,train,118
painting_humanart_9000000001198.jpg,train,57
painting_humanart_9000000001199.jpg,train,80
painting_humanart_9000000001200.jpg,train,110
painting_humanart_9000000001202.jpg,train,85
painting_humanart_9000000001203.jpg,train,48
painting_humanart_9000000001205.jpg,train,120
painting_humanart_9000000001206.jpg,train,111
painting_humanart_9000000001207.jpg,train,74
painting_humanart_9000000001209.jpg,train,74
painting_humanart_9000000001211.jpg,train,99
painting_humanart_9000000001212.jpg,train,78
painting_humanart_9000000001213.jpg,train,84
painting_humanart_9000000001214.jpg,train,118
painting_humanart_9000000001215.jpg,train,58
painting_humanart_9000000001220.jpg,train,119
painting_humanart_9000000001221.jpg,train,104
painting_humanart_9000000001223.jpg,train,86
painting_humanart_9000000001226.jpg,train,66
painting_humanart_9000000001228.jpg,train,121
painting_humanart_9000000001230.jpg,train,79
painting_humanart_9000000001231.jpg,train,67
painting_humanart_9000000001232.jpg,train,71
painting_humanart_9000000001234.jpg,train,59
painting_humanart_9000000001237.jpg,train,128
painting_humanart_9000000001239.jpg,train,54
painting_humanart_9000000001243.jpg,train,98
painting_humanart_9000000001244.jpg,train,118
painting_humanart_9000000001245.jpg,train,105
painting_humanart_9000000001246.jpg,train,111
painting_humanart_9000000001247.jpg,train,108
painting_humanart_9000000001250.jpg,train,60
painting_humanart_9000000001254.jpg,train,59
painting_humanart_9000000001255.jpg,train,92
painting_humanart_9000000001256.jpg,train,62
painting_humanart_9000000001261.jpg,train,81
painting_humanart_9000000001263.jpg,train,42
painting_humanart_9000000001264.jpg,train,98
painting_humanart_9000000001268.jpg,train,86
painting_humanart_9000000001270.jpg,train,89
painting_humanart_9000000001271.jpg,train,72
painting_humanart_9000000001274.jpg,train,102
painting_humanart_9000000001277.jpg,train,91
painting_humanart_9000000001278.jpg,train,70
painting_humanart_9000000001279.jpg,train,53
painting_humanart_9000000001281.jpg,train,96
painting_humanart_9000000001286.jpg,train,103
painting_humanart_9000000001287.jpg,train,100
painting_humanart_9000000001291.jpg,train,74
painting_humanart_9000000001292.jpg,train,100
painting_humanart_9000000001293.jpg,train,75
painting_humanart_9000000001301.jpg,train,68
painting_humanart_9000000001302.jpg,train,93
painting_humanart_9000000001307.jpg,train,69
painting_humanart_9000000001314.jpg,train,62
painting_humanart_9000000001316.jpg,train,76
painting_humanart_9000000001317.jpg,train,49
painting_humanart_9000000001322.jpg,train,83
painting_humanart_9000000001326.jpg,train,64
painting_humanart_9000000001331.jpg,train,100
painting_humanart_9000000001332.jpg,train,56
painting_humanart_9000000001333.jpg,train,63
painting_humanart_9000000001335.jpg,train,59
painting_humanart_9000000001336.jpg,train,103
painting_humanart_9000000001337.jpg,train,65
painting_humanart_9000000001338.jpg,train,97
painting_humanart_9000000001340.jpg,train,130
painting_humanart_9000000001341.jpg,train,90
painting_humanart_9000000001342.jpg,train,91
painting_humanart_9000000001343.jpg,train,83
painting_humanart_9000000001344.jpg,train,82
painting_humanart_9000000001346.jpg,train,74
painting_humanart_9000000001348.jpg,train,97
painting_humanart_9000000001350.jpg,train,132
painting_humanart_9000000001351.jpg,train,56
painting_humanart_9000000001352.jpg,train,100
painting_humanart_9000000001353.jpg,train,155
painting_humanart_9000000001355.jpg,train,138
painting_humanart_9000000001357.jpg,train,121
painting_humanart_9000000001358.jpg,train,129
painting_humanart_9000000001363.jpg,train,73
painting_humanart_9000000001365.jpg,train,122
painting_humanart_9000000001368.jpg,train,103
painting_humanart_9000000001369.jpg,train,88
painting_humanart_9000000001371.jpg,train,83
painting_humanart_9000000001372.jpg,train,136
painting_humanart_9000000001373.jpg,train,109
painting_humanart_9000000001375.jpg,train,110
painting_humanart_9000000001376.jpg,train,89
painting_humanart_9000000001380.jpg,train,146
painting_humanart_9000000001383.jpg,train,86
painting_humanart_9000000001384.jpg,train,76
painting_humanart_9000000001388.jpg,train,98
painting_humanart_9000000001389.jpg,train,102
painting_humanart_9000000001391.jpg,train,149
painting_humanart_9000000001395.jpg,train,131
painting_humanart_9000000001396.jpg,train,177
painting_humanart_9000000001397.jpg,train,78
painting_humanart_9000000001399.jpg,train,92
painting_humanart_9000000001401.jpg,train,129
painting_humanart_9000000001404.jpg,train,82
painting_humanart_9000000001405.jpg,train,89
painting_humanart_9000000001407.jpg,train,81
painting_humanart_9000000001408.jpg,train,71
painting_humanart_9000000001410.jpg,train,63
painting_humanart_9000000001412.jpg,train,151
painting_humanart_9000000001413.jpg,train,109
painting_humanart_9000000001414.jpg,train,84
painting_humanart_9000000001415.jpg,train,87
painting_humanart_9000000001416.jpg,train,184
painting_humanart_9000000001420.jpg,train,105
painting_humanart_9000000001425.jpg,train,105
painting_humanart_9000000001427.jpg,train,126
painting_humanart_9000000001428.jpg,train,59
painting_humanart_9000000001429.jpg,train,147
painting_humanart_9000000001432.jpg,train,88
painting_humanart_9000000001433.jpg,train,140
painting_humanart_9000000001434.jpg,train,154
painting_humanart_9000000001435.jpg,train,102
painting_humanart_9000000001436.jpg,train,97
painting_humanart_9000000001437.jpg,train,112
painting_humanart_9000000001440.jpg,train,102
painting_humanart_9000000001444.jpg,train,119
painting_humanart_9000000001446.jpg,train,43
painting_humanart_9000000001450.jpg,train,92
painting_humanart_9000000001452.jpg,train,70
painting_humanart_9000000001453.jpg,train,143
painting_humanart_9000000001454.jpg,train,66
painting_humanart_9000000001455.jpg,train,154
painting_humanart_9000000001456.jpg,train,148
painting_humanart_9000000001460.jpg,train,162
painting_humanart_9000000001461.jpg,train,96
painting_humanart_9000000001462.jpg,train,100
painting_humanart_9000000001464.jpg,train,78
painting_humanart_9000000001465.jpg,train,95
painting_humanart_9000000001466.jpg,train,71
painting_humanart_9000000001468.jpg,train,107
painting_humanart_9000000001469.jpg,train,98
painting_humanart_9000000001471.jpg,train,93
painting_humanart_9000000001472.jpg,train,110
painting_humanart_9000000001473.jpg,train,121
painting_humanart_9000000001478.jpg,train,116
painting_humanart_9000000001481.jpg,train,98
painting_humanart_9000000001482.jpg,train,118
painting_humanart_9000000001485.jpg,train,56
painting_humanart_9000000001486.jpg,train,106
painting_humanart_9000000001487.jpg,train,81
painting_humanart_9000000001491.jpg,train,105
painting_humanart_9000000001493.jpg,train,40
painting_humanart_9000000001496.jpg,train,94
painting_humanart_9000000001497.jpg,train,163
painting_humanart_9000000001498.jpg,train,105
painting_humanart_9000000001499.jpg,train,107
painting_humanart_9000000001500.jpg,train,50
painting_humanart_9000000001502.jpg,train,94
painting_humanart_9000000001503.jpg,train,86
painting_humanart_9000000001506.jpg,train,107
painting_humanart_9000000001507.jpg,train,109
painting_humanart_9000000001508.jpg,train,62
painting_humanart_9000000001511.jpg,train,131
painting_humanart_9000000001512.jpg,train,165
painting_humanart_9000000001513.jpg,train,76
painting_humanart_9000000001514.jpg,train,94
painting_humanart_9000000001518.jpg,train,152
painting_humanart_9000000001521.jpg,train,82
painting_humanart_9000000001524.jpg,train,171
painting_humanart_9000000001525.jpg,train,190
painting_humanart_9000000001526.jpg,train,152
painting_humanart_9000000001529.jpg,train,125
painting_humanart_9000000001531.jpg,train,197
painting_humanart_9000000001533.jpg,train,97
painting_humanart_9000000001537.jpg,train,153
painting_humanart_9000000001540.jpg,train,107
painting_humanart_9000000001542.jpg,train,120
painting_humanart_9000000001545.jpg,train,159
painting_humanart_9000000001546.jpg,train,108
painting_humanart_9000000001551.jpg,train,72
painting_humanart_9000000001552.jpg,train,82
painting_humanart_9000000001553.jpg,train,85
painting_humanart_9000000001554.jpg,train,136
painting_humanart_9000000001555.jpg,train,92
painting_humanart_9000000001557.jpg,train,108
painting_humanart_9000000001558.jpg,train,130
painting_humanart_9000000001561.jpg,train,101
painting_humanart_9000000001562.jpg,train,116
painting_humanart_9000000001564.jpg,train,72
painting_humanart_9000000001566.jpg,train,133
painting_humanart_9000000001569.jpg,train,112
painting_humanart_9000000001570.jpg,train,59
painting_humanart_9000000001573.jpg,train,98
painting_humanart_9000000001574.jpg,train,111
painting_humanart_9000000001575.jpg,train,176
painting_humanart_9000000001576.jpg,train,94
painting_humanart_9000000001577.jpg,train,173
painting_humanart_9000000001579.jpg,train,208
painting_humanart_9000000001580.jpg,train,168
painting_humanart_9000000001581.jpg,train,50
painting_humanart_9000000001583.jpg,train,63
painting_humanart_9000000001586.jpg,train,124
painting_humanart_9000000001587.jpg,train,182
painting_humanart_9000000001588.jpg,train,112
painting_humanart_9000000001591.jpg,train,71
painting_humanart_9000000001592.jpg,train,73
painting_humanart_9000000001593.jpg,train,219
painting_humanart_9000000001598.jpg,train,108
painting_humanart_9000000001599.jpg,train,108
painting_humanart_9000000001601.jpg,train,115
painting_humanart_9000000001603.jpg,train,139
painting_humanart_9000000001605.jpg,train,131
painting_humanart_9000000001607.jpg,train,115
painting_humanart_9000000001613.jpg,train,132
painting_humanart_9000000001614.jpg,train,165
painting_humanart_9000000001615.jpg,train,84
painting_humanart_9000000001616.jpg,train,156
painting_humanart_9000000001619.jpg,train,89
painting_humanart_9000000001620.jpg,train,120
painting_humanart_9000000001622.jpg,train,129
painting_humanart_9000000001624.jpg,train,128
painting_humanart_9000000001625.jpg,train,109
painting_humanart_9000000001627.jpg,train,141
painting_humanart_9000000001630.jpg,train,86
painting_humanart_9000000001632.jpg,train,106
painting_humanart_9000000001634.jpg,train,150
painting_humanart_9000000001635.jpg,train,105
painting_humanart_9000000001636.jpg,train,145
painting_humanart_9000000001639.jpg,train,83
painting_humanart_9000000001640.jpg,train,90
painting_humanart_9000000001645.jpg,train,117
painting_humanart_9000000001646.jpg,train,127
painting_humanart_9000000001648.jpg,train,112
painting_humanart_9000000001649.jpg,train,92
painting_humanart_9000000001650.jpg,train,62
painting_humanart_9000000001652.jpg,train,80
painting_humanart_9000000001654.jpg,train,138
painting_humanart_9000000001657.jpg,train,146
painting_humanart_9000000001658.jpg,train,108
painting_humanart_9000000001660.jpg,train,70
painting_humanart_9000000001661.jpg,train,143
painting_humanart_9000000001664.jpg,train,91
painting_humanart_9000000001669.jpg,train,76
painting_humanart_9000000001671.jpg,train,126
painting_humanart_9000000001674.jpg,train,164
painting_humanart_9000000001676.jpg,train,206
painting_humanart_9000000001677.jpg,train,130
painting_humanart_9000000001678.jpg,train,67
painting_humanart_9000000001680.jpg,train,77
painting_humanart_9000000001681.jpg,train,56
painting_humanart_9000000001682.jpg,train,110
painting_humanart_9000000001684.jpg,train,115
painting_humanart_9000000001686.jpg,train,92
painting_humanart_9000000001693.jpg,train,92
painting_humanart_9000000001694.jpg,train,54
painting_humanart_9000000001695.jpg,train,130
painting_humanart_9000000001696.jpg,train,78
painting_humanart_9000000001699.jpg,train,93
painting_humanart_9000000001702.jpg,train,180
painting_humanart_9000000001703.jpg,train,116
painting_humanart_9000000001705.jpg,train,113
painting_humanart_9000000001708.jpg,train,106
painting_humanart_9000000001712.jpg,train,43
painting_humanart_9000000001718.jpg,train,114
painting_humanart_9000000001721.jpg,train,113
painting_humanart_9000000001722.jpg,train,106
painting_humanart_9000000001724.jpg,train,180
painting_humanart_9000000001725.jpg,train,189
painting_humanart_9000000001726.jpg,train,110
painting_humanart_9000000001727.jpg,train,95
painting_humanart_9000000001729.jpg,train,79
painting_humanart_9000000001731.jpg,train,128
painting_humanart_9000000001732.jpg,train,93
painting_humanart_9000000001735.jpg,train,95
painting_humanart_9000000001736.jpg,train,67
painting_humanart_9000000001738.jpg,train,94
painting_humanart_9000000001741.jpg,train,112
painting_humanart_9000000001745.jpg,train,151
painting_humanart_9000000001746.jpg,train,110
painting_humanart_9000000001748.jpg,train,115
painting_humanart_9000000001752.jpg,train,103
painting_humanart_9000000001753.jpg,train,142
painting_humanart_9000000001755.jpg,train,83
painting_humanart_9000000001756.jpg,train,71
painting_humanart_9000000001763.jpg,train,114
painting_humanart_9000000001766.jpg,train,85
painting_humanart_9000000001768.jpg,train,50
painting_humanart_9000000001769.jpg,train,132
painting_humanart_9000000001770.jpg,train,100
painting_humanart_9000000001771.jpg,train,63
painting_humanart_9000000001772.jpg,train,195
painting_humanart_9000000001773.jpg,train,92
painting_humanart_9000000001774.jpg,train,130
painting_humanart_9000000001775.jpg,train,85
painting_humanart_9000000001776.jpg,train,106
painting_humanart_9000000001777.jpg,train,59
painting_humanart_9000000001779.jpg,train,207
painting_humanart_9000000001780.jpg,train,46
painting_humanart_9000000001783.jpg,train,121
painting_humanart_9000000001784.jpg,train,96
painting_humanart_9000000001788.jpg,train,47
painting_humanart_9000000001790.jpg,train,107
painting_humanart_9000000001798.jpg,train,138
painting_humanart_9000000001802.jpg,train,154
painting_humanart_9000000001806.jpg,train,92
painting_humanart_9000000001810.jpg,train,49
painting_humanart_9000000001811.jpg,train,132
painting_humanart_9000000001813.jpg,train,118
painting_humanart_9000000001815.jpg,train,185
painting_humanart_9000000001817.jpg,train,109
painting_humanart_9000000001825.jpg,train,77
painting_humanart_9000000001830.jpg,train,96
painting_humanart_9000000001832.jpg,train,87
painting_humanart_9000000001833.jpg,train,159
painting_humanart_9000000001840.jpg,train,127
painting_humanart_9000000001841.jpg,train,104
painting_humanart_9000000001842.jpg,train,106
painting_humanart_9000000001844.jpg,train,110
painting_humanart_9000000001845.jpg,train,103
painting_humanart_9000000001846.jpg,train,107
painting_humanart_9000000001848.jpg,train,65
painting_humanart_9000000001849.jpg,train,128
painting_humanart_9000000001852.jpg,train,57
painting_humanart_9000000001853.jpg,train,82
painting_humanart_9000000001855.jpg,train,64
painting_humanart_9000000001858.jpg,train,55
painting_humanart_9000000001859.jpg,train,132
painting_humanart_9000000001862.jpg,train,125
painting_humanart_9000000001864.jpg,train,112
painting_humanart_9000000001871.jpg,train,100
painting_humanart_9000000001872.jpg,train,88
painting_humanart_9000000001873.jpg,train,103
painting_humanart_9000000001878.jpg,train,93
painting_humanart_9000000001879.jpg,train,111
painting_humanart_9000000001881.jpg,train,122
painting_humanart_9000000001886.jpg,train,100
painting_humanart_9000000001887.jpg,train,171
painting_humanart_9000000001888.jpg,train,146
painting_humanart_9000000001889.jpg,train,130
painting_humanart_9000000001891.jpg,train,121
painting_humanart_9000000001894.jpg,train,95
painting_humanart_9000000001895.jpg,train,239
painting_humanart_9000000001896.jpg,train,99
painting_humanart_9000000001898.jpg,train,69
painting_humanart_9000000001899.jpg,train,72
painting_humanart_9000000001903.jpg,train,121
painting_humanart_9000000001905.jpg,train,80
painting_humanart_9000000001908.jpg,train,71
painting_humanart_9000000001909.jpg,train,178
painting_humanart_9000000001911.jpg,train,123
painting_humanart_9000000001913.jpg,train,98
painting_humanart_9000000001914.jpg,train,69
painting_humanart_9000000001915.jpg,train,116
painting_humanart_9000000001918.jpg,train,123
painting_humanart_9000000001920.jpg,train,109
painting_humanart_9000000001922.jpg,train,94
painting_humanart_9000000001923.jpg,train,117
painting_humanart_9000000001924.jpg,train,97
painting_humanart_9000000001926.jpg,train,91
painting_humanart_9000000001928.jpg,train,101
painting_humanart_9000000001929.jpg,train,83
painting_humanart_9000000001930.jpg,train,132
painting_humanart_9000000001932.jpg,train,84
painting_humanart_9000000001934.jpg,train,83
painting_humanart_9000000001935.jpg,train,77
painting_humanart_9000000001936.jpg,train,137
painting_humanart_9000000001938.jpg,train,144
painting_humanart_9000000001939.jpg,train,121
painting_humanart_9000000001942.jpg,train,103
painting_humanart_9000000001943.jpg,train,92
painting_humanart_9000000001944.jpg,train,87
painting_humanart_9000000001945.jpg,train,110
painting_humanart_9000000001947.jpg,train,117
painting_humanart_9000000001948.jpg,train,134
painting_humanart_9000000001950.jpg,train,167
painting_humanart_9000000001951.jpg,train,74
painting_humanart_9000000001954.jpg,train,110
painting_humanart_9000000001955.jpg,train,181
painting_humanart_9000000001958.jpg,train,88
painting_humanart_9000000001963.jpg,train,98
painting_humanart_9000000001964.jpg,train,180
painting_humanart_9000000001969.jpg,train,133
painting_humanart_9000000001970.jpg,train,139
painting_humanart_9000000001972.jpg,train,105
painting_humanart_9000000001975.jpg,train,59
painting_humanart_9000000001976.jpg,train,108
painting_humanart_9000000001977.jpg,train,84
painting_humanart_9000000001978.jpg,train,83
painting_humanart_9000000001981.jpg,train,82
painting_humanart_9000000001982.jpg,train,74
painting_humanart_9000000001984.jpg,train,96
painting_humanart_9000000001985.jpg,train,121
painting_humanart_9000000001987.jpg,train,87
painting_humanart_9000000001990.jpg,train,103
painting_humanart_9000000001992.jpg,train,90
painting_humanart_9000000001996.jpg,train,90
painting_humanart_9000000001997.jpg,train,84
painting_humanart_9000000002000.jpg,train,111
painting_humanart_9000000002001.jpg,train,198
painting_humanart_9000000002002.jpg,train,143
painting_humanart_9000000002004.jpg,train,82
painting_humanart_9000000002005.jpg,train,176
painting_humanart_9000000002006.jpg,train,148
painting_humanart_9000000002007.jpg,train,81
painting_humanart_9000000002009.jpg,train,52
painting_humanart_9000000002011.jpg,train,133
painting_humanart_9000000002012.jpg,train,102
painting_humanart_9000000002013.jpg,train,124
painting_humanart_9000000002014.jpg,train,126
painting_humanart_9000000002015.jpg,train,102
painting_humanart_9000000002018.jpg,train,95
painting_humanart_9000000002020.jpg,train,157
painting_humanart_9000000002022.jpg,train,48
painting_humanart_9000000002023.jpg,train,172
painting_humanart_9000000002024.jpg,train,119
painting_humanart_9000000002026.jpg,train,128
painting_humanart_9000000002027.jpg,train,161
painting_humanart_9000000002031.jpg,train,91
painting_humanart_9000000002032.jpg,train,49
painting_humanart_9000000002033.jpg,train,143
painting_humanart_9000000002034.jpg,train,138
painting_humanart_9000000002046.jpg,train,126
painting_humanart_9000000002049.jpg,train,178
painting_humanart_9000000002050.jpg,train,110
painting_humanart_9000000002052.jpg,train,129
painting_humanart_9000000002053.jpg,train,106
painting_humanart_9000000002054.jpg,train,83
painting_humanart_9000000002056.jpg,train,100
painting_humanart_9000000002057.jpg,train,158
painting_humanart_9000000002062.jpg,train,135
painting_humanart_9000000002064.jpg,train,157
painting_humanart_9000000002067.jpg,train,99
painting_humanart_9000000002073.jpg,train,121
painting_humanart_9000000002074.jpg,train,99
painting_humanart_9000000002076.jpg,train,101
painting_humanart_9000000002079.jpg,train,158
painting_humanart_9000000002080.jpg,train,192
painting_humanart_9000000002081.jpg,train,91
painting_humanart_9000000002082.jpg,train,90
painting_humanart_9000000002083.jpg,train,87
painting_humanart_9000000002084.jpg,train,80
painting_humanart_9000000002088.jpg,train,50
painting_humanart_9000000002092.jpg,train,63
painting_humanart_9000000002093.jpg,train,142
painting_humanart_9000000002095.jpg,train,116
painting_humanart_9000000002098.jpg,train,100
painting_humanart_9000000002100.jpg,train,96
painting_humanart_9000000002101.jpg,train,50
painting_humanart_9000000002103.jpg,train,83
painting_humanart_9000000002105.jpg,train,101
painting_humanart_9000000002106.jpg,train,90
painting_humanart_9000000002107.jpg,train,83
painting_humanart_9000000002109.jpg,train,117
painting_humanart_9000000002110.jpg,train,134
painting_humanart_9000000002114.jpg,train,84
painting_humanart_9000000002115.jpg,train,115
painting_humanart_9000000002116.jpg,train,80
painting_humanart_9000000002119.jpg,train,78
painting_humanart_9000000002121.jpg,train,72
painting_humanart_9000000002125.jpg,train,84
painting_humanart_9000000002127.jpg,train,78
painting_humanart_9000000002129.jpg,train,81
painting_humanart_9000000002131.jpg,train,87
painting_humanart_9000000002133.jpg,train,183
painting_humanart_9000000002136.jpg,train,112
painting_humanart_9000000002143.jpg,train,89
painting_humanart_9000000002148.jpg,train,79
painting_humanart_9000000002149.jpg,train,86
painting_humanart_9000000002151.jpg,train,85
painting_humanart_9000000002152.jpg,train,137
painting_humanart_9000000002153.jpg,train,118
painting_humanart_9000000002156.jpg,train,94
painting_humanart_9000000002158.jpg,train,68
painting_humanart_9000000002166.jpg,train,138
painting_humanart_9000000002168.jpg,train,89
painting_humanart_9000000002169.jpg,train,90
painting_humanart_9000000002171.jpg,train,111
painting_humanart_9000000002173.jpg,train,120
painting_humanart_9000000002175.jpg,train,138
painting_humanart_9000000002183.jpg,train,92
painting_humanart_9000000002184.jpg,train,82
painting_humanart_9000000002185.jpg,train,126
painting_humanart_9000000002186.jpg,train,118
painting_humanart_9000000002188.jpg,train,128
painting_humanart_9000000002189.jpg,train,113
painting_humanart_9000000002190.jpg,train,131
painting_humanart_9000000002191.jpg,train,82
painting_humanart_9000000002201.jpg,train,140
painting_humanart_9000000002202.jpg,train,79
painting_humanart_9000000002205.jpg,train,151
painting_humanart_9000000002212.jpg,train,124
painting_humanart_9000000002215.jpg,train,163
painting_humanart_9000000002216.jpg,train,118
painting_humanart_9000000002221.jpg,train,83
painting_humanart_9000000002223.jpg,train,110
painting_humanart_9000000002227.jpg,train,132
painting_humanart_9000000002235.jpg,train,87
painting_humanart_9000000002236.jpg,train,107
painting_humanart_9000000002237.jpg,train,99
painting_humanart_9000000002238.jpg,train,171
painting_humanart_9000000002240.jpg,train,127
painting_humanart_9000000002241.jpg,train,111
painting_humanart_9000000002242.jpg,train,103
painting_humanart_9000000002245.jpg,train,138
painting_humanart_9000000002246.jpg,train,113
painting_humanart_9000000002247.jpg,train,169
painting_humanart_9000000002248.jpg,train,75
painting_humanart_9000000002249.jpg,train,110
painting_humanart_9000000002251.jpg,train,102
painting_humanart_9000000002252.jpg,train,51
painting_humanart_9000000002259.jpg,train,104
painting_humanart_9000000002263.jpg,train,109
painting_humanart_9000000002264.jpg,train,99
painting_humanart_9000000002266.jpg,train,90
painting_humanart_9000000002267.jpg,train,52
painting_humanart_9000000002269.jpg,train,116
painting_humanart_9000000002270.jpg,train,127
painting_humanart_9000000002272.jpg,train,105
painting_humanart_9000000002273.jpg,train,104
painting_humanart_9000000002274.jpg,train,111
painting_humanart_9000000002276.jpg,train,79
painting_humanart_9000000002279.jpg,train,98
painting_humanart_9000000002281.jpg,train,124
painting_humanart_9000000002283.jpg,train,122
painting_humanart_9000000002289.jpg,train,118
painting_humanart_9000000002290.jpg,train,97
painting_humanart_9000000002292.jpg,train,107
painting_humanart_9000000002293.jpg,train,86
painting_humanart_9000000002294.jpg,train,98
painting_humanart_9000000002295.jpg,train,119
painting_humanart_9000000002296.jpg,train,78
painting_humanart_9000000002298.jpg,train,92
painting_humanart_9000000002299.jpg,train,77
painting_humanart_9000000002300.jpg,train,104
painting_humanart_9000000002301.jpg,train,124
painting_humanart_9000000002303.jpg,train,164
painting_humanart_9000000002304.jpg,train,111
painting_humanart_9000000002310.jpg,train,197
painting_humanart_9000000002317.jpg,train,136
painting_humanart_9000000002320.jpg,train,72
painting_humanart_9000000002321.jpg,train,109
painting_humanart_9000000002322.jpg,train,65
painting_humanart_9000000002326.jpg,train,64
painting_humanart_9000000002327.jpg,train,95
painting_humanart_9000000002332.jpg,train,43
painting_humanart_9000000002334.jpg,train,101
painting_humanart_9000000002336.jpg,train,84
painting_humanart_9000000002338.jpg,train,120
painting_humanart_9000000002339.jpg,train,112
painting_humanart_9000000002341.jpg,train,77
painting_humanart_9000000002342.jpg,train,89
painting_humanart_9000000002344.jpg,train,120
painting_humanart_9000000002345.jpg,train,129
painting_humanart_9000000002348.jpg,train,70
painting_humanart_9000000002351.jpg,train,103
painting_humanart_9000000002352.jpg,train,122
painting_humanart_9000000002359.jpg,train,37
painting_humanart_9000000002361.jpg,train,127
painting_humanart_9000000002362.jpg,train,84
painting_humanart_9000000002365.jpg,train,96
painting_humanart_9000000002367.jpg,train,125
painting_humanart_9000000002371.jpg,train,134
painting_humanart_9000000002372.jpg,train,104
painting_humanart_9000000002373.jpg,train,147
painting_humanart_9000000002374.jpg,train,163
painting_humanart_9000000002376.jpg,train,88
painting_humanart_9000000002379.jpg,train,108
painting_humanart_9000000002382.jpg,train,111
painting_humanart_9000000002383.jpg,train,124
painting_humanart_9000000002384.jpg,train,95
painting_humanart_9000000002385.jpg,train,105
painting_humanart_9000000002386.jpg,train,153
painting_humanart_9000000002393.jpg,train,106
painting_humanart_9000000002397.jpg,train,107
painting_humanart_9000000002399.jpg,train,95
painting_humanart_9000000002404.jpg,train,59
painting_humanart_9000000002405.jpg,train,50
painting_humanart_9000000002407.jpg,train,108
painting_humanart_9000000002413.jpg,train,112
painting_humanart_9000000002415.jpg,train,110
painting_humanart_9000000002416.jpg,train,133
painting_humanart_9000000002417.jpg,train,196
painting_humanart_9000000002418.jpg,train,84
painting_humanart_9000000002419.jpg,train,83
painting_humanart_9000000002423.jpg,train,116
painting_humanart_9000000002424.jpg,train,93
painting_humanart_9000000002425.jpg,train,69
painting_humanart_9000000002427.jpg,train,85
painting_humanart_9000000002431.jpg,train,81
painting_humanart_9000000002432.jpg,train,72
painting_humanart_9000000002436.jpg,train,49
painting_humanart_9000000002440.jpg,train,89
painting_humanart_9000000002443.jpg,train,77
painting_humanart_9000000002444.jpg,train,120
painting_humanart_9000000002445.jpg,train,139
painting_humanart_9000000002446.jpg,train,120
painting_humanart_9000000002458.jpg,train,121
painting_humanart_9000000002464.jpg,train,88
painting_humanart_9000000002466.jpg,train,95
painting_humanart_9000000002467.jpg,train,168
painting_humanart_9000000002469.jpg,train,73
painting_humanart_9000000002470.jpg,train,162
painting_humanart_9000000002473.jpg,train,115
painting_humanart_9000000002474.jpg,train,124
painting_humanart_9000000002475.jpg,train,150
painting_humanart_9000000002477.jpg,train,95
painting_humanart_9000000002478.jpg,train,138
painting_humanart_9000000002479.jpg,train,168
painting_humanart_9000000002483.jpg,train,123
painting_humanart_9000000002484.jpg,train,67
painting_humanart_9000000002489.jpg,train,50
painting_humanart_9000000002490.jpg,train,108
painting_humanart_9000000002492.jpg,train,64
painting_humanart_9000000002494.jpg,train,46
painting_humanart_9000000002497.jpg,train,57
painting_humanart_9000000002502.jpg,train,140
painting_humanart_9000000002503.jpg,train,129
painting_humanart_9000000002504.jpg,train,67
painting_humanart_9000000002505.jpg,train,94
painting_humanart_9000000002508.jpg,train,55
painting_humanart_9000000002509.jpg,train,114
painting_humanart_9000000002510.jpg,train,63
painting_humanart_9000000002511.jpg,train,65
painting_humanart_9000000002513.jpg,train,116
painting_humanart_9000000002517.jpg,train,116
painting_humanart_9000000002519.jpg,train,214
painting_humanart_9000000002521.jpg,train,127
painting_humanart_9000000002523.jpg,train,232
painting_humanart_9000000002526.jpg,train,78
painting_humanart_9000000002527.jpg,train,99
painting_humanart_9000000002529.jpg,train,131
painting_humanart_9000000002532.jpg,train,131
painting_humanart_9000000002533.jpg,train,135
painting_humanart_9000000002534.jpg,train,54
painting_humanart_9000000002538.jpg,train,122
painting_humanart_9000000002545.jpg,train,85
painting_humanart_9000000002546.jpg,train,59
painting_humanart_9000000002547.jpg,train,99
painting_humanart_9000000002548.jpg,train,122
painting_humanart_9000000002549.jpg,train,101
painting_humanart_9000000002550.jpg,train,109
painting_humanart_9000000002552.jpg,train,121
painting_humanart_9000000002558.jpg,train,104
painting_humanart_9000000002566.jpg,train,91
painting_humanart_9000000002569.jpg,train,81
painting_humanart_9000000002570.jpg,train,117
painting_humanart_9000000002571.jpg,train,124
painting_humanart_9000000002572.jpg,train,58
painting_humanart_9000000002575.jpg,train,129
painting_humanart_9000000002580.jpg,train,102
painting_humanart_9000000002584.jpg,train,72
painting_humanart_9000000002585.jpg,train,77
painting_humanart_9000000002588.jpg,train,95
painting_humanart_9000000002589.jpg,train,125
painting_humanart_9000000002593.jpg,train,91
painting_humanart_9000000002594.jpg,train,122
painting_humanart_9000000002595.jpg,train,158
painting_humanart_9000000002596.jpg,train,72
painting_humanart_9000000002597.jpg,train,88
painting_humanart_9000000002599.jpg,train,95
painting_humanart_9000000002600.jpg,train,87
painting_humanart_9000000002603.jpg,train,67
painting_humanart_9000000002605.jpg,train,63
painting_humanart_9000000002606.jpg,train,83
painting_humanart_9000000002608.jpg,train,101
painting_humanart_9000000002611.jpg,train,99
painting_humanart_9000000002612.jpg,train,63
painting_humanart_9000000002613.jpg,train,75
painting_humanart_9000000002614.jpg,train,49
painting_humanart_9000000002615.jpg,train,190
painting_humanart_9000000002617.jpg,train,77
painting_humanart_9000000002618.jpg,train,80
painting_humanart_9000000002620.jpg,train,110
painting_humanart_9000000002622.jpg,train,38
painting_humanart_9000000002623.jpg,train,56
painting_humanart_9000000002626.jpg,train,104
painting_humanart_9000000002629.jpg,train,89
painting_humanart_9000000002630.jpg,train,111
painting_humanart_9000000002632.jpg,train,105
painting_humanart_9000000002633.jpg,train,60
painting_humanart_9000000002634.jpg,train,115
painting_humanart_9000000002636.jpg,train,77
painting_humanart_9000000002637.jpg,train,97
painting_humanart_9000000002638.jpg,train,100
painting_humanart_9000000002642.jpg,train,104
painting_humanart_9000000002643.jpg,train,93
painting_humanart_9000000002644.jpg,train,102
painting_humanart_9000000002646.jpg,train,102
painting_humanart_9000000002648.jpg,train,87
painting_humanart_9000000002650.jpg,train,48
painting_humanart_9000000002652.jpg,train,123
painting_humanart_9000000002653.jpg,train,82
painting_humanart_9000000002658.jpg,train,83
painting_humanart_9000000002661.jpg,train,84
painting_humanart_9000000002662.jpg,train,172
painting_humanart_9000000002663.jpg,train,117
painting_humanart_9000000002664.jpg,train,109
painting_humanart_9000000002665.jpg,train,109
painting_humanart_9000000002667.jpg,train,81
painting_humanart_9000000002668.jpg,train,108
painting_humanart_9000000002670.jpg,train,103
painting_humanart_9000000002673.jpg,train,133
painting_humanart_9000000002677.jpg,train,113
painting_humanart_9000000002679.jpg,train,126
painting_humanart_9000000002680.jpg,train,75
painting_humanart_9000000002681.jpg,train,88
painting_humanart_9000000002682.jpg,train,121
painting_humanart_9000000002686.jpg,train,79
painting_humanart_9000000002691.jpg,train,112
painting_humanart_9000000002694.jpg,train,99
painting_humanart_9000000002695.jpg,train,61
painting_humanart_9000000002701.jpg,train,84
painting_humanart_9000000002702.jpg,train,54
painting_humanart_9000000002708.jpg,train,70
painting_humanart_9000000002709.jpg,train,100
painting_humanart_9000000002710.jpg,train,67
painting_humanart_9000000002716.jpg,train,108
painting_humanart_9000000002717.jpg,train,99
painting_humanart_9000000002718.jpg,train,163
painting_humanart_9000000002720.jpg,train,49
painting_humanart_9000000002726.jpg,train,144
painting_humanart_9000000002728.jpg,train,75
painting_humanart_9000000002730.jpg,train,149
painting_humanart_9000000002732.jpg,train,121
painting_humanart_9000000002733.jpg,train,60
painting_humanart_9000000002734.jpg,train,79
painting_humanart_9000000002737.jpg,train,121
painting_humanart_9000000002738.jpg,train,83
painting_humanart_9000000002740.jpg,train,122
painting_humanart_9000000002741.jpg,train,115
painting_humanart_9000000002742.jpg,train,95
painting_humanart_9000000002743.jpg,train,91
painting_humanart_9000000002746.jpg,train,107
painting_humanart_9000000002747.jpg,train,129
painting_humanart_9000000002755.jpg,train,174
painting_humanart_9000000002756.jpg,train,88
painting_humanart_9000000002757.jpg,train,145
painting_humanart_9000000002758.jpg,train,103
real_human_humanart_15000000000000.jpg,train,115
real_human_humanart_15000000000002.jpg,train,145
real_human_humanart_15000000000004.jpg,train,111
real_human_humanart_15000000000006.jpg,train,134
real_human_humanart_15000000000010.jpg,train,120
real_human_humanart_15000000000011.jpg,train,125
real_human_humanart_15000000000012.jpg,train,128
real_human_humanart_15000000000013.jpg,train,90
real_human_humanart_15000000000014.jpg,train,103
real_human_humanart_15000000000016.jpg,train,119
real_human_humanart_15000000000017.jpg,train,120
real_human_humanart_15000000000018.jpg,train,110
real_human_humanart_15000000000020.jpg,train,107
real_human_humanart_15000000000022.jpg,train,86
real_human_humanart_15000000000023.jpg,train,124
real_human_humanart_15000000000024.jpg,train,94
real_human_humanart_15000000000025.jpg,train,115
real_human_humanart_15000000000026.jpg,train,124
real_human_humanart_15000000000027.jpg,train,101
real_human_humanart_15000000000028.jpg,train,157
real_human_humanart_15000000000030.jpg,train,79
real_human_humanart_15000000000034.jpg,train,99
real_human_humanart_15000000000035.jpg,train,103
real_human_humanart_15000000000036.jpg,train,115
real_human_humanart_15000000000037.jpg,train,130
real_human_humanart_15000000000041.jpg,train,111
real_human_humanart_15000000000042.jpg,train,92
real_human_humanart_15000000000044.jpg,train,100
real_human_humanart_15000000000045.jpg,train,141
real_human_humanart_15000000000046.jpg,train,116
real_human_humanart_15000000000047.jpg,train,102
real_human_humanart_15000000000050.jpg,train,86
real_human_humanart_15000000000051.jpg,train,111
real_human_humanart_15000000000052.jpg,train,115
real_human_humanart_15000000000053.jpg,train,95
real_human_humanart_15000000000055.jpg,train,127
real_human_humanart_15000000000059.jpg,train,130
real_human_humanart_15000000000060.jpg,train,86
real_human_humanart_15000000000061.jpg,train,100
real_human_humanart_15000000000062.jpg,train,100
real_human_humanart_15000000000063.jpg,train,123
real_human_humanart_15000000000071.jpg,train,124
real_human_humanart_15000000000072.jpg,train,160
real_human_humanart_15000000000073.jpg,train,143
real_human_humanart_15000000000074.jpg,train,149
real_human_humanart_15000000000076.jpg,train,88
real_human_humanart_15000000000077.jpg,train,82
real_human_humanart_15000000000081.jpg,train,117
real_human_humanart_15000000000083.jpg,train,108
real_human_humanart_15000000000084.jpg,train,109
real_human_humanart_15000000000085.jpg,train,134
real_human_humanart_15000000000088.jpg,train,99
real_human_humanart_15000000000090.jpg,train,99
real_human_humanart_15000000000091.jpg,train,178
real_human_humanart_15000000000092.jpg,train,113
real_human_humanart_15000000000093.jpg,train,90
real_human_humanart_15000000000094.jpg,train,118
real_human_humanart_15000000000095.jpg,train,110
real_human_humanart_15000000000096.jpg,train,64
real_human_humanart_15000000000097.jpg,train,96
real_human_humanart_15000000000098.jpg,train,132
real_human_humanart_15000000000099.jpg,train,89
real_human_humanart_15000000000100.jpg,train,112
real_human_humanart_15000000000102.jpg,train,126
real_human_humanart_15000000000104.jpg,train,150
real_human_humanart_15000000000105.jpg,train,109
real_human_humanart_15000000000107.jpg,train,100
real_human_humanart_15000000000109.jpg,train,73
real_human_humanart_15000000000112.jpg,train,118
real_human_humanart_15000000000114.jpg,train,108
real_human_humanart_15000000000115.jpg,train,120
real_human_humanart_15000000000118.jpg,train,118
real_human_humanart_15000000000119.jpg,train,115
real_human_humanart_15000000000121.jpg,train,114
real_human_humanart_15000000000123.jpg,train,99
real_human_humanart_15000000000124.jpg,train,81
real_human_humanart_15000000000125.jpg,train,90
real_human_humanart_15000000000126.jpg,train,126
real_human_humanart_15000000000127.jpg,train,106
real_human_humanart_15000000000128.jpg,train,142
real_human_humanart_15000000000129.jpg,train,119
real_human_humanart_15000000000132.jpg,train,83
real_human_humanart_15000000000133.jpg,train,132
real_human_humanart_15000000000135.jpg,train,119
real_human_humanart_15000000000136.jpg,train,117
real_human_humanart_15000000000137.jpg,train,100
real_human_humanart_15000000000139.jpg,train,132
real_human_humanart_15000000000140.jpg,train,74
real_human_humanart_15000000000141.jpg,train,153
real_human_humanart_15000000000143.jpg,train,127
real_human_humanart_15000000000144.jpg,train,119
real_human_humanart_15000000000146.jpg,train,151
real_human_humanart_15000000000148.jpg,train,112
real_human_humanart_15000000000149.jpg,train,59
real_human_humanart_15000000000150.jpg,train,122
real_human_humanart_15000000000152.jpg,train,135
real_human_humanart_15000000000154.jpg,train,132
real_human_humanart_15000000000155.jpg,train,107
real_human_humanart_15000000000157.jpg,train,137
real_human_humanart_15000000000158.jpg,train,113
real_human_humanart_15000000000159.jpg,train,113
real_human_humanart_15000000000160.jpg,train,118
real_human_humanart_15000000000163.jpg,train,117
real_human_humanart_15000000000166.jpg,train,114
real_human_humanart_15000000000167.jpg,train,92
real_human_humanart_15000000000169.jpg,train,124
real_human_humanart_15000000000170.jpg,train,122
real_human_humanart_15000000000172.jpg,train,99
real_human_humanart_15000000000173.jpg,train,141
real_human_humanart_15000000000174.jpg,train,119
real_human_humanart_15000000000175.jpg,train,112
real_human_humanart_15000000000178.jpg,train,126
real_human_humanart_15000000000179.jpg,train,136
real_human_humanart_15000000000180.jpg,train,135
real_human_humanart_15000000000186.jpg,train,138
real_human_humanart_15000000000187.jpg,train,66
real_human_humanart_15000000000188.jpg,train,116
real_human_humanart_15000000000192.jpg,train,127
real_human_humanart_15000000000193.jpg,train,196
real_human_humanart_15000000000194.jpg,train,137
real_human_humanart_15000000000195.jpg,train,137
real_human_humanart_15000000000196.jpg,train,124
real_human_humanart_15000000000197.jpg,train,95
real_human_humanart_15000000000205.jpg,train,141
real_human_humanart_15000000000206.jpg,train,166
real_human_humanart_15000000000207.jpg,train,138
real_human_humanart_15000000000209.jpg,train,116
real_human_humanart_15000000000212.jpg,train,154
real_human_humanart_15000000000213.jpg,train,129
real_human_humanart_15000000000214.jpg,train,114
real_human_humanart_15000000000216.jpg,train,114
real_human_humanart_15000000000217.jpg,train,128
real_human_humanart_15000000000218.jpg,train,139
real_human_humanart_15000000000219.jpg,train,103
real_human_humanart_15000000000221.jpg,train,110
real_human_humanart_15000000000223.jpg,train,144
real_human_humanart_15000000000225.jpg,train,121
real_human_humanart_15000000000226.jpg,train,87
real_human_humanart_15000000000227.jpg,train,106
real_human_humanart_15000000000228.jpg,train,103
real_human_humanart_15000000000229.jpg,train,128
real_human_humanart_15000000000231.jpg,train,119
real_human_humanart_15000000000232.jpg,train,126
real_human_humanart_15000000000233.jpg,train,103
real_human_humanart_15000000000235.jpg,train,177
real_human_humanart_15000000000237.jpg,train,113
real_human_humanart_15000000000238.jpg,train,125
real_human_humanart_15000000000241.jpg,train,106
real_human_humanart_15000000000242.jpg,train,139
real_human_humanart_15000000000243.jpg,train,92
real_human_humanart_15000000000245.jpg,train,150
real_human_humanart_15000000000246.jpg,train,121
real_human_humanart_15000000000248.jpg,train,120
real_human_humanart_15000000000253.jpg,train,109
real_human_humanart_15000000000254.jpg,train,120
real_human_humanart_15000000000255.jpg,train,160
real_human_humanart_15000000000256.jpg,train,149
real_human_humanart_15000000000257.jpg,train,113
real_human_humanart_15000000000258.jpg,train,122
real_human_humanart_15000000000259.jpg,train,118
real_human_humanart_15000000000261.jpg,train,127
real_human_humanart_15000000000262.jpg,train,116
real_human_humanart_15000000000263.jpg,train,100
real_human_humanart_15000000000265.jpg,train,130
real_human_humanart_15000000000266.jpg,train,137
real_human_humanart_15000000000267.jpg,train,113
real_human_humanart_15000000000268.jpg,train,104
real_human_humanart_15000000000269.jpg,train,68
real_human_humanart_15000000000271.jpg,train,137
real_human_humanart_15000000000273.jpg,train,123
real_human_humanart_15000000000277.jpg,train,123
real_human_humanart_15000000000278.jpg,train,138
real_human_humanart_15000000000279.jpg,train,137
real_human_humanart_15000000000280.jpg,train,97
real_human_humanart_15000000000281.jpg,train,96
real_human_humanart_15000000000283.jpg,train,131
real_human_humanart_15000000000286.jpg,train,120
real_human_humanart_15000000000287.jpg,train,162
real_human_humanart_15000000000288.jpg,train,125
real_human_humanart_15000000000289.jpg,train,103
real_human_humanart_15000000000290.jpg,train,119
real_human_humanart_15000000000291.jpg,train,126
real_human_humanart_15000000000292.jpg,train,107
real_human_humanart_15000000000293.jpg,train,117
real_human_humanart_15000000000295.jpg,train,123
real_human_humanart_15000000000296.jpg,train,55
real_human_humanart_15000000000297.jpg,train,107
real_human_humanart_15000000000298.jpg,train,110
real_human_humanart_15000000000302.jpg,train,145
real_human_humanart_15000000000303.jpg,train,146
real_human_humanart_15000000000304.jpg,train,116
real_human_humanart_15000000000305.jpg,train,84
real_human_humanart_15000000000307.jpg,train,149
real_human_humanart_15000000000308.jpg,train,105
real_human_humanart_15000000000309.jpg,train,111
real_human_humanart_15000000000312.jpg,train,84
real_human_humanart_15000000000313.jpg,train,126
real_human_humanart_15000000000314.jpg,train,88
real_human_humanart_15000000000315.jpg,train,171
real_human_humanart_15000000000317.jpg,train,121
real_human_humanart_15000000000318.jpg,train,94
real_human_humanart_15000000000319.jpg,train,121
real_human_humanart_15000000000320.jpg,train,94
real_human_humanart_15000000000321.jpg,train,149
real_human_humanart_15000000000324.jpg,train,107
real_human_humanart_15000000000325.jpg,train,80
real_human_humanart_15000000000326.jpg,train,112
real_human_humanart_15000000000330.jpg,train,114
real_human_humanart_15000000000331.jpg,train,137
real_human_humanart_15000000000332.jpg,train,109
real_human_humanart_15000000000333.jpg,train,73
real_human_humanart_15000000000334.jpg,train,94
real_human_humanart_15000000000335.jpg,train,118
real_human_humanart_15000000000338.jpg,train,132
real_human_humanart_15000000000339.jpg,train,150
real_human_humanart_15000000000340.jpg,train,131
real_human_humanart_15000000000341.jpg,train,143
real_human_humanart_15000000000342.jpg,train,127
real_human_humanart_15000000000343.jpg,train,120
real_human_humanart_15000000000345.jpg,train,110
real_human_humanart_15000000000346.jpg,train,58
real_human_humanart_15000000000347.jpg,train,161
real_human_humanart_15000000000348.jpg,train,138
real_human_humanart_15000000000349.jpg,train,82
real_human_humanart_15000000000350.jpg,train,124
real_human_humanart_15000000000351.jpg,train,138
real_human_humanart_15000000000352.jpg,train,136
real_human_humanart_15000000000354.jpg,train,118
real_human_humanart_15000000000355.jpg,train,104
real_human_humanart_15000000000357.jpg,train,108
real_human_humanart_15000000000358.jpg,train,102
real_human_humanart_15000000000360.jpg,train,88
real_human_humanart_15000000000361.jpg,train,92
real_human_humanart_15000000000363.jpg,train,127
real_human_humanart_15000000000364.jpg,train,127
real_human_humanart_15000000000366.jpg,train,112
real_human_humanart_15000000000367.jpg,train,107
real_human_humanart_15000000000368.jpg,train,73
real_human_humanart_15000000000370.jpg,train,171
real_human_humanart_15000000000372.jpg,train,108
real_human_humanart_15000000000373.jpg,train,93
real_human_humanart_15000000000375.jpg,train,105
real_human_humanart_15000000000379.jpg,train,140
real_human_humanart_15000000000380.jpg,train,99
real_human_humanart_15000000000381.jpg,train,146
real_human_humanart_15000000000382.jpg,train,106
real_human_humanart_15000000000383.jpg,train,135
real_human_humanart_15000000000388.jpg,train,120
real_human_humanart_15000000000389.jpg,train,147
real_human_humanart_15000000000390.jpg,train,131
real_human_humanart_15000000000391.jpg,train,81
real_human_humanart_15000000000392.jpg,train,108
real_human_humanart_15000000000393.jpg,train,150
real_human_humanart_15000000000395.jpg,train,110
real_human_humanart_15000000000397.jpg,train,118
real_human_humanart_15000000000398.jpg,train,108
real_human_humanart_15000000000400.jpg,train,86
real_human_humanart_15000000000401.jpg,train,112
real_human_humanart_15000000000402.jpg,train,133
real_human_humanart_15000000000403.jpg,train,83
real_human_humanart_15000000000404.jpg,train,92
real_human_humanart_15000000000405.jpg,train,84
real_human_humanart_15000000000410.jpg,train,138
real_human_humanart_15000000000411.jpg,train,129
real_human_humanart_15000000000415.jpg,train,121
real_human_humanart_15000000000420.jpg,train,114
real_human_humanart_15000000000421.jpg,train,150
real_human_humanart_15000000000424.jpg,train,125
real_human_humanart_15000000000425.jpg,train,138
real_human_humanart_15000000000426.jpg,train,126
real_human_humanart_15000000000427.jpg,train,120
real_human_humanart_15000000000430.jpg,train,113
real_human_humanart_15000000000431.jpg,train,100
real_human_humanart_15000000000432.jpg,train,95
real_human_humanart_15000000000434.jpg,train,137
real_human_humanart_15000000000435.jpg,train,144
real_human_humanart_15000000000436.jpg,train,100
real_human_humanart_15000000000438.jpg,train,113
real_human_humanart_15000000000439.jpg,train,99
real_human_humanart_15000000000440.jpg,train,112
real_human_humanart_15000000000441.jpg,train,106
real_human_humanart_15000000000443.jpg,train,102
real_human_humanart_15000000000444.jpg,train,106
real_human_humanart_15000000000445.jpg,train,77
real_human_humanart_15000000000447.jpg,train,78
real_human_humanart_15000000000448.jpg,train,113
real_human_humanart_15000000000449.jpg,train,110
real_human_humanart_15000000000451.jpg,train,128
real_human_humanart_15000000000452.jpg,train,108
real_human_humanart_15000000000454.jpg,train,82
real_human_humanart_15000000000455.jpg,train,51
real_human_humanart_15000000000456.jpg,train,137
real_human_humanart_15000000000458.jpg,train,123
real_human_humanart_15000000000459.jpg,train,111
real_human_humanart_15000000000460.jpg,train,95
real_human_humanart_15000000000461.jpg,train,105
real_human_humanart_15000000000464.jpg,train,96
real_human_humanart_15000000000465.jpg,train,121
real_human_humanart_15000000000466.jpg,train,120
real_human_humanart_15000000000468.jpg,train,120
real_human_humanart_15000000000470.jpg,train,77
real_human_humanart_15000000000473.jpg,train,124
real_human_humanart_15000000000474.jpg,train,124
real_human_humanart_15000000000475.jpg,train,129
real_human_humanart_15000000000478.jpg,train,123
real_human_humanart_15000000000480.jpg,train,144
real_human_humanart_15000000000481.jpg,train,166
real_human_humanart_15000000000482.jpg,train,130
real_human_humanart_15000000000484.jpg,train,105
real_human_humanart_15000000000485.jpg,train,125
real_human_humanart_15000000000489.jpg,train,123
real_human_humanart_15000000000490.jpg,train,131
real_human_humanart_15000000000492.jpg,train,132
real_human_humanart_15000000000493.jpg,train,96
real_human_humanart_15000000000495.jpg,train,40
real_human_humanart_15000000000500.jpg,train,113
real_human_humanart_15000000000502.jpg,train,134
real_human_humanart_15000000000503.jpg,train,138
real_human_humanart_15000000000504.jpg,train,120
real_human_humanart_15000000000506.jpg,train,153
real_human_humanart_15000000000507.jpg,train,81
real_human_humanart_15000000000508.jpg,train,80
real_human_humanart_15000000000509.jpg,train,113
real_human_humanart_15000000000513.jpg,train,101
real_human_humanart_15000000000514.jpg,train,138
real_human_humanart_15000000000515.jpg,train,107
real_human_humanart_15000000000522.jpg,train,119
real_human_humanart_15000000000523.jpg,train,129
real_human_humanart_15000000000524.jpg,train,98
real_human_humanart_15000000000525.jpg,train,132
real_human_humanart_15000000000527.jpg,train,137
real_human_humanart_15000000000528.jpg,train,142
real_human_humanart_15000000000530.jpg,train,58
real_human_humanart_15000000000533.jpg,train,156
real_human_humanart_15000000000534.jpg,train,144
real_human_humanart_15000000000535.jpg,train,113
real_human_humanart_15000000000536.jpg,train,73
real_human_humanart_15000000000537.jpg,train,93
real_human_humanart_15000000000538.jpg,train,124
real_human_humanart_15000000000539.jpg,train,105
real_human_humanart_15000000000540.jpg,train,130
real_human_humanart_15000000000543.jpg,train,126
real_human_humanart_15000000000545.jpg,train,153
real_human_humanart_15000000000546.jpg,train,113
real_human_humanart_15000000000548.jpg,train,129
real_human_humanart_15000000000549.jpg,train,123
real_human_humanart_15000000000551.jpg,train,138
real_human_humanart_15000000000552.jpg,train,136
real_human_humanart_15000000000553.jpg,train,157
real_human_humanart_15000000000554.jpg,train,118
real_human_humanart_15000000000555.jpg,train,109
real_human_humanart_15000000000557.jpg,train,120
real_human_humanart_15000000000558.jpg,train,118
real_human_humanart_15000000000560.jpg,train,117
real_human_humanart_15000000000561.jpg,train,113
real_human_humanart_15000000000562.jpg,train,107
real_human_humanart_15000000000566.jpg,train,93
real_human_humanart_15000000000567.jpg,train,134
real_human_humanart_15000000000568.jpg,train,116
real_human_humanart_15000000000569.jpg,train,147
real_human_humanart_15000000000570.jpg,train,101
real_human_humanart_15000000000571.jpg,train,110
real_human_humanart_15000000000572.jpg,train,125
real_human_humanart_15000000000573.jpg,train,91
real_human_humanart_15000000000576.jpg,train,88
real_human_humanart_15000000000578.jpg,train,87
real_human_humanart_15000000000579.jpg,train,137
real_human_humanart_15000000000580.jpg,train,122
real_human_humanart_15000000000582.jpg,train,124
real_human_humanart_15000000000584.jpg,train,107
real_human_humanart_15000000000585.jpg,train,124
real_human_humanart_15000000000586.jpg,train,65
real_human_humanart_15000000000587.jpg,train,142
real_human_humanart_15000000000588.jpg,train,130
real_human_humanart_15000000000589.jpg,train,63
real_human_humanart_15000000000590.jpg,train,112
real_human_humanart_15000000000591.jpg,train,114
real_human_humanart_15000000000592.jpg,train,145
real_human_humanart_15000000000593.jpg,train,85
real_human_humanart_15000000000594.jpg,train,137
real_human_humanart_15000000000596.jpg,train,114
real_human_humanart_15000000000597.jpg,train,101
real_human_humanart_15000000000598.jpg,train,137
real_human_humanart_15000000000600.jpg,train,127
real_human_humanart_15000000000601.jpg,train,74
real_human_humanart_15000000000602.jpg,train,169
real_human_humanart_15000000000604.jpg,train,106
real_human_humanart_15000000000606.jpg,train,84
real_human_humanart_15000000000608.jpg,train,101
real_human_humanart_15000000000609.jpg,train,100
real_human_humanart_15000000000610.jpg,train,111
real_human_humanart_15000000000611.jpg,train,132
real_human_humanart_15000000000612.jpg,train,149
real_human_humanart_15000000000614.jpg,train,137
real_human_humanart_15000000000615.jpg,train,164
real_human_humanart_15000000000617.jpg,train,125
real_human_humanart_15000000000618.jpg,train,173
real_human_humanart_15000000000619.jpg,train,142
real_human_humanart_15000000000620.jpg,train,108
real_human_humanart_15000000000621.jpg,train,123
real_human_humanart_15000000000622.jpg,train,120
real_human_humanart_15000000000623.jpg,train,114
real_human_humanart_15000000000624.jpg,train,100
real_human_humanart_15000000000625.jpg,train,114
real_human_humanart_15000000000626.jpg,train,60
real_human_humanart_15000000000627.jpg,train,147
real_human_humanart_15000000000630.jpg,train,143
real_human_humanart_15000000000632.jpg,train,124
real_human_humanart_15000000000633.jpg,train,113
real_human_humanart_15000000000634.jpg,train,137
real_human_humanart_15000000000635.jpg,train,64
real_human_humanart_15000000000636.jpg,train,74
real_human_humanart_15000000000640.jpg,train,97
real_human_humanart_15000000000643.jpg,train,113
real_human_humanart_15000000000644.jpg,train,133
real_human_humanart_15000000000645.jpg,train,115
real_human_humanart_15000000000646.jpg,train,128
real_human_humanart_15000000000647.jpg,train,96
real_human_humanart_15000000000648.jpg,train,129
real_human_humanart_15000000000649.jpg,train,116
real_human_humanart_15000000000650.jpg,train,126
real_human_humanart_15000000000651.jpg,train,109
real_human_humanart_15000000000652.jpg,train,126
real_human_humanart_15000000000653.jpg,train,124
real_human_humanart_15000000000655.jpg,train,117
real_human_humanart_15000000000656.jpg,train,151
real_human_humanart_15000000000657.jpg,train,145
real_human_humanart_15000000000659.jpg,train,94
real_human_humanart_15000000000661.jpg,train,102
real_human_humanart_15000000000662.jpg,train,73
real_human_humanart_15000000000663.jpg,train,109
real_human_humanart_15000000000664.jpg,train,129
real_human_humanart_15000000000665.jpg,train,138
real_human_humanart_15000000000666.jpg,train,148
real_human_humanart_15000000000667.jpg,train,116
real_human_humanart_15000000000670.jpg,train,161
real_human_humanart_15000000000672.jpg,train,160
real_human_humanart_15000000000673.jpg,train,130
real_human_humanart_15000000000675.jpg,train,128
real_human_humanart_15000000000676.jpg,train,114
real_human_humanart_15000000000677.jpg,train,107
real_human_humanart_15000000000678.jpg,train,91
real_human_humanart_15000000000681.jpg,train,117
real_human_humanart_15000000000682.jpg,train,131
real_human_humanart_15000000000684.jpg,train,92
real_human_humanart_15000000000686.jpg,train,116
real_human_humanart_15000000000687.jpg,train,119
real_human_humanart_15000000000688.jpg,train,107
real_human_humanart_15000000000689.jpg,train,99
real_human_humanart_15000000000690.jpg,train,107
real_human_humanart_15000000000691.jpg,train,100
real_human_humanart_15000000000692.jpg,train,139
real_human_humanart_15000000000695.jpg,train,131
real_human_humanart_15000000000696.jpg,train,125
real_human_humanart_15000000000697.jpg,train,64
real_human_humanart_15000000000698.jpg,train,178
real_human_humanart_15000000000699.jpg,train,120
real_human_humanart_15000000000702.jpg,train,123
real_human_humanart_15000000000705.jpg,train,135
real_human_humanart_15000000000707.jpg,train,115
real_human_humanart_15000000000708.jpg,train,112
real_human_humanart_15000000000709.jpg,train,118
real_human_humanart_15000000000710.jpg,train,50
real_human_humanart_15000000000712.jpg,train,97
real_human_humanart_15000000000714.jpg,train,87
real_human_humanart_15000000000715.jpg,train,61
real_human_humanart_15000000000716.jpg,train,109
real_human_humanart_15000000000717.jpg,train,49
real_human_humanart_15000000000720.jpg,train,134
real_human_humanart_15000000000721.jpg,train,114
real_human_humanart_15000000000724.jpg,train,108
real_human_humanart_15000000000725.jpg,train,140
real_human_humanart_15000000000726.jpg,train,153
real_human_humanart_15000000000728.jpg,train,102
real_human_humanart_15000000000730.jpg,train,143
real_human_humanart_15000000000731.jpg,train,157
real_human_humanart_15000000000733.jpg,train,124
real_human_humanart_15000000000736.jpg,train,129
real_human_humanart_15000000000737.jpg,train,118
real_human_humanart_15000000000738.jpg,train,87
real_human_humanart_15000000000743.jpg,train,112
real_human_humanart_15000000000744.jpg,train,131
real_human_humanart_15000000000746.jpg,train,103
real_human_humanart_15000000000751.jpg,train,86
real_human_humanart_15000000000752.jpg,train,116
real_human_humanart_15000000000753.jpg,train,97
real_human_humanart_15000000000754.jpg,train,124
real_human_humanart_15000000000755.jpg,train,106
real_human_humanart_15000000000756.jpg,train,151
real_human_humanart_15000000000758.jpg,train,111
real_human_humanart_15000000000759.jpg,train,99
real_human_humanart_15000000000761.jpg,train,157
real_human_humanart_15000000000762.jpg,train,138
real_human_humanart_15000000000763.jpg,train,130
real_human_humanart_15000000000764.jpg,train,122
real_human_humanart_15000000000765.jpg,train,115
real_human_humanart_15000000000766.jpg,train,100
real_human_humanart_15000000000768.jpg,train,152
real_human_humanart_15000000000769.jpg,train,98
real_human_humanart_15000000000770.jpg,train,107
real_human_humanart_15000000000772.jpg,train,89
real_human_humanart_15000000000775.jpg,train,133
real_human_humanart_15000000000776.jpg,train,144
real_human_humanart_15000000000777.jpg,train,140
real_human_humanart_15000000000780.jpg,train,99
real_human_humanart_15000000000781.jpg,train,151
real_human_humanart_15000000000784.jpg,train,157
real_human_humanart_15000000000785.jpg,train,99
real_human_humanart_15000000000786.jpg,train,196
real_human_humanart_15000000000787.jpg,train,130
real_human_humanart_15000000000789.jpg,train,185
real_human_humanart_15000000000790.jpg,train,111
real_human_humanart_15000000000793.jpg,train,149
real_human_humanart_15000000000794.jpg,train,123
real_human_humanart_15000000000797.jpg,train,124
real_human_humanart_15000000000798.jpg,train,157
real_human_humanart_15000000000800.jpg,train,118
real_human_humanart_15000000000801.jpg,train,125
real_human_humanart_15000000000802.jpg,train,95
real_human_humanart_15000000000803.jpg,train,128
real_human_humanart_15000000000805.jpg,train,126
real_human_humanart_15000000000806.jpg,train,140
real_human_humanart_15000000000807.jpg,train,83
real_human_humanart_15000000000809.jpg,train,98
real_human_humanart_15000000000814.jpg,train,110
real_human_humanart_15000000000816.jpg,train,95
real_human_humanart_15000000000818.jpg,train,85
real_human_humanart_15000000000819.jpg,train,147
real_human_humanart_15000000000820.jpg,train,104
real_human_humanart_15000000000821.jpg,train,94
real_human_humanart_15000000000822.jpg,train,133
real_human_humanart_15000000000824.jpg,train,113
real_human_humanart_15000000000825.jpg,train,54
real_human_humanart_15000000000828.jpg,train,135
real_human_humanart_15000000000829.jpg,train,122
real_human_humanart_15000000000830.jpg,train,129
real_human_humanart_15000000000832.jpg,train,92
real_human_humanart_15000000000833.jpg,train,126
real_human_humanart_15000000000834.jpg,train,107
real_human_humanart_15000000000837.jpg,train,121
real_human_humanart_15000000000838.jpg,train,153
real_human_humanart_15000000000839.jpg,train,135
real_human_humanart_15000000000840.jpg,train,148
real_human_humanart_15000000000841.jpg,train,138
real_human_humanart_15000000000844.jpg,train,118
real_human_humanart_15000000000846.jpg,train,131
real_human_humanart_15000000000847.jpg,train,118
real_human_humanart_15000000000848.jpg,train,113
real_human_humanart_15000000000849.jpg,train,151
real_human_humanart_15000000000850.jpg,train,138
real_human_humanart_15000000000851.jpg,train,136
real_human_humanart_15000000000852.jpg,train,166
real_human_humanart_15000000000853.jpg,train,123
real_human_humanart_15000000000857.jpg,train,143
real_human_humanart_15000000000858.jpg,train,151
real_human_humanart_15000000000861.jpg,train,90
real_human_humanart_15000000000864.jpg,train,98
real_human_humanart_15000000000865.jpg,train,137
real_human_humanart_15000000000866.jpg,train,136
real_human_humanart_15000000000868.jpg,train,128
real_human_humanart_15000000000869.jpg,train,112
real_human_humanart_15000000000871.jpg,train,168
real_human_humanart_15000000000872.jpg,train,99
real_human_humanart_15000000000875.jpg,train,112
real_human_humanart_15000000000877.jpg,train,115
real_human_humanart_15000000000878.jpg,train,123
real_human_humanart_15000000000880.jpg,train,96
real_human_humanart_15000000000881.jpg,train,106
real_human_humanart_15000000000882.jpg,train,109
real_human_humanart_15000000000887.jpg,train,82
real_human_humanart_15000000000888.jpg,train,116
real_human_humanart_15000000000889.jpg,train,109
real_human_humanart_15000000000890.jpg,train,113
real_human_humanart_15000000000891.jpg,train,122
real_human_humanart_15000000000893.jpg,train,98
real_human_humanart_15000000000894.jpg,train,94
real_human_humanart_15000000000895.jpg,train,99
real_human_humanart_15000000000900.jpg,train,44
real_human_humanart_15000000000901.jpg,train,127
real_human_humanart_15000000000902.jpg,train,95
real_human_humanart_15000000000903.jpg,train,117
real_human_humanart_15000000000904.jpg,train,121
real_human_humanart_15000000000905.jpg,train,113
real_human_humanart_15000000000906.jpg,train,79
real_human_humanart_15000000000907.jpg,train,146
real_human_humanart_15000000000909.jpg,train,67
real_human_humanart_15000000000910.jpg,train,101
real_human_humanart_15000000000911.jpg,train,128
real_human_humanart_15000000000912.jpg,train,96
real_human_humanart_15000000000914.jpg,train,114
real_human_humanart_15000000000915.jpg,train,138
real_human_humanart_15000000000916.jpg,train,91
real_human_humanart_15000000000918.jpg,train,50
real_human_humanart_15000000000919.jpg,train,212
real_human_humanart_15000000000920.jpg,train,100
real_human_humanart_15000000000923.jpg,train,149
real_human_humanart_15000000000924.jpg,train,107
real_human_humanart_15000000000926.jpg,train,90
real_human_humanart_15000000000927.jpg,train,121
real_human_humanart_15000000000928.jpg,train,88
real_human_humanart_15000000000932.jpg,train,127
real_human_humanart_15000000000933.jpg,train,87
real_human_humanart_15000000000934.jpg,train,115
real_human_humanart_15000000000935.jpg,train,147
real_human_humanart_15000000000936.jpg,train,137
real_human_humanart_15000000000937.jpg,train,134
real_human_humanart_15000000000938.jpg,train,130
real_human_humanart_15000000000939.jpg,train,63
real_human_humanart_15000000000940.jpg,train,106
real_human_humanart_15000000000941.jpg,train,93
real_human_humanart_15000000000944.jpg,train,117
real_human_humanart_15000000000945.jpg,train,170
real_human_humanart_15000000000946.jpg,train,140
real_human_humanart_15000000000948.jpg,train,136
real_human_humanart_15000000000949.jpg,train,101
real_human_humanart_15000000000952.jpg,train,156
real_human_humanart_15000000000954.jpg,train,120
real_human_humanart_15000000000955.jpg,train,144
real_human_humanart_15000000000956.jpg,train,124
real_human_humanart_15000000000959.jpg,train,85
real_human_humanart_15000000000962.jpg,train,136
real_human_humanart_15000000000963.jpg,train,106
real_human_humanart_15000000000964.jpg,train,119
real_human_humanart_15000000000965.jpg,train,181
real_human_humanart_15000000000966.jpg,train,100
real_human_humanart_15000000000968.jpg,train,47
real_human_humanart_15000000000969.jpg,train,92
real_human_humanart_15000000000970.jpg,train,105
real_human_humanart_15000000000971.jpg,train,60
real_human_humanart_15000000000972.jpg,train,113
real_human_humanart_15000000000974.jpg,train,134
real_human_humanart_15000000000976.jpg,train,165
real_human_humanart_15000000000977.jpg,train,133
real_human_humanart_15000000000978.jpg,train,134
real_human_humanart_15000000000979.jpg,train,136
real_human_humanart_15000000000980.jpg,train,121
real_human_humanart_15000000000981.jpg,train,96
real_human_humanart_15000000000982.jpg,train,114
real_human_humanart_15000000000983.jpg,train,120
real_human_humanart_15000000000987.jpg,train,48
real_human_humanart_15000000000989.jpg,train,65
real_human_humanart_15000000000991.jpg,train,129
real_human_humanart_15000000000992.jpg,train,108
real_human_humanart_15000000000994.jpg,train,116
real_human_humanart_15000000000996.jpg,train,104
real_human_humanart_15000000000998.jpg,train,112
real_human_humanart_15000000000999.jpg,train,107
real_human_humanart_15000000001001.jpg,train,140
real_human_humanart_15000000001002.jpg,train,108
real_human_humanart_15000000001003.jpg,train,70
real_human_humanart_15000000001004.jpg,train,111
real_human_humanart_15000000001005.jpg,train,114
real_human_humanart_15000000001008.jpg,train,172
real_human_humanart_15000000001013.jpg,train,117
real_human_humanart_15000000001015.jpg,train,113
real_human_humanart_15000000001016.jpg,train,121
real_human_humanart_15000000001018.jpg,train,110
real_human_humanart_15000000001019.jpg,train,96
real_human_humanart_15000000001020.jpg,train,75
real_human_humanart_15000000001021.jpg,train,118
real_human_humanart_15000000001022.jpg,train,108
real_human_humanart_15000000001024.jpg,train,93
real_human_humanart_15000000001025.jpg,train,90
real_human_humanart_15000000001026.jpg,train,94
real_human_humanart_15000000001027.jpg,train,90
real_human_humanart_15000000001029.jpg,train,57
real_human_humanart_15000000001030.jpg,train,127
real_human_humanart_15000000001031.jpg,train,92
real_human_humanart_15000000001032.jpg,train,114
real_human_humanart_15000000001034.jpg,train,125
real_human_humanart_15000000001035.jpg,train,141
real_human_humanart_15000000001037.jpg,train,110
real_human_humanart_15000000001038.jpg,train,119
real_human_humanart_15000000001039.jpg,train,129
real_human_humanart_15000000001040.jpg,train,92
real_human_humanart_15000000001041.jpg,train,84
real_human_humanart_15000000001042.jpg,train,92
real_human_humanart_15000000001043.jpg,train,108
real_human_humanart_15000000001046.jpg,train,53
real_human_humanart_15000000001048.jpg,train,150
real_human_humanart_15000000001049.jpg,train,128
real_human_humanart_15000000001052.jpg,train,115
real_human_humanart_15000000001054.jpg,train,159
real_human_humanart_15000000001055.jpg,train,120
real_human_humanart_15000000001056.jpg,train,93
real_human_humanart_15000000001057.jpg,train,109
real_human_humanart_15000000001058.jpg,train,165
real_human_humanart_15000000001059.jpg,train,117
real_human_humanart_15000000001060.jpg,train,105
real_human_humanart_15000000001061.jpg,train,140
real_human_humanart_15000000001062.jpg,train,93
real_human_humanart_15000000001064.jpg,train,121
real_human_humanart_15000000001068.jpg,train,149
real_human_humanart_15000000001069.jpg,train,114
real_human_humanart_15000000001070.jpg,train,125
real_human_humanart_15000000001071.jpg,train,65
real_human_humanart_15000000001073.jpg,train,83
real_human_humanart_15000000001074.jpg,train,126
real_human_humanart_15000000001075.jpg,train,141
real_human_humanart_15000000001076.jpg,train,112
real_human_humanart_15000000001077.jpg,train,103
real_human_humanart_15000000001078.jpg,train,144
real_human_humanart_15000000001079.jpg,train,61
real_human_humanart_15000000001080.jpg,train,114
real_human_humanart_15000000001083.jpg,train,133
real_human_humanart_15000000001084.jpg,train,113
real_human_humanart_15000000001085.jpg,train,129
real_human_humanart_15000000001090.jpg,train,124
real_human_humanart_15000000001091.jpg,train,117
real_human_humanart_15000000001092.jpg,train,112
real_human_humanart_15000000001093.jpg,train,113
real_human_humanart_15000000001094.jpg,train,126
real_human_humanart_15000000001095.jpg,train,85
real_human_humanart_15000000001096.jpg,train,131
real_human_humanart_15000000001097.jpg,train,135
real_human_humanart_15000000001102.jpg,train,124
real_human_humanart_15000000001103.jpg,train,117
real_human_humanart_15000000001104.jpg,train,116
real_human_humanart_15000000001105.jpg,train,118
real_human_humanart_15000000001107.jpg,train,102
real_human_humanart_15000000001110.jpg,train,131
real_human_humanart_15000000001111.jpg,train,151
real_human_humanart_15000000001112.jpg,train,105
real_human_humanart_15000000001113.jpg,train,105
real_human_humanart_15000000001114.jpg,train,108
real_human_humanart_15000000001115.jpg,train,87
real_human_humanart_15000000001116.jpg,train,103
real_human_humanart_15000000001117.jpg,train,130
real_human_humanart_15000000001118.jpg,train,146
real_human_humanart_15000000001119.jpg,train,166
real_human_humanart_15000000001121.jpg,train,106
real_human_humanart_15000000001123.jpg,train,126
real_human_humanart_15000000001124.jpg,train,147
real_human_humanart_15000000001125.jpg,train,121
real_human_humanart_15000000001126.jpg,train,118
real_human_humanart_15000000001127.jpg,train,143
real_human_humanart_15000000001129.jpg,train,104
real_human_humanart_15000000001130.jpg,train,65
real_human_humanart_15000000001131.jpg,train,118
real_human_humanart_15000000001132.jpg,train,132
real_human_humanart_15000000001133.jpg,train,57
real_human_humanart_15000000001134.jpg,train,68
real_human_humanart_15000000001137.jpg,train,99
real_human_humanart_15000000001138.jpg,train,75
real_human_humanart_15000000001139.jpg,train,138
real_human_humanart_15000000001143.jpg,train,108
real_human_humanart_15000000001144.jpg,train,99
real_human_humanart_15000000001145.jpg,train,106
real_human_humanart_15000000001146.jpg,train,111
real_human_humanart_15000000001147.jpg,train,118
real_human_humanart_15000000001148.jpg,train,116
real_human_humanart_15000000001151.jpg,train,108
real_human_humanart_15000000001153.jpg,train,136
real_human_humanart_15000000001155.jpg,train,84
real_human_humanart_15000000001156.jpg,train,107
real_human_humanart_15000000001157.jpg,train,111
real_human_humanart_15000000001158.jpg,train,132
real_human_humanart_15000000001160.jpg,train,102
real_human_humanart_15000000001161.jpg,train,83
real_human_humanart_15000000001163.jpg,train,114
real_human_humanart_15000000001164.jpg,train,107
real_human_humanart_15000000001165.jpg,train,137
real_human_humanart_15000000001167.jpg,train,148
real_human_humanart_15000000001168.jpg,train,121
real_human_humanart_15000000001169.jpg,train,119
real_human_humanart_15000000001174.jpg,train,168
real_human_humanart_15000000001175.jpg,train,148
real_human_humanart_15000000001176.jpg,train,86
real_human_humanart_15000000001177.jpg,train,115
real_human_humanart_15000000001178.jpg,train,107
real_human_humanart_15000000001180.jpg,train,109
real_human_humanart_15000000001181.jpg,train,99
real_human_humanart_15000000001183.jpg,train,127
real_human_humanart_15000000001184.jpg,train,101
real_human_humanart_15000000001185.jpg,train,122
real_human_humanart_15000000001186.jpg,train,109
real_human_humanart_15000000001187.jpg,train,123
real_human_humanart_15000000001188.jpg,train,123
real_human_humanart_15000000001189.jpg,train,93
real_human_humanart_15000000001190.jpg,train,102
real_human_humanart_15000000001191.jpg,train,102
real_human_humanart_15000000001194.jpg,train,115
real_human_humanart_15000000001198.jpg,train,100
real_human_humanart_15000000001200.jpg,train,122
real_human_humanart_15000000001202.jpg,train,158
real_human_humanart_15000000001204.jpg,train,128
real_human_humanart_15000000001208.jpg,train,130
real_human_humanart_15000000001209.jpg,train,86
real_human_humanart_15000000001210.jpg,train,109
real_human_humanart_15000000001212.jpg,train,138
real_human_humanart_15000000001213.jpg,train,103
real_human_humanart_15000000001214.jpg,train,119
real_human_humanart_15000000001215.jpg,train,134
real_human_humanart_15000000001216.jpg,train,136
real_human_humanart_15000000001217.jpg,train,134
real_human_humanart_15000000001218.jpg,train,93
real_human_humanart_15000000001219.jpg,train,142
real_human_humanart_15000000001222.jpg,train,133
real_human_humanart_15000000001225.jpg,train,99
real_human_humanart_15000000001226.jpg,train,37
real_human_humanart_15000000001227.jpg,train,140
real_human_humanart_15000000001228.jpg,train,113
real_human_humanart_15000000001230.jpg,train,98
real_human_humanart_15000000001231.jpg,train,105
real_human_humanart_15000000001232.jpg,train,121
real_human_humanart_15000000001233.jpg,train,129
real_human_humanart_15000000001234.jpg,train,73
real_human_humanart_15000000001235.jpg,train,68
real_human_humanart_15000000001236.jpg,train,91
real_human_humanart_15000000001237.jpg,train,85
real_human_humanart_15000000001238.jpg,train,160
real_human_humanart_15000000001239.jpg,train,149
real_human_humanart_15000000001242.jpg,train,132
real_human_humanart_15000000001245.jpg,train,133
real_human_humanart_15000000001246.jpg,train,121
real_human_humanart_15000000001247.jpg,train,126
real_human_humanart_15000000001249.jpg,train,97
real_human_humanart_15000000001251.jpg,train,142
real_human_humanart_15000000001252.jpg,train,118
real_human_humanart_15000000001253.jpg,train,122
real_human_humanart_15000000001254.jpg,train,120
real_human_humanart_15000000001255.jpg,train,137
real_human_humanart_15000000001256.jpg,train,54
real_human_humanart_15000000001257.jpg,train,93
real_human_humanart_15000000001258.jpg,train,158
real_human_humanart_15000000001259.jpg,train,182
real_human_humanart_15000000001263.jpg,train,165
real_human_humanart_15000000001264.jpg,train,105
real_human_humanart_15000000001265.jpg,train,128
real_human_humanart_15000000001267.jpg,train,79
real_human_humanart_15000000001268.jpg,train,103
real_human_humanart_15000000001269.jpg,train,102
real_human_humanart_15000000001270.jpg,train,125
real_human_humanart_15000000001271.jpg,train,133
real_human_humanart_15000000001272.jpg,train,133
real_human_humanart_15000000001273.jpg,train,153
real_human_humanart_15000000001274.jpg,train,85
real_human_humanart_15000000001275.jpg,train,112
real_human_humanart_15000000001277.jpg,train,148
real_human_humanart_15000000001278.jpg,train,136
real_human_humanart_15000000001280.jpg,train,133
real_human_humanart_15000000001283.jpg,train,113
real_human_humanart_15000000001284.jpg,train,167
real_human_humanart_15000000001285.jpg,train,122
real_human_humanart_15000000001286.jpg,train,92
real_human_humanart_15000000001290.jpg,train,107
real_human_humanart_15000000001292.jpg,train,76
real_human_humanart_15000000001293.jpg,train,133
real_human_humanart_15000000001295.jpg,train,174
real_human_humanart_15000000001297.jpg,train,157
real_human_humanart_15000000001298.jpg,train,116
real_human_humanart_15000000001300.jpg,train,39
real_human_humanart_15000000001302.jpg,train,109
real_human_humanart_15000000001303.jpg,train,129
real_human_humanart_15000000001304.jpg,train,94
real_human_humanart_15000000001306.jpg,train,150
real_human_humanart_15000000001308.jpg,train,114
real_human_humanart_15000000001310.jpg,train,120
real_human_humanart_15000000001311.jpg,train,60
real_human_humanart_15000000001312.jpg,train,117
real_human_humanart_15000000001313.jpg,train,115
real_human_humanart_15000000001314.jpg,train,140
real_human_humanart_15000000001316.jpg,train,98
real_human_humanart_15000000001317.jpg,train,111
real_human_humanart_15000000001318.jpg,train,141
real_human_humanart_15000000001319.jpg,train,130
real_human_humanart_15000000001320.jpg,train,139
real_human_humanart_15000000001321.jpg,train,112
real_human_humanart_15000000001323.jpg,train,84
real_human_humanart_15000000001326.jpg,train,136
real_human_humanart_15000000001327.jpg,train,120
real_human_humanart_15000000001328.jpg,train,99
real_human_humanart_15000000001329.jpg,train,110
real_human_humanart_15000000001330.jpg,train,114
real_human_humanart_15000000001331.jpg,train,103
real_human_humanart_15000000001333.jpg,train,88
real_human_humanart_15000000001335.jpg,train,134
real_human_humanart_15000000001336.jpg,train,99
real_human_humanart_15000000001338.jpg,train,142
real_human_humanart_15000000001340.jpg,train,110
real_human_humanart_15000000001341.jpg,train,117
real_human_humanart_15000000001343.jpg,train,146
real_human_humanart_15000000001344.jpg,train,110
real_human_humanart_15000000001345.jpg,train,60
real_human_humanart_15000000001346.jpg,train,120
real_human_humanart_15000000001347.jpg,train,151
real_human_humanart_15000000001348.jpg,train,172
real_human_humanart_15000000001351.jpg,train,94
real_human_humanart_15000000001352.jpg,train,93
real_human_humanart_15000000001353.jpg,train,122
real_human_humanart_15000000001355.jpg,train,107
real_human_humanart_15000000001357.jpg,train,119
real_human_humanart_15000000001358.jpg,train,120
real_human_humanart_15000000001359.jpg,train,136
real_human_humanart_15000000001360.jpg,train,127
real_human_humanart_15000000001361.jpg,train,102
real_human_humanart_15000000001363.jpg,train,87
real_human_humanart_15000000001364.jpg,train,133
real_human_humanart_15000000001366.jpg,train,125
real_human_humanart_15000000001369.jpg,train,122
real_human_humanart_15000000001371.jpg,train,113
real_human_humanart_15000000001372.jpg,train,129
real_human_humanart_15000000001373.jpg,train,131
real_human_humanart_15000000001374.jpg,train,131
real_human_humanart_15000000001375.jpg,train,124
real_human_humanart_15000000001376.jpg,train,127
real_human_humanart_15000000001377.jpg,train,122
real_human_humanart_15000000001378.jpg,train,102
real_human_humanart_15000000001379.jpg,train,151
real_human_humanart_15000000001382.jpg,train,127
real_human_humanart_15000000001385.jpg,train,157
real_human_humanart_15000000001386.jpg,train,88
real_human_humanart_15000000001387.jpg,train,104
real_human_humanart_15000000001394.jpg,train,102
real_human_humanart_15000000001395.jpg,train,106
real_human_humanart_15000000001396.jpg,train,113
real_human_humanart_15000000001398.jpg,train,128
real_human_humanart_15000000001399.jpg,train,135
real_human_humanart_15000000001401.jpg,train,161
real_human_humanart_15000000001402.jpg,train,140
real_human_humanart_15000000001403.jpg,train,114
real_human_humanart_15000000001404.jpg,train,145
real_human_humanart_15000000001405.jpg,train,103
real_human_humanart_15000000001406.jpg,train,114
real_human_humanart_15000000001407.jpg,train,106
real_human_humanart_15000000001408.jpg,train,133
real_human_humanart_15000000001411.jpg,train,130
real_human_humanart_15000000001414.jpg,train,95
real_human_humanart_15000000001415.jpg,train,90
real_human_humanart_15000000001416.jpg,train,123
real_human_humanart_15000000001417.jpg,train,151
real_human_humanart_15000000001418.jpg,train,103
real_human_humanart_15000000001419.jpg,train,102
real_human_humanart_15000000001421.jpg,train,119
real_human_humanart_15000000001422.jpg,train,73
real_human_humanart_15000000001423.jpg,train,137
real_human_humanart_15000000001424.jpg,train,145
real_human_humanart_15000000001425.jpg,train,89
real_human_humanart_15000000001426.jpg,train,121
real_human_humanart_15000000001429.jpg,train,99
real_human_humanart_15000000001430.jpg,train,124
real_human_humanart_15000000001431.jpg,train,127
real_human_humanart_15000000001432.jpg,train,89
real_human_humanart_15000000001434.jpg,train,129
real_human_humanart_15000000001435.jpg,train,113
real_human_humanart_15000000001437.jpg,train,133
real_human_humanart_15000000001438.jpg,train,107
real_human_humanart_15000000001441.jpg,train,144
real_human_humanart_15000000001442.jpg,train,115
real_human_humanart_15000000001444.jpg,train,73
real_human_humanart_15000000001445.jpg,train,119
real_human_humanart_15000000001446.jpg,train,112
real_human_humanart_15000000001448.jpg,train,153
real_human_humanart_15000000001449.jpg,train,159
real_human_humanart_15000000001450.jpg,train,119
real_human_humanart_15000000001451.jpg,train,84
real_human_humanart_15000000001452.jpg,train,139
real_human_humanart_15000000001456.jpg,train,106
real_human_humanart_15000000001457.jpg,train,107
real_human_humanart_15000000001458.jpg,train,112
real_human_humanart_15000000001459.jpg,train,66
real_human_humanart_15000000001460.jpg,train,152
real_human_humanart_15000000001463.jpg,train,121
real_human_humanart_15000000001464.jpg,train,106
real_human_humanart_15000000001467.jpg,train,147
real_human_humanart_15000000001468.jpg,train,104
real_human_humanart_15000000001469.jpg,train,114
real_human_humanart_15000000001470.jpg,train,110
real_human_humanart_15000000001471.jpg,train,128
real_human_humanart_15000000001472.jpg,train,111
real_human_humanart_15000000001473.jpg,train,117
real_human_humanart_15000000001474.jpg,train,102
real_human_humanart_15000000001475.jpg,train,118
real_human_humanart_15000000001476.jpg,train,91
real_human_humanart_15000000001479.jpg,train,138
real_human_humanart_15000000001481.jpg,train,96
real_human_humanart_15000000001482.jpg,train,137
real_human_humanart_15000000001484.jpg,train,108
real_human_humanart_15000000001485.jpg,train,57
real_human_humanart_15000000001486.jpg,train,117
real_human_humanart_15000000001487.jpg,train,115
real_human_humanart_15000000001488.jpg,train,126
real_human_humanart_15000000001489.jpg,train,88
real_human_humanart_15000000001490.jpg,train,106
real_human_humanart_15000000001492.jpg,train,137
real_human_humanart_15000000001493.jpg,train,110
real_human_humanart_15000000001494.jpg,train,95
real_human_humanart_15000000001495.jpg,train,102
real_human_humanart_15000000001496.jpg,train,70
real_human_humanart_15000000001497.jpg,train,108
real_human_humanart_15000000001498.jpg,train,79
real_human_humanart_15000000001500.jpg,train,56
real_human_humanart_15000000001502.jpg,train,105
real_human_humanart_15000000001503.jpg,train,100
real_human_humanart_15000000001505.jpg,train,141
real_human_humanart_15000000001506.jpg,train,105
real_human_humanart_15000000001509.jpg,train,129
real_human_humanart_15000000001510.jpg,train,118
real_human_humanart_15000000001511.jpg,train,115
real_human_humanart_15000000001512.jpg,train,121
real_human_humanart_15000000001513.jpg,train,129
real_human_humanart_15000000001514.jpg,train,72
real_human_humanart_15000000001517.jpg,train,74
real_human_humanart_15000000001519.jpg,train,73
real_human_humanart_15000000001520.jpg,train,173
real_human_humanart_15000000001521.jpg,train,141
real_human_humanart_15000000001522.jpg,train,106
real_human_humanart_15000000001523.jpg,train,101
real_human_humanart_15000000001524.jpg,train,110
real_human_humanart_15000000001526.jpg,train,116
real_human_humanart_15000000001527.jpg,train,134
real_human_humanart_15000000001528.jpg,train,97
real_human_humanart_15000000001529.jpg,train,75
real_human_humanart_15000000001530.jpg,train,59
real_human_humanart_15000000001531.jpg,train,151
real_human_humanart_15000000001532.jpg,train,131
real_human_humanart_15000000001533.jpg,train,138
real_human_humanart_15000000001534.jpg,train,128
real_human_humanart_15000000001535.jpg,train,117
real_human_humanart_15000000001536.jpg,train,131
real_human_humanart_15000000001537.jpg,train,114
real_human_humanart_15000000001538.jpg,train,99
real_human_humanart_15000000001540.jpg,train,118
real_human_humanart_15000000001541.jpg,train,163
real_human_humanart_15000000001543.jpg,train,119
real_human_humanart_15000000001545.jpg,train,117
real_human_humanart_15000000001546.jpg,train,112
real_human_humanart_15000000001547.jpg,train,99
real_human_humanart_15000000001548.jpg,train,96
real_human_humanart_15000000001552.jpg,train,116
real_human_humanart_15000000001553.jpg,train,115
real_human_humanart_15000000001554.jpg,train,57
real_human_humanart_15000000001555.jpg,train,115
real_human_humanart_15000000001556.jpg,train,126
real_human_humanart_15000000001558.jpg,train,77
real_human_humanart_15000000001559.jpg,train,137
real_human_humanart_15000000001562.jpg,train,124
real_human_humanart_15000000001565.jpg,train,184
real_human_humanart_15000000001567.jpg,train,101
real_human_humanart_15000000001568.jpg,train,101
real_human_humanart_15000000001569.jpg,train,100
real_human_humanart_15000000001570.jpg,train,107
real_human_humanart_15000000001577.jpg,train,108
real_human_humanart_15000000001579.jpg,train,145
real_human_humanart_15000000001580.jpg,train,137
real_human_humanart_15000000001581.jpg,train,95
real_human_humanart_15000000001582.jpg,train,65
real_human_humanart_15000000001583.jpg,train,38
real_human_humanart_15000000001585.jpg,train,96
real_human_humanart_15000000001586.jpg,train,123
real_human_humanart_15000000001587.jpg,train,100
real_human_humanart_15000000001588.jpg,train,121
real_human_humanart_15000000001589.jpg,train,51
real_human_humanart_15000000001590.jpg,train,127
real_human_humanart_15000000001591.jpg,train,113
real_human_humanart_15000000001592.jpg,train,94
real_human_humanart_15000000001593.jpg,train,140
real_human_humanart_15000000001596.jpg,train,123
real_human_humanart_15000000001597.jpg,train,112
real_human_humanart_15000000001598.jpg,train,121
real_human_humanart_15000000001599.jpg,train,148
real_human_humanart_15000000001600.jpg,train,107
real_human_humanart_15000000001602.jpg,train,136
real_human_humanart_15000000001603.jpg,train,100
real_human_humanart_15000000001604.jpg,train,107
real_human_humanart_15000000001605.jpg,train,143
real_human_humanart_15000000001606.jpg,train,117
real_human_humanart_15000000001607.jpg,train,66
real_human_humanart_15000000001608.jpg,train,91
real_human_humanart_15000000001609.jpg,train,135
real_human_humanart_15000000001610.jpg,train,105
real_human_humanart_15000000001611.jpg,train,112
real_human_humanart_15000000001612.jpg,train,149
real_human_humanart_15000000001613.jpg,train,167
real_human_humanart_15000000001614.jpg,train,93
real_human_humanart_15000000001617.jpg,train,115
real_human_humanart_15000000001620.jpg,train,136
real_human_humanart_15000000001622.jpg,train,127
real_human_humanart_15000000001625.jpg,train,114
real_human_humanart_15000000001626.jpg,train,123
real_human_humanart_15000000001628.jpg,train,133
real_human_humanart_15000000001630.jpg,train,136
real_human_humanart_15000000001632.jpg,train,97
real_human_humanart_15000000001633.jpg,train,146
real_human_humanart_15000000001635.jpg,train,113
real_human_humanart_15000000001638.jpg,train,117
real_human_humanart_15000000001639.jpg,train,106
real_human_humanart_15000000001640.jpg,train,96
real_human_humanart_15000000001641.jpg,train,112
real_human_humanart_15000000001642.jpg,train,134
real_human_humanart_15000000001644.jpg,train,115
real_human_humanart_15000000001645.jpg,train,120
real_human_humanart_15000000001646.jpg,train,132
real_human_humanart_15000000001647.jpg,train,98
real_human_humanart_15000000001648.jpg,train,138
real_human_humanart_15000000001649.jpg,train,127
real_human_humanart_15000000001650.jpg,train,147
real_human_humanart_15000000001651.jpg,train,130
real_human_humanart_15000000001652.jpg,train,123
real_human_humanart_15000000001654.jpg,train,100
real_human_humanart_15000000001655.jpg,train,127
real_human_humanart_15000000001656.jpg,train,134
real_human_humanart_15000000001657.jpg,train,87
real_human_humanart_15000000001659.jpg,train,107
real_human_humanart_15000000001660.jpg,train,128
real_human_humanart_15000000001661.jpg,train,91
real_human_humanart_15000000001662.jpg,train,130
real_human_humanart_15000000001663.jpg,train,142
real_human_humanart_15000000001664.jpg,train,117
real_human_humanart_15000000001666.jpg,train,109
real_human_humanart_15000000001667.jpg,train,126
real_human_humanart_15000000001668.jpg,train,128
real_human_humanart_15000000001669.jpg,train,85
real_human_humanart_15000000001671.jpg,train,129
real_human_humanart_15000000001672.jpg,train,125
real_human_humanart_15000000001673.jpg,train,105
real_human_humanart_15000000001676.jpg,train,96
real_human_humanart_15000000001678.jpg,train,111
real_human_humanart_15000000001681.jpg,train,73
real_human_humanart_15000000001683.jpg,train,65
real_human_humanart_15000000001684.jpg,train,159
real_human_humanart_15000000001685.jpg,train,103
real_human_humanart_15000000001686.jpg,train,119
real_human_humanart_15000000001689.jpg,train,101
real_human_humanart_15000000001691.jpg,train,107
real_human_humanart_15000000001692.jpg,train,121
real_human_humanart_15000000001694.jpg,train,152
real_human_humanart_15000000001695.jpg,train,111
real_human_humanart_15000000001696.jpg,train,112
real_human_humanart_15000000001697.jpg,train,144
real_human_humanart_15000000001698.jpg,train,88
real_human_humanart_15000000001699.jpg,train,132
real_human_humanart_15000000001701.jpg,train,146
real_human_humanart_15000000001702.jpg,train,91
real_human_humanart_15000000001703.jpg,train,103
real_human_humanart_15000000001704.jpg,train,90
real_human_humanart_15000000001707.jpg,train,79
real_human_humanart_15000000001708.jpg,train,152
real_human_humanart_15000000001711.jpg,train,104
real_human_humanart_15000000001713.jpg,train,139
real_human_humanart_15000000001715.jpg,train,81
real_human_humanart_15000000001716.jpg,train,133
real_human_humanart_15000000001717.jpg,train,125
real_human_humanart_15000000001718.jpg,train,155
real_human_humanart_15000000001722.jpg,train,112
real_human_humanart_15000000001723.jpg,train,100
real_human_humanart_15000000001725.jpg,train,98
real_human_humanart_15000000001726.jpg,train,148
real_human_humanart_15000000001727.jpg,train,122
real_human_humanart_15000000001729.jpg,train,129
real_human_humanart_15000000001730.jpg,train,115
real_human_humanart_15000000001731.jpg,train,129
real_human_humanart_15000000001732.jpg,train,158
real_human_humanart_15000000001733.jpg,train,134
real_human_humanart_15000000001735.jpg,train,102
real_human_humanart_15000000001736.jpg,train,127
real_human_humanart_15000000001737.jpg,train,114
real_human_humanart_15000000001738.jpg,train,163
real_human_humanart_15000000001739.jpg,train,75
real_human_humanart_15000000001740.jpg,train,127
real_human_humanart_15000000001741.jpg,train,94
real_human_humanart_15000000001743.jpg,train,70
real_human_humanart_15000000001744.jpg,train,102
real_human_humanart_15000000001746.jpg,train,110
real_human_humanart_15000000001747.jpg,train,117
real_human_humanart_15000000001748.jpg,train,139
real_human_humanart_15000000001749.jpg,train,90
real_human_humanart_15000000001752.jpg,train,141
real_human_humanart_15000000001755.jpg,train,120
real_human_humanart_15000000001756.jpg,train,126
real_human_humanart_15000000001757.jpg,train,120
real_human_humanart_15000000001758.jpg,train,117
real_human_humanart_15000000001760.jpg,train,92
real_human_humanart_15000000001761.jpg,train,91
real_human_humanart_15000000001762.jpg,train,114
real_human_humanart_15000000001764.jpg,train,125
real_human_humanart_15000000001765.jpg,train,114
real_human_humanart_15000000001767.jpg,train,128
real_human_humanart_15000000001769.jpg,train,116
real_human_humanart_15000000001770.jpg,train,132
real_human_humanart_15000000001771.jpg,train,83
real_human_humanart_15000000001772.jpg,train,115
real_human_humanart_15000000001773.jpg,train,122
real_human_humanart_15000000001774.jpg,train,109
real_human_humanart_15000000001775.jpg,train,132
real_human_humanart_15000000001776.jpg,train,173
real_human_humanart_15000000001780.jpg,train,99
real_human_humanart_15000000001781.jpg,train,111
real_human_humanart_15000000001782.jpg,train,135
real_human_humanart_15000000001784.jpg,train,93
real_human_humanart_15000000001785.jpg,train,130
real_human_humanart_15000000001786.jpg,train,97
real_human_humanart_15000000001787.jpg,train,99
real_human_humanart_15000000001788.jpg,train,88
real_human_humanart_15000000001790.jpg,train,130
real_human_humanart_15000000001791.jpg,train,83
real_human_humanart_15000000001792.jpg,train,73
real_human_humanart_15000000001793.jpg,train,114
real_human_humanart_15000000001794.jpg,train,121
real_human_humanart_15000000001795.jpg,train,117
real_human_humanart_15000000001796.jpg,train,116
real_human_humanart_15000000001797.jpg,train,102
real_human_humanart_15000000001799.jpg,train,115
real_human_humanart_15000000001800.jpg,train,128
real_human_humanart_15000000001801.jpg,train,124
real_human_humanart_15000000001803.jpg,train,132
real_human_humanart_15000000001804.jpg,train,124
real_human_humanart_15000000001805.jpg,train,149
real_human_humanart_15000000001807.jpg,train,164
real_human_humanart_15000000001809.jpg,train,140
real_human_humanart_15000000001810.jpg,train,138
real_human_humanart_15000000001811.jpg,train,155
real_human_humanart_15000000001813.jpg,train,129
real_human_humanart_15000000001814.jpg,train,116
real_human_humanart_15000000001817.jpg,train,147
real_human_humanart_15000000001818.jpg,train,109
real_human_humanart_15000000001820.jpg,train,145
real_human_humanart_15000000001821.jpg,train,140
real_human_humanart_15000000001823.jpg,train,178
real_human_humanart_15000000001824.jpg,train,68
real_human_humanart_15000000001826.jpg,train,106
real_human_humanart_15000000001829.jpg,train,129
real_human_humanart_15000000001831.jpg,train,151
real_human_humanart_15000000001832.jpg,train,107
real_human_humanart_15000000001833.jpg,train,200
real_human_humanart_15000000001834.jpg,train,131
real_human_humanart_15000000001835.jpg,train,117
real_human_humanart_15000000001837.jpg,train,167
real_human_humanart_15000000001838.jpg,train,140
real_human_humanart_15000000001839.jpg,train,137
real_human_humanart_15000000001841.jpg,train,185
real_human_humanart_15000000001842.jpg,train,54
real_human_humanart_15000000001846.jpg,train,93
real_human_humanart_15000000001848.jpg,train,85
real_human_humanart_15000000001850.jpg,train,147
real_human_humanart_15000000001851.jpg,train,135
real_human_humanart_15000000001852.jpg,train,130
real_human_humanart_15000000001855.jpg,train,150
real_human_humanart_15000000001856.jpg,train,224
real_human_humanart_15000000001858.jpg,train,141
real_human_humanart_15000000001861.jpg,train,131
real_human_humanart_15000000001864.jpg,train,133
real_human_humanart_15000000001866.jpg,train,133
real_human_humanart_15000000001867.jpg,train,108
real_human_humanart_15000000001868.jpg,train,155
real_human_humanart_15000000001869.jpg,train,155
real_human_humanart_15000000001871.jpg,train,132
real_human_humanart_15000000001872.jpg,train,119
real_human_humanart_15000000001873.jpg,train,149
real_human_humanart_15000000001874.jpg,train,155
real_human_humanart_15000000001875.jpg,train,132
real_human_humanart_15000000001877.jpg,train,197
real_human_humanart_15000000001879.jpg,train,114
real_human_humanart_15000000001880.jpg,train,218
real_human_humanart_15000000001881.jpg,train,144
real_human_humanart_15000000001883.jpg,train,88
real_human_humanart_15000000001884.jpg,train,153
real_human_humanart_15000000001886.jpg,train,206
real_human_humanart_15000000001889.jpg,train,189
real_human_humanart_15000000001891.jpg,train,144
real_human_humanart_15000000001892.jpg,train,107
real_human_humanart_15000000001897.jpg,train,132
real_human_humanart_15000000001898.jpg,train,134
real_human_humanart_15000000001900.jpg,train,161
real_human_humanart_15000000001902.jpg,train,160
real_human_humanart_15000000001907.jpg,train,145
real_human_humanart_15000000001909.jpg,train,118
real_human_humanart_15000000001910.jpg,train,136
real_human_humanart_15000000001913.jpg,train,125
real_human_humanart_15000000001914.jpg,train,128
real_human_humanart_15000000001917.jpg,train,157
real_human_humanart_15000000001919.jpg,train,146
real_human_humanart_15000000001921.jpg,train,129
real_human_humanart_15000000001922.jpg,train,192
real_human_humanart_15000000001923.jpg,train,99
real_human_humanart_15000000001924.jpg,train,67
real_human_humanart_15000000001931.jpg,train,130
real_human_humanart_15000000001932.jpg,train,128
real_human_humanart_15000000001935.jpg,train,129
real_human_humanart_15000000001936.jpg,train,115
real_human_humanart_15000000001937.jpg,train,160
real_human_humanart_15000000001939.jpg,train,149
real_human_humanart_15000000001944.jpg,train,122
real_human_humanart_15000000001945.jpg,train,89
real_human_humanart_15000000001946.jpg,train,191
real_human_humanart_15000000001947.jpg,train,137
real_human_humanart_15000000001948.jpg,train,117
real_human_humanart_15000000001949.jpg,train,72
real_human_humanart_15000000001950.jpg,train,108
real_human_humanart_15000000001952.jpg,train,189
real_human_humanart_15000000001954.jpg,train,122
real_human_humanart_15000000001958.jpg,train,170
real_human_humanart_15000000001959.jpg,train,174
real_human_humanart_15000000001961.jpg,train,160
real_human_humanart_15000000001962.jpg,train,152
real_human_humanart_15000000001964.jpg,train,121
real_human_humanart_15000000001965.jpg,train,146
real_human_humanart_15000000001968.jpg,train,247
real_human_humanart_15000000001970.jpg,train,135
real_human_humanart_15000000001976.jpg,train,160
real_human_humanart_15000000001977.jpg,train,139
real_human_humanart_15000000001978.jpg,train,127
real_human_humanart_15000000001988.jpg,train,184
real_human_humanart_15000000001989.jpg,train,241
real_human_humanart_15000000001991.jpg,train,200
real_human_humanart_15000000001994.jpg,train,192
real_human_humanart_15000000001995.jpg,train,222
real_human_humanart_15000000001999.jpg,train,102
real_human_humanart_15000000002000.jpg,train,182
real_human_humanart_15000000002004.jpg,train,200
real_human_humanart_15000000002005.jpg,train,225
real_human_humanart_15000000002007.jpg,train,73
real_human_humanart_15000000002011.jpg,train,169
real_human_humanart_15000000002012.jpg,train,146
real_human_humanart_15000000002018.jpg,train,148
real_human_humanart_15000000002019.jpg,train,181
real_human_humanart_15000000002020.jpg,train,114
real_human_humanart_15000000002022.jpg,train,117
real_human_humanart_15000000002026.jpg,train,150
real_human_humanart_15000000002028.jpg,train,175
real_human_humanart_15000000002029.jpg,train,227
real_human_humanart_15000000002031.jpg,train,157
real_human_humanart_15000000002039.jpg,train,140
real_human_humanart_15000000002043.jpg,train,172
real_human_humanart_15000000002045.jpg,train,193
real_human_humanart_15000000002047.jpg,train,116
real_human_humanart_15000000002050.jpg,train,158
real_human_humanart_15000000002051.jpg,train,108
real_human_humanart_15000000002054.jpg,train,155
real_human_humanart_15000000002055.jpg,train,119
real_human_humanart_15000000002059.jpg,train,138
real_human_humanart_15000000002060.jpg,train,153
real_human_humanart_15000000002061.jpg,train,111
real_human_humanart_15000000002062.jpg,train,133
real_human_humanart_15000000002065.jpg,train,128
real_human_humanart_15000000002066.jpg,train,146
real_human_humanart_15000000002067.jpg,train,144
real_human_humanart_15000000002069.jpg,train,135
real_human_humanart_15000000002070.jpg,train,125
real_human_humanart_15000000002071.jpg,train,69
real_human_humanart_15000000002072.jpg,train,107
real_human_humanart_15000000002073.jpg,train,117
real_human_humanart_15000000002074.jpg,train,101
real_human_humanart_15000000002076.jpg,train,119
real_human_humanart_15000000002077.jpg,train,107
real_human_humanart_15000000002080.jpg,train,114
real_human_humanart_15000000002081.jpg,train,162
real_human_humanart_15000000002082.jpg,train,109
real_human_humanart_15000000002083.jpg,train,171
real_human_humanart_15000000002085.jpg,train,116
real_human_humanart_15000000002086.jpg,train,165
real_human_humanart_15000000002087.jpg,train,171
real_human_humanart_15000000002089.jpg,train,128
real_human_humanart_15000000002092.jpg,train,141
real_human_humanart_15000000002093.jpg,train,120
real_human_humanart_15000000002094.jpg,train,151
real_human_humanart_15000000002096.jpg,train,104
real_human_humanart_15000000002097.jpg,train,122
real_human_humanart_15000000002099.jpg,train,59
real_human_humanart_15000000002102.jpg,train,69
real_human_humanart_15000000002104.jpg,train,119
real_human_humanart_15000000002106.jpg,train,101
real_human_humanart_15000000002108.jpg,train,125
real_human_humanart_15000000002109.jpg,train,132
real_human_humanart_15000000002114.jpg,train,136
real_human_humanart_15000000002115.jpg,train,186
real_human_humanart_15000000002117.jpg,train,115
real_human_humanart_15000000002118.jpg,train,129
real_human_humanart_15000000002120.jpg,train,135
real_human_humanart_15000000002121.jpg,train,134
real_human_humanart_15000000002122.jpg,train,99
real_human_humanart_15000000002123.jpg,train,146
real_human_humanart_15000000002124.jpg,train,120
real_human_humanart_15000000002126.jpg,train,149
real_human_humanart_15000000002127.jpg,train,143
real_human_humanart_15000000002129.jpg,train,107
real_human_humanart_15000000002130.jpg,train,184
real_human_humanart_15000000002134.jpg,train,171
real_human_humanart_15000000002136.jpg,train,109
real_human_humanart_15000000002141.jpg,train,147
real_human_humanart_15000000002146.jpg,train,155
real_human_humanart_15000000002147.jpg,train,139
real_human_humanart_15000000002148.jpg,train,185
real_human_humanart_15000000002149.jpg,train,162
real_human_humanart_15000000002150.jpg,train,147
real_human_humanart_15000000002151.jpg,train,100
real_human_humanart_15000000002152.jpg,train,148
real_human_humanart_15000000002153.jpg,train,145
real_human_humanart_15000000002154.jpg,train,115
real_human_humanart_15000000002156.jpg,train,155
real_human_humanart_15000000002157.jpg,train,123
real_human_humanart_15000000002158.jpg,train,120
real_human_humanart_15000000002159.jpg,train,116
real_human_humanart_15000000002160.jpg,train,144
real_human_humanart_15000000002163.jpg,train,207
real_human_humanart_15000000002164.jpg,train,158
real_human_humanart_15000000002165.jpg,train,148
real_human_humanart_15000000002168.jpg,train,144
real_human_humanart_15000000002171.jpg,train,132
real_human_humanart_15000000002172.jpg,train,168
real_human_humanart_15000000002174.jpg,train,152
real_human_humanart_15000000002175.jpg,train,173
real_human_humanart_15000000002176.jpg,train,117
real_human_humanart_15000000002180.jpg,train,163
real_human_humanart_15000000002181.jpg,train,52
real_human_humanart_15000000002191.jpg,train,140
real_human_humanart_15000000002192.jpg,train,172
real_human_humanart_15000000002193.jpg,train,120
real_human_humanart_15000000002194.jpg,train,134
real_human_humanart_15000000002195.jpg,train,123
real_human_humanart_15000000002197.jpg,train,73
real_human_humanart_15000000002201.jpg,train,142
real_human_humanart_15000000002202.jpg,train,97
real_human_humanart_15000000002203.jpg,train,82
real_human_humanart_15000000002204.jpg,train,105
real_human_humanart_15000000002205.jpg,train,110
real_human_humanart_15000000002207.jpg,train,84
real_human_humanart_15000000002208.jpg,train,121
real_human_humanart_15000000002209.jpg,train,173
real_human_humanart_15000000002210.jpg,train,134
real_human_humanart_15000000002211.jpg,train,137
real_human_humanart_15000000002213.jpg,train,102
real_human_humanart_15000000002215.jpg,train,147
real_human_humanart_15000000002216.jpg,train,147
real_human_humanart_15000000002217.jpg,train,149
real_human_humanart_15000000002218.jpg,train,133
real_human_humanart_15000000002220.jpg,train,147
real_human_humanart_15000000002224.jpg,train,121
real_human_humanart_15000000002225.jpg,train,117
real_human_humanart_15000000002228.jpg,train,54
real_human_humanart_15000000002230.jpg,train,100
real_human_humanart_15000000002231.jpg,train,150
real_human_humanart_15000000002233.jpg,train,68
real_human_humanart_15000000002234.jpg,train,105
real_human_humanart_15000000002237.jpg,train,54
real_human_humanart_15000000002239.jpg,train,104
real_human_humanart_15000000002240.jpg,train,120
real_human_humanart_15000000002242.jpg,train,69
real_human_humanart_15000000002244.jpg,train,130
real_human_humanart_15000000002245.jpg,train,122
real_human_humanart_15000000002246.jpg,train,116
real_human_humanart_15000000002247.jpg,train,136
real_human_humanart_15000000002248.jpg,train,160
real_human_humanart_15000000002249.jpg,train,143
real_human_humanart_15000000002252.jpg,train,130
real_human_humanart_15000000002253.jpg,train,185
real_human_humanart_15000000002254.jpg,train,129
real_human_humanart_15000000002255.jpg,train,151
real_human_humanart_15000000002259.jpg,train,151
real_human_humanart_15000000002260.jpg,train,84
real_human_humanart_15000000002261.jpg,train,166
real_human_humanart_15000000002262.jpg,train,101
real_human_humanart_15000000002264.jpg,train,131
real_human_humanart_15000000002265.jpg,train,125
real_human_humanart_15000000002266.jpg,train,133
real_human_humanart_15000000002267.jpg,train,138
real_human_humanart_15000000002268.jpg,train,84
real_human_humanart_15000000002269.jpg,train,136
real_human_humanart_15000000002270.jpg,train,161
real_human_humanart_15000000002271.jpg,train,98
real_human_humanart_15000000002272.jpg,train,145
real_human_humanart_15000000002273.jpg,train,100
real_human_humanart_15000000002274.jpg,train,148
real_human_humanart_15000000002275.jpg,train,100
real_human_humanart_15000000002276.jpg,train,111
real_human_humanart_15000000002277.jpg,train,143
real_human_humanart_15000000002280.jpg,train,163
real_human_humanart_15000000002281.jpg,train,167
real_human_humanart_15000000002283.jpg,train,140
real_human_humanart_15000000002284.jpg,train,122
real_human_humanart_15000000002286.jpg,train,79
real_human_humanart_15000000002287.jpg,train,138
real_human_humanart_15000000002289.jpg,train,142
real_human_humanart_15000000002290.jpg,train,127
real_human_humanart_15000000002292.jpg,train,95
real_human_humanart_15000000002293.jpg,train,130
real_human_humanart_15000000002295.jpg,train,150
real_human_humanart_15000000002296.jpg,train,161
real_human_humanart_15000000002300.jpg,train,105
real_human_humanart_15000000002303.jpg,train,116
real_human_humanart_15000000002304.jpg,train,140
real_human_humanart_15000000002305.jpg,train,114
real_human_humanart_15000000002310.jpg,train,132
real_human_humanart_15000000002311.jpg,train,119
real_human_humanart_15000000002312.jpg,train,132
real_human_humanart_15000000002313.jpg,train,181
real_human_humanart_15000000002315.jpg,train,130
real_human_humanart_15000000002317.jpg,train,139
real_human_humanart_15000000002319.jpg,train,144
real_human_humanart_15000000002321.jpg,train,127
real_human_humanart_15000000002322.jpg,train,95
real_human_humanart_15000000002323.jpg,train,143
real_human_humanart_15000000002324.jpg,train,105
real_human_humanart_15000000002325.jpg,train,97
real_human_humanart_15000000002326.jpg,train,115
real_human_humanart_15000000002329.jpg,train,100
real_human_humanart_15000000002330.jpg,train,85
real_human_humanart_15000000002331.jpg,train,111
real_human_humanart_15000000002332.jpg,train,161
real_human_humanart_15000000002334.jpg,train,128
real_human_humanart_15000000002338.jpg,train,123
real_human_humanart_15000000002340.jpg,train,116
real_human_humanart_15000000002341.jpg,train,115
real_human_humanart_15000000002342.jpg,train,103
real_human_humanart_15000000002344.jpg,train,121
real_human_humanart_15000000002346.jpg,train,163
real_human_humanart_15000000002349.jpg,train,121
real_human_humanart_15000000002350.jpg,train,145
real_human_humanart_15000000002352.jpg,train,126
real_human_humanart_15000000002354.jpg,train,177
real_human_humanart_15000000002357.jpg,train,106
real_human_humanart_15000000002358.jpg,train,124
real_human_humanart_15000000002363.jpg,train,126
real_human_humanart_15000000002366.jpg,train,128
real_human_humanart_15000000002367.jpg,train,73
real_human_humanart_15000000002368.jpg,train,120
real_human_humanart_15000000002369.jpg,train,122
real_human_humanart_15000000002370.jpg,train,123
real_human_humanart_15000000002372.jpg,train,126
real_human_humanart_15000000002373.jpg,train,111
real_human_humanart_15000000002376.jpg,train,144
real_human_humanart_15000000002377.jpg,train,100
real_human_humanart_15000000002379.jpg,train,91
real_human_humanart_15000000002380.jpg,train,146
real_human_humanart_15000000002381.jpg,train,147
real_human_humanart_15000000002383.jpg,train,101
real_human_humanart_15000000002384.jpg,train,130
real_human_humanart_15000000002385.jpg,train,122
real_human_humanart_15000000002386.jpg,train,148
real_human_humanart_15000000002388.jpg,train,111
real_human_humanart_15000000002389.jpg,train,110
real_human_humanart_15000000002390.jpg,train,115
real_human_humanart_15000000002391.jpg,train,108
real_human_humanart_15000000002394.jpg,train,113
real_human_humanart_15000000002395.jpg,train,115
real_human_humanart_15000000002397.jpg,train,76
real_human_humanart_15000000002399.jpg,train,151
real_human_humanart_15000000002400.jpg,train,153
real_human_humanart_15000000002401.jpg,train,108
real_human_humanart_15000000002402.jpg,train,120
real_human_humanart_15000000002403.jpg,train,160
real_human_humanart_15000000002404.jpg,train,108
real_human_humanart_15000000002406.jpg,train,159
real_human_humanart_15000000002408.jpg,train,149
real_human_humanart_15000000002409.jpg,train,159
real_human_humanart_15000000002411.jpg,train,106
real_human_humanart_15000000002412.jpg,train,136
real_human_humanart_15000000002413.jpg,train,140
real_human_humanart_15000000002415.jpg,train,181
real_human_humanart_15000000002417.jpg,train,149
real_human_humanart_15000000002418.jpg,train,117
real_human_humanart_15000000002419.jpg,train,136
real_human_humanart_15000000002421.jpg,train,157
real_human_humanart_15000000002424.jpg,train,133
real_human_humanart_15000000002425.jpg,train,55
real_human_humanart_15000000002426.jpg,train,147
real_human_humanart_15000000002428.jpg,train,119
real_human_humanart_15000000002431.jpg,train,97
real_human_humanart_15000000002433.jpg,train,120
real_human_humanart_15000000002434.jpg,train,133
real_human_humanart_15000000002435.jpg,train,148
real_human_humanart_15000000002436.jpg,train,108
real_human_humanart_15000000002438.jpg,train,115
real_human_humanart_15000000002440.jpg,train,98
real_human_humanart_15000000002441.jpg,train,102
real_human_humanart_15000000002442.jpg,train,113
real_human_humanart_15000000002444.jpg,train,98
real_human_humanart_15000000002446.jpg,train,154
real_human_humanart_15000000002447.jpg,train,107
real_human_humanart_15000000002449.jpg,train,113
real_human_humanart_15000000002451.jpg,train,116
real_human_humanart_15000000002452.jpg,train,114
real_human_humanart_15000000002453.jpg,train,122
real_human_humanart_15000000002454.jpg,train,135
real_human_humanart_15000000002455.jpg,train,107
real_human_humanart_15000000002456.jpg,train,105
real_human_humanart_15000000002457.jpg,train,183
real_human_humanart_15000000002458.jpg,train,171
real_human_humanart_15000000002459.jpg,train,105
real_human_humanart_15000000002461.jpg,train,92
real_human_humanart_15000000002463.jpg,train,137
real_human_humanart_15000000002464.jpg,train,64
real_human_humanart_15000000002465.jpg,train,78
real_human_humanart_15000000002466.jpg,train,103
real_human_humanart_15000000002467.jpg,train,182
real_human_humanart_15000000002468.jpg,train,120
real_human_humanart_15000000002469.jpg,train,95
real_human_humanart_15000000002470.jpg,train,153
real_human_humanart_15000000002471.jpg,train,93
real_human_humanart_15000000002472.jpg,train,73
real_human_humanart_15000000002473.jpg,train,105
real_human_humanart_15000000002475.jpg,train,98
real_human_humanart_15000000002476.jpg,train,158
real_human_humanart_15000000002478.jpg,train,139
real_human_humanart_15000000002480.jpg,train,115
real_human_humanart_15000000002482.jpg,train,108
real_human_humanart_15000000002483.jpg,train,154
real_human_humanart_15000000002484.jpg,train,131
real_human_humanart_15000000002487.jpg,train,145
real_human_humanart_15000000002489.jpg,train,156
real_human_humanart_15000000002490.jpg,train,144
real_human_humanart_15000000002491.jpg,train,148
real_human_humanart_15000000002492.jpg,train,130
real_human_humanart_15000000002493.jpg,train,103
real_human_humanart_15000000002497.jpg,train,146
real_human_humanart_15000000002499.jpg,train,123
real_human_humanart_17000000000000.jpg,train,112
real_human_humanart_17000000000001.jpg,train,94
real_human_humanart_17000000000002.jpg,train,133
real_human_humanart_17000000000003.jpg,train,124
real_human_humanart_17000000000004.jpg,train,61
real_human_humanart_17000000000005.jpg,train,130
real_human_humanart_17000000000006.jpg,train,131
real_human_humanart_17000000000010.jpg,train,146
real_human_humanart_17000000000011.jpg,train,103
real_human_humanart_17000000000013.jpg,train,114
real_human_humanart_17000000000015.jpg,train,100
real_human_humanart_17000000000022.jpg,train,105
real_human_humanart_17000000000023.jpg,train,91
real_human_humanart_17000000000024.jpg,train,96
real_human_humanart_17000000000029.jpg,train,85
real_human_humanart_17000000000030.jpg,train,130
real_human_humanart_17000000000031.jpg,train,129
real_human_humanart_17000000000033.jpg,train,115
real_human_humanart_17000000000035.jpg,train,103
real_human_humanart_17000000000037.jpg,train,118
real_human_humanart_17000000000038.jpg,train,129
real_human_humanart_17000000000040.jpg,train,112
real_human_humanart_17000000000041.jpg,train,127
real_human_humanart_17000000000042.jpg,train,129
real_human_humanart_17000000000043.jpg,train,73
real_human_humanart_17000000000046.jpg,train,176
real_human_humanart_17000000000049.jpg,train,122
real_human_humanart_17000000000051.jpg,train,104
real_human_humanart_17000000000053.jpg,train,101
real_human_humanart_17000000000054.jpg,train,145
real_human_humanart_17000000000055.jpg,train,64
real_human_humanart_17000000000059.jpg,train,161
real_human_humanart_17000000000060.jpg,train,108
real_human_humanart_17000000000061.jpg,train,81
real_human_humanart_17000000000067.jpg,train,99
real_human_humanart_17000000000068.jpg,train,133
real_human_humanart_17000000000070.jpg,train,126
real_human_humanart_17000000000072.jpg,train,120
real_human_humanart_17000000000073.jpg,train,86
real_human_humanart_17000000000078.jpg,train,106
real_human_humanart_17000000000082.jpg,train,93
real_human_humanart_17000000000083.jpg,train,120
real_human_humanart_17000000000085.jpg,train,122
real_human_humanart_17000000000087.jpg,train,113
real_human_humanart_17000000000092.jpg,train,127
real_human_humanart_17000000000093.jpg,train,119
real_human_humanart_17000000000094.jpg,train,142
real_human_humanart_17000000000095.jpg,train,58
real_human_humanart_17000000000096.jpg,train,117
real_human_humanart_17000000000097.jpg,train,102
real_human_humanart_17000000000098.jpg,train,119
real_human_humanart_17000000000099.jpg,train,132
real_human_humanart_17000000000101.jpg,train,123
real_human_humanart_17000000000102.jpg,train,102
real_human_humanart_17000000000106.jpg,train,115
real_human_humanart_17000000000107.jpg,train,131
real_human_humanart_17000000000108.jpg,train,116
real_human_humanart_17000000000109.jpg,train,95
real_human_humanart_17000000000110.jpg,train,88
real_human_humanart_17000000000111.jpg,train,143
real_human_humanart_17000000000112.jpg,train,140
real_human_humanart_17000000000113.jpg,train,91
real_human_humanart_17000000000114.jpg,train,146
real_human_humanart_17000000000115.jpg,train,102
real_human_humanart_17000000000116.jpg,train,171
real_human_humanart_17000000000117.jpg,train,125
real_human_humanart_17000000000118.jpg,train,78
real_human_humanart_17000000000121.jpg,train,113
real_human_humanart_17000000000123.jpg,train,129
real_human_humanart_17000000000124.jpg,train,117
real_human_humanart_17000000000125.jpg,train,73
real_human_humanart_17000000000126.jpg,train,136
real_human_humanart_17000000000127.jpg,train,115
real_human_humanart_17000000000129.jpg,train,125
real_human_humanart_17000000000132.jpg,train,89
real_human_humanart_17000000000134.jpg,train,112
real_human_humanart_17000000000135.jpg,train,130
real_human_humanart_17000000000136.jpg,train,132
real_human_humanart_17000000000137.jpg,train,139
real_human_humanart_17000000000138.jpg,train,137
real_human_humanart_17000000000139.jpg,train,68
real_human_humanart_17000000000142.jpg,train,142
real_human_humanart_17000000000145.jpg,train,126
real_human_humanart_17000000000146.jpg,train,91
real_human_humanart_17000000000147.jpg,train,95
real_human_humanart_17000000000152.jpg,train,165
real_human_humanart_17000000000153.jpg,train,121
real_human_humanart_17000000000154.jpg,train,117
real_human_humanart_17000000000156.jpg,train,137
real_human_humanart_17000000000159.jpg,train,143
real_human_humanart_17000000000160.jpg,train,148
real_human_humanart_17000000000161.jpg,train,138
real_human_humanart_17000000000163.jpg,train,112
real_human_humanart_17000000000164.jpg,train,107
real_human_humanart_17000000000165.jpg,train,99
real_human_humanart_17000000000166.jpg,train,112
real_human_humanart_17000000000167.jpg,train,121
real_human_humanart_17000000000170.jpg,train,134
real_human_humanart_17000000000171.jpg,train,149
real_human_humanart_17000000000172.jpg,train,110
real_human_humanart_17000000000173.jpg,train,123
real_human_humanart_17000000000175.jpg,train,168
real_human_humanart_17000000000176.jpg,train,122
real_human_humanart_17000000000177.jpg,train,165
real_human_humanart_17000000000179.jpg,train,127
real_human_humanart_17000000000180.jpg,train,113
real_human_humanart_17000000000181.jpg,train,128
real_human_humanart_17000000000182.jpg,train,115
real_human_humanart_17000000000185.jpg,train,151
real_human_humanart_17000000000186.jpg,train,107
real_human_humanart_17000000000187.jpg,train,96
real_human_humanart_17000000000188.jpg,train,89
real_human_humanart_17000000000189.jpg,train,103
real_human_humanart_17000000000190.jpg,train,110
real_human_humanart_17000000000191.jpg,train,114
real_human_humanart_17000000000192.jpg,train,157
real_human_humanart_17000000000195.jpg,train,125
real_human_humanart_17000000000196.jpg,train,113
real_human_humanart_17000000000198.jpg,train,100
real_human_humanart_17000000000200.jpg,train,123
real_human_humanart_17000000000201.jpg,train,114
real_human_humanart_17000000000202.jpg,train,120
real_human_humanart_17000000000203.jpg,train,129
real_human_humanart_17000000000204.jpg,train,110
real_human_humanart_17000000000205.jpg,train,116
real_human_humanart_17000000000206.jpg,train,118
real_human_humanart_17000000000209.jpg,train,154
real_human_humanart_17000000000213.jpg,train,87
real_human_humanart_17000000000214.jpg,train,108
real_human_humanart_17000000000217.jpg,train,113
real_human_humanart_17000000000218.jpg,train,94
real_human_humanart_17000000000219.jpg,train,126
real_human_humanart_17000000000220.jpg,train,98
real_human_humanart_17000000000221.jpg,train,115
real_human_humanart_17000000000223.jpg,train,103
real_human_humanart_17000000000226.jpg,train,123
real_human_humanart_17000000000227.jpg,train,136
real_human_humanart_17000000000229.jpg,train,74
real_human_humanart_17000000000230.jpg,train,126
real_human_humanart_17000000000231.jpg,train,118
real_human_humanart_17000000000233.jpg,train,140
real_human_humanart_17000000000235.jpg,train,57
real_human_humanart_17000000000237.jpg,train,93
real_human_humanart_17000000000238.jpg,train,136
real_human_humanart_17000000000242.jpg,train,110
real_human_humanart_17000000000244.jpg,train,120
real_human_humanart_17000000000250.jpg,train,132
real_human_humanart_17000000000251.jpg,train,73
real_human_humanart_17000000000252.jpg,train,122
real_human_humanart_17000000000255.jpg,train,100
real_human_humanart_17000000000256.jpg,train,112
real_human_humanart_17000000000257.jpg,train,132
real_human_humanart_17000000000261.jpg,train,106
real_human_humanart_17000000000263.jpg,train,94
real_human_humanart_17000000000264.jpg,train,112
real_human_humanart_17000000000268.jpg,train,114
real_human_humanart_17000000000269.jpg,train,54
real_human_humanart_17000000000270.jpg,train,133
real_human_humanart_17000000000271.jpg,train,127
real_human_humanart_17000000000272.jpg,train,138
real_human_humanart_17000000000273.jpg,train,129
real_human_humanart_17000000000274.jpg,train,114
real_human_humanart_17000000000276.jpg,train,102
real_human_humanart_17000000000277.jpg,train,104
real_human_humanart_17000000000279.jpg,train,134
real_human_humanart_17000000000282.jpg,train,97
real_human_humanart_17000000000283.jpg,train,113
real_human_humanart_17000000000286.jpg,train,83
real_human_humanart_17000000000287.jpg,train,109
real_human_humanart_17000000000291.jpg,train,118
real_human_humanart_17000000000293.jpg,train,149
real_human_humanart_17000000000294.jpg,train,107
real_human_humanart_17000000000295.jpg,train,87
real_human_humanart_17000000000296.jpg,train,128
real_human_humanart_17000000000298.jpg,train,126
real_human_humanart_17000000000299.jpg,train,139
real_human_humanart_17000000000300.jpg,train,108
real_human_humanart_17000000000302.jpg,train,63
real_human_humanart_17000000000303.jpg,train,134
real_human_humanart_17000000000304.jpg,train,122
real_human_humanart_17000000000305.jpg,train,107
real_human_humanart_17000000000306.jpg,train,151
real_human_humanart_17000000000307.jpg,train,141
real_human_humanart_17000000000308.jpg,train,123
real_human_humanart_17000000000309.jpg,train,92
real_human_humanart_17000000000311.jpg,train,114
real_human_humanart_17000000000312.jpg,train,88
real_human_humanart_17000000000313.jpg,train,83
real_human_humanart_17000000000314.jpg,train,143
real_human_humanart_17000000000316.jpg,train,78
real_human_humanart_17000000000323.jpg,train,113
real_human_humanart_17000000000324.jpg,train,104
real_human_humanart_17000000000326.jpg,train,126
real_human_humanart_17000000000329.jpg,train,142
real_human_humanart_17000000000330.jpg,train,68
real_human_humanart_17000000000331.jpg,train,86
real_human_humanart_17000000000332.jpg,train,136
real_human_humanart_17000000000335.jpg,train,113
real_human_humanart_17000000000336.jpg,train,122
real_human_humanart_17000000000337.jpg,train,124
real_human_humanart_17000000000338.jpg,train,136
real_human_humanart_17000000000340.jpg,train,95
real_human_humanart_17000000000342.jpg,train,80
real_human_humanart_17000000000343.jpg,train,124
real_human_humanart_17000000000345.jpg,train,119
real_human_humanart_17000000000347.jpg,train,167
real_human_humanart_17000000000350.jpg,train,121
real_human_humanart_17000000000351.jpg,train,132
real_human_humanart_17000000000353.jpg,train,144
real_human_humanart_17000000000354.jpg,train,117
real_human_humanart_17000000000355.jpg,train,78
real_human_humanart_17000000000356.jpg,train,134
real_human_humanart_17000000000358.jpg,train,179
real_human_humanart_17000000000359.jpg,train,130
real_human_humanart_17000000000361.jpg,train,101
real_human_humanart_17000000000363.jpg,train,124
real_human_humanart_17000000000364.jpg,train,173
real_human_humanart_17000000000365.jpg,train,166
real_human_humanart_17000000000367.jpg,train,138
real_human_humanart_17000000000368.jpg,train,111
real_human_humanart_17000000000369.jpg,train,140
real_human_humanart_17000000000370.jpg,train,131
real_human_humanart_17000000000374.jpg,train,132
real_human_humanart_17000000000376.jpg,train,128
real_human_humanart_17000000000377.jpg,train,170
real_human_humanart_17000000000379.jpg,train,148
real_human_humanart_17000000000380.jpg,train,151
real_human_humanart_17000000000381.jpg,train,146
real_human_humanart_17000000000384.jpg,train,157
real_human_humanart_17000000000385.jpg,train,155
real_human_humanart_17000000000387.jpg,train,155
real_human_humanart_17000000000388.jpg,train,139
real_human_humanart_17000000000389.jpg,train,122
real_human_humanart_17000000000390.jpg,train,116
real_human_humanart_17000000000391.jpg,train,143
real_human_humanart_17000000000392.jpg,train,131
real_human_humanart_17000000000393.jpg,train,123
real_human_humanart_17000000000394.jpg,train,141
real_human_humanart_17000000000395.jpg,train,152
real_human_humanart_17000000000397.jpg,train,131
real_human_humanart_17000000000399.jpg,train,140
real_human_humanart_17000000000400.jpg,train,138
real_human_humanart_17000000000404.jpg,train,125
real_human_humanart_17000000000405.jpg,train,89
real_human_humanart_17000000000407.jpg,train,128
real_human_humanart_17000000000408.jpg,train,154
real_human_humanart_17000000000412.jpg,train,132
real_human_humanart_17000000000413.jpg,train,123
real_human_humanart_17000000000419.jpg,train,125
real_human_humanart_17000000000421.jpg,train,126
real_human_humanart_17000000000422.jpg,train,142
real_human_humanart_17000000000423.jpg,train,161
real_human_humanart_17000000000425.jpg,train,77
real_human_humanart_17000000000426.jpg,train,147
real_human_humanart_17000000000427.jpg,train,143
real_human_humanart_17000000000428.jpg,train,134
real_human_humanart_17000000000429.jpg,train,139
real_human_humanart_17000000000430.jpg,train,123
real_human_humanart_17000000000431.jpg,train,97
real_human_humanart_17000000000432.jpg,train,104
real_human_humanart_17000000000435.jpg,train,122
real_human_humanart_17000000000436.jpg,train,122
real_human_humanart_17000000000437.jpg,train,84
real_human_humanart_17000000000439.jpg,train,96
real_human_humanart_17000000000440.jpg,train,142
real_human_humanart_17000000000442.jpg,train,134
real_human_humanart_17000000000443.jpg,train,108
real_human_humanart_17000000000444.jpg,train,151
real_human_humanart_17000000000445.jpg,train,104
real_human_humanart_17000000000446.jpg,train,116
real_human_humanart_17000000000447.jpg,train,142
real_human_humanart_17000000000448.jpg,train,153
real_human_humanart_17000000000449.jpg,train,127
real_human_humanart_17000000000451.jpg,train,150
real_human_humanart_17000000000452.jpg,train,126
real_human_humanart_17000000000453.jpg,train,107
real_human_humanart_17000000000454.jpg,train,126
real_human_humanart_17000000000455.jpg,train,103
real_human_humanart_17000000000456.jpg,train,130
real_human_humanart_17000000000458.jpg,train,141
real_human_humanart_17000000000459.jpg,train,109
real_human_humanart_17000000000460.jpg,train,196
real_human_humanart_17000000000461.jpg,train,174
real_human_humanart_17000000000462.jpg,train,115
real_human_humanart_17000000000463.jpg,train,167
real_human_humanart_17000000000466.jpg,train,162
real_human_humanart_17000000000468.jpg,train,121
real_human_humanart_17000000000473.jpg,train,153
real_human_humanart_17000000000475.jpg,train,128
real_human_humanart_17000000000476.jpg,train,162
real_human_humanart_17000000000478.jpg,train,133
real_human_humanart_17000000000479.jpg,train,148
real_human_humanart_17000000000480.jpg,train,158
real_human_humanart_17000000000481.jpg,train,166
real_human_humanart_17000000000482.jpg,train,146
real_human_humanart_17000000000483.jpg,train,138
real_human_humanart_17000000000484.jpg,train,129
real_human_humanart_17000000000485.jpg,train,106
real_human_humanart_17000000000487.jpg,train,98
real_human_humanart_17000000000488.jpg,train,162
real_human_humanart_17000000000491.jpg,train,133
real_human_humanart_17000000000492.jpg,train,116
real_human_humanart_17000000000493.jpg,train,128
real_human_humanart_17000000000496.jpg,train,115
real_human_humanart_17000000000497.jpg,train,198
real_human_humanart_17000000000498.jpg,train,135
real_human_humanart_17000000000499.jpg,train,49
real_human_humanart_17000000000500.jpg,train,181
real_human_humanart_17000000000502.jpg,train,163
real_human_humanart_17000000000503.jpg,train,142
real_human_humanart_17000000000505.jpg,train,106
real_human_humanart_17000000000506.jpg,train,141
real_human_humanart_17000000000510.jpg,train,143
real_human_humanart_17000000000512.jpg,train,161
real_human_humanart_17000000000513.jpg,train,176
real_human_humanart_17000000000515.jpg,train,169
real_human_humanart_17000000000516.jpg,train,122
real_human_humanart_17000000000517.jpg,train,165
real_human_humanart_17000000000518.jpg,train,150
real_human_humanart_17000000000521.jpg,train,128
real_human_humanart_17000000000523.jpg,train,104
real_human_humanart_17000000000524.jpg,train,126
real_human_humanart_17000000000527.jpg,train,147
real_human_humanart_17000000000531.jpg,train,106
real_human_humanart_17000000000536.jpg,train,168
real_human_humanart_17000000000537.jpg,train,126
real_human_humanart_17000000000538.jpg,train,78
real_human_humanart_17000000000540.jpg,train,146
real_human_humanart_17000000000544.jpg,train,123
real_human_humanart_17000000000545.jpg,train,109
real_human_humanart_17000000000548.jpg,train,116
real_human_humanart_17000000000551.jpg,train,119
real_human_humanart_17000000000552.jpg,train,141
real_human_humanart_17000000000555.jpg,train,166
real_human_humanart_17000000000556.jpg,train,154
real_human_humanart_17000000000558.jpg,train,120
real_human_humanart_17000000000566.jpg,train,174
real_human_humanart_17000000000567.jpg,train,105
real_human_humanart_17000000000568.jpg,train,119
real_human_humanart_17000000000570.jpg,train,102
real_human_humanart_17000000000572.jpg,train,187
real_human_humanart_17000000000573.jpg,train,105
real_human_humanart_17000000000574.jpg,train,135
real_human_humanart_17000000000576.jpg,train,121
real_human_humanart_17000000000578.jpg,train,89
real_human_humanart_17000000000581.jpg,train,206
real_human_humanart_17000000000582.jpg,train,81
real_human_humanart_17000000000583.jpg,train,114
real_human_humanart_17000000000584.jpg,train,106
real_human_humanart_17000000000586.jpg,train,65
real_human_humanart_17000000000587.jpg,train,184
real_human_humanart_17000000000589.jpg,train,143
real_human_humanart_17000000000590.jpg,train,132
real_human_humanart_17000000000594.jpg,train,151
real_human_humanart_17000000000595.jpg,train,160
real_human_humanart_17000000000596.jpg,train,165
real_human_humanart_17000000000597.jpg,train,129
real_human_humanart_17000000000598.jpg,train,142
real_human_humanart_17000000000600.jpg,train,94
real_human_humanart_17000000000601.jpg,train,42
real_human_humanart_17000000000603.jpg,train,145
real_human_humanart_17000000000604.jpg,train,101
real_human_humanart_17000000000605.jpg,train,123
real_human_humanart_17000000000607.jpg,train,141
real_human_humanart_17000000000608.jpg,train,85
real_human_humanart_17000000000610.jpg,train,87
real_human_humanart_17000000000612.jpg,train,121
real_human_humanart_17000000000613.jpg,train,124
real_human_humanart_17000000000614.jpg,train,117
real_human_humanart_17000000000615.jpg,train,124
real_human_humanart_17000000000616.jpg,train,102
real_human_humanart_17000000000618.jpg,train,128
real_human_humanart_17000000000620.jpg,train,126
real_human_humanart_17000000000621.jpg,train,132
real_human_humanart_17000000000622.jpg,train,167
real_human_humanart_17000000000623.jpg,train,167
real_human_humanart_17000000000625.jpg,train,187
real_human_humanart_17000000000626.jpg,train,164
real_human_humanart_17000000000627.jpg,train,139
real_human_humanart_17000000000631.jpg,train,174
real_human_humanart_17000000000632.jpg,train,139
real_human_humanart_17000000000634.jpg,train,114
real_human_humanart_17000000000635.jpg,train,216
real_human_humanart_17000000000639.jpg,train,140
real_human_humanart_17000000000640.jpg,train,191
real_human_humanart_17000000000641.jpg,train,135
real_human_humanart_17000000000643.jpg,train,95
real_human_humanart_17000000000644.jpg,train,113
real_human_humanart_17000000000645.jpg,train,79
real_human_humanart_17000000000649.jpg,train,118
real_human_humanart_17000000000650.jpg,train,63
real_human_humanart_17000000000651.jpg,train,120
real_human_humanart_17000000000652.jpg,train,163
real_human_humanart_17000000000654.jpg,train,82
real_human_humanart_17000000000655.jpg,train,130
real_human_humanart_17000000000656.jpg,train,140
real_human_humanart_17000000000659.jpg,train,87
real_human_humanart_17000000000660.jpg,train,177
real_human_humanart_17000000000661.jpg,train,92
real_human_humanart_17000000000662.jpg,train,140
real_human_humanart_17000000000664.jpg,train,96
real_human_humanart_17000000000665.jpg,train,145
real_human_humanart_17000000000667.jpg,train,129
real_human_humanart_17000000000670.jpg,train,133
real_human_humanart_17000000000672.jpg,train,82
real_human_humanart_17000000000673.jpg,train,86
real_human_humanart_17000000000679.jpg,train,80
real_human_humanart_17000000000681.jpg,train,73
real_human_humanart_17000000000683.jpg,train,108
real_human_humanart_17000000000686.jpg,train,158
real_human_humanart_17000000000688.jpg,train,111
real_human_humanart_17000000000689.jpg,train,91
real_human_humanart_17000000000690.jpg,train,119
real_human_humanart_17000000000694.jpg,train,115
real_human_humanart_17000000000698.jpg,train,76
real_human_humanart_17000000000700.jpg,train,156
real_human_humanart_17000000000704.jpg,train,151
real_human_humanart_17000000000706.jpg,train,162
real_human_humanart_17000000000707.jpg,train,132
real_human_humanart_17000000000709.jpg,train,181
real_human_humanart_17000000000710.jpg,train,132
real_human_humanart_17000000000711.jpg,train,132
real_human_humanart_17000000000712.jpg,train,109
real_human_humanart_17000000000713.jpg,train,141
real_human_humanart_17000000000715.jpg,train,118
real_human_humanart_17000000000716.jpg,train,102
real_human_humanart_17000000000717.jpg,train,84
real_human_humanart_17000000000718.jpg,train,116
real_human_humanart_17000000000721.jpg,train,139
real_human_humanart_17000000000722.jpg,train,107
real_human_humanart_17000000000723.jpg,train,124
real_human_humanart_17000000000724.jpg,train,194
real_human_humanart_17000000000727.jpg,train,156
real_human_humanart_17000000000728.jpg,train,165
real_human_humanart_17000000000729.jpg,train,144
real_human_humanart_17000000000730.jpg,train,127
real_human_humanart_17000000000731.jpg,train,121
real_human_humanart_17000000000732.jpg,train,122
real_human_humanart_17000000000734.jpg,train,154
real_human_humanart_17000000000735.jpg,train,98
real_human_humanart_17000000000736.jpg,train,177
real_human_humanart_17000000000737.jpg,train,160
real_human_humanart_17000000000738.jpg,train,155
real_human_humanart_17000000000740.jpg,train,132
real_human_humanart_17000000000741.jpg,train,145
real_human_humanart_17000000000745.jpg,train,162
real_human_humanart_17000000000746.jpg,train,127
real_human_humanart_17000000000748.jpg,train,125
real_human_humanart_17000000000749.jpg,train,98
real_human_humanart_17000000000754.jpg,train,93
real_human_humanart_17000000000756.jpg,train,94
real_human_humanart_17000000000757.jpg,train,130
real_human_humanart_17000000000758.jpg,train,114
real_human_humanart_17000000000761.jpg,train,114
real_human_humanart_17000000000763.jpg,train,139
real_human_humanart_17000000000766.jpg,train,152
real_human_humanart_17000000000768.jpg,train,162
real_human_humanart_17000000000770.jpg,train,109
real_human_humanart_17000000000771.jpg,train,123
real_human_humanart_17000000000773.jpg,train,142
real_human_humanart_17000000000774.jpg,train,159
real_human_humanart_17000000000776.jpg,train,136
real_human_humanart_17000000000779.jpg,train,149
real_human_humanart_17000000000780.jpg,train,117
real_human_humanart_17000000000781.jpg,train,110
real_human_humanart_17000000000783.jpg,train,119
real_human_humanart_17000000000786.jpg,train,196
real_human_humanart_17000000000787.jpg,train,153
real_human_humanart_17000000000788.jpg,train,145
real_human_humanart_17000000000790.jpg,train,164
real_human_humanart_17000000000792.jpg,train,141
real_human_humanart_17000000000793.jpg,train,137
real_human_humanart_17000000000794.jpg,train,84
real_human_humanart_17000000000796.jpg,train,76
real_human_humanart_17000000000797.jpg,train,175
real_human_humanart_17000000000799.jpg,train,146
real_human_humanart_17000000000800.jpg,train,115
real_human_humanart_17000000000801.jpg,train,192
real_human_humanart_17000000000802.jpg,train,137
real_human_humanart_17000000000803.jpg,train,125
real_human_humanart_17000000000804.jpg,train,144
real_human_humanart_17000000000805.jpg,train,122
real_human_humanart_17000000000806.jpg,train,135
real_human_humanart_17000000000807.jpg,train,119
real_human_humanart_17000000000808.jpg,train,115
real_human_humanart_17000000000809.jpg,train,170
real_human_humanart_17000000000811.jpg,train,135
real_human_humanart_17000000000812.jpg,train,111
real_human_humanart_17000000000814.jpg,train,151
real_human_humanart_17000000000815.jpg,train,120
real_human_humanart_17000000000817.jpg,train,133
real_human_humanart_17000000000818.jpg,train,129
real_human_humanart_17000000000821.jpg,train,163
real_human_humanart_17000000000827.jpg,train,176
real_human_humanart_17000000000829.jpg,train,138
real_human_humanart_17000000000830.jpg,train,120
real_human_humanart_17000000000831.jpg,train,154
real_human_humanart_17000000000832.jpg,train,128
real_human_humanart_17000000000833.jpg,train,169
real_human_humanart_17000000000835.jpg,train,104
real_human_humanart_17000000000838.jpg,train,151
real_human_humanart_17000000000839.jpg,train,131
real_human_humanart_17000000000840.jpg,train,146
real_human_humanart_17000000000841.jpg,train,169
real_human_humanart_17000000000842.jpg,train,123
real_human_humanart_17000000000846.jpg,train,139
real_human_humanart_17000000000847.jpg,train,153
real_human_humanart_17000000000848.jpg,train,163
real_human_humanart_17000000000849.jpg,train,167
real_human_humanart_17000000000850.jpg,train,175
real_human_humanart_17000000000851.jpg,train,143
real_human_humanart_17000000000854.jpg,train,149
real_human_humanart_17000000000855.jpg,train,126
real_human_humanart_17000000000857.jpg,train,116
real_human_humanart_17000000000858.jpg,train,136
real_human_humanart_17000000000860.jpg,train,109
real_human_humanart_17000000000861.jpg,train,122
real_human_humanart_17000000000862.jpg,train,133
real_human_humanart_17000000000864.jpg,train,146
real_human_humanart_17000000000875.jpg,train,142
real_human_humanart_17000000000876.jpg,train,93
real_human_humanart_17000000000878.jpg,train,129
real_human_humanart_17000000000879.jpg,train,154
real_human_humanart_17000000000881.jpg,train,147
real_human_humanart_17000000000882.jpg,train,165
real_human_humanart_17000000000883.jpg,train,120
real_human_humanart_17000000000885.jpg,train,156
real_human_humanart_17000000000886.jpg,train,145
real_human_humanart_17000000000887.jpg,train,90
real_human_humanart_17000000000889.jpg,train,130
real_human_humanart_17000000000896.jpg,train,153
real_human_humanart_17000000000898.jpg,train,96
real_human_humanart_17000000000899.jpg,train,106
real_human_humanart_17000000000900.jpg,train,141
real_human_humanart_17000000000902.jpg,train,165
real_human_humanart_17000000000903.jpg,train,157
real_human_humanart_17000000000904.jpg,train,183
real_human_humanart_17000000000907.jpg,train,125
real_human_humanart_17000000000908.jpg,train,119
real_human_humanart_17000000000910.jpg,train,118
real_human_humanart_17000000000912.jpg,train,110
real_human_humanart_17000000000913.jpg,train,150
real_human_humanart_17000000000915.jpg,train,70
real_human_humanart_17000000000919.jpg,train,66
real_human_humanart_17000000000920.jpg,train,147
real_human_humanart_17000000000921.jpg,train,58
real_human_humanart_17000000000922.jpg,train,119
real_human_humanart_17000000000923.jpg,train,130
real_human_humanart_17000000000924.jpg,train,137
real_human_humanart_17000000000926.jpg,train,143
real_human_humanart_17000000000927.jpg,train,114
real_human_humanart_17000000000928.jpg,train,54
real_human_humanart_17000000000930.jpg,train,104
real_human_humanart_17000000000931.jpg,train,142
real_human_humanart_17000000000932.jpg,train,116
real_human_humanart_17000000000934.jpg,train,108
real_human_humanart_17000000000942.jpg,train,124
real_human_humanart_17000000000946.jpg,train,127
real_human_humanart_17000000000947.jpg,train,112
real_human_humanart_17000000000949.jpg,train,112
real_human_humanart_17000000000954.jpg,train,137
real_human_humanart_17000000000955.jpg,train,134
real_human_humanart_17000000000956.jpg,train,143
real_human_humanart_17000000000957.jpg,train,169
real_human_humanart_17000000000958.jpg,train,85
real_human_humanart_17000000000959.jpg,train,165
real_human_humanart_17000000000962.jpg,train,135
real_human_humanart_17000000000966.jpg,train,108
real_human_humanart_17000000000967.jpg,train,121
real_human_humanart_17000000000969.jpg,train,234
real_human_humanart_17000000000971.jpg,train,132
real_human_humanart_17000000000972.jpg,train,133
real_human_humanart_17000000000973.jpg,train,140
real_human_humanart_17000000000974.jpg,train,141
real_human_humanart_17000000000978.jpg,train,80
real_human_humanart_17000000000979.jpg,train,85
real_human_humanart_17000000000981.jpg,train,100
real_human_humanart_17000000000983.jpg,train,113
real_human_humanart_17000000000984.jpg,train,124
real_human_humanart_17000000000985.jpg,train,121
real_human_humanart_17000000000986.jpg,train,107
real_human_humanart_17000000000987.jpg,train,107
real_human_humanart_17000000000990.jpg,train,106
real_human_humanart_17000000000992.jpg,train,72
real_human_humanart_17000000000993.jpg,train,124
real_human_humanart_17000000000994.jpg,train,129
real_human_humanart_17000000000995.jpg,train,175
real_human_humanart_17000000000997.jpg,train,149
real_human_humanart_17000000000998.jpg,train,212
real_human_humanart_17000000000999.jpg,train,143
real_human_humanart_17000000001005.jpg,train,183
real_human_humanart_17000000001011.jpg,train,141
real_human_humanart_17000000001012.jpg,train,156
real_human_humanart_17000000001013.jpg,train,156
real_human_humanart_17000000001014.jpg,train,126
real_human_humanart_17000000001015.jpg,train,139
real_human_humanart_17000000001018.jpg,train,113
real_human_humanart_17000000001019.jpg,train,117
real_human_humanart_17000000001020.jpg,train,113
real_human_humanart_17000000001021.jpg,train,109
real_human_humanart_17000000001023.jpg,train,91
real_human_humanart_17000000001024.jpg,train,92
real_human_humanart_17000000001025.jpg,train,125
real_human_humanart_17000000001026.jpg,train,92
real_human_humanart_17000000001028.jpg,train,119
real_human_humanart_17000000001029.jpg,train,115
real_human_humanart_17000000001033.jpg,train,82
real_human_humanart_17000000001034.jpg,train,131
real_human_humanart_17000000001035.jpg,train,145
real_human_humanart_17000000001036.jpg,train,139
real_human_humanart_17000000001037.jpg,train,97
real_human_humanart_17000000001038.jpg,train,104
real_human_humanart_17000000001040.jpg,train,124
real_human_humanart_17000000001041.jpg,train,89
real_human_humanart_17000000001042.jpg,train,54
real_human_humanart_17000000001043.jpg,train,110
real_human_humanart_17000000001044.jpg,train,91
real_human_humanart_17000000001045.jpg,train,112
real_human_humanart_17000000001046.jpg,train,146
real_human_humanart_17000000001048.jpg,train,91
real_human_humanart_17000000001049.jpg,train,112
real_human_humanart_17000000001050.jpg,train,63
real_human_humanart_17000000001052.jpg,train,161
real_human_humanart_17000000001054.jpg,train,115
real_human_humanart_17000000001055.jpg,train,121
real_human_humanart_17000000001059.jpg,train,107
real_human_humanart_17000000001060.jpg,train,121
real_human_humanart_17000000001061.jpg,train,118
real_human_humanart_17000000001064.jpg,train,116
real_human_humanart_17000000001066.jpg,train,120
real_human_humanart_17000000001067.jpg,train,101
real_human_humanart_17000000001068.jpg,train,159
real_human_humanart_17000000001069.jpg,train,155
real_human_humanart_17000000001071.jpg,train,103
real_human_humanart_17000000001073.jpg,train,120
real_human_humanart_17000000001075.jpg,train,104
real_human_humanart_17000000001076.jpg,train,120
real_human_humanart_17000000001079.jpg,train,155
real_human_humanart_17000000001080.jpg,train,135
real_human_humanart_17000000001081.jpg,train,128
real_human_humanart_17000000001082.jpg,train,143
real_human_humanart_17000000001087.jpg,train,130
real_human_humanart_17000000001088.jpg,train,110
real_human_humanart_17000000001090.jpg,train,133
real_human_humanart_17000000001091.jpg,train,148
real_human_humanart_17000000001092.jpg,train,166
real_human_humanart_17000000001093.jpg,train,136
real_human_humanart_17000000001095.jpg,train,150
real_human_humanart_17000000001098.jpg,train,131
real_human_humanart_17000000001099.jpg,train,127
real_human_humanart_17000000001102.jpg,train,139
real_human_humanart_17000000001103.jpg,train,113
real_human_humanart_17000000001104.jpg,train,123
real_human_humanart_17000000001106.jpg,train,122
real_human_humanart_17000000001108.jpg,train,120
real_human_humanart_17000000001109.jpg,train,119
real_human_humanart_17000000001110.jpg,train,125
real_human_humanart_17000000001112.jpg,train,113
real_human_humanart_17000000001113.jpg,train,119
real_human_humanart_17000000001115.jpg,train,122
real_human_humanart_17000000001116.jpg,train,134
real_human_humanart_17000000001117.jpg,train,105
real_human_humanart_17000000001120.jpg,train,109
real_human_humanart_17000000001122.jpg,train,104
real_human_humanart_17000000001124.jpg,train,133
real_human_humanart_17000000001126.jpg,train,116
real_human_humanart_17000000001127.jpg,train,126
real_human_humanart_17000000001128.jpg,train,153
real_human_humanart_17000000001130.jpg,train,102
real_human_humanart_17000000001132.jpg,train,134
real_human_humanart_17000000001133.jpg,train,86
real_human_humanart_17000000001134.jpg,train,131
real_human_humanart_17000000001135.jpg,train,123
real_human_humanart_17000000001136.jpg,train,102
real_human_humanart_17000000001138.jpg,train,123
real_human_humanart_17000000001139.jpg,train,124
real_human_humanart_17000000001144.jpg,train,120
real_human_humanart_17000000001146.jpg,train,59
real_human_humanart_17000000001148.jpg,train,123
real_human_humanart_17000000001152.jpg,train,102
real_human_humanart_17000000001155.jpg,train,107
real_human_humanart_17000000001156.jpg,train,106
real_human_humanart_17000000001158.jpg,train,114
real_human_humanart_17000000001159.jpg,train,98
real_human_humanart_17000000001160.jpg,train,131
real_human_humanart_17000000001161.jpg,train,93
real_human_humanart_17000000001163.jpg,train,133
real_human_humanart_17000000001164.jpg,train,124
real_human_humanart_17000000001168.jpg,train,126
real_human_humanart_17000000001170.jpg,train,108
real_human_humanart_17000000001172.jpg,train,109
real_human_humanart_17000000001175.jpg,train,121
real_human_humanart_17000000001177.jpg,train,149
real_human_humanart_17000000001180.jpg,train,101
real_human_humanart_17000000001183.jpg,train,121
real_human_humanart_17000000001187.jpg,train,114
real_human_humanart_17000000001188.jpg,train,125
real_human_humanart_17000000001190.jpg,train,45
real_human_humanart_17000000001191.jpg,train,66
real_human_humanart_17000000001192.jpg,train,103
real_human_humanart_17000000001193.jpg,train,124
real_human_humanart_17000000001194.jpg,train,126
real_human_humanart_17000000001195.jpg,train,69
real_human_humanart_17000000001197.jpg,train,117
real_human_humanart_17000000001200.jpg,train,89
real_human_humanart_17000000001203.jpg,train,94
real_human_humanart_17000000001204.jpg,train,147
real_human_humanart_17000000001207.jpg,train,119
real_human_humanart_17000000001208.jpg,train,93
real_human_humanart_17000000001210.jpg,train,119
real_human_humanart_17000000001211.jpg,train,116
real_human_humanart_17000000001212.jpg,train,146
real_human_humanart_17000000001215.jpg,train,53
real_human_humanart_17000000001219.jpg,train,138
real_human_humanart_17000000001220.jpg,train,122
real_human_humanart_17000000001221.jpg,train,105
real_human_humanart_17000000001225.jpg,train,98
real_human_humanart_17000000001227.jpg,train,130
real_human_humanart_17000000001228.jpg,train,131
real_human_humanart_17000000001229.jpg,train,101
real_human_humanart_17000000001231.jpg,train,106
real_human_humanart_17000000001233.jpg,train,105
real_human_humanart_17000000001234.jpg,train,139
real_human_humanart_17000000001235.jpg,train,108
real_human_humanart_17000000001236.jpg,train,141
real_human_humanart_17000000001238.jpg,train,99
real_human_humanart_17000000001239.jpg,train,134
real_human_humanart_17000000001240.jpg,train,134
real_human_humanart_17000000001241.jpg,train,109
real_human_humanart_17000000001243.jpg,train,141
real_human_humanart_17000000001244.jpg,train,133
real_human_humanart_17000000001246.jpg,train,107
real_human_humanart_17000000001247.jpg,train,129
real_human_humanart_17000000001248.jpg,train,181
real_human_humanart_17000000001250.jpg,train,95
real_human_humanart_17000000001251.jpg,train,137
real_human_humanart_17000000001252.jpg,train,74
real_human_humanart_17000000001253.jpg,train,157
real_human_humanart_17000000001255.jpg,train,107
real_human_humanart_17000000001256.jpg,train,115
real_human_humanart_17000000001257.jpg,train,126
real_human_humanart_17000000001260.jpg,train,99
real_human_humanart_17000000001262.jpg,train,133
real_human_humanart_17000000001265.jpg,train,140
real_human_humanart_17000000001266.jpg,train,120
real_human_humanart_17000000001267.jpg,train,125
real_human_humanart_17000000001268.jpg,train,110
real_human_humanart_17000000001270.jpg,train,92
real_human_humanart_17000000001271.jpg,train,71
real_human_humanart_17000000001274.jpg,train,88
real_human_humanart_17000000001275.jpg,train,156
real_human_humanart_17000000001281.jpg,train,124
real_human_humanart_17000000001286.jpg,train,112
real_human_humanart_17000000001290.jpg,train,163
real_human_humanart_17000000001291.jpg,train,99
real_human_humanart_17000000001292.jpg,train,175
real_human_humanart_17000000001294.jpg,train,140
real_human_humanart_17000000001295.jpg,train,85
real_human_humanart_17000000001296.jpg,train,142
real_human_humanart_17000000001298.jpg,train,96
real_human_humanart_17000000001299.jpg,train,104
real_human_humanart_17000000001300.jpg,train,97
real_human_humanart_17000000001301.jpg,train,98
real_human_humanart_17000000001302.jpg,train,91
real_human_humanart_17000000001304.jpg,train,127
real_human_humanart_17000000001305.jpg,train,96
real_human_humanart_17000000001306.jpg,train,123
real_human_humanart_17000000001308.jpg,train,136
real_human_humanart_17000000001311.jpg,train,93
real_human_humanart_17000000001316.jpg,train,142
real_human_humanart_17000000001318.jpg,train,134
real_human_humanart_17000000001319.jpg,train,148
real_human_humanart_17000000001320.jpg,train,127
real_human_humanart_17000000001326.jpg,train,88
real_human_humanart_17000000001327.jpg,train,147
real_human_humanart_17000000001328.jpg,train,118
real_human_humanart_17000000001330.jpg,train,88
real_human_humanart_17000000001331.jpg,train,105
real_human_humanart_17000000001333.jpg,train,142
real_human_humanart_17000000001334.jpg,train,133
real_human_humanart_17000000001335.jpg,train,139
real_human_humanart_17000000001336.jpg,train,96
real_human_humanart_17000000001337.jpg,train,129
real_human_humanart_17000000001338.jpg,train,155
real_human_humanart_17000000001339.jpg,train,116
real_human_humanart_17000000001340.jpg,train,88
real_human_humanart_17000000001341.jpg,train,82
real_human_humanart_17000000001343.jpg,train,102
real_human_humanart_17000000001347.jpg,train,124
real_human_humanart_17000000001349.jpg,train,99
real_human_humanart_17000000001350.jpg,train,148
real_human_humanart_17000000001351.jpg,train,136
real_human_humanart_17000000001353.jpg,train,115
real_human_humanart_17000000001354.jpg,train,69
real_human_humanart_17000000001355.jpg,train,118
real_human_humanart_17000000001356.jpg,train,71
real_human_humanart_17000000001358.jpg,train,127
real_human_humanart_17000000001359.jpg,train,100
real_human_humanart_17000000001360.jpg,train,100
real_human_humanart_17000000001362.jpg,train,88
real_human_humanart_17000000001363.jpg,train,145
real_human_humanart_17000000001364.jpg,train,93
real_human_humanart_17000000001365.jpg,train,135
real_human_humanart_17000000001366.jpg,train,131
real_human_humanart_17000000001367.jpg,train,138
real_human_humanart_17000000001368.jpg,train,126
real_human_humanart_17000000001372.jpg,train,114
real_human_humanart_17000000001374.jpg,train,100
real_human_humanart_17000000001379.jpg,train,133
real_human_humanart_17000000001380.jpg,train,50
real_human_humanart_17000000001382.jpg,train,89
real_human_humanart_17000000001383.jpg,train,99
real_human_humanart_17000000001387.jpg,train,108
real_human_humanart_17000000001388.jpg,train,54
real_human_humanart_17000000001390.jpg,train,135
real_human_humanart_17000000001391.jpg,train,89
real_human_humanart_17000000001395.jpg,train,139
real_human_humanart_17000000001406.jpg,train,119
real_human_humanart_17000000001408.jpg,train,122
real_human_humanart_17000000001410.jpg,train,139
real_human_humanart_17000000001411.jpg,train,102
real_human_humanart_17000000001414.jpg,train,112
real_human_humanart_17000000001416.jpg,train,175
real_human_humanart_17000000001417.jpg,train,105
real_human_humanart_17000000001418.jpg,train,120
real_human_humanart_17000000001419.jpg,train,135
real_human_humanart_17000000001420.jpg,train,111
real_human_humanart_17000000001422.jpg,train,92
real_human_humanart_17000000001426.jpg,train,167
real_human_humanart_17000000001428.jpg,train,140
real_human_humanart_17000000001430.jpg,train,111
real_human_humanart_17000000001432.jpg,train,139
real_human_humanart_17000000001436.jpg,train,102
real_human_humanart_17000000001437.jpg,train,80
real_human_humanart_17000000001439.jpg,train,75
real_human_humanart_17000000001442.jpg,train,124
real_human_humanart_17000000001444.jpg,train,143
real_human_humanart_17000000001445.jpg,train,56
real_human_humanart_17000000001447.jpg,train,77
real_human_humanart_17000000001448.jpg,train,107
real_human_humanart_17000000001449.jpg,train,96
real_human_humanart_17000000001450.jpg,train,112
real_human_humanart_17000000001453.jpg,train,131
real_human_humanart_17000000001454.jpg,train,144
real_human_humanart_17000000001455.jpg,train,131
real_human_humanart_17000000001456.jpg,train,103
real_human_humanart_17000000001457.jpg,train,115
real_human_humanart_17000000001458.jpg,train,83
real_human_humanart_17000000001459.jpg,train,115
real_human_humanart_17000000001461.jpg,train,135
real_human_humanart_17000000001467.jpg,train,138
real_human_humanart_17000000001468.jpg,train,138
real_human_humanart_17000000001469.jpg,train,116
real_human_humanart_17000000001470.jpg,train,148
real_human_humanart_17000000001471.jpg,train,109
real_human_humanart_17000000001474.jpg,train,97
real_human_humanart_17000000001475.jpg,train,109
real_human_humanart_17000000001477.jpg,train,115
real_human_humanart_17000000001478.jpg,train,113
real_human_humanart_17000000001479.jpg,train,126
real_human_humanart_17000000001480.jpg,train,137
real_human_humanart_17000000001481.jpg,train,110
real_human_humanart_17000000001482.jpg,train,135
real_human_humanart_17000000001483.jpg,train,165
real_human_humanart_17000000001485.jpg,train,121
real_human_humanart_17000000001486.jpg,train,101
real_human_humanart_17000000001489.jpg,train,112
real_human_humanart_17000000001491.jpg,train,118
real_human_humanart_17000000001492.jpg,train,112
real_human_humanart_17000000001494.jpg,train,161
real_human_humanart_17000000001496.jpg,train,144
real_human_humanart_17000000001497.jpg,train,129
real_human_humanart_17000000001499.jpg,train,151
real_human_humanart_17000000001500.jpg,train,153
real_human_humanart_17000000001506.jpg,train,105
real_human_humanart_17000000001507.jpg,train,139
real_human_humanart_17000000001509.jpg,train,157
real_human_humanart_17000000001511.jpg,train,169
real_human_humanart_17000000001515.jpg,train,90
real_human_humanart_17000000001516.jpg,train,112
real_human_humanart_17000000001518.jpg,train,134
real_human_humanart_17000000001519.jpg,train,119
real_human_humanart_17000000001522.jpg,train,146
real_human_humanart_17000000001523.jpg,train,113
real_human_humanart_17000000001525.jpg,train,73
real_human_humanart_17000000001531.jpg,train,119
real_human_humanart_17000000001533.jpg,train,97
real_human_humanart_17000000001534.jpg,train,108
real_human_humanart_17000000001536.jpg,train,137
real_human_humanart_17000000001539.jpg,train,114
real_human_humanart_17000000001541.jpg,train,113
real_human_humanart_17000000001542.jpg,train,121
real_human_humanart_17000000001543.jpg,train,116
real_human_humanart_17000000001544.jpg,train,158
real_human_humanart_17000000001547.jpg,train,149
real_human_humanart_17000000001548.jpg,train,169
real_human_humanart_17000000001549.jpg,train,87
real_human_humanart_17000000001553.jpg,train,102
real_human_humanart_17000000001554.jpg,train,135
real_human_humanart_17000000001556.jpg,train,119
real_human_humanart_17000000001557.jpg,train,114
real_human_humanart_17000000001558.jpg,train,161
real_human_humanart_17000000001559.jpg,train,108
real_human_humanart_17000000001560.jpg,train,132
real_human_humanart_17000000001561.jpg,train,106
real_human_humanart_17000000001562.jpg,train,82
real_human_humanart_17000000001563.jpg,train,130
real_human_humanart_17000000001564.jpg,train,126
real_human_humanart_17000000001565.jpg,train,140
real_human_humanart_17000000001566.jpg,train,139
real_human_humanart_17000000001567.jpg,train,131
real_human_humanart_17000000001571.jpg,train,150
real_human_humanart_17000000001573.jpg,train,174
real_human_humanart_17000000001577.jpg,train,121
real_human_humanart_17000000001578.jpg,train,100
real_human_humanart_17000000001580.jpg,train,103
real_human_humanart_17000000001583.jpg,train,128
real_human_humanart_17000000001584.jpg,train,148
real_human_humanart_17000000001585.jpg,train,77
real_human_humanart_17000000001587.jpg,train,57
real_human_humanart_17000000001588.jpg,train,143
real_human_humanart_17000000001589.jpg,train,80
real_human_humanart_17000000001590.jpg,train,114
real_human_humanart_17000000001594.jpg,train,124
real_human_humanart_17000000001596.jpg,train,148
real_human_humanart_17000000001598.jpg,train,123
real_human_humanart_17000000001599.jpg,train,112
real_human_humanart_17000000001600.jpg,train,63
real_human_humanart_17000000001601.jpg,train,127
real_human_humanart_17000000001602.jpg,train,118
real_human_humanart_17000000001603.jpg,train,137
real_human_humanart_17000000001604.jpg,train,112
real_human_humanart_17000000001605.jpg,train,110
real_human_humanart_17000000001606.jpg,train,126
real_human_humanart_17000000001608.jpg,train,98
real_human_humanart_17000000001610.jpg,train,104
real_human_humanart_17000000001613.jpg,train,93
real_human_humanart_17000000001618.jpg,train,116
real_human_humanart_17000000001619.jpg,train,98
real_human_humanart_17000000001620.jpg,train,125
real_human_humanart_17000000001621.jpg,train,120
real_human_humanart_17000000001623.jpg,train,135
real_human_humanart_17000000001624.jpg,train,111
real_human_humanart_17000000001625.jpg,train,125
real_human_humanart_17000000001630.jpg,train,111
real_human_humanart_17000000001632.jpg,train,127
real_human_humanart_17000000001633.jpg,train,98
real_human_humanart_17000000001634.jpg,train,65
real_human_humanart_17000000001635.jpg,train,109
real_human_humanart_17000000001636.jpg,train,137
real_human_humanart_17000000001637.jpg,train,161
real_human_humanart_17000000001638.jpg,train,143
real_human_humanart_17000000001639.jpg,train,125
real_human_humanart_17000000001640.jpg,train,109
real_human_humanart_17000000001641.jpg,train,115
real_human_humanart_17000000001642.jpg,train,103
real_human_humanart_17000000001643.jpg,train,126
real_human_humanart_17000000001646.jpg,train,115
real_human_humanart_17000000001647.jpg,train,162
real_human_humanart_17000000001648.jpg,train,125
real_human_humanart_17000000001649.jpg,train,111
real_human_humanart_17000000001650.jpg,train,136
real_human_humanart_17000000001652.jpg,train,145
real_human_humanart_17000000001653.jpg,train,87
real_human_humanart_17000000001655.jpg,train,112
real_human_humanart_17000000001656.jpg,train,121
real_human_humanart_17000000001657.jpg,train,141
real_human_humanart_17000000001660.jpg,train,142
real_human_humanart_17000000001662.jpg,train,120
real_human_humanart_17000000001665.jpg,train,75
real_human_humanart_17000000001666.jpg,train,106
real_human_humanart_17000000001668.jpg,train,89
real_human_humanart_17000000001669.jpg,train,127
real_human_humanart_17000000001670.jpg,train,136
real_human_humanart_17000000001672.jpg,train,117
real_human_humanart_17000000001673.jpg,train,141
real_human_humanart_17000000001676.jpg,train,139
real_human_humanart_17000000001677.jpg,train,112
real_human_humanart_17000000001678.jpg,train,106
real_human_humanart_17000000001682.jpg,train,106
real_human_humanart_17000000001683.jpg,train,151
real_human_humanart_17000000001684.jpg,train,133
real_human_humanart_17000000001685.jpg,train,72
real_human_humanart_17000000001688.jpg,train,118
real_human_humanart_17000000001691.jpg,train,103
real_human_humanart_17000000001692.jpg,train,77
real_human_humanart_17000000001693.jpg,train,103
real_human_humanart_17000000001694.jpg,train,128
real_human_humanart_17000000001701.jpg,train,78
real_human_humanart_17000000001703.jpg,train,130
real_human_humanart_17000000001704.jpg,train,130
real_human_humanart_17000000001714.jpg,train,89
real_human_humanart_17000000001715.jpg,train,86
real_human_humanart_17000000001716.jpg,train,123
real_human_humanart_17000000001717.jpg,train,111
real_human_humanart_17000000001719.jpg,train,44
real_human_humanart_17000000001720.jpg,train,117
real_human_humanart_17000000001721.jpg,train,76
real_human_humanart_17000000001722.jpg,train,115
real_human_humanart_17000000001723.jpg,train,116
real_human_humanart_17000000001724.jpg,train,76
real_human_humanart_17000000001725.jpg,train,107
real_human_humanart_17000000001727.jpg,train,105
real_human_humanart_17000000001728.jpg,train,148
real_human_humanart_17000000001733.jpg,train,96
real_human_humanart_17000000001735.jpg,train,118
real_human_humanart_17000000001737.jpg,train,118
real_human_humanart_17000000001738.jpg,train,116
real_human_humanart_17000000001740.jpg,train,117
real_human_humanart_17000000001742.jpg,train,63
real_human_humanart_17000000001743.jpg,train,146
real_human_humanart_17000000001744.jpg,train,121
real_human_humanart_17000000001747.jpg,train,111
real_human_humanart_17000000001748.jpg,train,127
real_human_humanart_17000000001749.jpg,train,129
real_human_humanart_17000000001750.jpg,train,123
real_human_humanart_17000000001751.jpg,train,140
real_human_humanart_17000000001752.jpg,train,145
real_human_humanart_17000000001755.jpg,train,119
real_human_humanart_17000000001757.jpg,train,105
real_human_humanart_17000000001758.jpg,train,134
real_human_humanart_17000000001759.jpg,train,143
real_human_humanart_17000000001760.jpg,train,74
real_human_humanart_17000000001761.jpg,train,44
real_human_humanart_17000000001762.jpg,train,102
real_human_humanart_17000000001763.jpg,train,67
real_human_humanart_17000000001764.jpg,train,158
real_human_humanart_17000000001768.jpg,train,111
real_human_humanart_17000000001773.jpg,train,121
real_human_humanart_17000000001775.jpg,train,72
real_human_humanart_17000000001776.jpg,train,111
real_human_humanart_17000000001777.jpg,train,114
real_human_humanart_17000000001778.jpg,train,169
real_human_humanart_17000000001781.jpg,train,76
real_human_humanart_17000000001782.jpg,train,83
real_human_humanart_17000000001783.jpg,train,110
real_human_humanart_17000000001784.jpg,train,126
real_human_humanart_17000000001785.jpg,train,114
real_human_humanart_17000000001786.jpg,train,98
real_human_humanart_17000000001787.jpg,train,91
real_human_humanart_17000000001788.jpg,train,117
real_human_humanart_17000000001789.jpg,train,76
real_human_humanart_17000000001790.jpg,train,82
real_human_humanart_17000000001794.jpg,train,125
real_human_humanart_17000000001795.jpg,train,74
real_human_humanart_17000000001796.jpg,train,77
real_human_humanart_17000000001797.jpg,train,130
real_human_humanart_17000000001801.jpg,train,53
real_human_humanart_17000000001803.jpg,train,65
real_human_humanart_17000000001807.jpg,train,149
real_human_humanart_17000000001809.jpg,train,118
real_human_humanart_17000000001810.jpg,train,119
real_human_humanart_17000000001811.jpg,train,153
real_human_humanart_17000000001812.jpg,train,124
real_human_humanart_17000000001813.jpg,train,120
real_human_humanart_17000000001814.jpg,train,96
real_human_humanart_17000000001817.jpg,train,130
real_human_humanart_17000000001819.jpg,train,103
real_human_humanart_17000000001821.jpg,train,129
real_human_humanart_17000000001824.jpg,train,107
real_human_humanart_17000000001825.jpg,train,90
real_human_humanart_17000000001826.jpg,train,116
real_human_humanart_17000000001830.jpg,train,61
real_human_humanart_17000000001832.jpg,train,99
real_human_humanart_17000000001834.jpg,train,136
real_human_humanart_17000000001838.jpg,train,127
real_human_humanart_17000000001841.jpg,train,125
real_human_humanart_17000000001844.jpg,train,148
real_human_humanart_17000000001847.jpg,train,114
real_human_humanart_17000000001849.jpg,train,87
real_human_humanart_17000000001851.jpg,train,161
real_human_humanart_17000000001852.jpg,train,91
real_human_humanart_17000000001854.jpg,train,153
real_human_humanart_17000000001856.jpg,train,131
real_human_humanart_17000000001857.jpg,train,138
real_human_humanart_17000000001858.jpg,train,156
real_human_humanart_17000000001862.jpg,train,102
real_human_humanart_17000000001863.jpg,train,101
real_human_humanart_17000000001864.jpg,train,81
real_human_humanart_17000000001865.jpg,train,105
real_human_humanart_17000000001868.jpg,train,126
real_human_humanart_17000000001869.jpg,train,118
real_human_humanart_17000000001871.jpg,train,78
real_human_humanart_17000000001872.jpg,train,99
real_human_humanart_17000000001875.jpg,train,139
real_human_humanart_17000000001880.jpg,train,105
real_human_humanart_17000000001881.jpg,train,141
real_human_humanart_17000000001882.jpg,train,138
real_human_humanart_17000000001883.jpg,train,102
real_human_humanart_17000000001884.jpg,train,101
real_human_humanart_17000000001887.jpg,train,162
real_human_humanart_17000000001888.jpg,train,99
real_human_humanart_17000000001889.jpg,train,138
real_human_humanart_17000000001890.jpg,train,118
real_human_humanart_17000000001893.jpg,train,122
real_human_humanart_17000000001894.jpg,train,100
real_human_humanart_17000000001896.jpg,train,133
real_human_humanart_17000000001898.jpg,train,132
real_human_humanart_17000000001899.jpg,train,98
real_human_humanart_17000000001901.jpg,train,97
real_human_humanart_17000000001902.jpg,train,131
real_human_humanart_17000000001903.jpg,train,148
real_human_humanart_17000000001904.jpg,train,90
real_human_humanart_17000000001905.jpg,train,106
real_human_humanart_17000000001906.jpg,train,119
real_human_humanart_17000000001910.jpg,train,112
real_human_humanart_17000000001911.jpg,train,91
real_human_humanart_17000000001912.jpg,train,122
real_human_humanart_17000000001914.jpg,train,107
real_human_humanart_17000000001915.jpg,train,120
real_human_humanart_17000000001916.jpg,train,69
real_human_humanart_17000000001919.jpg,train,127
real_human_humanart_17000000001920.jpg,train,118
real_human_humanart_17000000001921.jpg,train,129
real_human_humanart_17000000001923.jpg,train,103
real_human_humanart_17000000001925.jpg,train,117
real_human_humanart_17000000001927.jpg,train,117
real_human_humanart_17000000001928.jpg,train,72
real_human_humanart_17000000001929.jpg,train,114
real_human_humanart_17000000001931.jpg,train,112
real_human_humanart_17000000001936.jpg,train,114
real_human_humanart_17000000001937.jpg,train,106
real_human_humanart_17000000001939.jpg,train,98
real_human_humanart_17000000001942.jpg,train,137
real_human_humanart_17000000001945.jpg,train,105
real_human_humanart_17000000001946.jpg,train,119
real_human_humanart_17000000001947.jpg,train,95
real_human_humanart_17000000001948.jpg,train,129
real_human_humanart_17000000001953.jpg,train,63
real_human_humanart_17000000001954.jpg,train,131
real_human_humanart_17000000001957.jpg,train,125
real_human_humanart_17000000001958.jpg,train,102
real_human_humanart_17000000001962.jpg,train,125
real_human_humanart_17000000001963.jpg,train,108
real_human_humanart_17000000001964.jpg,train,123
real_human_humanart_17000000001967.jpg,train,119
real_human_humanart_17000000001968.jpg,train,106
real_human_humanart_17000000001969.jpg,train,94
real_human_humanart_17000000001971.jpg,train,119
real_human_humanart_17000000001974.jpg,train,119
real_human_humanart_17000000001975.jpg,train,122
real_human_humanart_17000000001976.jpg,train,107
real_human_humanart_17000000001977.jpg,train,113
real_human_humanart_17000000001978.jpg,train,113
real_human_humanart_17000000001980.jpg,train,137
real_human_humanart_17000000001981.jpg,train,127
real_human_humanart_17000000001982.jpg,train,128
real_human_humanart_17000000001983.jpg,train,116
real_human_humanart_17000000001984.jpg,train,176
real_human_humanart_17000000001986.jpg,train,123
real_human_humanart_17000000001990.jpg,train,77
real_human_humanart_17000000001991.jpg,train,143
real_human_humanart_17000000001994.jpg,train,86
real_human_humanart_17000000001998.jpg,train,150
real_human_humanart_17000000001999.jpg,train,105
real_human_humanart_17000000002001.jpg,train,138
real_human_humanart_17000000002002.jpg,train,145
real_human_humanart_17000000002004.jpg,train,163
real_human_humanart_17000000002005.jpg,train,121
real_human_humanart_17000000002006.jpg,train,107
real_human_humanart_17000000002007.jpg,train,113
real_human_humanart_17000000002008.jpg,train,99
real_human_humanart_17000000002009.jpg,train,104
real_human_humanart_17000000002012.jpg,train,122
real_human_humanart_17000000002013.jpg,train,105
real_human_humanart_17000000002015.jpg,train,145
real_human_humanart_17000000002016.jpg,train,113
real_human_humanart_17000000002017.jpg,train,128
real_human_humanart_17000000002018.jpg,train,172
real_human_humanart_17000000002019.jpg,train,113
real_human_humanart_17000000002022.jpg,train,168
real_human_humanart_17000000002023.jpg,train,93
real_human_humanart_17000000002024.jpg,train,155
real_human_humanart_17000000002029.jpg,train,123
real_human_humanart_17000000002030.jpg,train,149
real_human_humanart_17000000002031.jpg,train,85
real_human_humanart_17000000002032.jpg,train,104
real_human_humanart_17000000002033.jpg,train,105
real_human_humanart_17000000002034.jpg,train,98
real_human_humanart_17000000002035.jpg,train,99
real_human_humanart_17000000002037.jpg,train,138
real_human_humanart_17000000002042.jpg,train,131
real_human_humanart_17000000002043.jpg,train,111
real_human_humanart_17000000002045.jpg,train,146
real_human_humanart_17000000002048.jpg,train,117
real_human_humanart_17000000002049.jpg,train,139
real_human_humanart_17000000002050.jpg,train,184
real_human_humanart_17000000002051.jpg,train,166
real_human_humanart_17000000002053.jpg,train,49
real_human_humanart_17000000002055.jpg,train,113
real_human_humanart_17000000002058.jpg,train,91
real_human_humanart_17000000002060.jpg,train,124
real_human_humanart_17000000002061.jpg,train,141
real_human_humanart_17000000002066.jpg,train,116
real_human_humanart_17000000002068.jpg,train,133
real_human_humanart_17000000002069.jpg,train,109
real_human_humanart_17000000002070.jpg,train,93
real_human_humanart_17000000002072.jpg,train,118
real_human_humanart_17000000002073.jpg,train,132
real_human_humanart_17000000002074.jpg,train,114
real_human_humanart_17000000002076.jpg,train,133
real_human_humanart_17000000002077.jpg,train,121
real_human_humanart_17000000002078.jpg,train,135
real_human_humanart_17000000002079.jpg,train,114
real_human_humanart_17000000002080.jpg,train,106
real_human_humanart_17000000002082.jpg,train,113
real_human_humanart_17000000002084.jpg,train,102
real_human_humanart_17000000002085.jpg,train,112
real_human_humanart_17000000002086.jpg,train,109
real_human_humanart_17000000002087.jpg,train,122
real_human_humanart_17000000002089.jpg,train,125
real_human_humanart_17000000002090.jpg,train,100
real_human_humanart_17000000002094.jpg,train,100
real_human_humanart_17000000002095.jpg,train,135
real_human_humanart_17000000002097.jpg,train,118
real_human_humanart_17000000002098.jpg,train,181
real_human_humanart_17000000002100.jpg,train,149
real_human_humanart_17000000002102.jpg,train,95
real_human_humanart_17000000002103.jpg,train,125
real_human_humanart_17000000002105.jpg,train,120
real_human_humanart_17000000002108.jpg,train,139
real_human_humanart_17000000002109.jpg,train,139
real_human_humanart_17000000002110.jpg,train,170
real_human_humanart_17000000002111.jpg,train,117
real_human_humanart_17000000002114.jpg,train,123
real_human_humanart_17000000002115.jpg,train,121
real_human_humanart_17000000002117.jpg,train,157
real_human_humanart_17000000002118.jpg,train,191
real_human_humanart_17000000002119.jpg,train,164
real_human_humanart_17000000002120.jpg,train,152
real_human_humanart_17000000002122.jpg,train,116
real_human_humanart_17000000002123.jpg,train,199
real_human_humanart_17000000002124.jpg,train,79
real_human_humanart_17000000002125.jpg,train,135
real_human_humanart_17000000002126.jpg,train,106
real_human_humanart_17000000002127.jpg,train,103
real_human_humanart_17000000002128.jpg,train,114
real_human_humanart_17000000002130.jpg,train,158
real_human_humanart_17000000002131.jpg,train,149
real_human_humanart_17000000002132.jpg,train,127
real_human_humanart_17000000002137.jpg,train,124
real_human_humanart_17000000002138.jpg,train,128
real_human_humanart_17000000002140.jpg,train,106
real_human_humanart_17000000002142.jpg,train,118
real_human_humanart_17000000002143.jpg,train,85
real_human_humanart_17000000002145.jpg,train,122
real_human_humanart_17000000002147.jpg,train,101
real_human_humanart_17000000002148.jpg,train,108
real_human_humanart_17000000002150.jpg,train,110
real_human_humanart_17000000002151.jpg,train,140
real_human_humanart_17000000002152.jpg,train,145
real_human_humanart_17000000002153.jpg,train,57
real_human_humanart_17000000002157.jpg,train,139
real_human_humanart_17000000002158.jpg,train,114
real_human_humanart_17000000002161.jpg,train,121
real_human_humanart_17000000002163.jpg,train,100
real_human_humanart_17000000002164.jpg,train,94
real_human_humanart_17000000002165.jpg,train,148
real_human_humanart_17000000002167.jpg,train,106
real_human_humanart_17000000002170.jpg,train,139
real_human_humanart_17000000002171.jpg,train,103
real_human_humanart_17000000002174.jpg,train,121
real_human_humanart_17000000002175.jpg,train,155
real_human_humanart_17000000002177.jpg,train,111
real_human_humanart_17000000002179.jpg,train,138
real_human_humanart_17000000002183.jpg,train,123
real_human_humanart_17000000002185.jpg,train,128
real_human_humanart_17000000002187.jpg,train,175
real_human_humanart_17000000002189.jpg,train,117
real_human_humanart_17000000002190.jpg,train,137
real_human_humanart_17000000002191.jpg,train,165
real_human_humanart_17000000002192.jpg,train,166
real_human_humanart_17000000002193.jpg,train,116
real_human_humanart_17000000002194.jpg,train,101
real_human_humanart_17000000002198.jpg,train,148
real_human_humanart_17000000002200.jpg,train,146
real_human_humanart_17000000002201.jpg,train,170
real_human_humanart_17000000002202.jpg,train,180
real_human_humanart_17000000002203.jpg,train,145
real_human_humanart_17000000002204.jpg,train,140
real_human_humanart_17000000002206.jpg,train,154
real_human_humanart_17000000002208.jpg,train,135
real_human_humanart_17000000002209.jpg,train,125
real_human_humanart_17000000002210.jpg,train,99
real_human_humanart_17000000002212.jpg,train,100
real_human_humanart_17000000002213.jpg,train,118
real_human_humanart_17000000002214.jpg,train,97
real_human_humanart_17000000002215.jpg,train,137
real_human_humanart_17000000002216.jpg,train,116
real_human_humanart_17000000002217.jpg,train,151
real_human_humanart_17000000002221.jpg,train,151
real_human_humanart_17000000002229.jpg,train,111
real_human_humanart_17000000002231.jpg,train,104
real_human_humanart_17000000002232.jpg,train,86
real_human_humanart_17000000002234.jpg,train,123
real_human_humanart_17000000002236.jpg,train,78
real_human_humanart_17000000002238.jpg,train,116
real_human_humanart_17000000002240.jpg,train,111
real_human_humanart_17000000002243.jpg,train,132
real_human_humanart_17000000002244.jpg,train,105
real_human_humanart_17000000002247.jpg,train,138
real_human_humanart_17000000002248.jpg,train,166
real_human_humanart_17000000002249.jpg,train,112
real_human_humanart_17000000002253.jpg,train,90
real_human_humanart_17000000002260.jpg,train,126
real_human_humanart_17000000002262.jpg,train,136
real_human_humanart_17000000002264.jpg,train,78
real_human_humanart_17000000002265.jpg,train,186
real_human_humanart_17000000002267.jpg,train,80
real_human_humanart_17000000002268.jpg,train,134
real_human_humanart_17000000002270.jpg,train,131
real_human_humanart_17000000002271.jpg,train,90
real_human_humanart_17000000002272.jpg,train,124
real_human_humanart_17000000002273.jpg,train,168
real_human_humanart_17000000002274.jpg,train,117
real_human_humanart_17000000002277.jpg,train,91
real_human_humanart_17000000002278.jpg,train,118
real_human_humanart_17000000002279.jpg,train,107
real_human_humanart_17000000002281.jpg,train,130
real_human_humanart_17000000002282.jpg,train,97
real_human_humanart_17000000002285.jpg,train,116
real_human_humanart_17000000002286.jpg,train,107
real_human_humanart_17000000002288.jpg,train,94
real_human_humanart_17000000002289.jpg,train,151
real_human_humanart_17000000002291.jpg,train,111
real_human_humanart_17000000002292.jpg,train,100
real_human_humanart_17000000002293.jpg,train,119
real_human_humanart_17000000002297.jpg,train,86
real_human_humanart_17000000002298.jpg,train,151
real_human_humanart_17000000002299.jpg,train,148
real_human_humanart_17000000002300.jpg,train,144
real_human_humanart_17000000002302.jpg,train,131
real_human_humanart_17000000002305.jpg,train,130
real_human_humanart_17000000002306.jpg,train,133
real_human_humanart_17000000002312.jpg,train,142
real_human_humanart_17000000002313.jpg,train,109
real_human_humanart_17000000002314.jpg,train,104
real_human_humanart_17000000002315.jpg,train,129
real_human_humanart_17000000002316.jpg,train,171
real_human_humanart_17000000002317.jpg,train,111
real_human_humanart_17000000002318.jpg,train,130
real_human_humanart_17000000002323.jpg,train,98
real_human_humanart_17000000002326.jpg,train,113
real_human_humanart_17000000002327.jpg,train,105
real_human_humanart_17000000002329.jpg,train,97
real_human_humanart_17000000002330.jpg,train,101
real_human_humanart_17000000002331.jpg,train,95
real_human_humanart_17000000002332.jpg,train,104
real_human_humanart_17000000002336.jpg,train,162
real_human_humanart_17000000002338.jpg,train,119
real_human_humanart_17000000002339.jpg,train,94
real_human_humanart_17000000002341.jpg,train,167
real_human_humanart_17000000002342.jpg,train,99
real_human_humanart_17000000002343.jpg,train,145
real_human_humanart_17000000002344.jpg,train,129
real_human_humanart_17000000002345.jpg,train,109
real_human_humanart_17000000002349.jpg,train,135
real_human_humanart_17000000002350.jpg,train,97
real_human_humanart_17000000002353.jpg,train,113
real_human_humanart_17000000002354.jpg,train,168
real_human_humanart_17000000002355.jpg,train,115
real_human_humanart_17000000002356.jpg,train,108
real_human_humanart_17000000002357.jpg,train,107
real_human_humanart_17000000002358.jpg,train,91
real_human_humanart_17000000002359.jpg,train,60
real_human_humanart_17000000002360.jpg,train,65
real_human_humanart_17000000002361.jpg,train,125
real_human_humanart_17000000002364.jpg,train,120
real_human_humanart_17000000002365.jpg,train,118
real_human_humanart_17000000002366.jpg,train,135
real_human_humanart_17000000002367.jpg,train,103
real_human_humanart_17000000002369.jpg,train,67
real_human_humanart_17000000002370.jpg,train,64
real_human_humanart_17000000002372.jpg,train,106
real_human_humanart_17000000002373.jpg,train,117
real_human_humanart_17000000002376.jpg,train,118
real_human_humanart_17000000002377.jpg,train,107
real_human_humanart_17000000002378.jpg,train,141
real_human_humanart_17000000002382.jpg,train,118
real_human_humanart_17000000002383.jpg,train,103
real_human_humanart_17000000002386.jpg,train,168
real_human_humanart_17000000002388.jpg,train,94
real_human_humanart_17000000002389.jpg,train,90
real_human_humanart_17000000002392.jpg,train,104
real_human_humanart_17000000002393.jpg,train,74
real_human_humanart_17000000002394.jpg,train,87
real_human_humanart_17000000002396.jpg,train,83
real_human_humanart_17000000002398.jpg,train,121
real_human_humanart_17000000002399.jpg,train,115
real_human_humanart_17000000002400.jpg,train,135
real_human_humanart_17000000002404.jpg,train,123
real_human_humanart_17000000002405.jpg,train,130
real_human_humanart_17000000002407.jpg,train,144
real_human_humanart_17000000002409.jpg,train,131
real_human_humanart_17000000002411.jpg,train,104
real_human_humanart_17000000002412.jpg,train,157
real_human_humanart_17000000002414.jpg,train,75
real_human_humanart_17000000002416.jpg,train,129
real_human_humanart_17000000002417.jpg,train,152
real_human_humanart_17000000002421.jpg,train,122
real_human_humanart_17000000002422.jpg,train,130
real_human_humanart_17000000002423.jpg,train,139
real_human_humanart_17000000002424.jpg,train,119
real_human_humanart_17000000002425.jpg,train,138
real_human_humanart_17000000002426.jpg,train,107
real_human_humanart_17000000002427.jpg,train,134
real_human_humanart_17000000002428.jpg,train,142
real_human_humanart_17000000002429.jpg,train,127
real_human_humanart_17000000002432.jpg,train,112
real_human_humanart_17000000002433.jpg,train,129
real_human_humanart_17000000002434.jpg,train,130
real_human_humanart_17000000002435.jpg,train,103
real_human_humanart_17000000002436.jpg,train,144
real_human_humanart_17000000002437.jpg,train,103
real_human_humanart_17000000002440.jpg,train,128
real_human_humanart_17000000002441.jpg,train,121
real_human_humanart_17000000002442.jpg,train,111
real_human_humanart_17000000002443.jpg,train,133
real_human_humanart_17000000002445.jpg,train,116
real_human_humanart_17000000002449.jpg,train,103
real_human_humanart_17000000002450.jpg,train,124
real_human_humanart_17000000002452.jpg,train,101
real_human_humanart_17000000002454.jpg,train,123
real_human_humanart_17000000002457.jpg,train,134
real_human_humanart_17000000002458.jpg,train,51
real_human_humanart_17000000002459.jpg,train,118
real_human_humanart_17000000002460.jpg,train,116
real_human_humanart_17000000002465.jpg,train,125
real_human_humanart_17000000002466.jpg,train,130
real_human_humanart_17000000002469.jpg,train,128
real_human_humanart_17000000002470.jpg,train,115
real_human_humanart_17000000002471.jpg,train,104
real_human_humanart_17000000002472.jpg,train,92
real_human_humanart_17000000002473.jpg,train,145
real_human_humanart_17000000002474.jpg,train,87
real_human_humanart_17000000002475.jpg,train,129
real_human_humanart_17000000002476.jpg,train,116
real_human_humanart_17000000002478.jpg,train,103
real_human_humanart_17000000002479.jpg,train,89
real_human_humanart_17000000002482.jpg,train,74
real_human_humanart_17000000002483.jpg,train,168
real_human_humanart_17000000002484.jpg,train,165
real_human_humanart_17000000002485.jpg,train,105
real_human_humanart_17000000002487.jpg,train,139
real_human_humanart_17000000002488.jpg,train,85
real_human_humanart_17000000002491.jpg,train,110
real_human_humanart_17000000002492.jpg,train,132
real_human_humanart_17000000002493.jpg,train,55
real_human_humanart_17000000002494.jpg,train,133
real_human_humanart_17000000002497.jpg,train,125
real_human_humanart_17000000002498.jpg,train,141
real_human_humanart_17000000002499.jpg,train,108
real_human_humanart_17000000002500.jpg,train,105
real_human_humanart_17000000002501.jpg,train,106
real_human_humanart_17000000002502.jpg,train,127
real_human_humanart_17000000002504.jpg,train,157
real_human_humanart_17000000002505.jpg,train,125
real_human_humanart_17000000002506.jpg,train,105
real_human_humanart_17000000002507.jpg,train,117
real_human_humanart_17000000002508.jpg,train,86
real_human_humanart_17000000002510.jpg,train,132
real_human_humanart_17000000002511.jpg,train,110
real_human_humanart_17000000002512.jpg,train,86
real_human_humanart_17000000002513.jpg,train,150
real_human_humanart_17000000002515.jpg,train,104
real_human_humanart_17000000002516.jpg,train,97
real_human_humanart_17000000002518.jpg,train,83
real_human_humanart_17000000002522.jpg,train,111
real_human_humanart_17000000002526.jpg,train,162
real_human_humanart_17000000002527.jpg,train,103
real_human_humanart_17000000002528.jpg,train,85
real_human_humanart_17000000002529.jpg,train,126
real_human_humanart_17000000002532.jpg,train,89
real_human_humanart_17000000002534.jpg,train,138
real_human_humanart_17000000002536.jpg,train,114
real_human_humanart_17000000002537.jpg,train,101
real_human_humanart_17000000002538.jpg,train,131
real_human_humanart_17000000002539.jpg,train,159
real_human_humanart_17000000002540.jpg,train,128
sculpture_humanart_14000000000001.jpg,train,104
sculpture_humanart_14000000000002.jpg,train,139
sculpture_humanart_14000000000003.jpg,train,190
sculpture_humanart_14000000000005.jpg,train,103
sculpture_humanart_14000000000014.jpg,train,146
sculpture_humanart_14000000000025.jpg,train,138
sculpture_humanart_14000000000027.jpg,train,124
sculpture_humanart_14000000000028.jpg,train,123
sculpture_humanart_14000000000029.jpg,train,168
sculpture_humanart_14000000000030.jpg,train,115
sculpture_humanart_14000000000031.jpg,train,103
sculpture_humanart_14000000000032.jpg,train,143
sculpture_humanart_14000000000036.jpg,train,118
sculpture_humanart_14000000000040.jpg,train,95
sculpture_humanart_14000000000041.jpg,train,84
sculpture_humanart_14000000000042.jpg,train,163
sculpture_humanart_14000000000045.jpg,train,113
sculpture_humanart_14000000000048.jpg,train,141
sculpture_humanart_14000000000049.jpg,train,132
sculpture_humanart_14000000000050.jpg,train,139
sculpture_humanart_14000000000051.jpg,train,148
sculpture_humanart_14000000000055.jpg,train,138
sculpture_humanart_14000000000056.jpg,train,53
sculpture_humanart_14000000000058.jpg,train,95
sculpture_humanart_14000000000059.jpg,train,140
sculpture_humanart_14000000000063.jpg,train,133
sculpture_humanart_14000000000064.jpg,train,148
sculpture_humanart_14000000000065.jpg,train,113
sculpture_humanart_14000000000066.jpg,train,110
sculpture_humanart_14000000000068.jpg,train,119
sculpture_humanart_14000000000070.jpg,train,78
sculpture_humanart_14000000000072.jpg,train,107
sculpture_humanart_14000000000073.jpg,train,80
sculpture_humanart_14000000000074.jpg,train,140
sculpture_humanart_14000000000079.jpg,train,78
sculpture_humanart_14000000000080.jpg,train,120
sculpture_humanart_14000000000081.jpg,train,105
sculpture_humanart_14000000000082.jpg,train,196
sculpture_humanart_14000000000083.jpg,train,118
sculpture_humanart_14000000000084.jpg,train,146
sculpture_humanart_14000000000093.jpg,train,89
sculpture_humanart_14000000000098.jpg,train,115
sculpture_humanart_14000000000099.jpg,train,96
sculpture_humanart_14000000000105.jpg,train,95
sculpture_humanart_14000000000107.jpg,train,135
sculpture_humanart_14000000000109.jpg,train,193
sculpture_humanart_14000000000114.jpg,train,100
sculpture_humanart_14000000000118.jpg,train,137
sculpture_humanart_14000000000119.jpg,train,146
sculpture_humanart_14000000000120.jpg,train,83
sculpture_humanart_14000000000124.jpg,train,146
sculpture_humanart_14000000000131.jpg,train,136
sculpture_humanart_14000000000132.jpg,train,109
sculpture_humanart_14000000000136.jpg,train,125
sculpture_humanart_14000000000137.jpg,train,52
sculpture_humanart_14000000000141.jpg,train,89
sculpture_humanart_14000000000143.jpg,train,120
sculpture_humanart_14000000000149.jpg,train,134
sculpture_humanart_14000000000150.jpg,train,72
sculpture_humanart_14000000000151.jpg,train,59
sculpture_humanart_14000000000153.jpg,train,98
sculpture_humanart_14000000000154.jpg,train,126
sculpture_humanart_14000000000156.jpg,train,106
sculpture_humanart_14000000000158.jpg,train,136
sculpture_humanart_14000000000159.jpg,train,111
sculpture_humanart_14000000000161.jpg,train,49
sculpture_humanart_14000000000162.jpg,train,139
sculpture_humanart_14000000000164.jpg,train,100
sculpture_humanart_14000000000165.jpg,train,142
sculpture_humanart_14000000000174.jpg,train,119
sculpture_humanart_14000000000175.jpg,train,92
sculpture_humanart_14000000000176.jpg,train,54
sculpture_humanart_14000000000181.jpg,train,119
sculpture_humanart_14000000000184.jpg,train,96
sculpture_humanart_14000000000185.jpg,train,116
sculpture_humanart_14000000000187.jpg,train,94
sculpture_humanart_14000000000191.jpg,train,104
sculpture_humanart_14000000000192.jpg,train,117
sculpture_humanart_14000000000196.jpg,train,76
sculpture_humanart_14000000000198.jpg,train,138
sculpture_humanart_14000000000200.jpg,train,118
sculpture_humanart_14000000000208.jpg,train,125
sculpture_humanart_14000000000211.jpg,train,123
sculpture_humanart_14000000000214.jpg,train,90
sculpture_humanart_14000000000215.jpg,train,106
sculpture_humanart_14000000000218.jpg,train,90
sculpture_humanart_14000000000219.jpg,train,121
sculpture_humanart_14000000000224.jpg,train,93
sculpture_humanart_14000000000225.jpg,train,123
sculpture_humanart_14000000000226.jpg,train,119
sculpture_humanart_14000000000232.jpg,train,132
sculpture_humanart_14000000000233.jpg,train,126
sculpture_humanart_14000000000235.jpg,train,117
sculpture_humanart_14000000000236.jpg,train,138
sculpture_humanart_14000000000239.jpg,train,140
sculpture_humanart_14000000000241.jpg,train,98
sculpture_humanart_14000000000242.jpg,train,116
sculpture_humanart_14000000000244.jpg,train,199
sculpture_humanart_14000000000250.jpg,train,84
sculpture_humanart_14000000000257.jpg,train,112
sculpture_humanart_14000000000259.jpg,train,110
sculpture_humanart_14000000000260.jpg,train,134
sculpture_humanart_14000000000261.jpg,train,138
sculpture_humanart_14000000000264.jpg,train,126
sculpture_humanart_14000000000265.jpg,train,144
sculpture_humanart_14000000000268.jpg,train,125
sculpture_humanart_14000000000269.jpg,train,116
sculpture_humanart_14000000000270.jpg,train,169
sculpture_humanart_14000000000275.jpg,train,68
sculpture_humanart_14000000000278.jpg,train,69
sculpture_humanart_14000000000280.jpg,train,141
sculpture_humanart_14000000000287.jpg,train,124
sculpture_humanart_14000000000289.jpg,train,206
sculpture_humanart_14000000000290.jpg,train,122
sculpture_humanart_14000000000298.jpg,train,109
sculpture_humanart_14000000000301.jpg,train,149
sculpture_humanart_14000000000302.jpg,train,107
sculpture_humanart_14000000000303.jpg,train,121
sculpture_humanart_14000000000306.jpg,train,119
sculpture_humanart_14000000000310.jpg,train,133
sculpture_humanart_14000000000312.jpg,train,97
sculpture_humanart_14000000000313.jpg,train,131
sculpture_humanart_14000000000317.jpg,train,139
sculpture_humanart_14000000000319.jpg,train,142
sculpture_humanart_14000000000321.jpg,train,139
sculpture_humanart_14000000000327.jpg,train,111
sculpture_humanart_14000000000328.jpg,train,56
sculpture_humanart_14000000000330.jpg,train,106
sculpture_humanart_14000000000334.jpg,train,92
sculpture_humanart_14000000000336.jpg,train,83
sculpture_humanart_14000000000337.jpg,train,100
sculpture_humanart_14000000000339.jpg,train,135
sculpture_humanart_14000000000341.jpg,train,105
sculpture_humanart_14000000000344.jpg,train,105
sculpture_humanart_14000000000345.jpg,train,103
sculpture_humanart_14000000000347.jpg,train,145
sculpture_humanart_14000000000348.jpg,train,168
sculpture_humanart_14000000000350.jpg,train,117
sculpture_humanart_14000000000351.jpg,train,149
sculpture_humanart_14000000000355.jpg,train,112
sculpture_humanart_14000000000358.jpg,train,118
sculpture_humanart_14000000000360.jpg,train,110
sculpture_humanart_14000000000362.jpg,train,56
sculpture_humanart_14000000000365.jpg,train,142
sculpture_humanart_14000000000367.jpg,train,77
sculpture_humanart_14000000000368.jpg,train,96
sculpture_humanart_14000000000369.jpg,train,114
sculpture_humanart_14000000000379.jpg,train,149
sculpture_humanart_14000000000384.jpg,train,87
sculpture_humanart_14000000000385.jpg,train,109
sculpture_humanart_14000000000391.jpg,train,102
sculpture_humanart_14000000000393.jpg,train,124
sculpture_humanart_14000000000396.jpg,train,134
sculpture_humanart_14000000000397.jpg,train,102
sculpture_humanart_14000000000402.jpg,train,194
sculpture_humanart_14000000000408.jpg,train,89
sculpture_humanart_14000000000417.jpg,train,54
sculpture_humanart_14000000000424.jpg,train,105
sculpture_humanart_14000000000425.jpg,train,117
sculpture_humanart_14000000000427.jpg,train,90
sculpture_humanart_14000000000430.jpg,train,150
sculpture_humanart_14000000000431.jpg,train,154
sculpture_humanart_14000000000432.jpg,train,104
sculpture_humanart_14000000000435.jpg,train,70
sculpture_humanart_14000000000438.jpg,train,142
sculpture_humanart_14000000000448.jpg,train,128
sculpture_humanart_14000000000452.jpg,train,96
sculpture_humanart_14000000000454.jpg,train,119
sculpture_humanart_14000000000456.jpg,train,105
sculpture_humanart_14000000000459.jpg,train,130
sculpture_humanart_14000000000461.jpg,train,113
sculpture_humanart_14000000000465.jpg,train,72
sculpture_humanart_14000000000473.jpg,train,125
sculpture_humanart_14000000000474.jpg,train,152
sculpture_humanart_14000000000475.jpg,train,116
sculpture_humanart_14000000000477.jpg,train,116
sculpture_humanart_14000000000479.jpg,train,117
sculpture_humanart_14000000000486.jpg,train,159
sculpture_humanart_14000000000489.jpg,train,130
sculpture_humanart_14000000000491.jpg,train,176
sculpture_humanart_14000000000497.jpg,train,152
sculpture_humanart_14000000000499.jpg,train,124
sculpture_humanart_14000000000503.jpg,train,114
sculpture_humanart_14000000000504.jpg,train,121
sculpture_humanart_14000000000505.jpg,train,114
sculpture_humanart_14000000000506.jpg,train,162
sculpture_humanart_14000000000507.jpg,train,203
sculpture_humanart_14000000000508.jpg,train,102
sculpture_humanart_14000000000519.jpg,train,67
sculpture_humanart_14000000000532.jpg,train,135
sculpture_humanart_14000000000540.jpg,train,112
sculpture_humanart_14000000000541.jpg,train,111
sculpture_humanart_14000000000544.jpg,train,106
sculpture_humanart_14000000000545.jpg,train,89
sculpture_humanart_14000000000546.jpg,train,152
sculpture_humanart_14000000000550.jpg,train,125
sculpture_humanart_14000000000552.jpg,train,120
sculpture_humanart_14000000000555.jpg,train,106
sculpture_humanart_14000000000559.jpg,train,132
sculpture_humanart_14000000000560.jpg,train,134
sculpture_humanart_14000000000563.jpg,train,135
sculpture_humanart_14000000000567.jpg,train,123
sculpture_humanart_14000000000568.jpg,train,82
sculpture_humanart_14000000000570.jpg,train,116
sculpture_humanart_14000000000580.jpg,train,99
sculpture_humanart_14000000000586.jpg,train,125
sculpture_humanart_14000000000592.jpg,train,131
sculpture_humanart_14000000000603.jpg,train,95
sculpture_humanart_14000000000605.jpg,train,74
sculpture_humanart_14000000000608.jpg,train,113
sculpture_humanart_14000000000609.jpg,train,122
sculpture_humanart_14000000000611.jpg,train,128
sculpture_humanart_14000000000614.jpg,train,139
sculpture_humanart_14000000000619.jpg,train,77
sculpture_humanart_14000000000624.jpg,train,121
sculpture_humanart_14000000000625.jpg,train,109
sculpture_humanart_14000000000626.jpg,train,114
sculpture_humanart_14000000000629.jpg,train,124
sculpture_humanart_14000000000634.jpg,train,117
sculpture_humanart_14000000000638.jpg,train,122
sculpture_humanart_14000000000642.jpg,train,107
sculpture_humanart_14000000000649.jpg,train,111
sculpture_humanart_14000000000651.jpg,train,129
sculpture_humanart_14000000000652.jpg,train,89
sculpture_humanart_14000000000653.jpg,train,56
sculpture_humanart_14000000000656.jpg,train,187
sculpture_humanart_14000000000661.jpg,train,82
sculpture_humanart_14000000000663.jpg,train,105
sculpture_humanart_14000000000666.jpg,train,119
sculpture_humanart_14000000000676.jpg,train,102
sculpture_humanart_14000000000678.jpg,train,86
sculpture_humanart_14000000000679.jpg,train,115
sculpture_humanart_14000000000682.jpg,train,71
sculpture_humanart_14000000000686.jpg,train,64
sculpture_humanart_14000000000690.jpg,train,110
sculpture_humanart_14000000000692.jpg,train,136
sculpture_humanart_14000000000698.jpg,train,159
sculpture_humanart_14000000000703.jpg,train,116
sculpture_humanart_14000000000709.jpg,train,100
sculpture_humanart_14000000000712.jpg,train,91
sculpture_humanart_14000000000713.jpg,train,120
sculpture_humanart_14000000000714.jpg,train,109
sculpture_humanart_14000000000717.jpg,train,133
sculpture_humanart_14000000000718.jpg,train,272
sculpture_humanart_14000000000719.jpg,train,115
sculpture_humanart_14000000000720.jpg,train,131
sculpture_humanart_14000000000723.jpg,train,121
sculpture_humanart_14000000000724.jpg,train,117
sculpture_humanart_14000000000727.jpg,train,117
sculpture_humanart_14000000000732.jpg,train,133
sculpture_humanart_14000000000739.jpg,train,113
sculpture_humanart_14000000000740.jpg,train,117
sculpture_humanart_14000000000743.jpg,train,112
sculpture_humanart_14000000000749.jpg,train,109
sculpture_humanart_14000000000752.jpg,train,85
sculpture_humanart_14000000000753.jpg,train,97
sculpture_humanart_14000000000755.jpg,train,97
sculpture_humanart_14000000000757.jpg,train,78
sculpture_humanart_14000000000759.jpg,train,116
sculpture_humanart_14000000000760.jpg,train,138
sculpture_humanart_14000000000761.jpg,train,142
sculpture_humanart_14000000000766.jpg,train,160
sculpture_humanart_14000000000768.jpg,train,154
sculpture_humanart_14000000000774.jpg,train,71
sculpture_humanart_14000000000777.jpg,train,93
sculpture_humanart_14000000000780.jpg,train,127
sculpture_humanart_14000000000781.jpg,train,114
sculpture_humanart_14000000000784.jpg,train,124
sculpture_humanart_14000000000785.jpg,train,120
sculpture_humanart_14000000000788.jpg,train,83
sculpture_humanart_14000000000793.jpg,train,120
sculpture_humanart_14000000000795.jpg,train,157
sculpture_humanart_14000000000796.jpg,train,127
sculpture_humanart_14000000000797.jpg,train,105
sculpture_humanart_14000000000802.jpg,train,134
sculpture_humanart_14000000000804.jpg,train,130
sculpture_humanart_14000000000805.jpg,train,118
sculpture_humanart_14000000000806.jpg,train,50
sculpture_humanart_14000000000807.jpg,train,130
sculpture_humanart_14000000000811.jpg,train,122
sculpture_humanart_14000000000814.jpg,train,127
sculpture_humanart_14000000000817.jpg,train,151
sculpture_humanart_14000000000818.jpg,train,117
sculpture_humanart_14000000000820.jpg,train,54
sculpture_humanart_14000000000826.jpg,train,98
sculpture_humanart_14000000000834.jpg,train,106
sculpture_humanart_14000000000838.jpg,train,111
sculpture_humanart_14000000000840.jpg,train,129
sculpture_humanart_14000000000845.jpg,train,124
sculpture_humanart_14000000000847.jpg,train,115
sculpture_humanart_14000000000849.jpg,train,121
sculpture_humanart_14000000000852.jpg,train,90
sculpture_humanart_14000000000855.jpg,train,127
sculpture_humanart_14000000000856.jpg,train,108
sculpture_humanart_14000000000857.jpg,train,102
sculpture_humanart_14000000000861.jpg,train,102
sculpture_humanart_14000000000862.jpg,train,118
sculpture_humanart_14000000000863.jpg,train,121
sculpture_humanart_14000000000864.jpg,train,120
sculpture_humanart_14000000000866.jpg,train,46
sculpture_humanart_14000000000867.jpg,train,109
sculpture_humanart_14000000000868.jpg,train,87
sculpture_humanart_14000000000871.jpg,train,89
sculpture_humanart_14000000000873.jpg,train,117
sculpture_humanart_14000000000875.jpg,train,134
sculpture_humanart_14000000000882.jpg,train,112
sculpture_humanart_14000000000887.jpg,train,120
sculpture_humanart_14000000000890.jpg,train,77
sculpture_humanart_14000000000892.jpg,train,152
sculpture_humanart_14000000000894.jpg,train,138
sculpture_humanart_14000000000900.jpg,train,83
sculpture_humanart_14000000000905.jpg,train,75
sculpture_humanart_14000000000906.jpg,train,100
sculpture_humanart_14000000000907.jpg,train,104
sculpture_humanart_14000000000915.jpg,train,78
sculpture_humanart_14000000000919.jpg,train,115
sculpture_humanart_14000000000924.jpg,train,157
sculpture_humanart_14000000000927.jpg,train,91
sculpture_humanart_14000000000928.jpg,train,46
sculpture_humanart_14000000000929.jpg,train,73
sculpture_humanart_14000000000930.jpg,train,114
sculpture_humanart_14000000000933.jpg,train,101
sculpture_humanart_14000000000934.jpg,train,132
sculpture_humanart_14000000000935.jpg,train,130
sculpture_humanart_14000000000940.jpg,train,122
sculpture_humanart_14000000000947.jpg,train,117
sculpture_humanart_14000000000957.jpg,train,111
sculpture_humanart_14000000000959.jpg,train,120
sculpture_humanart_14000000000964.jpg,train,124
sculpture_humanart_14000000000966.jpg,train,70
sculpture_humanart_14000000000969.jpg,train,170
sculpture_humanart_14000000000971.jpg,train,132
sculpture_humanart_14000000000972.jpg,train,157
sculpture_humanart_14000000000975.jpg,train,117
sculpture_humanart_14000000000980.jpg,train,141
sculpture_humanart_14000000000981.jpg,train,138
sculpture_humanart_14000000000982.jpg,train,100
sculpture_humanart_14000000000985.jpg,train,118
sculpture_humanart_14000000000991.jpg,train,143
sculpture_humanart_14000000000997.jpg,train,106
sculpture_humanart_14000000000999.jpg,train,75
sculpture_humanart_14000000001003.jpg,train,102
sculpture_humanart_14000000001005.jpg,train,151
sculpture_humanart_14000000001006.jpg,train,101
sculpture_humanart_14000000001010.jpg,train,84
sculpture_humanart_14000000001013.jpg,train,145
sculpture_humanart_14000000001017.jpg,train,100
sculpture_humanart_14000000001018.jpg,train,111
sculpture_humanart_14000000001023.jpg,train,101
sculpture_humanart_14000000001027.jpg,train,79
sculpture_humanart_14000000001031.jpg,train,118
sculpture_humanart_14000000001032.jpg,train,143
sculpture_humanart_14000000001034.jpg,train,94
sculpture_humanart_14000000001035.jpg,train,64
sculpture_humanart_14000000001036.jpg,train,155
sculpture_humanart_14000000001039.jpg,train,86
sculpture_humanart_14000000001040.jpg,train,102
sculpture_humanart_14000000001044.jpg,train,105
sculpture_humanart_14000000001045.jpg,train,152
sculpture_humanart_14000000001047.jpg,train,116
sculpture_humanart_14000000001048.jpg,train,174
sculpture_humanart_14000000001049.jpg,train,152
sculpture_humanart_14000000001055.jpg,train,102
sculpture_humanart_14000000001062.jpg,train,131
sculpture_humanart_14000000001072.jpg,train,140
sculpture_humanart_14000000001076.jpg,train,87
sculpture_humanart_14000000001078.jpg,train,124
sculpture_humanart_14000000001084.jpg,train,86
sculpture_humanart_14000000001088.jpg,train,109
sculpture_humanart_14000000001089.jpg,train,127
sculpture_humanart_14000000001091.jpg,train,92
sculpture_humanart_14000000001098.jpg,train,151
sculpture_humanart_14000000001099.jpg,train,49
sculpture_humanart_14000000001102.jpg,train,119
sculpture_humanart_14000000001103.jpg,train,69
sculpture_humanart_14000000001109.jpg,train,98
sculpture_humanart_14000000001117.jpg,train,113
sculpture_humanart_14000000001122.jpg,train,143
sculpture_humanart_14000000001123.jpg,train,132
sculpture_humanart_14000000001125.jpg,train,90
sculpture_humanart_14000000001127.jpg,train,132
sculpture_humanart_14000000001129.jpg,train,80
sculpture_humanart_14000000001134.jpg,train,84
sculpture_humanart_14000000001135.jpg,train,66
sculpture_humanart_14000000001136.jpg,train,83
sculpture_humanart_14000000001154.jpg,train,249
sculpture_humanart_14000000001155.jpg,train,110
sculpture_humanart_14000000001162.jpg,train,124
sculpture_humanart_14000000001165.jpg,train,116
sculpture_humanart_14000000001176.jpg,train,108
sculpture_humanart_14000000001178.jpg,train,101
sculpture_humanart_14000000001179.jpg,train,140
sculpture_humanart_14000000001189.jpg,train,152
sculpture_humanart_14000000001190.jpg,train,129
sculpture_humanart_14000000001194.jpg,train,183
sculpture_humanart_14000000001198.jpg,train,99
sculpture_humanart_14000000001200.jpg,train,124
sculpture_humanart_14000000001208.jpg,train,114
sculpture_humanart_14000000001212.jpg,train,107
sculpture_humanart_14000000001215.jpg,train,125
sculpture_humanart_14000000001217.jpg,train,96
sculpture_humanart_14000000001218.jpg,train,205
sculpture_humanart_14000000001224.jpg,train,172
sculpture_humanart_14000000001228.jpg,train,101
sculpture_humanart_14000000001236.jpg,train,112
sculpture_humanart_14000000001237.jpg,train,154
sculpture_humanart_14000000001238.jpg,train,139
sculpture_humanart_14000000001245.jpg,train,95
sculpture_humanart_14000000001247.jpg,train,124
sculpture_humanart_14000000001249.jpg,train,125
sculpture_humanart_14000000001250.jpg,train,77
sculpture_humanart_14000000001252.jpg,train,116
sculpture_humanart_14000000001261.jpg,train,84
sculpture_humanart_14000000001266.jpg,train,147
sculpture_humanart_14000000001271.jpg,train,100
sculpture_humanart_14000000001278.jpg,train,114
sculpture_humanart_14000000001284.jpg,train,73
sculpture_humanart_14000000001290.jpg,train,92
sculpture_humanart_14000000001292.jpg,train,87
sculpture_humanart_14000000001295.jpg,train,110
sculpture_humanart_14000000001296.jpg,train,70
sculpture_humanart_14000000001297.jpg,train,101
sculpture_humanart_14000000001298.jpg,train,111
sculpture_humanart_14000000001300.jpg,train,67
sculpture_humanart_14000000001301.jpg,train,127
sculpture_humanart_14000000001302.jpg,train,132
sculpture_humanart_14000000001304.jpg,train,160
sculpture_humanart_14000000001305.jpg,train,132
sculpture_humanart_14000000001310.jpg,train,115
sculpture_humanart_14000000001312.jpg,train,103
sculpture_humanart_14000000001315.jpg,train,104
sculpture_humanart_14000000001320.jpg,train,65
sculpture_humanart_14000000001328.jpg,train,128
sculpture_humanart_14000000001329.jpg,train,135
sculpture_humanart_14000000001331.jpg,train,76
sculpture_humanart_14000000001332.jpg,train,126
sculpture_humanart_14000000001333.jpg,train,65
sculpture_humanart_14000000001334.jpg,train,90
sculpture_humanart_14000000001337.jpg,train,110
sculpture_humanart_14000000001340.jpg,train,107
sculpture_humanart_14000000001342.jpg,train,119
sculpture_humanart_14000000001346.jpg,train,128
sculpture_humanart_14000000001349.jpg,train,68
sculpture_humanart_14000000001350.jpg,train,97
sculpture_humanart_14000000001353.jpg,train,95
sculpture_humanart_14000000001355.jpg,train,107
sculpture_humanart_14000000001356.jpg,train,140
sculpture_humanart_14000000001358.jpg,train,125
sculpture_humanart_14000000001359.jpg,train,87
sculpture_humanart_14000000001361.jpg,train,103
sculpture_humanart_14000000001362.jpg,train,121
sculpture_humanart_14000000001365.jpg,train,102
sculpture_humanart_14000000001366.jpg,train,57
sculpture_humanart_14000000001367.jpg,train,83
sculpture_humanart_14000000001368.jpg,train,130
sculpture_humanart_14000000001369.jpg,train,117
sculpture_humanart_14000000001370.jpg,train,104
sculpture_humanart_14000000001372.jpg,train,125
sculpture_humanart_14000000001373.jpg,train,91
sculpture_humanart_14000000001374.jpg,train,104
sculpture_humanart_14000000001375.jpg,train,139
sculpture_humanart_14000000001376.jpg,train,129
sculpture_humanart_14000000001377.jpg,train,107
sculpture_humanart_14000000001379.jpg,train,143
sculpture_humanart_14000000001381.jpg,train,115
sculpture_humanart_14000000001385.jpg,train,116
sculpture_humanart_14000000001386.jpg,train,112
sculpture_humanart_14000000001392.jpg,train,119
sculpture_humanart_14000000001393.jpg,train,109
sculpture_humanart_14000000001394.jpg,train,128
sculpture_humanart_14000000001395.jpg,train,100
sculpture_humanart_14000000001397.jpg,train,127
sculpture_humanart_14000000001398.jpg,train,83
sculpture_humanart_14000000001403.jpg,train,107
sculpture_humanart_14000000001404.jpg,train,131
sculpture_humanart_14000000001405.jpg,train,134
sculpture_humanart_14000000001408.jpg,train,128
sculpture_humanart_14000000001409.jpg,train,130
sculpture_humanart_14000000001410.jpg,train,134
sculpture_humanart_14000000001412.jpg,train,127
sculpture_humanart_14000000001417.jpg,train,166
sculpture_humanart_14000000001418.jpg,train,121
sculpture_humanart_14000000001419.jpg,train,106
sculpture_humanart_14000000001420.jpg,train,122
sculpture_humanart_14000000001422.jpg,train,76
sculpture_humanart_14000000001426.jpg,train,133
sculpture_humanart_14000000001431.jpg,train,124
sculpture_humanart_14000000001436.jpg,train,99
sculpture_humanart_14000000001449.jpg,train,121
sculpture_humanart_14000000001452.jpg,train,114
sculpture_humanart_14000000001454.jpg,train,101
sculpture_humanart_14000000001455.jpg,train,68
sculpture_humanart_14000000001460.jpg,train,137
sculpture_humanart_14000000001463.jpg,train,94
sculpture_humanart_14000000001466.jpg,train,118
sculpture_humanart_14000000001467.jpg,train,128
sculpture_humanart_14000000001475.jpg,train,105
sculpture_humanart_14000000001476.jpg,train,96
sculpture_humanart_14000000001478.jpg,train,87
sculpture_humanart_14000000001479.jpg,train,136
sculpture_humanart_14000000001480.jpg,train,138
sculpture_humanart_14000000001482.jpg,train,136
sculpture_humanart_14000000001484.jpg,train,116
sculpture_humanart_14000000001488.jpg,train,112
sculpture_humanart_14000000001490.jpg,train,58
sculpture_humanart_14000000001491.jpg,train,129
sculpture_humanart_14000000001492.jpg,train,101
sculpture_humanart_14000000001495.jpg,train,118
sculpture_humanart_14000000001497.jpg,train,138
sculpture_humanart_14000000001498.jpg,train,122
sculpture_humanart_14000000001499.jpg,train,118
sculpture_humanart_14000000001501.jpg,train,109
sculpture_humanart_14000000001502.jpg,train,124
sculpture_humanart_14000000001504.jpg,train,104
sculpture_humanart_14000000001505.jpg,train,134
sculpture_humanart_14000000001506.jpg,train,132
sculpture_humanart_14000000001508.jpg,train,86
sculpture_humanart_14000000001509.jpg,train,93
sculpture_humanart_14000000001511.jpg,train,136
sculpture_humanart_14000000001513.jpg,train,143
sculpture_humanart_14000000001516.jpg,train,138
sculpture_humanart_14000000001518.jpg,train,95
sculpture_humanart_14000000001519.jpg,train,106
sculpture_humanart_14000000001521.jpg,train,142
sculpture_humanart_14000000001524.jpg,train,115
sculpture_humanart_14000000001526.jpg,train,116
sculpture_humanart_14000000001527.jpg,train,130
sculpture_humanart_14000000001528.jpg,train,72
sculpture_humanart_14000000001529.jpg,train,88
sculpture_humanart_14000000001530.jpg,train,121
sculpture_humanart_14000000001531.jpg,train,113
sculpture_humanart_14000000001534.jpg,train,132
sculpture_humanart_14000000001535.jpg,train,66
sculpture_humanart_14000000001537.jpg,train,120
sculpture_humanart_14000000001538.jpg,train,82
sculpture_humanart_14000000001539.jpg,train,134
sculpture_humanart_14000000001543.jpg,train,116
sculpture_humanart_14000000001546.jpg,train,144
sculpture_humanart_14000000001548.jpg,train,106
sculpture_humanart_14000000001549.jpg,train,120
sculpture_humanart_14000000001551.jpg,train,128
sculpture_humanart_14000000001552.jpg,train,118
sculpture_humanart_14000000001554.jpg,train,135
sculpture_humanart_14000000001555.jpg,train,117
sculpture_humanart_14000000001556.jpg,train,124
sculpture_humanart_14000000001558.jpg,train,141
sculpture_humanart_14000000001561.jpg,train,124
sculpture_humanart_14000000001562.jpg,train,112
sculpture_humanart_14000000001563.jpg,train,86
sculpture_humanart_14000000001564.jpg,train,145
sculpture_humanart_14000000001565.jpg,train,98
sculpture_humanart_14000000001566.jpg,train,144
sculpture_humanart_14000000001567.jpg,train,81
sculpture_humanart_14000000001568.jpg,train,115
sculpture_humanart_14000000001570.jpg,train,101
sculpture_humanart_14000000001572.jpg,train,116
sculpture_humanart_14000000001573.jpg,train,143
sculpture_humanart_14000000001574.jpg,train,68
sculpture_humanart_14000000001575.jpg,train,126
sculpture_humanart_14000000001576.jpg,train,93
sculpture_humanart_14000000001577.jpg,train,65
sculpture_humanart_14000000001579.jpg,train,118
sculpture_humanart_14000000001582.jpg,train,89
sculpture_humanart_14000000001583.jpg,train,63
sculpture_humanart_14000000001586.jpg,train,73
sculpture_humanart_14000000001587.jpg,train,89
sculpture_humanart_14000000001588.jpg,train,103
sculpture_humanart_14000000001589.jpg,train,59
sculpture_humanart_14000000001594.jpg,train,123
sculpture_humanart_14000000001595.jpg,train,105
sculpture_humanart_14000000001596.jpg,train,120
sculpture_humanart_14000000001597.jpg,train,47
sculpture_humanart_14000000001599.jpg,train,127
sculpture_humanart_14000000001601.jpg,train,75
sculpture_humanart_14000000001604.jpg,train,116
sculpture_humanart_14000000001609.jpg,train,114
sculpture_humanart_14000000001610.jpg,train,130
sculpture_humanart_14000000001614.jpg,train,63
sculpture_humanart_14000000001616.jpg,train,66
sculpture_humanart_14000000001617.jpg,train,81
sculpture_humanart_14000000001619.jpg,train,114
sculpture_humanart_14000000001620.jpg,train,105
sculpture_humanart_14000000001622.jpg,train,103
sculpture_humanart_14000000001623.jpg,train,143
sculpture_humanart_14000000001624.jpg,train,97
sculpture_humanart_14000000001625.jpg,train,98
sculpture_humanart_14000000001627.jpg,train,121
sculpture_humanart_14000000001628.jpg,train,88
sculpture_humanart_14000000001629.jpg,train,73
sculpture_humanart_14000000001630.jpg,train,134
sculpture_humanart_14000000001631.jpg,train,119
sculpture_humanart_14000000001633.jpg,train,129
sculpture_humanart_14000000001636.jpg,train,123
sculpture_humanart_14000000001638.jpg,train,102
sculpture_humanart_14000000001639.jpg,train,84
sculpture_humanart_14000000001640.jpg,train,67
sculpture_humanart_14000000001642.jpg,train,119
sculpture_humanart_14000000001647.jpg,train,144
sculpture_humanart_14000000001648.jpg,train,99
sculpture_humanart_14000000001649.jpg,train,104
sculpture_humanart_14000000001653.jpg,train,138
sculpture_humanart_14000000001654.jpg,train,64
sculpture_humanart_14000000001657.jpg,train,121
sculpture_humanart_14000000001658.jpg,train,92
sculpture_humanart_14000000001659.jpg,train,83
sculpture_humanart_14000000001660.jpg,train,83
sculpture_humanart_14000000001661.jpg,train,76
sculpture_humanart_14000000001662.jpg,train,137
sculpture_humanart_14000000001663.jpg,train,75
sculpture_humanart_14000000001668.jpg,train,117
sculpture_humanart_14000000001669.jpg,train,59
sculpture_humanart_14000000001670.jpg,train,114
sculpture_humanart_14000000001672.jpg,train,140
sculpture_humanart_14000000001674.jpg,train,103
sculpture_humanart_14000000001675.jpg,train,97
sculpture_humanart_14000000001677.jpg,train,155
sculpture_humanart_14000000001678.jpg,train,149
sculpture_humanart_14000000001680.jpg,train,113
sculpture_humanart_14000000001682.jpg,train,144
sculpture_humanart_14000000001683.jpg,train,132
sculpture_humanart_14000000001686.jpg,train,147
sculpture_humanart_14000000001687.jpg,train,117
sculpture_humanart_14000000001688.jpg,train,131
sculpture_humanart_14000000001690.jpg,train,113
sculpture_humanart_14000000001691.jpg,train,122
sculpture_humanart_14000000001696.jpg,train,108
sculpture_humanart_14000000001700.jpg,train,100
sculpture_humanart_14000000001701.jpg,train,96
sculpture_humanart_14000000001702.jpg,train,125
sculpture_humanart_14000000001704.jpg,train,91
sculpture_humanart_14000000001705.jpg,train,88
sculpture_humanart_14000000001706.jpg,train,122
sculpture_humanart_14000000001707.jpg,train,89
sculpture_humanart_14000000001708.jpg,train,127
sculpture_humanart_14000000001709.jpg,train,121
sculpture_humanart_14000000001710.jpg,train,95
sculpture_humanart_14000000001711.jpg,train,96
sculpture_humanart_14000000001714.jpg,train,122
sculpture_humanart_14000000001715.jpg,train,83
sculpture_humanart_14000000001716.jpg,train,116
sculpture_humanart_14000000001717.jpg,train,89
sculpture_humanart_14000000001718.jpg,train,84
sculpture_humanart_14000000001722.jpg,train,124
sculpture_humanart_14000000001723.jpg,train,88
sculpture_humanart_14000000001724.jpg,train,139
sculpture_humanart_14000000001725.jpg,train,78
sculpture_humanart_14000000001726.jpg,train,135
sculpture_humanart_14000000001727.jpg,train,52
sculpture_humanart_14000000001729.jpg,train,110
sculpture_humanart_14000000001730.jpg,train,133
sculpture_humanart_14000000001734.jpg,train,115
sculpture_humanart_14000000001735.jpg,train,117
sculpture_humanart_14000000001736.jpg,train,137
sculpture_humanart_14000000001737.jpg,train,105
sculpture_humanart_14000000001741.jpg,train,105
sculpture_humanart_14000000001742.jpg,train,60
sculpture_humanart_14000000001743.jpg,train,88
sculpture_humanart_14000000001744.jpg,train,107
sculpture_humanart_14000000001745.jpg,train,111
sculpture_humanart_14000000001746.jpg,train,137
sculpture_humanart_14000000001748.jpg,train,96
sculpture_humanart_14000000001750.jpg,train,61
sculpture_humanart_14000000001753.jpg,train,85
sculpture_humanart_14000000001754.jpg,train,78
sculpture_humanart_14000000001755.jpg,train,118
sculpture_humanart_14000000001756.jpg,train,123
sculpture_humanart_14000000001757.jpg,train,130
sculpture_humanart_14000000001760.jpg,train,151
sculpture_humanart_14000000001761.jpg,train,129
sculpture_humanart_14000000001762.jpg,train,125
sculpture_humanart_14000000001765.jpg,train,111
sculpture_humanart_14000000001767.jpg,train,107
sculpture_humanart_14000000001770.jpg,train,92
sculpture_humanart_14000000001771.jpg,train,69
sculpture_humanart_14000000001773.jpg,train,117
sculpture_humanart_14000000001774.jpg,train,120
sculpture_humanart_14000000001776.jpg,train,48
sculpture_humanart_14000000001778.jpg,train,95
sculpture_humanart_14000000001779.jpg,train,55
sculpture_humanart_14000000001783.jpg,train,117
sculpture_humanart_14000000001784.jpg,train,107
sculpture_humanart_14000000001788.jpg,train,127
sculpture_humanart_14000000001789.jpg,train,114
sculpture_humanart_14000000001790.jpg,train,160
sculpture_humanart_14000000001791.jpg,train,110
sculpture_humanart_14000000001792.jpg,train,111
sculpture_humanart_14000000001796.jpg,train,137
sculpture_humanart_14000000001798.jpg,train,40
sculpture_humanart_14000000001799.jpg,train,124
sculpture_humanart_14000000001801.jpg,train,136
sculpture_humanart_14000000001802.jpg,train,85
sculpture_humanart_14000000001804.jpg,train,119
sculpture_humanart_14000000001807.jpg,train,105
sculpture_humanart_14000000001808.jpg,train,91
sculpture_humanart_14000000001809.jpg,train,122
sculpture_humanart_14000000001815.jpg,train,145
sculpture_humanart_14000000001816.jpg,train,115
sculpture_humanart_14000000001817.jpg,train,104
sculpture_humanart_14000000001822.jpg,train,59
sculpture_humanart_14000000001823.jpg,train,119
sculpture_humanart_14000000001824.jpg,train,144
sculpture_humanart_14000000001825.jpg,train,102
sculpture_humanart_14000000001831.jpg,train,86
sculpture_humanart_14000000001832.jpg,train,82
sculpture_humanart_14000000001833.jpg,train,92
sculpture_humanart_14000000001834.jpg,train,91
sculpture_humanart_14000000001836.jpg,train,134
sculpture_humanart_14000000001837.jpg,train,99
sculpture_humanart_14000000001839.jpg,train,105
sculpture_humanart_14000000001841.jpg,train,126
sculpture_humanart_14000000001843.jpg,train,70
sculpture_humanart_14000000001845.jpg,train,86
sculpture_humanart_14000000001847.jpg,train,144
sculpture_humanart_14000000001849.jpg,train,129
sculpture_humanart_14000000001850.jpg,train,120
sculpture_humanart_14000000001853.jpg,train,113
sculpture_humanart_14000000001854.jpg,train,121
sculpture_humanart_14000000001855.jpg,train,144
sculpture_humanart_14000000001856.jpg,train,123
sculpture_humanart_14000000001860.jpg,train,142
sculpture_humanart_14000000001862.jpg,train,124
sculpture_humanart_14000000001867.jpg,train,140
sculpture_humanart_14000000001869.jpg,train,118
sculpture_humanart_14000000001871.jpg,train,50
sculpture_humanart_14000000001872.jpg,train,143
sculpture_humanart_14000000001874.jpg,train,133
sculpture_humanart_14000000001876.jpg,train,133
sculpture_humanart_14000000001877.jpg,train,86
sculpture_humanart_14000000001878.jpg,train,106
sculpture_humanart_14000000001879.jpg,train,91
sculpture_humanart_14000000001881.jpg,train,148
sculpture_humanart_14000000001883.jpg,train,100
sculpture_humanart_14000000001884.jpg,train,106
sculpture_humanart_14000000001885.jpg,train,110
sculpture_humanart_14000000001886.jpg,train,124
sculpture_humanart_14000000001887.jpg,train,105
sculpture_humanart_14000000001888.jpg,train,110
sculpture_humanart_14000000001889.jpg,train,109
sculpture_humanart_14000000001892.jpg,train,49
sculpture_humanart_14000000001893.jpg,train,91
sculpture_humanart_14000000001894.jpg,train,95
sculpture_humanart_14000000001895.jpg,train,145
sculpture_humanart_14000000001897.jpg,train,127
sculpture_humanart_14000000001898.jpg,train,100
sculpture_humanart_14000000001899.jpg,train,117
sculpture_humanart_14000000001903.jpg,train,113
sculpture_humanart_14000000001905.jpg,train,86
sculpture_humanart_14000000001918.jpg,train,80
sculpture_humanart_14000000001921.jpg,train,126
sculpture_humanart_14000000001922.jpg,train,103
sculpture_humanart_14000000001924.jpg,train,118
sculpture_humanart_14000000001926.jpg,train,82
sculpture_humanart_14000000001929.jpg,train,77
sculpture_humanart_14000000001932.jpg,train,98
sculpture_humanart_14000000001933.jpg,train,129
sculpture_humanart_14000000001934.jpg,train,86
sculpture_humanart_14000000001936.jpg,train,87
sculpture_humanart_14000000001941.jpg,train,70
sculpture_humanart_14000000001944.jpg,train,124
sculpture_humanart_14000000001945.jpg,train,140
sculpture_humanart_14000000001946.jpg,train,117
sculpture_humanart_14000000001949.jpg,train,74
sculpture_humanart_14000000001950.jpg,train,146
sculpture_humanart_14000000001952.jpg,train,102
sculpture_humanart_14000000001953.jpg,train,121
sculpture_humanart_14000000001955.jpg,train,95
sculpture_humanart_14000000001956.jpg,train,65
sculpture_humanart_14000000001957.jpg,train,133
sculpture_humanart_14000000001958.jpg,train,112
sculpture_humanart_14000000001960.jpg,train,131
sculpture_humanart_14000000001961.jpg,train,104
sculpture_humanart_14000000001962.jpg,train,68
sculpture_humanart_14000000001964.jpg,train,94
sculpture_humanart_14000000001967.jpg,train,135
sculpture_humanart_14000000001968.jpg,train,143
sculpture_humanart_14000000001969.jpg,train,115
sculpture_humanart_14000000001971.jpg,train,60
sculpture_humanart_14000000001973.jpg,train,119
sculpture_humanart_14000000001974.jpg,train,138
sculpture_humanart_14000000001975.jpg,train,149
sculpture_humanart_14000000001976.jpg,train,101
sculpture_humanart_14000000001977.jpg,train,118
sculpture_humanart_14000000001979.jpg,train,64
sculpture_humanart_14000000001981.jpg,train,48
sculpture_humanart_14000000001983.jpg,train,46
sculpture_humanart_14000000001985.jpg,train,112
sculpture_humanart_14000000001987.jpg,train,115
sculpture_humanart_14000000001988.jpg,train,116
sculpture_humanart_14000000001993.jpg,train,123
sculpture_humanart_14000000001994.jpg,train,84
sculpture_humanart_14000000001995.jpg,train,106
sculpture_humanart_14000000001996.jpg,train,94
sculpture_humanart_14000000001997.jpg,train,146
sculpture_humanart_14000000001999.jpg,train,81
sculpture_humanart_14000000002000.jpg,train,106
sculpture_humanart_14000000002001.jpg,train,101
sculpture_humanart_14000000002002.jpg,train,87
sculpture_humanart_14000000002005.jpg,train,119
sculpture_humanart_14000000002006.jpg,train,122
sculpture_humanart_14000000002007.jpg,train,103
sculpture_humanart_14000000002008.jpg,train,115
sculpture_humanart_14000000002009.jpg,train,129
sculpture_humanart_14000000002010.jpg,train,109
sculpture_humanart_14000000002013.jpg,train,133
sculpture_humanart_14000000002014.jpg,train,133
sculpture_humanart_14000000002016.jpg,train,103
sculpture_humanart_14000000002018.jpg,train,109
sculpture_humanart_14000000002021.jpg,train,137
sculpture_humanart_14000000002022.jpg,train,95
sculpture_humanart_14000000002023.jpg,train,120
sculpture_humanart_14000000002024.jpg,train,116
sculpture_humanart_14000000002028.jpg,train,122
sculpture_humanart_14000000002030.jpg,train,125
sculpture_humanart_14000000002032.jpg,train,108
sculpture_humanart_14000000002034.jpg,train,110
sculpture_humanart_14000000002040.jpg,train,89
sculpture_humanart_14000000002041.jpg,train,139
sculpture_humanart_14000000002042.jpg,train,149
sculpture_humanart_14000000002043.jpg,train,124
sculpture_humanart_14000000002044.jpg,train,114
sculpture_humanart_14000000002048.jpg,train,84
sculpture_humanart_14000000002051.jpg,train,43
sculpture_humanart_14000000002054.jpg,train,98
sculpture_humanart_14000000002056.jpg,train,93
sculpture_humanart_14000000002057.jpg,train,122
sculpture_humanart_14000000002060.jpg,train,121
sculpture_humanart_14000000002061.jpg,train,126
sculpture_humanart_14000000002063.jpg,train,116
sculpture_humanart_14000000002066.jpg,train,147
sculpture_humanart_14000000002068.jpg,train,96
sculpture_humanart_14000000002069.jpg,train,104
sculpture_humanart_14000000002072.jpg,train,104
sculpture_humanart_14000000002073.jpg,train,133
sculpture_humanart_14000000002074.jpg,train,142
sculpture_humanart_14000000002075.jpg,train,132
sculpture_humanart_14000000002076.jpg,train,127
sculpture_humanart_14000000002080.jpg,train,94
sculpture_humanart_14000000002083.jpg,train,133
sculpture_humanart_14000000002084.jpg,train,109
sculpture_humanart_14000000002085.jpg,train,118
sculpture_humanart_14000000002086.jpg,train,116
sculpture_humanart_14000000002087.jpg,train,125
sculpture_humanart_14000000002088.jpg,train,109
sculpture_humanart_14000000002089.jpg,train,136
sculpture_humanart_14000000002091.jpg,train,101
sculpture_humanart_14000000002094.jpg,train,80
sculpture_humanart_14000000002099.jpg,train,121
sculpture_humanart_14000000002101.jpg,train,93
sculpture_humanart_14000000002102.jpg,train,115
sculpture_humanart_14000000002103.jpg,train,121
sculpture_humanart_14000000002104.jpg,train,108
sculpture_humanart_14000000002105.jpg,train,102
sculpture_humanart_14000000002107.jpg,train,123
sculpture_humanart_14000000002108.jpg,train,99
sculpture_humanart_14000000002109.jpg,train,110
sculpture_humanart_14000000002111.jpg,train,114
sculpture_humanart_14000000002112.jpg,train,119
sculpture_humanart_14000000002113.jpg,train,109
sculpture_humanart_14000000002114.jpg,train,121
sculpture_humanart_14000000002115.jpg,train,112
sculpture_humanart_14000000002116.jpg,train,117
sculpture_humanart_14000000002117.jpg,train,89
sculpture_humanart_14000000002120.jpg,train,155
sculpture_humanart_14000000002121.jpg,train,92
sculpture_humanart_14000000002123.jpg,train,113
sculpture_humanart_14000000002124.jpg,train,146
sculpture_humanart_14000000002126.jpg,train,101
sculpture_humanart_14000000002127.jpg,train,106
sculpture_humanart_14000000002132.jpg,train,116
sculpture_humanart_14000000002133.jpg,train,111
sculpture_humanart_14000000002134.jpg,train,114
sculpture_humanart_14000000002136.jpg,train,106
sculpture_humanart_14000000002828.jpg,train,109
sculpture_humanart_14000000002838.jpg,train,93
sculpture_humanart_14000000002841.jpg,train,114
sculpture_humanart_14000000002849.jpg,train,70
sculpture_humanart_14000000002850.jpg,train,101
sculpture_humanart_14000000002852.jpg,train,100
sculpture_humanart_14000000002866.jpg,train,121
sculpture_humanart_14000000003137.jpg,train,57
sculpture_humanart_14000000003160.jpg,train,115
sculpture_humanart_14000000003171.jpg,train,118
sculpture_humanart_14000000003187.jpg,train,123
sculpture_humanart_14000000003191.jpg,train,77
sculpture_humanart_14000000003215.jpg,train,109
sculpture_humanart_14000000003216.jpg,train,117
sculpture_humanart_14000000003253.jpg,train,90
sculpture_humanart_14000000003259.jpg,train,94
sculpture_humanart_14000000003262.jpg,train,98
sculpture_humanart_14000000003264.jpg,train,95
sculpture_humanart_14000000003368.jpg,train,119
sculpture_humanart_14000000003374.jpg,train,132
sculpture_humanart_14000000003393.jpg,train,96
sculpture_humanart_14000000003409.jpg,train,111
sculpture_humanart_14000000003512.jpg,train,85
sculpture_humanart_14000000003513.jpg,train,119
sculpture_humanart_14000000003534.jpg,train,159
sculpture_humanart_14000000003536.jpg,train,111
sculpture_humanart_14000000003550.jpg,train,149
sculpture_humanart_14000000003553.jpg,train,118
sculpture_humanart_14000000003571.jpg,train,145
sculpture_humanart_14000000003578.jpg,train,84
sculpture_humanart_14000000003641.jpg,train,102
sculpture_humanart_14000000003642.jpg,train,92
sculpture_humanart_14000000003644.jpg,train,91
sculpture_humanart_14000000003647.jpg,train,83
sculpture_humanart_14000000003648.jpg,train,120
sculpture_humanart_14000000003649.jpg,train,108
sculpture_humanart_14000000003650.jpg,train,131
sculpture_humanart_14000000003651.jpg,train,89
sculpture_humanart_14000000003652.jpg,train,130
sculpture_humanart_14000000003654.jpg,train,124
sculpture_humanart_14000000003655.jpg,train,103
sculpture_humanart_14000000003656.jpg,train,121
sculpture_humanart_14000000003658.jpg,train,84
sculpture_humanart_14000000003660.jpg,train,207
sculpture_humanart_14000000003661.jpg,train,152
sculpture_humanart_14000000003665.jpg,train,102
sculpture_humanart_14000000003667.jpg,train,63
sculpture_humanart_14000000003668.jpg,train,135
sculpture_humanart_14000000003670.jpg,train,130
sculpture_humanart_14000000003671.jpg,train,141
sculpture_humanart_14000000003673.jpg,train,86
sculpture_humanart_14000000003674.jpg,train,131
sculpture_humanart_14000000003675.jpg,train,118
sculpture_humanart_14000000003676.jpg,train,121
sculpture_humanart_14000000003680.jpg,train,96
sculpture_humanart_14000000003682.jpg,train,119
sculpture_humanart_14000000003683.jpg,train,132
sculpture_humanart_14000000003684.jpg,train,61
sculpture_humanart_14000000003685.jpg,train,110
sculpture_humanart_14000000003687.jpg,train,77
sculpture_humanart_14000000003688.jpg,train,103
sculpture_humanart_14000000003690.jpg,train,110
sculpture_humanart_14000000003694.jpg,train,109
sculpture_humanart_14000000003696.jpg,train,55
sculpture_humanart_14000000003698.jpg,train,127
sculpture_humanart_14000000003699.jpg,train,63
sculpture_humanart_14000000003700.jpg,train,117
sculpture_humanart_14000000003702.jpg,train,85
sculpture_humanart_14000000003704.jpg,train,74
sculpture_humanart_14000000003706.jpg,train,86
sculpture_humanart_14000000003707.jpg,train,101
sculpture_humanart_14000000003708.jpg,train,95
sculpture_humanart_14000000003709.jpg,train,92
sculpture_humanart_14000000003714.jpg,train,118
sculpture_humanart_14000000003715.jpg,train,157
sculpture_humanart_14000000003718.jpg,train,90
sculpture_humanart_14000000003719.jpg,train,119
sculpture_humanart_14000000003722.jpg,train,93
sculpture_humanart_14000000003724.jpg,train,126
sculpture_humanart_14000000003725.jpg,train,131
sculpture_humanart_14000000003726.jpg,train,114
sculpture_humanart_14000000003727.jpg,train,52
sculpture_humanart_14000000003731.jpg,train,71
sculpture_humanart_14000000003732.jpg,train,154
sculpture_humanart_14000000003733.jpg,train,95
sculpture_humanart_14000000003734.jpg,train,94
sculpture_humanart_14000000003735.jpg,train,115
sculpture_humanart_14000000003738.jpg,train,116
sculpture_humanart_14000000003740.jpg,train,129
sculpture_humanart_14000000003741.jpg,train,117
sculpture_humanart_14000000003742.jpg,train,89
sculpture_humanart_14000000003743.jpg,train,97
sculpture_humanart_14000000003745.jpg,train,142
sculpture_humanart_14000000003746.jpg,train,121
sculpture_humanart_14000000003749.jpg,train,133
sculpture_humanart_14000000003751.jpg,train,134
sculpture_humanart_14000000003752.jpg,train,120
sculpture_humanart_14000000003753.jpg,train,84
sculpture_humanart_14000000003754.jpg,train,142
sculpture_humanart_14000000003755.jpg,train,107
sculpture_humanart_14000000003756.jpg,train,112
sculpture_humanart_14000000003757.jpg,train,124
sculpture_humanart_14000000003758.jpg,train,65
sculpture_humanart_14000000003759.jpg,train,114
sculpture_humanart_14000000003762.jpg,train,140
sculpture_humanart_14000000003763.jpg,train,79
sculpture_humanart_14000000003765.jpg,train,97
sculpture_humanart_14000000003767.jpg,train,141
sculpture_humanart_14000000003770.jpg,train,127
sculpture_humanart_14000000003771.jpg,train,133
sculpture_humanart_14000000003772.jpg,train,151
sculpture_humanart_14000000003775.jpg,train,127
sculpture_humanart_14000000003776.jpg,train,104
sculpture_humanart_14000000003778.jpg,train,105
sculpture_humanart_14000000003780.jpg,train,110
sculpture_humanart_14000000003781.jpg,train,155
sculpture_humanart_14000000003782.jpg,train,189
sculpture_humanart_14000000003783.jpg,train,99
sculpture_humanart_14000000003786.jpg,train,94
sculpture_humanart_14000000003787.jpg,train,100
sculpture_humanart_14000000003788.jpg,train,128
sculpture_humanart_14000000003789.jpg,train,135
sculpture_humanart_14000000003790.jpg,train,108
sculpture_humanart_14000000003791.jpg,train,168
sculpture_humanart_14000000003792.jpg,train,81
sculpture_humanart_14000000003793.jpg,train,118
sculpture_humanart_14000000003794.jpg,train,86
sculpture_humanart_14000000003795.jpg,train,63
sculpture_humanart_14000000003796.jpg,train,125
sculpture_humanart_14000000003797.jpg,train,130
sculpture_humanart_14000000003799.jpg,train,145
sculpture_humanart_14000000003800.jpg,train,56
sculpture_humanart_14000000003804.jpg,train,79
sculpture_humanart_14000000003808.jpg,train,117
sculpture_humanart_14000000003810.jpg,train,183
sculpture_humanart_14000000003812.jpg,train,90
sculpture_humanart_14000000003813.jpg,train,88
sculpture_humanart_14000000003815.jpg,train,155
sculpture_humanart_14000000003816.jpg,train,126
sculpture_humanart_14000000003819.jpg,train,129
sculpture_humanart_14000000003821.jpg,train,153
sculpture_humanart_14000000003822.jpg,train,116
sculpture_humanart_14000000003823.jpg,train,131
sculpture_humanart_14000000003825.jpg,train,111
sculpture_humanart_14000000003826.jpg,train,65
sculpture_humanart_14000000003827.jpg,train,107
sculpture_humanart_14000000003828.jpg,train,95
sculpture_humanart_14000000003829.jpg,train,77
sculpture_humanart_14000000003831.jpg,train,124
sculpture_humanart_14000000003833.jpg,train,126
sculpture_humanart_14000000003835.jpg,train,108
sculpture_humanart_14000000003836.jpg,train,99
sculpture_humanart_14000000003838.jpg,train,159
sculpture_humanart_14000000003839.jpg,train,144
sculpture_humanart_14000000003841.jpg,train,121
sculpture_humanart_14000000003842.jpg,train,75
sculpture_humanart_14000000003843.jpg,train,131
sculpture_humanart_14000000003845.jpg,train,132
sculpture_humanart_14000000003846.jpg,train,142
sculpture_humanart_14000000003847.jpg,train,123
sculpture_humanart_14000000003848.jpg,train,125
sculpture_humanart_14000000003849.jpg,train,88
sculpture_humanart_14000000003850.jpg,train,127
sculpture_humanart_14000000003852.jpg,train,105
sculpture_humanart_14000000003853.jpg,train,110
sculpture_humanart_14000000003854.jpg,train,129
sculpture_humanart_14000000003855.jpg,train,150
sculpture_humanart_14000000003856.jpg,train,124
sculpture_humanart_14000000003858.jpg,train,113
sculpture_humanart_14000000003859.jpg,train,97
sculpture_humanart_14000000003861.jpg,train,139
sculpture_humanart_14000000003862.jpg,train,140
sculpture_humanart_14000000003863.jpg,train,168
sculpture_humanart_14000000003864.jpg,train,92
sculpture_humanart_14000000003868.jpg,train,84
sculpture_humanart_14000000003869.jpg,train,146
sculpture_humanart_14000000003871.jpg,train,140
sculpture_humanart_14000000003873.jpg,train,138
sculpture_humanart_14000000003874.jpg,train,118
sculpture_humanart_14000000003875.jpg,train,118
sculpture_humanart_14000000003876.jpg,train,140
sculpture_humanart_14000000003877.jpg,train,127
sculpture_humanart_14000000003879.jpg,train,122
sculpture_humanart_14000000003880.jpg,train,124
sculpture_humanart_14000000003882.jpg,train,202
sculpture_humanart_14000000003883.jpg,train,146
sculpture_humanart_14000000003884.jpg,train,123
sculpture_humanart_14000000003885.jpg,train,130
sculpture_humanart_14000000003887.jpg,train,100
sculpture_humanart_14000000003888.jpg,train,91
sculpture_humanart_14000000003890.jpg,train,122
sculpture_humanart_14000000003891.jpg,train,89
sculpture_humanart_14000000003892.jpg,train,75
sculpture_humanart_14000000003894.jpg,train,96
sculpture_humanart_14000000003896.jpg,train,145
sculpture_humanart_14000000003897.jpg,train,123
sculpture_humanart_14000000003898.jpg,train,155
sculpture_humanart_14000000003899.jpg,train,50
sculpture_humanart_14000000003902.jpg,train,165
sculpture_humanart_14000000003904.jpg,train,106
sculpture_humanart_14000000003905.jpg,train,148
sculpture_humanart_14000000003906.jpg,train,123
sculpture_humanart_14000000003907.jpg,train,104
sculpture_humanart_14000000003908.jpg,train,119
sculpture_humanart_14000000003910.jpg,train,121
sculpture_humanart_14000000003911.jpg,train,167
sculpture_humanart_14000000003912.jpg,train,134
sculpture_humanart_14000000003914.jpg,train,73
sculpture_humanart_14000000003917.jpg,train,92
sculpture_humanart_14000000003919.jpg,train,129
sculpture_humanart_14000000003921.jpg,train,138
sculpture_humanart_14000000003922.jpg,train,157
sculpture_humanart_14000000003923.jpg,train,111
sculpture_humanart_14000000003924.jpg,train,139
sculpture_humanart_14000000003925.jpg,train,144
sculpture_humanart_14000000003926.jpg,train,130
sculpture_humanart_14000000003927.jpg,train,113
sculpture_humanart_14000000003928.jpg,train,140
sculpture_humanart_14000000003930.jpg,train,117
sculpture_humanart_14000000003931.jpg,train,111
sculpture_humanart_14000000003932.jpg,train,118
sculpture_humanart_14000000003935.jpg,train,121
sculpture_humanart_14000000003936.jpg,train,129
sculpture_humanart_14000000003937.jpg,train,135
sculpture_humanart_14000000003938.jpg,train,92
sculpture_humanart_14000000003940.jpg,train,142
sculpture_humanart_14000000003941.jpg,train,99
sculpture_humanart_14000000003943.jpg,train,120
sculpture_humanart_14000000003945.jpg,train,141
sculpture_humanart_14000000003946.jpg,train,128
sculpture_humanart_14000000003947.jpg,train,121
sculpture_humanart_14000000003951.jpg,train,88
sculpture_humanart_14000000003952.jpg,train,117
sculpture_humanart_14000000003954.jpg,train,120
sculpture_humanart_14000000003955.jpg,train,58
sculpture_humanart_14000000003956.jpg,train,177
sculpture_humanart_14000000003957.jpg,train,126
sculpture_humanart_14000000003958.jpg,train,141
sculpture_humanart_14000000003959.jpg,train,104
sculpture_humanart_14000000003960.jpg,train,70
sculpture_humanart_14000000003961.jpg,train,129
sculpture_humanart_14000000003962.jpg,train,114
sculpture_humanart_14000000003963.jpg,train,118
sculpture_humanart_14000000003964.jpg,train,140
sculpture_humanart_14000000003965.jpg,train,113
sculpture_humanart_14000000003966.jpg,train,106
sculpture_humanart_14000000003967.jpg,train,79
sculpture_humanart_14000000003969.jpg,train,129
sculpture_humanart_14000000003970.jpg,train,86
sculpture_humanart_14000000003973.jpg,train,113
sculpture_humanart_14000000003974.jpg,train,132
sculpture_humanart_14000000003975.jpg,train,125
sculpture_humanart_14000000003979.jpg,train,122
sculpture_humanart_14000000003982.jpg,train,135
sculpture_humanart_14000000003983.jpg,train,111
sculpture_humanart_14000000003987.jpg,train,110
sculpture_humanart_14000000003988.jpg,train,58
sculpture_humanart_14000000003992.jpg,train,97
sculpture_humanart_14000000003993.jpg,train,133
sculpture_humanart_14000000003996.jpg,train,110
sculpture_humanart_14000000003998.jpg,train,119
sculpture_humanart_14000000004001.jpg,train,86
sculpture_humanart_14000000004002.jpg,train,95
sculpture_humanart_14000000004005.jpg,train,70
sculpture_humanart_14000000004006.jpg,train,111
sculpture_humanart_14000000004007.jpg,train,137
sculpture_humanart_14000000004008.jpg,train,140
sculpture_humanart_14000000004012.jpg,train,86
sculpture_humanart_14000000004014.jpg,train,139
sculpture_humanart_14000000004015.jpg,train,153
sculpture_humanart_14000000004016.jpg,train,109
sculpture_humanart_14000000004017.jpg,train,124
sculpture_humanart_14000000004018.jpg,train,81
sculpture_humanart_14000000004019.jpg,train,109
sculpture_humanart_14000000004022.jpg,train,128
sculpture_humanart_14000000004023.jpg,train,114
sculpture_humanart_14000000004024.jpg,train,130
sculpture_humanart_14000000004027.jpg,train,146
sculpture_humanart_14000000004028.jpg,train,124
sculpture_humanart_14000000004032.jpg,train,100
sculpture_humanart_14000000004033.jpg,train,117
sculpture_humanart_14000000004036.jpg,train,107
sculpture_humanart_14000000004037.jpg,train,103
sculpture_humanart_14000000004038.jpg,train,157
sculpture_humanart_14000000004041.jpg,train,100
sculpture_humanart_14000000004042.jpg,train,85
sculpture_humanart_14000000004043.jpg,train,118
sculpture_humanart_14000000004045.jpg,train,201
sculpture_humanart_14000000004046.jpg,train,124
sculpture_humanart_14000000004047.jpg,train,98
sculpture_humanart_14000000004051.jpg,train,149
sculpture_humanart_14000000004052.jpg,train,154
sculpture_humanart_14000000004053.jpg,train,107
sculpture_humanart_14000000004058.jpg,train,124
sculpture_humanart_14000000004061.jpg,train,97
sculpture_humanart_14000000004062.jpg,train,104
sculpture_humanart_14000000004063.jpg,train,132
sculpture_humanart_14000000004065.jpg,train,120
sculpture_humanart_14000000004066.jpg,train,120
sculpture_humanart_14000000004067.jpg,train,96
sculpture_humanart_14000000004068.jpg,train,115
sculpture_humanart_14000000004069.jpg,train,143
sculpture_humanart_14000000004074.jpg,train,61
sculpture_humanart_14000000004075.jpg,train,139
sculpture_humanart_14000000004076.jpg,train,90
sculpture_humanart_14000000004078.jpg,train,148
sculpture_humanart_14000000004079.jpg,train,103
sculpture_humanart_14000000004080.jpg,train,171
sculpture_humanart_14000000004081.jpg,train,89
sculpture_humanart_14000000004082.jpg,train,142
sculpture_humanart_14000000004083.jpg,train,128
sculpture_humanart_14000000004084.jpg,train,106
sculpture_humanart_14000000004086.jpg,train,70
sculpture_humanart_14000000004087.jpg,train,83
sculpture_humanart_14000000004088.jpg,train,105
sculpture_humanart_14000000004089.jpg,train,132
sculpture_humanart_14000000004090.jpg,train,107
sculpture_humanart_14000000004091.jpg,train,45
sculpture_humanart_14000000004092.jpg,train,131
sculpture_humanart_14000000004094.jpg,train,102
sculpture_humanart_14000000004095.jpg,train,95
sculpture_humanart_14000000004096.jpg,train,144
sculpture_humanart_14000000004097.jpg,train,108
sculpture_humanart_14000000004098.jpg,train,115
sculpture_humanart_14000000004100.jpg,train,164
sculpture_humanart_14000000004101.jpg,train,64
sculpture_humanart_14000000004103.jpg,train,134
sculpture_humanart_14000000004104.jpg,train,112
sculpture_humanart_14000000004106.jpg,train,106
sculpture_humanart_14000000004107.jpg,train,123
sculpture_humanart_14000000004110.jpg,train,110
sculpture_humanart_14000000004111.jpg,train,123
sculpture_humanart_14000000004114.jpg,train,86
sculpture_humanart_14000000004115.jpg,train,115
sculpture_humanart_14000000004118.jpg,train,116
sculpture_humanart_14000000004121.jpg,train,83
sculpture_humanart_14000000004123.jpg,train,120
sculpture_humanart_14000000004126.jpg,train,134
sculpture_humanart_14000000004127.jpg,train,168
sculpture_humanart_14000000004128.jpg,train,86
sculpture_humanart_14000000004129.jpg,train,109
sculpture_humanart_14000000004130.jpg,train,63
sculpture_humanart_14000000004132.jpg,train,139
sculpture_humanart_14000000004134.jpg,train,112
sculpture_humanart_14000000004135.jpg,train,92
sculpture_humanart_14000000004136.jpg,train,107
sculpture_humanart_14000000004138.jpg,train,138
sculpture_humanart_14000000004139.jpg,train,109
sculpture_humanart_14000000004141.jpg,train,76
sculpture_humanart_14000000004142.jpg,train,135
sculpture_humanart_14000000004143.jpg,train,125
sculpture_humanart_14000000004145.jpg,train,60
sculpture_humanart_14000000004146.jpg,train,82
sculpture_humanart_14000000004149.jpg,train,88
sculpture_humanart_14000000004151.jpg,train,70
sculpture_humanart_14000000004152.jpg,train,124
sculpture_humanart_14000000004153.jpg,train,99
sculpture_humanart_14000000004154.jpg,train,39
sculpture_humanart_14000000004156.jpg,train,121
sculpture_humanart_14000000004158.jpg,train,87
sculpture_humanart_14000000004160.jpg,train,131
sculpture_humanart_14000000004162.jpg,train,115
sculpture_humanart_14000000004164.jpg,train,95
sculpture_humanart_14000000004166.jpg,train,174
sculpture_humanart_14000000004168.jpg,train,142
sculpture_humanart_14000000004169.jpg,train,175
sculpture_humanart_14000000004170.jpg,train,114
sculpture_humanart_14000000004172.jpg,train,137
sculpture_humanart_14000000004173.jpg,train,110
sculpture_humanart_14000000004174.jpg,train,180
sculpture_humanart_14000000004175.jpg,train,93
sculpture_humanart_14000000004176.jpg,train,107
sculpture_humanart_14000000004177.jpg,train,110
sculpture_humanart_14000000004178.jpg,train,145
sculpture_humanart_14000000004179.jpg,train,80
sculpture_humanart_14000000004180.jpg,train,144
sculpture_humanart_14000000004181.jpg,train,135
sculpture_humanart_14000000004183.jpg,train,57
sculpture_humanart_14000000004184.jpg,train,93
sculpture_humanart_14000000004185.jpg,train,93
sculpture_humanart_14000000004186.jpg,train,139
sculpture_humanart_14000000004187.jpg,train,120
sculpture_humanart_14000000004188.jpg,train,83
sculpture_humanart_14000000004189.jpg,train,137
sculpture_humanart_14000000004192.jpg,train,104
sculpture_humanart_14000000004193.jpg,train,84
sculpture_humanart_14000000004194.jpg,train,130
sculpture_humanart_14000000004197.jpg,train,76
sculpture_humanart_14000000004199.jpg,train,103
sculpture_humanart_14000000004201.jpg,train,105
sculpture_humanart_14000000004203.jpg,train,66
sculpture_humanart_14000000004204.jpg,train,61
sculpture_humanart_14000000004205.jpg,train,127
sculpture_humanart_14000000004208.jpg,train,68
sculpture_humanart_14000000004210.jpg,train,51
sculpture_humanart_14000000004212.jpg,train,78
sculpture_humanart_14000000004213.jpg,train,96
sculpture_humanart_14000000004215.jpg,train,110
sculpture_humanart_14000000004216.jpg,train,163
sculpture_humanart_14000000004217.jpg,train,98
sculpture_humanart_14000000004218.jpg,train,177
sculpture_humanart_14000000004219.jpg,train,136
sculpture_humanart_14000000004221.jpg,train,53
sculpture_humanart_14000000004222.jpg,train,121
sculpture_humanart_14000000004223.jpg,train,98
sculpture_humanart_14000000004224.jpg,train,123
sculpture_humanart_14000000004225.jpg,train,95
sculpture_humanart_14000000004227.jpg,train,75
sculpture_humanart_14000000004229.jpg,train,131
sculpture_humanart_14000000004230.jpg,train,125
sculpture_humanart_14000000004231.jpg,train,107
sculpture_humanart_14000000004232.jpg,train,126
sculpture_humanart_14000000004233.jpg,train,134
sculpture_humanart_14000000004234.jpg,train,136
sculpture_humanart_14000000004239.jpg,train,143
sculpture_humanart_14000000004240.jpg,train,117
sculpture_humanart_14000000004241.jpg,train,113
sculpture_humanart_14000000004242.jpg,train,116
sculpture_humanart_14000000004244.jpg,train,166
sculpture_humanart_14000000004246.jpg,train,92
sculpture_humanart_14000000004247.jpg,train,69
sculpture_humanart_14000000004248.jpg,train,122
sculpture_humanart_14000000004250.jpg,train,139
sculpture_humanart_14000000004251.jpg,train,112
sculpture_humanart_14000000004252.jpg,train,117
sculpture_humanart_14000000004255.jpg,train,150
sculpture_humanart_14000000004256.jpg,train,140
sculpture_humanart_14000000004257.jpg,train,76
sculpture_humanart_14000000004258.jpg,train,74
sculpture_humanart_14000000004259.jpg,train,84
sculpture_humanart_14000000004260.jpg,train,112
sculpture_humanart_14000000004261.jpg,train,109
sculpture_humanart_14000000004264.jpg,train,99
sculpture_humanart_14000000004265.jpg,train,133
sculpture_humanart_14000000004266.jpg,train,120
sculpture_humanart_14000000004267.jpg,train,171
sculpture_humanart_14000000004268.jpg,train,75
sculpture_humanart_14000000004269.jpg,train,80
sculpture_humanart_14000000004270.jpg,train,125
sculpture_humanart_14000000004273.jpg,train,121
sculpture_humanart_14000000004274.jpg,train,96
sculpture_humanart_14000000004278.jpg,train,112
sculpture_humanart_14000000004279.jpg,train,126
sculpture_humanart_14000000004280.jpg,train,137
sculpture_humanart_14000000004281.jpg,train,120
sculpture_humanart_14000000004283.jpg,train,99
sculpture_humanart_14000000004284.jpg,train,97
sculpture_humanart_14000000004287.jpg,train,113
sculpture_humanart_14000000004288.jpg,train,94
sculpture_humanart_14000000004289.jpg,train,169
sculpture_humanart_14000000004290.jpg,train,74
sculpture_humanart_14000000004291.jpg,train,80
sculpture_humanart_14000000004293.jpg,train,132
sculpture_humanart_14000000004296.jpg,train,112
sculpture_humanart_14000000004298.jpg,train,58
sculpture_humanart_14000000004299.jpg,train,95
sculpture_humanart_14000000004300.jpg,train,141
sculpture_humanart_14000000004301.jpg,train,101
sculpture_humanart_14000000004302.jpg,train,116
sculpture_humanart_14000000004305.jpg,train,115
sculpture_humanart_14000000004306.jpg,train,101
sculpture_humanart_14000000004307.jpg,train,104
sculpture_humanart_14000000004308.jpg,train,134
sculpture_humanart_14000000004310.jpg,train,114
sculpture_humanart_14000000004311.jpg,train,100
sculpture_humanart_14000000004312.jpg,train,74
sculpture_humanart_14000000004313.jpg,train,125
sculpture_humanart_14000000004314.jpg,train,83
sculpture_humanart_14000000004315.jpg,train,113
sculpture_humanart_14000000004316.jpg,train,110
sculpture_humanart_14000000004317.jpg,train,82
sculpture_humanart_14000000004318.jpg,train,84
sculpture_humanart_14000000004319.jpg,train,117
sculpture_humanart_14000000004320.jpg,train,128
sculpture_humanart_14000000004321.jpg,train,90
sculpture_humanart_14000000004324.jpg,train,97
sculpture_humanart_14000000004325.jpg,train,106
sculpture_humanart_14000000004326.jpg,train,130
sculpture_humanart_14000000004327.jpg,train,119
sculpture_humanart_14000000004328.jpg,train,127
sculpture_humanart_14000000004331.jpg,train,126
sculpture_humanart_14000000004332.jpg,train,57
sculpture_humanart_14000000004333.jpg,train,108
sculpture_humanart_14000000004334.jpg,train,93
sculpture_humanart_14000000004337.jpg,train,70
sculpture_humanart_14000000004338.jpg,train,103
sculpture_humanart_14000000004340.jpg,train,92
sculpture_humanart_14000000004345.jpg,train,118
sculpture_humanart_14000000004347.jpg,train,118
sculpture_humanart_14000000004350.jpg,train,112
sculpture_humanart_14000000004351.jpg,train,131
sculpture_humanart_14000000004353.jpg,train,105
sculpture_humanart_14000000004357.jpg,train,90
sculpture_humanart_14000000004358.jpg,train,131
sculpture_humanart_14000000004359.jpg,train,107
sculpture_humanart_14000000004360.jpg,train,48
sculpture_humanart_14000000004364.jpg,train,124
sculpture_humanart_14000000004365.jpg,train,105
sculpture_humanart_14000000004366.jpg,train,133
sculpture_humanart_14000000004369.jpg,train,122
sculpture_humanart_14000000004371.jpg,train,108
sculpture_humanart_14000000004372.jpg,train,69
sculpture_humanart_14000000004373.jpg,train,102
sculpture_humanart_14000000004374.jpg,train,82
sculpture_humanart_14000000004375.jpg,train,106
sculpture_humanart_14000000004378.jpg,train,123
sculpture_humanart_14000000004379.jpg,train,128
sculpture_humanart_14000000004380.jpg,train,116
sculpture_humanart_14000000004382.jpg,train,63
sculpture_humanart_14000000004384.jpg,train,63
sculpture_humanart_14000000004385.jpg,train,100
sculpture_humanart_14000000004388.jpg,train,113
sculpture_humanart_14000000004389.jpg,train,107
sculpture_humanart_14000000004391.jpg,train,118
sculpture_humanart_14000000004392.jpg,train,141
sculpture_humanart_14000000004393.jpg,train,80
sculpture_humanart_14000000004394.jpg,train,131
sculpture_humanart_14000000004396.jpg,train,79
sculpture_humanart_14000000004397.jpg,train,118
sculpture_humanart_14000000004398.jpg,train,140
sculpture_humanart_14000000004399.jpg,train,132
sculpture_humanart_14000000004400.jpg,train,104
sculpture_humanart_14000000004401.jpg,train,43
sculpture_humanart_14000000004403.jpg,train,134
sculpture_humanart_14000000004406.jpg,train,132
sculpture_humanart_14000000004407.jpg,train,65
sculpture_humanart_14000000004408.jpg,train,162
sculpture_humanart_14000000004409.jpg,train,100
sculpture_humanart_14000000004410.jpg,train,123
sculpture_humanart_14000000004414.jpg,train,108
sculpture_humanart_14000000004415.jpg,train,66
sculpture_humanart_14000000004418.jpg,train,101
sculpture_humanart_14000000004420.jpg,train,116
sculpture_humanart_14000000004422.jpg,train,58
sculpture_humanart_14000000004423.jpg,train,111
sculpture_humanart_14000000004424.jpg,train,90
sculpture_humanart_14000000004426.jpg,train,114
sculpture_humanart_14000000004427.jpg,train,142
sculpture_humanart_14000000004430.jpg,train,92
sculpture_humanart_14000000004432.jpg,train,145
sculpture_humanart_14000000004433.jpg,train,100
sculpture_humanart_14000000004434.jpg,train,98
sculpture_humanart_14000000004436.jpg,train,81
sculpture_humanart_14000000004437.jpg,train,131
sculpture_humanart_14000000004439.jpg,train,113
sculpture_humanart_14000000004442.jpg,train,92
sculpture_humanart_14000000004443.jpg,train,132
sculpture_humanart_14000000004444.jpg,train,119
sculpture_humanart_14000000004445.jpg,train,63
sculpture_humanart_14000000004446.jpg,train,61
sculpture_humanart_14000000004447.jpg,train,108
sculpture_humanart_14000000004449.jpg,train,141
sculpture_humanart_14000000004452.jpg,train,123
sculpture_humanart_14000000004453.jpg,train,76
sculpture_humanart_14000000004454.jpg,train,76
sculpture_humanart_14000000004455.jpg,train,122
sculpture_humanart_14000000004456.jpg,train,43
sculpture_humanart_14000000004459.jpg,train,95
sculpture_humanart_14000000004462.jpg,train,114
sculpture_humanart_14000000004465.jpg,train,143
sculpture_humanart_14000000004466.jpg,train,91
sculpture_humanart_14000000004467.jpg,train,55
sculpture_humanart_14000000004473.jpg,train,121
sculpture_humanart_14000000004474.jpg,train,147
sculpture_humanart_14000000004475.jpg,train,113
sculpture_humanart_14000000004476.jpg,train,108
sculpture_humanart_14000000004477.jpg,train,75
sculpture_humanart_14000000004478.jpg,train,71
sculpture_humanart_14000000004480.jpg,train,128
sculpture_humanart_14000000004481.jpg,train,111
sculpture_humanart_14000000004483.jpg,train,117
sculpture_humanart_14000000004485.jpg,train,121
sculpture_humanart_14000000004486.jpg,train,108
sculpture_humanart_14000000004488.jpg,train,133
sculpture_humanart_14000000004489.jpg,train,53
sculpture_humanart_14000000004490.jpg,train,130
sculpture_humanart_14000000004491.jpg,train,114
sculpture_humanart_14000000004492.jpg,train,143
sculpture_humanart_14000000004494.jpg,train,87
sculpture_humanart_14000000004495.jpg,train,92
sculpture_humanart_14000000004497.jpg,train,114
sculpture_humanart_14000000004498.jpg,train,104
sculpture_humanart_14000000004499.jpg,train,135
sculpture_humanart_14000000004501.jpg,train,125
sculpture_humanart_14000000004502.jpg,train,137
sculpture_humanart_14000000004503.jpg,train,136
sculpture_humanart_14000000004504.jpg,train,88
sculpture_humanart_14000000004506.jpg,train,77
sculpture_humanart_14000000004509.jpg,train,117
sculpture_humanart_14000000004512.jpg,train,41
sculpture_humanart_14000000004513.jpg,train,92
sculpture_humanart_14000000004514.jpg,train,111
sculpture_humanart_14000000004515.jpg,train,79
sculpture_humanart_14000000004516.jpg,train,125
sculpture_humanart_14000000004517.jpg,train,133
sculpture_humanart_14000000004518.jpg,train,123
sculpture_humanart_14000000004519.jpg,train,131
sculpture_humanart_14000000004520.jpg,train,122
sculpture_humanart_14000000004521.jpg,train,82
sculpture_humanart_14000000004522.jpg,train,45
sculpture_humanart_14000000004524.jpg,train,126
sculpture_humanart_14000000004525.jpg,train,111
sculpture_humanart_14000000004526.jpg,train,102
sculpture_humanart_14000000004528.jpg,train,102
sculpture_humanart_14000000004529.jpg,train,157
sculpture_humanart_14000000004530.jpg,train,116
sculpture_humanart_14000000004531.jpg,train,152
sculpture_humanart_14000000004533.jpg,train,113
sculpture_humanart_14000000004534.jpg,train,60
sculpture_humanart_14000000004536.jpg,train,52
sculpture_humanart_14000000004537.jpg,train,120
sculpture_humanart_14000000004538.jpg,train,276
sculpture_humanart_14000000004539.jpg,train,112
sculpture_humanart_14000000004541.jpg,train,136
sculpture_humanart_14000000004542.jpg,train,112
sculpture_humanart_14000000004543.jpg,train,122
sculpture_humanart_14000000004545.jpg,train,322
sculpture_humanart_14000000004546.jpg,train,125
sculpture_humanart_14000000004547.jpg,train,135
sculpture_humanart_14000000004548.jpg,train,106
sculpture_humanart_14000000004549.jpg,train,109
sculpture_humanart_14000000004550.jpg,train,62
sculpture_humanart_14000000004551.jpg,train,133
sculpture_humanart_14000000004552.jpg,train,80
sculpture_humanart_14000000004553.jpg,train,107
sculpture_humanart_14000000004556.jpg,train,76
sculpture_humanart_14000000004559.jpg,train,122
sculpture_humanart_14000000004560.jpg,train,132
sculpture_humanart_14000000004562.jpg,train,129
sculpture_humanart_14000000004564.jpg,train,150
sculpture_humanart_14000000004565.jpg,train,96
coco_10014_crowd.jpg,val,102
coco_103163_crowd.jpg,val,94
coco_104715_474045.jpg,val,122
coco_105996_192826.jpg,val,94
coco_10698_488022.jpg,val,64
coco_111104_crowd.jpg,val,74
coco_113019_433623.jpg,val,103
coco_113095_449370.jpg,val,113
coco_118181_184685.jpg,val,79
coco_119513_crowd.jpg,val,97
coco_121716_451543.jpg,val,66
coco_121748_crowd.jpg,val,75
coco_122851_crowd.jpg,val,70
coco_124013_crowd.jpg,val,97
coco_124327_crowd.jpg,val,96
coco_124979_194775.jpg,val,61
coco_125590_434183.jpg,val,70
coco_127510_508684.jpg,val,76
coco_130909_crowd.jpg,val,71
coco_132554_crowd.jpg,val,69
coco_138675_2153120.jpg,val,115
coco_139440_crowd.jpg,val,140
coco_14004_crowd.jpg,val,96
coco_140388_1711113.jpg,val,99
coco_143387_425238.jpg,val,86
coco_14600_2164640.jpg,val,56
coco_152623_422950.jpg,val,107
coco_155245_504801.jpg,val,56
coco_157370_443058.jpg,val,53
coco_15818_476554.jpg,val,55
coco_15968_434955.jpg,val,47
coco_160726_200105.jpg,val,72
coco_161602_425434.jpg,val,54
coco_163929_crowd.jpg,val,68
coco_16491_crowd.jpg,val,79
coco_170147_446918.jpg,val,58
coco_176288_497022.jpg,val,72
coco_177567_481176.jpg,val,106
coco_180739_456498.jpg,val,91
coco_184181_2208104.jpg,val,89
coco_190014_453866.jpg,val,114
coco_199553_484133.jpg,val,78
coco_206356_crowd.jpg,val,110
coco_206806_223803.jpg,val,78
coco_210522_crowd.jpg,val,97
coco_211743_490653.jpg,val,78
coco_214468_187259.jpg,val,53
coco_218183_196536.jpg,val,74
coco_222564_crowd.jpg,val,102
coco_231795_445219.jpg,val,65
coco_232054_466783.jpg,val,131
coco_238074_429406.jpg,val,63
coco_240495_crowd.jpg,val,67
coco_24247_201558.jpg,val,51
coco_242510_crowd.jpg,val,81
coco_248655_465694.jpg,val,87
coco_253095_crowd.jpg,val,126
coco_253969_crowd.jpg,val,111
coco_254926_473162.jpg,val,107
coco_257943_crowd.jpg,val,97
coco_257965_509695.jpg,val,76
coco_258399_422036.jpg,val,68
coco_260409_198018.jpg,val,75
coco_266847_2198223.jpg,val,112
coco_268058_461417.jpg,val,99
coco_268556_2203816.jpg,val,107
coco_272323_crowd.jpg,val,44
coco_273579_422485.jpg,val,41
coco_276552_crowd.jpg,val,99
coco_276719_crowd.jpg,val,76
coco_278966_443209.jpg,val,85
coco_279420_475632.jpg,val,87
coco_28174_crowd.jpg,val,123
coco_281829_crowd.jpg,val,81
coco_285645_496575.jpg,val,92
coco_286124_548943.jpg,val,83
coco_287970_crowd.jpg,val,78
coco_290558_421102.jpg,val,138
coco_290839_crowd.jpg,val,68
coco_292206_crowd.jpg,val,97
coco_29431_483758.jpg,val,86
coco_295574_555261.jpg,val,98
coco_298362_440131.jpg,val,96
coco_298526_486183.jpg,val,88
coco_303413_451828.jpg,val,44
coco_303738_187664.jpg,val,132
coco_304924_508572.jpg,val,78
coco_309638_470122.jpg,val,86
coco_314757_crowd.jpg,val,98
coco_315705_489068.jpg,val,86
coco_315773_471493.jpg,val,73
coco_324776_200760.jpg,val,62
coco_326243_438983.jpg,val,101
coco_327255_crowd.jpg,val,106
coco_328940_crowd.jpg,val,107
coco_338108_crowd.jpg,val,116
coco_33871_crowd.jpg,val,140
coco_34234_2166366.jpg,val,101
coco_346577_428010.jpg,val,68
coco_348263_443790.jpg,val,112
coco_355256_1220058.jpg,val,67
coco_358629_439938.jpg,val,110
coco_35966_crowd.jpg,val,78
coco_365685_466574.jpg,val,81
coco_373785_464140.jpg,val,64
coco_374270_crowd.jpg,val,88
coco_375461_crowd.jpg,val,92
coco_376891_194648.jpg,val,124
coco_380609_435673.jpg,val,70
coco_381527_1205389.jpg,val,82
coco_384038_192280.jpg,val,80
coco_385669_437840.jpg,val,72
coco_392320_crowd.jpg,val,94
coco_392764_446572.jpg,val,80
coco_39504_209310.jpg,val,81
coco_400886_432106.jpg,val,55
coco_402410_2151426.jpg,val,98
coco_402662_455197.jpg,val,79
coco_40341_454428.jpg,val,159
coco_405166_crowd.jpg,val,75
coco_408449_crowd.jpg,val,144
coco_409496_469961.jpg,val,59
coco_417216_493302.jpg,val,87
coco_417742_crowd.jpg,val,92
coco_4211_crowd.jpg,val,78
coco_423173_191437.jpg,val,130
coco_426815_187746.jpg,val,57
coco_427113_crowd.jpg,val,55
coco_427476_460730.jpg,val,78
coco_43133_crowd.jpg,val,87
coco_432300_429260.jpg,val,89
coco_438723_536721.jpg,val,65
coco_440093_464410.jpg,val,107
coco_443556_crowd.jpg,val,93
coco_444502_crowd.jpg,val,62
coco_459103_crowd.jpg,val,92
coco_460059_crowd.jpg,val,60
coco_46077_crowd.jpg,val,67
coco_46331_crowd.jpg,val,79
coco_465986_1707746.jpg,val,80
coco_472216_crowd.jpg,val,154
coco_473250_1725314.jpg,val,34
coco_478723_2164196.jpg,val,100
coco_479723_crowd.jpg,val,117
coco_479950_crowd.jpg,val,46
coco_484681_2167034.jpg,val,65
coco_486576_214796.jpg,val,85
coco_487181_222504.jpg,val,96
coco_491215_1246517.jpg,val,96
coco_491242_468759.jpg,val,73
coco_492814_439048.jpg,val,58
coco_493192_452473.jpg,val,74
coco_49688_443764.jpg,val,79
coco_497109_crowd.jpg,val,71
coco_49731_461706.jpg,val,97
coco_497960_crowd.jpg,val,94
coco_505471_192722.jpg,val,73
coco_505728_1745857.jpg,val,131
coco_508787_451690.jpg,val,59
coco_509695_421347.jpg,val,74
coco_510587_447974.jpg,val,74
coco_510864_1738324.jpg,val,67
coco_511669_2208130.jpg,val,118
coco_516422_crowd.jpg,val,95
coco_519542_crowd.jpg,val,85
coco_522163_437150.jpg,val,122
coco_5247_crowd.jpg,val,95
coco_526186_crowd.jpg,val,162
coco_530033_444694.jpg,val,80
coco_530631_2205750.jpg,val,114
coco_534817_210215.jpg,val,71
coco_535668_crowd.jpg,val,82
coco_537376_crowd.jpg,val,98
coco_540614_498912.jpg,val,51
coco_543193_196833.jpg,val,78
coco_544432_crowd.jpg,val,116
coco_546658_511285.jpg,val,94
coco_554537_453664.jpg,val,113
coco_554669_crowd.jpg,val,96
coco_555461_457875.jpg,val,121
coco_558611_471794.jpg,val,82
coco_559062_451812.jpg,val,93
coco_560993_200972.jpg,val,53
coco_563938_crowd.jpg,val,87
coco_571029_crowd.jpg,val,92
coco_575933_471429.jpg,val,106
coco_579696_crowd.jpg,val,147
coco_580983_1288640.jpg,val,85
coco_581422_crowd.jpg,val,50
coco_70240_190675.jpg,val,120
coco_75001_crowd.jpg,val,139
coco_75494_446468.jpg,val,49
coco_78093_427587.jpg,val,75
coco_78194_185192.jpg,val,82
coco_80337_440705.jpg,val,104
coco_81303_478372.jpg,val,82
coco_84762_crowd.jpg,val,69
coco_95808_crowd.jpg,val,102
coco_96832_463118.jpg,val,53
coco_99067_491167.jpg,val,71
coco_99798_2204748.jpg,val,79
danbooru_anime_11899819.jpg,val,109
danbooru_anime_11900355.jpg,val,103
danbooru_anime_11900644.jpg,val,43
danbooru_anime_11901086.jpg,val,68
danbooru_anime_11901644.jpg,val,127
danbooru_anime_11903677.jpg,val,65
danbooru_anime_11903756.jpg,val,61
danbooru_anime_11903964.jpg,val,73
danbooru_anime_11904010.jpg,val,118
danbooru_anime_11904228.jpg,val,129
danbooru_anime_11904416.jpg,val,132
danbooru_anime_11904916.jpg,val,60
danbooru_anime_11905229.jpg,val,126
danbooru_anime_11905305.jpg,val,92
danbooru_anime_11906190.jpg,val,54
danbooru_anime_11906223.jpg,val,130
danbooru_anime_11907566.jpg,val,127
danbooru_anime_11907909.jpg,val,112
danbooru_anime_11908019.jpg,val,117
danbooru_anime_11908279.jpg,val,107
danbooru_anime_11909161.jpg,val,115
danbooru_anime_11909189.jpg,val,36
danbooru_anime_11909232.jpg,val,121
danbooru_anime_11910212.jpg,val,109
danbooru_anime_11910219.jpg,val,111
danbooru_anime_11910224.jpg,val,142
danbooru_anime_11910283.jpg,val,160
danbooru_anime_11910347.jpg,val,93
danbooru_anime_11910368.jpg,val,69
danbooru_anime_11910660.jpg,val,87
danbooru_anime_11910662.jpg,val,114
danbooru_anime_11911328.jpg,val,95
danbooru_anime_11911847.jpg,val,74
danbooru_anime_11912028.jpg,val,51
danbooru_anime_11912086.jpg,val,118
danbooru_anime_11912145.jpg,val,151
danbooru_anime_11912209.jpg,val,137
danbooru_anime_11912946.jpg,val,62
danbooru_anime_11912960.jpg,val,109
danbooru_anime_11913117.jpg,val,157
danbooru_anime_11913726.jpg,val,108
danbooru_anime_11913842.jpg,val,106
danbooru_anime_11915174.jpg,val,98
danbooru_anime_11915484.jpg,val,49
danbooru_anime_11915588.jpg,val,96
danbooru_anime_11915636.jpg,val,77
danbooru_anime_11915691.jpg,val,72
danbooru_anime_11915966.jpg,val,86
danbooru_anime_11916088.jpg,val,80
danbooru_anime_11916137.jpg,val,79
danbooru_anime_11916415.jpg,val,129
danbooru_anime_11916491.jpg,val,100
danbooru_anime_11916648.jpg,val,126
danbooru_anime_11916672.jpg,val,76
danbooru_anime_11916729.jpg,val,128
danbooru_anime_11916746.jpg,val,146
danbooru_anime_11916831.jpg,val,123
danbooru_anime_11916852.jpg,val,113
danbooru_anime_11916963.jpg,val,142
danbooru_anime_11916972.jpg,val,87
danbooru_anime_11917087.jpg,val,104
danbooru_anime_11917092.jpg,val,118
danbooru_anime_11917102.jpg,val,102
danbooru_anime_11917146.jpg,val,158
danbooru_anime_11917156.jpg,val,146
danbooru_anime_11917286.jpg,val,64
danbooru_anime_11917740.jpg,val,93
danbooru_anime_11917763.jpg,val,86
danbooru_anime_11917815.jpg,val,95
danbooru_anime_11917825.jpg,val,148
danbooru_anime_11917851.jpg,val,90
danbooru_anime_11918202.jpg,val,134
danbooru_anime_11918366.jpg,val,79
danbooru_anime_11918549.jpg,val,77
danbooru_anime_11918841.jpg,val,110
danbooru_anime_11919013.jpg,val,77
danbooru_anime_11919109.jpg,val,121
danbooru_anime_11919150.jpg,val,84
danbooru_anime_11919152.jpg,val,107
danbooru_anime_11919175.jpg,val,141
danbooru_anime_11919202.jpg,val,102
danbooru_anime_11919347.jpg,val,143
danbooru_anime_11919477.jpg,val,96
danbooru_anime_11919604.jpg,val,60
danbooru_anime_11919621.jpg,val,92
danbooru_anime_11919637.jpg,val,127
danbooru_anime_11919650.jpg,val,96
danbooru_anime_11919658.jpg,val,131
danbooru_anime_11919696.jpg,val,71
danbooru_anime_11919904.jpg,val,105
danbooru_anime_11919983.jpg,val,41
danbooru_anime_11920001.jpg,val,45
danbooru_anime_11920174.jpg,val,118
danbooru_anime_11920235.jpg,val,69
danbooru_anime_11920323.jpg,val,116
danbooru_anime_11920342.jpg,val,103
danbooru_anime_11920346.jpg,val,79
danbooru_anime_11920462.jpg,val,138
danbooru_anime_11920496.jpg,val,77
danbooru_anime_11920533.jpg,val,80
danbooru_anime_11920560.jpg,val,65
danbooru_anime_11920582.jpg,val,83
danbooru_anime_11920731.jpg,val,106
danbooru_anime_11920766.jpg,val,117
danbooru_anime_11920885.jpg,val,128
danbooru_anime_11920898.jpg,val,75
danbooru_anime_11920966.jpg,val,83
danbooru_anime_11921016.jpg,val,95
danbooru_anime_11921157.jpg,val,74
danbooru_anime_11921218.jpg,val,160
danbooru_anime_11921250.jpg,val,55
danbooru_anime_11921254.jpg,val,69
danbooru_anime_11921256.jpg,val,97
danbooru_anime_11921300.jpg,val,124
danbooru_anime_11921311.jpg,val,136
danbooru_anime_11921326.jpg,val,133
danbooru_anime_11921406.jpg,val,115
danbooru_anime_11921439.jpg,val,99
danbooru_anime_11921446.jpg,val,82
painting_humanart_10000000000003.jpg,val,112
painting_humanart_10000000000037.jpg,val,94
painting_humanart_10000000000149.jpg,val,52
painting_humanart_10000000000154.jpg,val,70
painting_humanart_10000000000155.jpg,val,138
painting_humanart_10000000000189.jpg,val,115
painting_humanart_10000000000223.jpg,val,124
painting_humanart_10000000000258.jpg,val,90
painting_humanart_10000000000290.jpg,val,119
painting_humanart_10000000000297.jpg,val,71
painting_humanart_10000000000300.jpg,val,126
painting_humanart_10000000000301.jpg,val,97
painting_humanart_10000000000305.jpg,val,89
painting_humanart_10000000000317.jpg,val,44
painting_humanart_10000000000319.jpg,val,117
painting_humanart_10000000000396.jpg,val,87
painting_humanart_10000000000494.jpg,val,109
painting_humanart_10000000000568.jpg,val,108
painting_humanart_10000000000643.jpg,val,61
painting_humanart_10000000000661.jpg,val,76
painting_humanart_10000000000737.jpg,val,91
painting_humanart_10000000000741.jpg,val,114
painting_humanart_10000000000779.jpg,val,142
painting_humanart_10000000000806.jpg,val,125
painting_humanart_10000000000812.jpg,val,106
painting_humanart_10000000000831.jpg,val,80
painting_humanart_10000000000845.jpg,val,94
painting_humanart_10000000000865.jpg,val,145
painting_humanart_10000000000899.jpg,val,110
painting_humanart_10000000000921.jpg,val,83
painting_humanart_10000000000928.jpg,val,82
painting_humanart_10000000000954.jpg,val,141
painting_humanart_10000000001137.jpg,val,78
painting_humanart_10000000001244.jpg,val,81
painting_humanart_10000000001314.jpg,val,96
painting_humanart_1000000000132.jpg,val,109
painting_humanart_10000000001475.jpg,val,65
painting_humanart_10000000001552.jpg,val,105
painting_humanart_1000000000159.jpg,val,63
painting_humanart_10000000001613.jpg,val,98
painting_humanart_10000000001879.jpg,val,76
painting_humanart_10000000001982.jpg,val,129
painting_humanart_10000000002117.jpg,val,69
painting_humanart_10000000002300.jpg,val,130
painting_humanart_10000000002506.jpg,val,100
painting_humanart_10000000002510.jpg,val,82
painting_humanart_10000000002575.jpg,val,78
painting_humanart_10000000002799.jpg,val,80
painting_humanart_1000000000281.jpg,val,54
painting_humanart_10000000002854.jpg,val,118
painting_humanart_10000000002898.jpg,val,108
painting_humanart_10000000002909.jpg,val,88
painting_humanart_10000000002945.jpg,val,105
painting_humanart_10000000003009.jpg,val,118
painting_humanart_10000000003033.jpg,val,96
painting_humanart_10000000003113.jpg,val,109
painting_humanart_10000000003159.jpg,val,103
painting_humanart_10000000003222.jpg,val,54
painting_humanart_1000000000326.jpg,val,138
painting_humanart_1000000000332.jpg,val,101
painting_humanart_10000000003360.jpg,val,136
painting_humanart_10000000003521.jpg,val,121
painting_humanart_1000000000361.jpg,val,121
painting_humanart_10000000003658.jpg,val,119
painting_humanart_1000000000366.jpg,val,116
painting_humanart_10000000003759.jpg,val,96
painting_humanart_10000000003831.jpg,val,80
painting_humanart_10000000004169.jpg,val,108
painting_humanart_10000000004350.jpg,val,76
painting_humanart_10000000004379.jpg,val,140
painting_humanart_10000000004410.jpg,val,95
painting_humanart_10000000004517.jpg,val,143
painting_humanart_10000000004766.jpg,val,83
painting_humanart_10000000004967.jpg,val,80
painting_humanart_10000000005131.jpg,val,82
painting_humanart_10000000005184.jpg,val,95
painting_humanart_10000000005208.jpg,val,90
painting_humanart_10000000005253.jpg,val,77
painting_humanart_10000000005343.jpg,val,101
painting_humanart_10000000005462.jpg,val,85
painting_humanart_10000000005584.jpg,val,100
painting_humanart_10000000005597.jpg,val,144
painting_humanart_10000000005918.jpg,val,151
painting_humanart_10000000005986.jpg,val,134
painting_humanart_10000000005998.jpg,val,116
painting_humanart_10000000006327.jpg,val,110
painting_humanart_10000000006517.jpg,val,167
painting_humanart_1000000000654.jpg,val,96
painting_humanart_10000000006562.jpg,val,109
painting_humanart_1000000000731.jpg,val,69
painting_humanart_1000000000851.jpg,val,123
painting_humanart_1000000000854.jpg,val,97
painting_humanart_1000000000861.jpg,val,109
painting_humanart_1000000000916.jpg,val,122
painting_humanart_1000000000993.jpg,val,101
painting_humanart_1000000001099.jpg,val,95
painting_humanart_1000000001140.jpg,val,78
painting_humanart_1000000001203.jpg,val,112
painting_humanart_1000000001211.jpg,val,57
painting_humanart_1000000001233.jpg,val,118
painting_humanart_1000000001288.jpg,val,77
painting_humanart_1000000001291.jpg,val,96
painting_humanart_1000000001438.jpg,val,135
painting_humanart_1000000001584.jpg,val,94
painting_humanart_1000000001877.jpg,val,181
painting_humanart_1000000002175.jpg,val,149
painting_humanart_1000000002296.jpg,val,112
painting_humanart_1000000002356.jpg,val,74
painting_humanart_1000000003102.jpg,val,55
painting_humanart_1000000003295.jpg,val,72
painting_humanart_1000000003501.jpg,val,96
painting_humanart_1000000003653.jpg,val,72
painting_humanart_1000000004026.jpg,val,32
painting_humanart_1000000004036.jpg,val,110
painting_humanart_1000000004109.jpg,val,74
painting_humanart_1000000004782.jpg,val,100
painting_humanart_1000000004849.jpg,val,65
painting_humanart_1000000005946.jpg,val,62
painting_humanart_1000000006447.jpg,val,80
painting_humanart_1000000006796.jpg,val,53
painting_humanart_1000000007578.jpg,val,104
painting_humanart_1000000007844.jpg,val,70
painting_humanart_1000000007876.jpg,val,122
painting_humanart_1000000008434.jpg,val,96
painting_humanart_2000000000077.jpg,val,154
painting_humanart_2000000000083.jpg,val,145
painting_humanart_2000000000126.jpg,val,69
painting_humanart_2000000000204.jpg,val,151
painting_humanart_2000000000257.jpg,val,98
painting_humanart_2000000000297.jpg,val,104
painting_humanart_2000000000408.jpg,val,125
painting_humanart_2000000000417.jpg,val,94
painting_humanart_2000000000419.jpg,val,97
painting_humanart_2000000000473.jpg,val,155
painting_humanart_2000000000480.jpg,val,110
painting_humanart_2000000000548.jpg,val,85
painting_humanart_2000000000563.jpg,val,110
painting_humanart_2000000000733.jpg,val,116
painting_humanart_2000000000754.jpg,val,128
painting_humanart_2000000000808.jpg,val,67
painting_humanart_2000000000918.jpg,val,138
painting_humanart_2000000000926.jpg,val,123
painting_humanart_2000000000984.jpg,val,87
painting_humanart_2000000001016.jpg,val,112
painting_humanart_2000000001049.jpg,val,89
painting_humanart_2000000001056.jpg,val,102
painting_humanart_2000000001067.jpg,val,115
painting_humanart_2000000001088.jpg,val,152
painting_humanart_2000000001202.jpg,val,136
painting_humanart_2000000001244.jpg,val,103
painting_humanart_2000000001245.jpg,val,125
painting_humanart_2000000001261.jpg,val,105
painting_humanart_2000000001298.jpg,val,125
painting_humanart_2000000001434.jpg,val,153
painting_humanart_2000000001444.jpg,val,98
painting_humanart_2000000001466.jpg,val,106
painting_humanart_2000000001477.jpg,val,136
painting_humanart_2000000001479.jpg,val,112
painting_humanart_2000000001549.jpg,val,86
painting_humanart_2000000001573.jpg,val,100
painting_humanart_2000000001582.jpg,val,88
painting_humanart_2000000001838.jpg,val,51
painting_humanart_2000000001882.jpg,val,85
painting_humanart_2000000001905.jpg,val,129
painting_humanart_2000000001907.jpg,val,125
painting_humanart_2000000001913.jpg,val,94
painting_humanart_2000000001914.jpg,val,135
painting_humanart_2000000001957.jpg,val,91
painting_humanart_2000000001979.jpg,val,104
painting_humanart_2000000002063.jpg,val,93
painting_humanart_2000000002068.jpg,val,77
painting_humanart_2000000002080.jpg,val,131
painting_humanart_2000000002090.jpg,val,152
painting_humanart_2000000002126.jpg,val,120
painting_humanart_2000000002132.jpg,val,119
painting_humanart_2000000002136.jpg,val,106
painting_humanart_2000000002143.jpg,val,116
painting_humanart_2000000002148.jpg,val,101
painting_humanart_2000000002151.jpg,val,135
painting_humanart_2000000002184.jpg,val,118
painting_humanart_2000000002294.jpg,val,142
painting_humanart_2000000002338.jpg,val,102
painting_humanart_2000000002360.jpg,val,74
painting_humanart_2000000002361.jpg,val,130
painting_humanart_2000000002383.jpg,val,114
painting_humanart_2000000002385.jpg,val,112
painting_humanart_2000000002456.jpg,val,79
painting_humanart_2000000002490.jpg,val,140
painting_humanart_2000000002509.jpg,val,108
painting_humanart_2000000002597.jpg,val,58
painting_humanart_2000000002642.jpg,val,137
painting_humanart_2000000002654.jpg,val,140
painting_humanart_2000000002691.jpg,val,81
painting_humanart_2000000002719.jpg,val,131
painting_humanart_2000000002736.jpg,val,133
painting_humanart_2000000002738.jpg,val,173
painting_humanart_2000000002761.jpg,val,72
painting_humanart_2000000002765.jpg,val,113
painting_humanart_2000000002806.jpg,val,82
painting_humanart_2000000002850.jpg,val,114
painting_humanart_2000000003017.jpg,val,163
painting_humanart_2000000003095.jpg,val,150
painting_humanart_2000000003169.jpg,val,80
painting_humanart_2000000003217.jpg,val,59
painting_humanart_6000000000034.jpg,val,79
painting_humanart_6000000000096.jpg,val,73
painting_humanart_6000000000119.jpg,val,59
painting_humanart_6000000000325.jpg,val,108
painting_humanart_6000000000397.jpg,val,103
painting_humanart_6000000000526.jpg,val,102
painting_humanart_6000000000533.jpg,val,139
painting_humanart_6000000000575.jpg,val,121
painting_humanart_6000000000597.jpg,val,52
painting_humanart_6000000000709.jpg,val,99
painting_humanart_6000000000789.jpg,val,139
painting_humanart_6000000000846.jpg,val,126
painting_humanart_6000000000945.jpg,val,124
painting_humanart_6000000000970.jpg,val,112
painting_humanart_6000000000993.jpg,val,113
painting_humanart_6000000001063.jpg,val,109
painting_humanart_6000000001206.jpg,val,93
painting_humanart_6000000001286.jpg,val,45
painting_humanart_6000000001327.jpg,val,96
painting_humanart_6000000001428.jpg,val,121
painting_humanart_6000000001527.jpg,val,123
painting_humanart_6000000001742.jpg,val,61
painting_humanart_6000000001822.jpg,val,144
painting_humanart_6000000001825.jpg,val,102
painting_humanart_6000000001926.jpg,val,113
painting_humanart_6000000001990.jpg,val,92
painting_humanart_6000000002059.jpg,val,119
painting_humanart_6000000002313.jpg,val,147
painting_humanart_6000000002354.jpg,val,90
painting_humanart_6000000002396.jpg,val,100
painting_humanart_6000000002549.jpg,val,129
painting_humanart_6000000002659.jpg,val,129
painting_humanart_6000000002679.jpg,val,130
painting_humanart_6000000002700.jpg,val,97
painting_humanart_6000000002727.jpg,val,94
painting_humanart_6000000002777.jpg,val,127
painting_humanart_6000000002888.jpg,val,111
painting_humanart_6000000002911.jpg,val,115
painting_humanart_6000000002965.jpg,val,148
painting_humanart_6000000003069.jpg,val,66
painting_humanart_6000000003079.jpg,val,118
painting_humanart_6000000003086.jpg,val,84
painting_humanart_6000000003099.jpg,val,106
painting_humanart_6000000003124.jpg,val,129
painting_humanart_6000000003190.jpg,val,119
painting_humanart_6000000003240.jpg,val,65
painting_humanart_6000000003248.jpg,val,137
painting_humanart_6000000003347.jpg,val,82
painting_humanart_6000000003457.jpg,val,68
painting_humanart_6000000003464.jpg,val,93
painting_humanart_6000000003485.jpg,val,66
painting_humanart_6000000003551.jpg,val,52
painting_humanart_6000000003552.jpg,val,101
painting_humanart_6000000003578.jpg,val,119
painting_humanart_9000000000043.jpg,val,128
painting_humanart_9000000000059.jpg,val,68
painting_humanart_9000000000085.jpg,val,105
painting_humanart_9000000000101.jpg,val,99
painting_humanart_9000000000186.jpg,val,91
painting_humanart_9000000000187.jpg,val,64
painting_humanart_9000000000198.jpg,val,60
painting_humanart_9000000000244.jpg,val,68
painting_humanart_9000000000387.jpg,val,72
painting_humanart_9000000000477.jpg,val,44
painting_humanart_9000000000537.jpg,val,108
painting_humanart_9000000000670.jpg,val,116
painting_humanart_9000000000681.jpg,val,137
painting_humanart_9000000000694.jpg,val,41
painting_humanart_9000000000697.jpg,val,98
painting_humanart_9000000000702.jpg,val,73
painting_humanart_9000000000724.jpg,val,95
painting_humanart_9000000000760.jpg,val,62
painting_humanart_9000000000778.jpg,val,39
painting_humanart_9000000000787.jpg,val,120
painting_humanart_9000000000807.jpg,val,123
painting_humanart_9000000000872.jpg,val,99
painting_humanart_9000000000889.jpg,val,109
painting_humanart_9000000001029.jpg,val,71
painting_humanart_9000000001054.jpg,val,135
painting_humanart_9000000001055.jpg,val,98
painting_humanart_9000000001079.jpg,val,108
painting_humanart_9000000001096.jpg,val,63
painting_humanart_9000000001102.jpg,val,131
painting_humanart_9000000001134.jpg,val,68
painting_humanart_9000000001236.jpg,val,68
painting_humanart_9000000001362.jpg,val,134
painting_humanart_9000000001370.jpg,val,86
painting_humanart_9000000001406.jpg,val,77
painting_humanart_9000000001431.jpg,val,90
painting_humanart_9000000001463.jpg,val,147
painting_humanart_9000000001517.jpg,val,109
painting_humanart_9000000001539.jpg,val,91
painting_humanart_9000000001629.jpg,val,49
painting_humanart_9000000001683.jpg,val,124
painting_humanart_9000000001692.jpg,val,92
painting_humanart_9000000001710.jpg,val,134
painting_humanart_9000000001762.jpg,val,111
painting_humanart_9000000001814.jpg,val,113
painting_humanart_9000000001854.jpg,val,66
painting_humanart_9000000001893.jpg,val,138
painting_humanart_9000000001986.jpg,val,73
painting_humanart_9000000001991.jpg,val,137
painting_humanart_9000000001994.jpg,val,94
painting_humanart_9000000002047.jpg,val,77
painting_humanart_9000000002061.jpg,val,105
painting_humanart_9000000002065.jpg,val,157
painting_humanart_9000000002094.jpg,val,173
painting_humanart_9000000002167.jpg,val,81
painting_humanart_9000000002222.jpg,val,110
painting_humanart_9000000002253.jpg,val,75
painting_humanart_9000000002325.jpg,val,107
painting_humanart_9000000002350.jpg,val,114
painting_humanart_9000000002408.jpg,val,162
painting_humanart_9000000002468.jpg,val,129
painting_humanart_9000000002577.jpg,val,105
painting_humanart_9000000002654.jpg,val,116
real_human_humanart_15000000000003.jpg,val,141
real_human_humanart_15000000000008.jpg,val,147
real_human_humanart_15000000000019.jpg,val,162
real_human_humanart_15000000000021.jpg,val,126
real_human_humanart_15000000000038.jpg,val,121
real_human_humanart_15000000000043.jpg,val,108
real_human_humanart_15000000000065.jpg,val,117
real_human_humanart_15000000000106.jpg,val,151
real_human_humanart_15000000000113.jpg,val,108
real_human_humanart_15000000000177.jpg,val,99
real_human_humanart_15000000000199.jpg,val,134
real_human_humanart_15000000000249.jpg,val,118
real_human_humanart_15000000000251.jpg,val,109
real_human_humanart_15000000000260.jpg,val,103
real_human_humanart_15000000000337.jpg,val,118
real_human_humanart_15000000000418.jpg,val,79
real_human_humanart_15000000000437.jpg,val,130
real_human_humanart_15000000000477.jpg,val,133
real_human_humanart_15000000000519.jpg,val,134
real_human_humanart_15000000000521.jpg,val,99
real_human_humanart_15000000000550.jpg,val,127
real_human_humanart_15000000000564.jpg,val,141
real_human_humanart_15000000000658.jpg,val,173
real_human_humanart_15000000000660.jpg,val,90
real_human_humanart_15000000000674.jpg,val,84
real_human_humanart_15000000000873.jpg,val,105
real_human_humanart_15000000000883.jpg,val,129
real_human_humanart_15000000000930.jpg,val,151
real_human_humanart_15000000000931.jpg,val,105
real_human_humanart_15000000000975.jpg,val,119
real_human_humanart_15000000001010.jpg,val,55
real_human_humanart_15000000001012.jpg,val,128
real_human_humanart_15000000001047.jpg,val,100
real_human_humanart_15000000001066.jpg,val,78
real_human_humanart_15000000001099.jpg,val,132
real_human_humanart_15000000001140.jpg,val,161
real_human_humanart_15000000001142.jpg,val,110
real_human_humanart_15000000001154.jpg,val,111
real_human_humanart_15000000001199.jpg,val,128
real_human_humanart_15000000001223.jpg,val,97
real_human_humanart_15000000001229.jpg,val,91
real_human_humanart_15000000001279.jpg,val,110
real_human_humanart_15000000001282.jpg,val,97
real_human_humanart_15000000001299.jpg,val,140
real_human_humanart_15000000001349.jpg,val,119
real_human_humanart_15000000001397.jpg,val,122
real_human_humanart_15000000001420.jpg,val,71
real_human_humanart_15000000001466.jpg,val,139
real_human_humanart_15000000001478.jpg,val,130
real_human_humanart_15000000001507.jpg,val,153
real_human_humanart_15000000001539.jpg,val,161
real_human_humanart_15000000001561.jpg,val,56
real_human_humanart_15000000001563.jpg,val,97
real_human_humanart_15000000001572.jpg,val,140
real_human_humanart_15000000001753.jpg,val,90
real_human_humanart_15000000001759.jpg,val,136
real_human_humanart_15000000001808.jpg,val,135
real_human_humanart_15000000001845.jpg,val,131
real_human_humanart_15000000001893.jpg,val,96
real_human_humanart_15000000001927.jpg,val,134
real_human_humanart_15000000001993.jpg,val,126
real_human_humanart_15000000001997.jpg,val,174
real_human_humanart_15000000002016.jpg,val,133
real_human_humanart_15000000002033.jpg,val,137
real_human_humanart_15000000002036.jpg,val,173
real_human_humanart_15000000002111.jpg,val,127
real_human_humanart_15000000002140.jpg,val,133
real_human_humanart_15000000002182.jpg,val,148
real_human_humanart_15000000002185.jpg,val,140
real_human_humanart_15000000002243.jpg,val,150
real_human_humanart_15000000002294.jpg,val,159
real_human_humanart_15000000002297.jpg,val,78
real_human_humanart_15000000002318.jpg,val,148
real_human_humanart_15000000002327.jpg,val,85
real_human_humanart_15000000002333.jpg,val,135
real_human_humanart_15000000002343.jpg,val,120
real_human_humanart_15000000002356.jpg,val,104
real_human_humanart_15000000002359.jpg,val,122
real_human_humanart_15000000002387.jpg,val,145
real_human_humanart_15000000002398.jpg,val,144
real_human_humanart_17000000000020.jpg,val,141
real_human_humanart_17000000000028.jpg,val,142
real_human_humanart_17000000000140.jpg,val,137
real_human_humanart_17000000000143.jpg,val,102
real_human_humanart_17000000000162.jpg,val,119
real_human_humanart_17000000000197.jpg,val,151
real_human_humanart_17000000000240.jpg,val,139
real_human_humanart_17000000000253.jpg,val,115
real_human_humanart_17000000000262.jpg,val,56
real_human_humanart_17000000000265.jpg,val,99
real_human_humanart_17000000000266.jpg,val,118
real_human_humanart_17000000000281.jpg,val,132
real_human_humanart_17000000000318.jpg,val,112
real_human_humanart_17000000000325.jpg,val,107
real_human_humanart_17000000000339.jpg,val,87
real_human_humanart_17000000000348.jpg,val,89
real_human_humanart_17000000000357.jpg,val,103
real_human_humanart_17000000000406.jpg,val,115
real_human_humanart_17000000000409.jpg,val,125
real_human_humanart_17000000000441.jpg,val,150
real_human_humanart_17000000000472.jpg,val,142
real_human_humanart_17000000000494.jpg,val,122
real_human_humanart_17000000000519.jpg,val,131
real_human_humanart_17000000000528.jpg,val,92
real_human_humanart_17000000000533.jpg,val,201
real_human_humanart_17000000000562.jpg,val,134
real_human_humanart_17000000000565.jpg,val,140
real_human_humanart_17000000000580.jpg,val,141
real_human_humanart_17000000000619.jpg,val,125
real_human_humanart_17000000000678.jpg,val,128
real_human_humanart_17000000000714.jpg,val,91
real_human_humanart_17000000000750.jpg,val,71
real_human_humanart_17000000000825.jpg,val,147
real_human_humanart_17000000000869.jpg,val,106
real_human_humanart_17000000000929.jpg,val,124
real_human_humanart_17000000000948.jpg,val,95
real_human_humanart_17000000000965.jpg,val,164
real_human_humanart_17000000000970.jpg,val,134
real_human_humanart_17000000000980.jpg,val,144
real_human_humanart_17000000001007.jpg,val,173
real_human_humanart_17000000001039.jpg,val,98
real_human_humanart_17000000001131.jpg,val,116
real_human_humanart_17000000001147.jpg,val,119
real_human_humanart_17000000001205.jpg,val,103
real_human_humanart_17000000001263.jpg,val,74
real_human_humanart_17000000001264.jpg,val,134
real_human_humanart_17000000001269.jpg,val,107
real_human_humanart_17000000001309.jpg,val,135
real_human_humanart_17000000001317.jpg,val,197
real_human_humanart_17000000001322.jpg,val,148
real_human_humanart_17000000001415.jpg,val,124
real_human_humanart_17000000001431.jpg,val,86
real_human_humanart_17000000001443.jpg,val,149
real_human_humanart_17000000001452.jpg,val,57
real_human_humanart_17000000001460.jpg,val,105
real_human_humanart_17000000001466.jpg,val,134
real_human_humanart_17000000001476.jpg,val,134
real_human_humanart_17000000001508.jpg,val,160
real_human_humanart_17000000001513.jpg,val,140
real_human_humanart_17000000001597.jpg,val,131
real_human_humanart_17000000001611.jpg,val,102
real_human_humanart_17000000001663.jpg,val,78
real_human_humanart_17000000001707.jpg,val,97
real_human_humanart_17000000001729.jpg,val,86
real_human_humanart_17000000001741.jpg,val,126
real_human_humanart_17000000001770.jpg,val,98
real_human_humanart_17000000001806.jpg,val,114
real_human_humanart_17000000001861.jpg,val,87
real_human_humanart_17000000001895.jpg,val,104
real_human_humanart_17000000001924.jpg,val,89
real_human_humanart_17000000001987.jpg,val,124
real_human_humanart_17000000002000.jpg,val,121
real_human_humanart_17000000002039.jpg,val,102
real_human_humanart_17000000002083.jpg,val,85
real_human_humanart_17000000002135.jpg,val,114
real_human_humanart_17000000002172.jpg,val,99
real_human_humanart_17000000002178.jpg,val,112
real_human_humanart_17000000002181.jpg,val,115
real_human_humanart_17000000002207.jpg,val,108
real_human_humanart_17000000002284.jpg,val,100
real_human_humanart_17000000002348.jpg,val,122
real_human_humanart_17000000002379.jpg,val,111
real_human_humanart_17000000002390.jpg,val,116
real_human_humanart_17000000002403.jpg,val,128
real_human_humanart_17000000002455.jpg,val,161
real_human_humanart_17000000002480.jpg,val,115
real_human_humanart_17000000002530.jpg,val,131
sculpture_humanart_14000000000022.jpg,val,108
sculpture_humanart_14000000000186.jpg,val,117
sculpture_humanart_14000000000288.jpg,val,140
sculpture_humanart_14000000000326.jpg,val,132
sculpture_humanart_14000000000343.jpg,val,119
sculpture_humanart_14000000000436.jpg,val,138
sculpture_humanart_14000000000457.jpg,val,87
sculpture_humanart_14000000000478.jpg,val,115
sculpture_humanart_14000000000561.jpg,val,131
sculpture_humanart_14000000000613.jpg,val,100
sculpture_humanart_14000000000697.jpg,val,150
sculpture_humanart_14000000000754.jpg,val,110
sculpture_humanart_14000000000789.jpg,val,106
sculpture_humanart_14000000000958.jpg,val,94
sculpture_humanart_14000000000974.jpg,val,104
sculpture_humanart_14000000000984.jpg,val,128
sculpture_humanart_14000000001038.jpg,val,128
sculpture_humanart_14000000001067.jpg,val,121
sculpture_humanart_14000000001104.jpg,val,111
sculpture_humanart_14000000001153.jpg,val,71
sculpture_humanart_14000000001164.jpg,val,194
sculpture_humanart_14000000001265.jpg,val,140
sculpture_humanart_14000000001308.jpg,val,124
sculpture_humanart_14000000001341.jpg,val,135
sculpture_humanart_14000000001434.jpg,val,103
sculpture_humanart_14000000001493.jpg,val,118
sculpture_humanart_14000000001522.jpg,val,98
sculpture_humanart_14000000001523.jpg,val,88
sculpture_humanart_14000000001525.jpg,val,103
sculpture_humanart_14000000001607.jpg,val,127
sculpture_humanart_14000000001615.jpg,val,96
sculpture_humanart_14000000001626.jpg,val,124
sculpture_humanart_14000000001664.jpg,val,87
sculpture_humanart_14000000001667.jpg,val,92
sculpture_humanart_14000000001671.jpg,val,99
sculpture_humanart_14000000001693.jpg,val,110
sculpture_humanart_14000000001713.jpg,val,92
sculpture_humanart_14000000001818.jpg,val,118
sculpture_humanart_14000000001838.jpg,val,103
sculpture_humanart_14000000001866.jpg,val,116
sculpture_humanart_14000000001870.jpg,val,121
sculpture_humanart_14000000001900.jpg,val,89
sculpture_humanart_14000000001914.jpg,val,79
sculpture_humanart_14000000001927.jpg,val,110
sculpture_humanart_14000000002017.jpg,val,112
sculpture_humanart_14000000002062.jpg,val,120
sculpture_humanart_14000000002082.jpg,val,139
sculpture_humanart_14000000002854.jpg,val,118
sculpture_humanart_14000000003502.jpg,val,135
sculpture_humanart_14000000003666.jpg,val,130
sculpture_humanart_14000000003672.jpg,val,143
sculpture_humanart_14000000003678.jpg,val,83
sculpture_humanart_14000000003681.jpg,val,141
sculpture_humanart_14000000003686.jpg,val,66
sculpture_humanart_14000000003691.jpg,val,81
sculpture_humanart_14000000003693.jpg,val,133
sculpture_humanart_14000000003716.jpg,val,84
sculpture_humanart_14000000003728.jpg,val,118
sculpture_humanart_14000000003768.jpg,val,91
sculpture_humanart_14000000003784.jpg,val,188
sculpture_humanart_14000000003785.jpg,val,48
sculpture_humanart_14000000003798.jpg,val,166
sculpture_humanart_14000000003803.jpg,val,127
sculpture_humanart_14000000003817.jpg,val,133
sculpture_humanart_14000000003824.jpg,val,128
sculpture_humanart_14000000003844.jpg,val,136
sculpture_humanart_14000000004040.jpg,val,71
sculpture_humanart_14000000004057.jpg,val,103
sculpture_humanart_14000000004171.jpg,val,55
sculpture_humanart_14000000004182.jpg,val,133
sculpture_humanart_14000000004196.jpg,val,81
sculpture_humanart_14000000004202.jpg,val,121
sculpture_humanart_14000000004249.jpg,val,163
sculpture_humanart_14000000004262.jpg,val,127
sculpture_humanart_14000000004339.jpg,val,59
sculpture_humanart_14000000004376.jpg,val,100
sculpture_humanart_14000000004386.jpg,val,135
sculpture_humanart_14000000004395.jpg,val,127
sculpture_humanart_14000000004435.jpg,val,48
sculpture_humanart_14000000004496.jpg,val,105
sculpture_humanart_14000000004557.jpg,val,82
sculpture_humanart_14000000004558.jpg,val,149
coco_156320_crowd.jpg,diagnostic_val,76
coco_299468_426600.jpg,diagnostic_val,80
coco_379542_449327.jpg,diagnostic_val,113
coco_64240_crowd.jpg,diagnostic_val,94
danbooru_anime_11903560.jpg,diagnostic_val,110
danbooru_anime_11910154.jpg,diagnostic_val,112
danbooru_anime_11917323.jpg,diagnostic_val,83
painting_humanart_10000000000555.jpg,diagnostic_val,107
painting_humanart_10000000000838.jpg,diagnostic_val,113
painting_humanart_1000000000218.jpg,diagnostic_val,169
painting_humanart_1000000001225.jpg,diagnostic_val,84
painting_humanart_1000000002653.jpg,diagnostic_val,149
painting_humanart_6000000000319.jpg,diagnostic_val,132
painting_humanart_6000000002434.jpg,diagnostic_val,76
painting_humanart_9000000000608.jpg,diagnostic_val,62
painting_humanart_9000000002722.jpg,diagnostic_val,134
real_human_humanart_15000000000201.jpg,diagnostic_val,144
real_human_humanart_15000000002196.jpg,diagnostic_val,128
real_human_humanart_17000000000288.jpg,diagnostic_val,129
real_human_humanart_17000000001552.jpg,diagnostic_val,119
real_human_humanart_17000000001695.jpg,diagnostic_val,120
sculpture_humanart_14000000000243.jpg,diagnostic_val,66
sculpture_humanart_14000000001143.jpg,diagnostic_val,122
sculpture_humanart_14000000004479.jpg,diagnostic_val,136
